datetime,PM25_RH35_GCC
2023-01-01T00:00:00,49.46313891203506
2023-01-01T01:00:00,50.56335167262865
2023-01-01T02:00:00,29.074236496635102
2023-01-01T03:00:00,17.997022960496984
2023-01-01T04:00:00,14.859971295232357
2023-01-01T05:00:00,13.114842912425164
2023-01-01T06:00:00,12.45592225116232
2023-01-01T07:00:00,12.429572727369225
2023-01-01T08:00:00,12.845714527627695
2023-01-01T09:00:00,13.750026371168053
2023-01-01T10:00:00,15.421245906663977
2023-01-01T11:00:00,19.587330444999363
2023-01-01T12:00:00,26.788852277009383
2023-01-01T13:00:00,32.39615937937861
2023-01-01T14:00:00,33.63862178636633
2023-01-01T15:00:00,34.523289058519445
2023-01-01T16:00:00,35.92206407629925
2023-01-01T17:00:00,37.49586354131283
2023-01-01T18:00:00,38.15718775210173
2023-01-01T19:00:00,41.647547846255094
2023-01-01T20:00:00,44.308699234672204
2023-01-01T21:00:00,44.11011737325917
2023-01-01T22:00:00,42.177522078804344
2023-01-01T23:00:00,39.99960625689962
2023-01-02T00:00:00,39.06463822074558
2023-01-02T01:00:00,38.40358352661132
2023-01-02T02:00:00,25.293009550675098
2023-01-02T03:00:00,17.58151651465374
2023-01-02T04:00:00,14.703598934671152
2023-01-02T05:00:00,13.153428077697752
2023-01-02T06:00:00,12.33039677661398
2023-01-02T07:00:00,12.152552024177881
2023-01-02T08:00:00,12.313061340995455
2023-01-02T09:00:00,13.137881527776303
2023-01-02T10:00:00,14.572897413502567
2023-01-02T11:00:00,17.758333537889563
2023-01-02T12:00:00,24.521432130233098
2023-01-02T13:00:00,31.719431586887524
2023-01-02T14:00:00,37.23444930366848
2023-01-02T15:00:00,41.29513317605723
2023-01-02T16:00:00,44.04246272211489
2023-01-02T17:00:00,46.15116865738578
2023-01-02T18:00:00,49.940357871677556
2023-01-02T19:00:00,54.43578769849694
2023-01-02T20:00:00,57.08301511018172
2023-01-02T21:00:00,58.16462077265199
2023-01-02T22:00:00,58.536966572637134
2023-01-02T23:00:00,59.32219679459282
2023-01-03T00:00:00,60.55842208862304
2023-01-03T01:00:00,60.53921376103939
2023-01-03T02:00:00,32.36622113766877
2023-01-03T03:00:00,18.074757285740066
2023-01-03T04:00:00,14.068597378938092
2023-01-03T05:00:00,12.549284105715541
2023-01-03T06:00:00,11.95886947797692
2023-01-03T07:00:00,11.87676885853643
2023-01-03T08:00:00,12.02178561169168
2023-01-03T09:00:00,12.346543726713758
2023-01-03T10:00:00,13.388202376987623
2023-01-03T11:00:00,16.41670923647673
2023-01-03T12:00:00,22.694588205088735
2023-01-03T13:00:00,28.315252055292543
2023-01-03T14:00:00,32.185913915219516
2023-01-03T15:00:00,35.5576986229938
2023-01-03T16:00:00,38.64019310992696
2023-01-03T17:00:00,42.4856603871221
2023-01-03T18:00:00,47.351235265317165
2023-01-03T19:00:00,50.22622630907141
2023-01-03T20:00:00,52.24517424210258
2023-01-03T21:00:00,54.26657502547554
2023-01-03T22:00:00,55.800664984661594
2023-01-03T23:00:00,57.06365933625594
2023-01-04T00:00:00,58.237420621125594
2023-01-04T01:00:00,58.2516220756199
2023-01-04T02:00:00,34.07195447838824
2023-01-04T03:00:00,18.318790187006407
2023-01-04T04:00:00,14.818094295004137
2023-01-04T05:00:00,12.957381124081818
2023-01-04T06:00:00,11.700097498686416
2023-01-04T07:00:00,11.228244491245436
2023-01-04T08:00:00,11.58105236551036
2023-01-04T09:00:00,12.687074288077975
2023-01-04T10:00:00,14.549173686815342
2023-01-04T11:00:00,18.629349584164824
2023-01-04T12:00:00,25.8671525872272
2023-01-04T13:00:00,29.8022989190143
2023-01-04T14:00:00,34.4658669181492
2023-01-04T15:00:00,38.70623712954313
2023-01-04T16:00:00,42.87752566130265
2023-01-04T17:00:00,47.75505994713824
2023-01-04T18:00:00,52.259993677553915
2023-01-04T19:00:00,56.9865379333496
2023-01-04T20:00:00,59.92645661727241
2023-01-04T21:00:00,60.89654375159222
2023-01-04T22:00:00,61.55697283537491
2023-01-04T23:00:00,61.67970790033754
2023-01-05T00:00:00,61.86645623911981
2023-01-05T01:00:00,63.333737746528946
2023-01-05T02:00:00,38.17952711685844
2023-01-05T03:00:00,21.172211190928582
2023-01-05T04:00:00,15.250449802564537
2023-01-05T05:00:00,12.88531394626783
2023-01-05T06:00:00,11.765412455019744
2023-01-05T07:00:00,11.118336055589758
2023-01-05T08:00:00,10.951634531435758
2023-01-05T09:00:00,11.093191685883895
2023-01-05T10:00:00,12.279529488605
2023-01-05T11:00:00,16.62913836603579
2023-01-05T12:00:00,21.95170560090438
2023-01-05T13:00:00,26.701078083204184
2023-01-05T14:00:00,31.12971969272779
2023-01-05T15:00:00,36.37434835019319
2023-01-05T16:00:00,42.563482367474094
2023-01-05T17:00:00,47.16347138778023
2023-01-05T18:00:00,54.46180327042289
2023-01-05T19:00:00,59.68866398023522
2023-01-05T20:00:00,63.604912799337626
2023-01-05T21:00:00,65.64781819219174
2023-01-05T22:00:00,62.27756268045176
2023-01-05T23:00:00,56.499353823454484
2023-01-06T00:00:00,52.774484385614805
2023-01-06T01:00:00,50.36853392227836
2023-01-06T02:00:00,42.11827203501825
2023-01-06T03:00:00,22.261380817579184
2023-01-06T04:00:00,16.30263668557872
2023-01-06T05:00:00,13.952436239823049
2023-01-06T06:00:00,12.202794531117313
2023-01-06T07:00:00,11.557431925898012
2023-01-06T08:00:00,11.987938507743502
2023-01-06T09:00:00,13.007075973179028
2023-01-06T10:00:00,13.839509134707242
2023-01-06T11:00:00,17.60877343882685
2023-01-06T12:00:00,23.336653502091114
2023-01-06T13:00:00,24.464426289434016
2023-01-06T14:00:00,25.61612659951915
2023-01-06T15:00:00,29.727796554565426
2023-01-06T16:00:00,35.568576149318524
2023-01-06T17:00:00,40.68703128980554
2023-01-06T18:00:00,43.07822882610818
2023-01-06T19:00:00,43.23329560653023
2023-01-06T20:00:00,43.29243734608526
2023-01-06T21:00:00,42.49370359337848
2023-01-06T22:00:00,39.90564329727836
2023-01-06T23:00:00,38.818506157916524
2023-01-07T00:00:00,41.19440128492272
2023-01-07T01:00:00,45.984642028808594
2023-01-07T02:00:00,46.090649480405055
2023-01-07T03:00:00,27.74793193651282
2023-01-07T04:00:00,15.978700181712274
2023-01-07T05:00:00,12.215294837951658
2023-01-07T06:00:00,12.486583709716795
2023-01-07T07:00:00,14.823907271675441
2023-01-07T08:00:00,17.406230014303453
2023-01-07T09:00:00,22.054341772328254
2023-01-07T10:00:00,28.797514542289395
2023-01-07T11:00:00,38.62337709509807
2023-01-07T12:00:00,44.72485898888629
2023-01-07T13:00:00,44.34482209578804
2023-01-07T14:00:00,44.211580856986664
2023-01-07T15:00:00,44.54652686741041
2023-01-07T16:00:00,44.019331393034555
2023-01-07T17:00:00,43.91893038542374
2023-01-07T18:00:00,43.51126961086106
2023-01-07T19:00:00,42.94280840002972
2023-01-07T20:00:00,43.01983758677607
2023-01-07T21:00:00,43.522782533065126
2023-01-07T22:00:00,44.15376911992612
2023-01-07T23:00:00,44.39939996470575
2023-01-08T00:00:00,43.77346536387568
2023-01-08T01:00:00,42.89361804464589
2023-01-08T02:00:00,33.657310485839844
2023-01-08T03:00:00,21.81844719596531
2023-01-08T04:00:00,17.235833789991297
2023-01-08T05:00:00,15.04895836374034
2023-01-08T06:00:00,14.076949368352475
2023-01-08T07:00:00,13.69862477675728
2023-01-08T08:00:00,13.995614507923953
2023-01-08T09:00:00,14.60113525390625
2023-01-08T10:00:00,17.644757063492484
2023-01-08T11:00:00,23.424286469169285
2023-01-08T12:00:00,30.857548838076383
2023-01-08T13:00:00,37.11437208756156
2023-01-08T14:00:00,43.84571788621985
2023-01-08T15:00:00,51.11064894303031
2023-01-08T16:00:00,55.800720048987344
2023-01-08T17:00:00,58.64107795383619
2023-01-08T18:00:00,59.779793283213735
2023-01-08T19:00:00,60.34910649838654
2023-01-08T20:00:00,60.62265263433041
2023-01-08T21:00:00,60.73589175680409
2023-01-08T22:00:00,61.218092047649876
2023-01-08T23:00:00,62.27317229561183
2023-01-09T00:00:00,63.24343606700067
2023-01-09T01:00:00,63.410256095554516
2023-01-09T02:00:00,44.90105985558551
2023-01-09T03:00:00,28.750692201697305
2023-01-09T04:00:00,20.924604664678156
2023-01-09T05:00:00,17.54293914463209
2023-01-09T06:00:00,15.955372685971465
2023-01-09T07:00:00,15.135856338169262
2023-01-09T08:00:00,14.98866209776505
2023-01-09T09:00:00,15.451587303825045
2023-01-09T10:00:00,16.6113341787587
2023-01-09T11:00:00,21.225049806677774
2023-01-09T12:00:00,28.803346136341922
2023-01-09T13:00:00,32.03751539147418
2023-01-09T14:00:00,36.824446802553915
2023-01-09T15:00:00,45.33010416445524
2023-01-09T16:00:00,52.21770560223123
2023-01-09T17:00:00,57.74889887934145
2023-01-09T18:00:00,61.77911294024923
2023-01-09T19:00:00,63.195669920548134
2023-01-09T20:00:00,62.749538421630845
2023-01-09T21:00:00,61.11224348648734
2023-01-09T22:00:00,58.95022732278575
2023-01-09T23:00:00,56.74045280788255
2023-01-10T00:00:00,54.58918811963951
2023-01-10T01:00:00,50.757676663606055
2023-01-10T02:00:00,29.6576335741126
2023-01-10T03:00:00,20.227894741555918
2023-01-10T04:00:00,16.51437937695047
2023-01-10T05:00:00,14.564835755721381
2023-01-10T06:00:00,13.706424215565555
2023-01-10T07:00:00,13.403471656467602
2023-01-10T08:00:00,13.65333557128906
2023-01-10T09:00:00,14.12099734596584
2023-01-10T10:00:00,14.721407351286514
2023-01-10T11:00:00,16.874901605689004
2023-01-10T12:00:00,21.503048191899836
2023-01-10T13:00:00,27.94803942804751
2023-01-10T14:00:00,34.57149588543435
2023-01-10T15:00:00,40.28705480824346
2023-01-10T16:00:00,46.55579674762228
2023-01-10T17:00:00,54.708105336064875
2023-01-10T18:00:00,59.77851950603983
2023-01-10T19:00:00,61.681650078814954
2023-01-10T20:00:00,61.83325742638629
2023-01-10T21:00:00,60.81893721870754
2023-01-10T22:00:00,59.26563594652258
2023-01-10T23:00:00,57.885025687839665
2023-01-11T00:00:00,56.831528539242946
2023-01-11T01:00:00,54.89320323778235
2023-01-11T02:00:00,31.9740168530008
2023-01-11T03:00:00,17.813346655472465
2023-01-11T04:00:00,14.81719589233398
2023-01-11T05:00:00,13.227525337882662
2023-01-11T06:00:00,12.067254605500594
2023-01-11T07:00:00,11.268094518910281
2023-01-11T08:00:00,10.838280926580014
2023-01-11T09:00:00,10.798098978788955
2023-01-11T10:00:00,11.103000350620436
2023-01-11T11:00:00,12.678505026775856
2023-01-11T12:00:00,16.882094797880754
2023-01-11T13:00:00,21.839551676874574
2023-01-11T14:00:00,27.86122031833814
2023-01-11T15:00:00,34.44157650159753
2023-01-11T16:00:00,41.681699669879414
2023-01-11T17:00:00,48.158049376114555
2023-01-11T18:00:00,52.850295025369384
2023-01-11T19:00:00,55.02895504495372
2023-01-11T20:00:00,56.22093150926673
2023-01-11T21:00:00,56.7253253770911
2023-01-11T22:00:00,56.61704635620117
2023-01-11T23:00:00,55.81112140157948
2023-01-12T00:00:00,54.7197499482528
2023-01-12T01:00:00,52.40257561725118
2023-01-12T02:00:00,28.941599721493922
2023-01-12T03:00:00,17.661894632422403
2023-01-12T04:00:00,15.846481654954992
2023-01-12T05:00:00,15.455170341159985
2023-01-12T06:00:00,15.375566358151643
2023-01-12T07:00:00,15.291707204735795
2023-01-12T08:00:00,15.13707459491232
2023-01-12T09:00:00,15.286526099495264
2023-01-12T10:00:00,15.9835496156112
2023-01-12T11:00:00,18.757624004198153
2023-01-12T12:00:00,26.78643069059952
2023-01-12T13:00:00,35.6466299969217
2023-01-12T14:00:00,43.24119750313136
2023-01-12T15:00:00,49.785737244979195
2023-01-12T16:00:00,55.324989982273266
2023-01-12T17:00:00,59.27170894456946
2023-01-12T18:00:00,61.19330016426418
2023-01-12T19:00:00,60.986430458400555
2023-01-12T20:00:00,59.653581370478086
2023-01-12T21:00:00,58.27085826707923
2023-01-12T22:00:00,57.053444737973415
2023-01-12T23:00:00,56.017864227294915
2023-01-13T00:00:00,55.22704663483992
2023-01-13T01:00:00,54.261634329090946
2023-01-13T02:00:00,35.96830550484035
2023-01-13T03:00:00,19.220714569091797
2023-01-13T04:00:00,16.397010927614957
2023-01-13T05:00:00,15.31709169304889
2023-01-13T06:00:00,14.589005553204078
2023-01-13T07:00:00,14.115285583164379
2023-01-13T08:00:00,13.833720663319461
2023-01-13T09:00:00,13.893561529076615
2023-01-13T10:00:00,14.470747989156969
2023-01-13T11:00:00,17.408525549847145
2023-01-13T12:00:00,24.196819222491715
2023-01-13T13:00:00,30.67099272686502
2023-01-13T14:00:00,35.68660810719365
2023-01-13T15:00:00,35.502169484677516
2023-01-13T16:00:00,34.50309562683105
2023-01-13T17:00:00,34.755414879840345
2023-01-13T18:00:00,33.932199229364805
2023-01-13T19:00:00,33.3395301155422
2023-01-13T20:00:00,37.7711299398671
2023-01-13T21:00:00,44.75316487187925
2023-01-13T22:00:00,52.113528873609454
2023-01-13T23:00:00,62.42251968383788
2023-01-14T00:00:00,74.2707522848378
2023-01-14T01:00:00,81.89798769743547
2023-01-14T02:00:00,48.41178180860436
2023-01-14T03:00:00,23.676118684851602
2023-01-14T04:00:00,16.907128748686418
2023-01-14T05:00:00,14.490079548047936
2023-01-14T06:00:00,13.13524014016856
2023-01-14T07:00:00,12.213742463485053
2023-01-14T08:00:00,11.932471731434696
2023-01-14T09:00:00,13.225721566573432
2023-01-14T10:00:00,15.743309103924297
2023-01-14T11:00:00,20.122556105903953
2023-01-14T12:00:00,29.211493036021352
2023-01-14T13:00:00,39.28965593420941
2023-01-14T14:00:00,50.98052829244862
2023-01-14T15:00:00,65.65558955980383
2023-01-14T16:00:00,78.57596223250678
2023-01-14T17:00:00,85.38205951193103
2023-01-14T18:00:00,91.05267897896144
2023-01-14T19:00:00,97.42148391060206
2023-01-14T20:00:00,101.01039621104363
2023-01-14T21:00:00,102.03836623482081
2023-01-14T22:00:00,100.75974539051883
2023-01-14T23:00:00,96.47802435833475
2023-01-15T00:00:00,92.40911434007725
2023-01-15T01:00:00,89.6345218160878
2023-01-15T02:00:00,62.382434844970696
2023-01-15T03:00:00,36.328175005705454
2023-01-15T04:00:00,28.433400693147075
2023-01-15T05:00:00,24.10455562757409
2023-01-15T06:00:00,21.037858050802477
2023-01-15T07:00:00,18.96714923692786
2023-01-15T08:00:00,17.659929856010102
2023-01-15T09:00:00,16.520152921261992
2023-01-15T10:00:00,17.366630637127418
2023-01-15T11:00:00,20.99579205720321
2023-01-15T12:00:00,28.26291291610054
2023-01-15T13:00:00,39.04352470066236
2023-01-15T14:00:00,52.343256743057914
2023-01-15T15:00:00,68.15551392928413
2023-01-15T16:00:00,84.7679277502972
2023-01-15T17:00:00,97.08771780262822
2023-01-15T18:00:00,103.13734303350033
2023-01-15T19:00:00,104.40610670006792
2023-01-15T20:00:00,105.33396679422128
2023-01-15T21:00:00,107.37526304825491
2023-01-15T22:00:00,109.4877116991126
2023-01-15T23:00:00,111.0243732618249
2023-01-16T00:00:00,112.03926285453464
2023-01-16T01:00:00,110.42951865818189
2023-01-16T02:00:00,62.62987053912618
2023-01-16T03:00:00,38.41744315105935
2023-01-16T04:00:00,28.299103114915926
2023-01-16T05:00:00,21.144515079000723
2023-01-16T06:00:00,21.08563655355702
2023-01-16T07:00:00,23.186478822127633
2023-01-16T08:00:00,26.042198264080547
2023-01-16T09:00:00,30.489314784174375
2023-01-16T10:00:00,34.915783426036
2023-01-16T11:00:00,39.35565484088399
2023-01-16T12:00:00,45.87743327928626
2023-01-16T13:00:00,53.77237684830375
2023-01-16T14:00:00,59.60470348855723
2023-01-16T15:00:00,66.47352102528447
2023-01-16T16:00:00,73.21237680186395
2023-01-16T17:00:00,80.27216703995414
2023-01-16T18:00:00,87.15255604619564
2023-01-16T19:00:00,92.14725096329397
2023-01-16T20:00:00,96.36018404753311
2023-01-16T21:00:00,100.05769779371178
2023-01-16T22:00:00,104.44099359926967
2023-01-16T23:00:00,110.29389588729194
2023-01-17T00:00:00,116.43884211001186
2023-01-17T01:00:00,120.3609741874363
2023-01-17T02:00:00,75.97941572769828
2023-01-17T03:00:00,45.17893517535665
2023-01-17T04:00:00,31.15278882565705
2023-01-17T05:00:00,23.806330722311266
2023-01-17T06:00:00,19.693043999049973
2023-01-17T07:00:00,19.976272583007812
2023-01-17T08:00:00,21.117194797681723
2023-01-17T09:00:00,22.651701388151746
2023-01-17T10:00:00,26.01612621804942
2023-01-17T11:00:00,33.31565790591033
2023-01-17T12:00:00,42.46275561788807
2023-01-17T13:00:00,49.87662688545558
2023-01-17T14:00:00,55.734098019807234
2023-01-17T15:00:00,58.46654875382132
2023-01-17T16:00:00,56.635633551556126
2023-01-17T17:00:00,59.62269642042075
2023-01-17T18:00:00,63.85943719615106
2023-01-17T19:00:00,66.0602334063986
2023-01-17T20:00:00,65.83776590098505
2023-01-17T21:00:00,65.82853665559188
2023-01-17T22:00:00,66.7414962105129
2023-01-17T23:00:00,66.16617982283883
2023-01-18T00:00:00,60.464602428933844
2023-01-18T01:00:00,55.56195018602453
2023-01-18T02:00:00,45.332609757133156
2023-01-18T03:00:00,38.81975389563518
2023-01-18T04:00:00,34.852647366731055
2023-01-18T05:00:00,30.62083111638608
2023-01-18T06:00:00,26.666563946267832
2023-01-18T07:00:00,24.474350887796152
2023-01-18T08:00:00,23.86509455805239
2023-01-18T09:00:00,24.320585084998083
2023-01-18T10:00:00,25.889184951782223
2023-01-18T11:00:00,28.867147694463313
2023-01-18T12:00:00,32.25558479972507
2023-01-18T13:00:00,33.70677135301673
2023-01-18T14:00:00,35.456328350564704
2023-01-18T15:00:00,38.20539889128311
2023-01-18T16:00:00,41.17787170410156
2023-01-18T17:00:00,44.55031967163086
2023-01-18T18:00:00,47.052461043648094
2023-01-18T19:00:00,47.63490975421408
2023-01-18T20:00:00,47.601571124532946
2023-01-18T21:00:00,47.393437095310375
2023-01-18T22:00:00,46.97966998556386
2023-01-18T23:00:00,46.49413664444632
2023-01-19T00:00:00,46.6710671134617
2023-01-19T01:00:00,48.783216559368626
2023-01-19T02:00:00,38.3035480665124
2023-01-19T03:00:00,22.581366580465563
2023-01-19T04:00:00,18.497698991195012
2023-01-19T05:00:00,15.931517144908073
2023-01-19T06:00:00,14.706089392952297
2023-01-19T07:00:00,14.551225703695545
2023-01-19T08:00:00,14.823489894037662
2023-01-19T09:00:00,15.297968283943504
2023-01-19T10:00:00,16.343413891999614
2023-01-19T11:00:00,18.98337588102921
2023-01-19T12:00:00,23.370030610457707
2023-01-19T13:00:00,26.838683916174844
2023-01-19T14:00:00,30.899382300998848
2023-01-19T15:00:00,35.441106879192844
2023-01-19T16:00:00,39.22673432723335
2023-01-19T17:00:00,43.56014948305876
2023-01-19T18:00:00,48.27273294200068
2023-01-19T19:00:00,52.43192224917204
2023-01-19T20:00:00,57.472747968590774
2023-01-19T21:00:00,63.27339885545813
2023-01-19T22:00:00,67.54528078825577
2023-01-19T23:00:00,70.90190671837847
2023-01-20T00:00:00,74.20693024345066
2023-01-20T01:00:00,75.21126506639563
2023-01-20T02:00:00,53.07597948157269
2023-01-20T03:00:00,27.502593330715012
2023-01-20T04:00:00,22.84701654185419
2023-01-20T05:00:00,21.110706412273903
2023-01-20T06:00:00,20.012268066406246
2023-01-20T07:00:00,19.054384480351988
2023-01-20T08:00:00,18.061363634855848
2023-01-20T09:00:00,17.397784274557363
2023-01-20T10:00:00,17.31527647764786
2023-01-20T11:00:00,18.770627312038254
2023-01-20T12:00:00,22.80069931693699
2023-01-20T13:00:00,27.71847343444824
2023-01-20T14:00:00,33.660831451416016
2023-01-20T15:00:00,40.12242242564325
2023-01-20T16:00:00,45.829480710236915
2023-01-20T17:00:00,50.843149102252454
2023-01-20T18:00:00,54.89189562590226
2023-01-20T19:00:00,57.64546485569166
2023-01-20T20:00:00,59.363005928371265
2023-01-20T21:00:00,60.29075390359629
2023-01-20T22:00:00,60.96113702525263
2023-01-20T23:00:00,61.83541223277216
2023-01-21T00:00:00,62.35940502000891
2023-01-21T01:00:00,60.837519272514
2023-01-21T02:00:00,31.1379976687224
2023-01-21T03:00:00,15.429270163826319
2023-01-21T04:00:00,11.985807170038637
2023-01-21T05:00:00,10.599366270977516
2023-01-21T06:00:00,9.794667078101115
2023-01-21T07:00:00,9.36730214823847
2023-01-21T08:00:00,9.297656100729236
2023-01-21T09:00:00,9.481728180595066
2023-01-21T10:00:00,10.00198397429093
2023-01-21T11:00:00,11.560813198918881
2023-01-21T12:00:00,15.362936890643574
2023-01-21T13:00:00,18.680943613467008
2023-01-21T14:00:00,21.941805549289867
2023-01-21T15:00:00,25.328113804692805
2023-01-21T16:00:00,28.787265197090477
2023-01-21T17:00:00,33.11377475572668
2023-01-21T18:00:00,37.796388211457625
2023-01-21T19:00:00,40.44952342821203
2023-01-21T20:00:00,43.05949318927267
2023-01-21T21:00:00,47.67987856657608
2023-01-21T22:00:00,55.27586845729662
2023-01-21T23:00:00,61.635018058445134
2023-01-22T00:00:00,64.5971102507218
2023-01-22T01:00:00,64.21138896112856
2023-01-22T02:00:00,53.39095256639563
2023-01-22T03:00:00,35.41031762827997
2023-01-22T04:00:00,31.997902745785918
2023-01-22T05:00:00,31.289756277333133
2023-01-22T06:00:00,29.452443496040672
2023-01-22T07:00:00,25.305275212163508
2023-01-22T08:00:00,21.19471160225246
2023-01-22T09:00:00,20.75958376345427
2023-01-22T10:00:00,23.47004301651664
2023-01-22T11:00:00,29.97827977719514
2023-01-22T12:00:00,39.48635250589121
2023-01-22T13:00:00,46.89314485632855
2023-01-22T14:00:00,53.88025350156037
2023-01-22T15:00:00,59.07850862585979
2023-01-22T16:00:00,61.34565983647885
2023-01-22T17:00:00,62.1129039266835
2023-01-22T18:00:00,61.76178824383279
2023-01-22T19:00:00,60.61877739947775
2023-01-22T20:00:00,58.74950458692467
2023-01-22T21:00:00,56.344350068465516
2023-01-22T22:00:00,53.7501340119735
2023-01-22T23:00:00,48.285531251326844
2023-01-23T00:00:00,44.172709257706344
2023-01-23T01:00:00,42.9107435475225
2023-01-23T02:00:00,39.763591102931805
2023-01-23T03:00:00,30.180138878200363
2023-01-23T04:00:00,18.24659621197244
2023-01-23T05:00:00,13.334763817165207
2023-01-23T06:00:00,11.517910791480022
2023-01-23T07:00:00,10.551582170569375
2023-01-23T08:00:00,10.61199034815249
2023-01-23T09:00:00,11.739098258640455
2023-01-23T10:00:00,13.7981248523878
2023-01-23T11:00:00,17.683891711027723
2023-01-23T12:00:00,23.05645345604938
2023-01-23T13:00:00,28.85642507801885
2023-01-23T14:00:00,29.738514278246008
2023-01-23T15:00:00,29.865967045659602
2023-01-23T16:00:00,32.77178175553031
2023-01-23T17:00:00,36.112997055053704
2023-01-23T18:00:00,35.45444720724354
2023-01-23T19:00:00,37.204161768374234
2023-01-23T20:00:00,41.45683089546535
2023-01-23T21:00:00,45.21239537778107
2023-01-23T22:00:00,47.058353424072266
2023-01-23T23:00:00,48.39381193078082
2023-01-24T00:00:00,54.206047389818266
2023-01-24T01:00:00,63.53856857963229
2023-01-24T02:00:00,39.06003802755604
2023-01-24T03:00:00,20.64999605261761
2023-01-24T04:00:00,13.841986241547955
2023-01-24T05:00:00,11.754914947178053
2023-01-24T06:00:00,11.065182893172553
2023-01-24T07:00:00,10.703897310339885
2023-01-24T08:00:00,10.77356595578401
2023-01-24T09:00:00,11.66373294332753
2023-01-24T10:00:00,12.636906209199324
2023-01-24T11:00:00,14.585504034291143
2023-01-24T12:00:00,20.854267700858735
2023-01-24T13:00:00,24.67609753816024
2023-01-24T14:00:00,31.808365365733273
2023-01-24T15:00:00,38.67555021203082
2023-01-24T16:00:00,49.224656644074805
2023-01-24T17:00:00,61.476453366486915
2023-01-24T18:00:00,72.55795221743375
2023-01-24T19:00:00,86.66622327721636
2023-01-24T20:00:00,96.29004072106403
2023-01-24T21:00:00,98.62069768490997
2023-01-24T22:00:00,97.52528746231741
2023-01-24T23:00:00,94.7472918966542
2023-01-25T00:00:00,91.08011063285494
2023-01-25T01:00:00,84.51758641782014
2023-01-25T02:00:00,41.9983611728834
2023-01-25T03:00:00,26.837189467056934
2023-01-25T04:00:00,20.940962335337762
2023-01-25T05:00:00,18.325749189957325
2023-01-25T06:00:00,16.931745321854297
2023-01-25T07:00:00,16.00389878646187
2023-01-25T08:00:00,15.286532402038574
2023-01-25T09:00:00,14.99370193481445
2023-01-25T10:00:00,15.242396769316299
2023-01-25T11:00:00,17.164549537326977
2023-01-25T12:00:00,21.760875784832493
2023-01-25T13:00:00,28.43167280114215
2023-01-25T14:00:00,31.01841321198836
2023-01-25T15:00:00,35.766568059506625
2023-01-25T16:00:00,40.301174495531164
2023-01-25T17:00:00,45.211746215820305
2023-01-25T18:00:00,52.72651340650476
2023-01-25T19:00:00,58.06516614167586
2023-01-25T20:00:00,62.81592758842137
2023-01-25T21:00:00,68.00372380795686
2023-01-25T22:00:00,73.4936122065005
2023-01-25T23:00:00,79.83525583018427
2023-01-26T00:00:00,85.04933829929517
2023-01-26T01:00:00,83.28157673711361
2023-01-26T02:00:00,47.57186972576639
2023-01-26T03:00:00,27.568888871566106
2023-01-26T04:00:00,22.473997696586274
2023-01-26T05:00:00,21.11849378502887
2023-01-26T06:00:00,21.52100919640582
2023-01-26T07:00:00,22.541446271150008
2023-01-26T08:00:00,23.502389990765117
2023-01-26T09:00:00,25.404649071071454
2023-01-26T10:00:00,27.693179503731105
2023-01-26T11:00:00,31.81184113543966
2023-01-26T12:00:00,38.112706889276915
2023-01-26T13:00:00,44.6572851098102
2023-01-26T14:00:00,50.292778346849516
2023-01-26T15:00:00,55.58110925425654
2023-01-26T16:00:00,58.519598587699555
2023-01-26T17:00:00,60.77353800898012
2023-01-26T18:00:00,63.96857004580289
2023-01-26T19:00:00,65.7353517283564
2023-01-26T20:00:00,67.39169676407523
2023-01-26T21:00:00,69.78511213219683
2023-01-26T22:00:00,73.25580663266388
2023-01-26T23:00:00,74.74404940397842
2023-01-27T00:00:00,74.94724472709323
2023-01-27T01:00:00,70.60886913797128
2023-01-27T02:00:00,36.01196106620457
2023-01-27T03:00:00,25.234371848728347
2023-01-27T04:00:00,21.20803534466287
2023-01-27T05:00:00,19.322055070296578
2023-01-27T06:00:00,18.264070427936055
2023-01-27T07:00:00,17.726899851923402
2023-01-27T08:00:00,17.81531176359757
2023-01-27T09:00:00,19.198158181231957
2023-01-27T10:00:00,22.6410205675208
2023-01-27T11:00:00,28.464052532030188
2023-01-27T12:00:00,31.71078142912491
2023-01-27T13:00:00,34.68612927975861
2023-01-27T14:00:00,41.36626848967179
2023-01-27T15:00:00,48.07533214403235
2023-01-27T16:00:00,55.22763459578804
2023-01-27T17:00:00,62.28107452392578
2023-01-27T18:00:00,66.39575294826341
2023-01-27T19:00:00,67.48615032693613
2023-01-27T20:00:00,67.44352921195652
2023-01-27T21:00:00,67.25129998248555
2023-01-27T22:00:00,66.18599336043647
2023-01-27T23:00:00,65.32382865574048
2023-01-28T00:00:00,64.61527650252631
2023-01-28T01:00:00,60.5566290150518
2023-01-28T02:00:00,34.04827466218367
2023-01-28T03:00:00,22.01000172158946
2023-01-28T04:00:00,17.702047679735262
2023-01-28T05:00:00,16.205583613851797
2023-01-28T06:00:00,15.607592043669326
2023-01-28T07:00:00,15.431493468906567
2023-01-28T08:00:00,15.654643058776854
2023-01-28T09:00:00,16.324476490850035
2023-01-28T10:00:00,17.669104037077528
2023-01-28T11:00:00,20.73305743673573
2023-01-28T12:00:00,28.043340434198793
2023-01-28T13:00:00,36.47947726042374
2023-01-28T14:00:00,44.48395190031632
2023-01-28T15:00:00,52.519900943921954
2023-01-28T16:00:00,59.88695443194845
2023-01-28T17:00:00,66.60107654073964
2023-01-28T18:00:00,71.93007858939792
2023-01-28T19:00:00,74.85603365690811
2023-01-28T20:00:00,77.10614544412363
2023-01-28T21:00:00,79.90755329961361
2023-01-28T22:00:00,83.08505249023436
2023-01-28T23:00:00,87.15870566990064
2023-01-29T00:00:00,93.07100146749744
2023-01-29T01:00:00,96.9167828767196
2023-01-29T02:00:00,67.40220559161642
2023-01-29T03:00:00,47.03717306385869
2023-01-29T04:00:00,37.44178971000339
2023-01-29T05:00:00,31.853611821713653
2023-01-29T06:00:00,28.22731175629989
2023-01-29T07:00:00,25.453408448592473
2023-01-29T08:00:00,23.202506272689153
2023-01-29T09:00:00,21.351294393124785
2023-01-29T10:00:00,20.46371310690175
2023-01-29T11:00:00,21.750189159227453
2023-01-29T12:00:00,25.94301779373832
2023-01-29T13:00:00,33.41785049438476
2023-01-29T14:00:00,41.09421920776367
2023-01-29T15:00:00,48.89595645406971
2023-01-29T16:00:00,56.72715394393257
2023-01-29T17:00:00,65.05629945837931
2023-01-29T18:00:00,73.93853958793308
2023-01-29T19:00:00,76.26282600734544
2023-01-29T20:00:00,77.35708651335342
2023-01-29T21:00:00,79.90629444951595
2023-01-29T22:00:00,82.79401032820991
2023-01-29T23:00:00,84.60438537597656
2023-01-30T00:00:00,84.36986309549083
2023-01-30T01:00:00,82.97343677023181
2023-01-30T02:00:00,44.03997786148734
2023-01-30T03:00:00,27.696494890295938
2023-01-30T04:00:00,21.923759460449215
2023-01-30T05:00:00,18.881083529928453
2023-01-30T06:00:00,17.43331361853558
2023-01-30T07:00:00,16.91745360001274
2023-01-30T08:00:00,16.56659383359162
2023-01-30T09:00:00,17.73463133107061
2023-01-30T10:00:00,21.008086080136504
2023-01-30T11:00:00,26.52354688229768
2023-01-30T12:00:00,35.223486361296274
2023-01-30T13:00:00,43.18678167591924
2023-01-30T14:00:00,49.717691504436985
2023-01-30T15:00:00,54.690466839334235
2023-01-30T16:00:00,58.60488493546195
2023-01-30T17:00:00,63.087384928827696
2023-01-30T18:00:00,66.93096973585045
2023-01-30T19:00:00,67.4766500721807
2023-01-30T20:00:00,64.49712487925653
2023-01-30T21:00:00,66.61220683222231
2023-01-30T22:00:00,70.64226598324983
2023-01-30T23:00:00,73.95612302033797
2023-01-31T00:00:00,79.02570707901664
2023-01-31T01:00:00,77.0787300441576
2023-01-31T02:00:00,44.870489203411594
2023-01-31T03:00:00,32.37636508112368
2023-01-31T04:00:00,26.73325596684995
2023-01-31T05:00:00,23.39910838914954
2023-01-31T06:00:00,20.326509973277215
2023-01-31T07:00:00,18.120070913563602
2023-01-31T08:00:00,17.298464567764945
2023-01-31T09:00:00,17.31441730001698
2023-01-31T10:00:00,18.884826577228047
2023-01-31T11:00:00,24.618341694707453
2023-01-31T12:00:00,38.218288919200056
2023-01-31T13:00:00,56.56758250360903
2023-01-31T14:00:00,70.180757937224
2023-01-31T15:00:00,79.34526625923488
2023-01-31T16:00:00,82.36549974524456
2023-01-31T17:00:00,77.27971052086872
2023-01-31T18:00:00,73.54263239321502
2023-01-31T19:00:00,69.63309080704398
2023-01-31T20:00:00,62.079026097836696
2023-01-31T21:00:00,59.963452712349266
2023-01-31T22:00:00,57.537075208581
2023-01-31T23:00:00,54.05426075147545
2023-02-01T00:00:00,50.546819272248634
2023-02-01T01:00:00,48.25575438789699
2023-02-01T02:00:00,49.78788359268851
2023-02-01T03:00:00,54.09312787263289
2023-02-01T04:00:00,54.13433240807574
2023-02-01T05:00:00,47.24971024886421
2023-02-01T06:00:00,44.80978012084961
2023-02-01T07:00:00,41.07916425622028
2023-02-01T08:00:00,35.16761680271314
2023-02-01T09:00:00,30.407175561656118
2023-02-01T10:00:00,26.721504874851387
2023-02-01T11:00:00,25.373112802920133
2023-02-01T12:00:00,23.738283323205035
2023-02-01T13:00:00,21.51952386939007
2023-02-01T14:00:00,21.33959106777025
2023-02-01T15:00:00,23.535418717757516
2023-02-01T16:00:00,27.622256320455794
2023-02-01T17:00:00,29.060764810313348
2023-02-01T18:00:00,25.804503648177434
2023-02-01T19:00:00,23.07951089610224
2023-02-01T20:00:00,22.34321370332137
2023-02-01T21:00:00,23.263561912204906
2023-02-01T22:00:00,24.505263535872746
2023-02-01T23:00:00,24.814527345740274
2023-02-02T00:00:00,25.063953233801797
2023-02-02T01:00:00,26.08983014977496
2023-02-02T02:00:00,27.861031407895293
2023-02-02T03:00:00,29.37173503378163
2023-02-02T04:00:00,29.8577360899552
2023-02-02T05:00:00,26.976458259250805
2023-02-02T06:00:00,19.894852596780527
2023-02-02T07:00:00,14.56140555506167
2023-02-02T08:00:00,11.973876248235285
2023-02-02T09:00:00,12.01932256118111
2023-02-02T10:00:00,15.004396645919133
2023-02-02T11:00:00,21.440128823985223
2023-02-02T12:00:00,23.30768485691236
2023-02-02T13:00:00,23.431114362633743
2023-02-02T14:00:00,23.812841000764262
2023-02-02T15:00:00,24.253757062165633
2023-02-02T16:00:00,23.748315147731613
2023-02-02T17:00:00,22.702095363451086
2023-02-02T18:00:00,21.00595540585725
2023-02-02T19:00:00,19.360482671986453
2023-02-02T20:00:00,18.320189766261887
2023-02-02T21:00:00,17.41582671455715
2023-02-02T22:00:00,17.41935530952785
2023-02-02T23:00:00,18.84064251443614
2023-02-03T00:00:00,19.78088030607804
2023-02-03T01:00:00,20.3911831897238
2023-02-03T02:00:00,19.09365421792735
2023-02-03T03:00:00,13.920196035633914
2023-02-03T04:00:00,11.703393438588018
2023-02-03T05:00:00,10.92554809736169
2023-02-03T06:00:00,10.340008113695227
2023-02-03T07:00:00,10.492758999700131
2023-02-03T08:00:00,10.250081767206606
2023-02-03T09:00:00,10.394324427065643
2023-02-03T10:00:00,11.226556155992592
2023-02-03T11:00:00,15.222126338792885
2023-02-03T12:00:00,21.162905734518294
2023-02-03T13:00:00,22.692413827647332
2023-02-03T14:00:00,20.335452204165247
2023-02-03T15:00:00,21.108096164205797
2023-02-03T16:00:00,25.15315379267153
2023-02-03T17:00:00,29.29073615696119
2023-02-03T18:00:00,29.67140272389287
2023-02-03T19:00:00,29.501813059267786
2023-02-03T20:00:00,28.668234037316363
2023-02-03T21:00:00,27.442707061767575
2023-02-03T22:00:00,25.498440866884977
2023-02-03T23:00:00,23.360824087391723
2023-02-04T00:00:00,23.16788988528044
2023-02-04T01:00:00,22.973464053610094
2023-02-04T02:00:00,17.79574497886326
2023-02-04T03:00:00,13.55955994647482
2023-02-04T04:00:00,11.40744234168011
2023-02-04T05:00:00,10.46334527886432
2023-02-04T06:00:00,10.324365367060121
2023-02-04T07:00:00,10.86752763001815
2023-02-04T08:00:00,11.843631868777068
2023-02-04T09:00:00,13.035293786422065
2023-02-04T10:00:00,14.611919568932574
2023-02-04T11:00:00,17.950109233026918
2023-02-04T12:00:00,26.760789207790207
2023-02-04T13:00:00,40.59243144159731
2023-02-04T14:00:00,58.01312504643979
2023-02-04T15:00:00,73.0218519127887
2023-02-04T16:00:00,82.99638200842816
2023-02-04T17:00:00,87.91225599206011
2023-02-04T18:00:00,86.6482862389606
2023-02-04T19:00:00,83.93498694378395
2023-02-04T20:00:00,81.02962394382642
2023-02-04T21:00:00,78.10054049284561
2023-02-04T22:00:00,76.71196979025135
2023-02-04T23:00:00,76.46789285411005
2023-02-05T00:00:00,77.40847114894702
2023-02-05T01:00:00,75.415645101796
2023-02-05T02:00:00,48.131645036780306
2023-02-05T03:00:00,31.069724621980082
2023-02-05T04:00:00,21.703257104624868
2023-02-05T05:00:00,18.604058473006535
2023-02-05T06:00:00,16.97951076341712
2023-02-05T07:00:00,15.857661827750826
2023-02-05T08:00:00,15.864875586136526
2023-02-05T09:00:00,17.350456652433977
2023-02-05T10:00:00,20.517262168552563
2023-02-05T11:00:00,25.570678130440086
2023-02-05T12:00:00,29.7572256171185
2023-02-05T13:00:00,32.52469460860542
2023-02-05T14:00:00,35.30248044884723
2023-02-05T15:00:00,36.27863834215247
2023-02-05T16:00:00,39.94349106498386
2023-02-05T17:00:00,45.46596129044242
2023-02-05T18:00:00,53.21050992219344
2023-02-05T19:00:00,60.34063189962635
2023-02-05T20:00:00,64.84120194808295
2023-02-05T21:00:00,68.02781776759936
2023-02-05T22:00:00,71.6933484284774
2023-02-05T23:00:00,75.02193782640539
2023-02-06T00:00:00,77.33321579642917
2023-02-06T01:00:00,75.68439881697944
2023-02-06T02:00:00,46.49476623535156
2023-02-06T03:00:00,31.517292851987094
2023-02-06T04:00:00,27.726988336314324
2023-02-06T05:00:00,28.35630731997282
2023-02-06T06:00:00,27.901650967805278
2023-02-06T07:00:00,25.417238484258235
2023-02-06T08:00:00,24.221016925314196
2023-02-06T09:00:00,22.748257761416223
2023-02-06T10:00:00,25.719116128009297
2023-02-06T11:00:00,33.20735566512398
2023-02-06T12:00:00,42.29527564670728
2023-02-06T13:00:00,49.631151282269016
2023-02-06T14:00:00,53.71431715592093
2023-02-06T15:00:00,54.92913602746051
2023-02-06T16:00:00,56.21800348033075
2023-02-06T17:00:00,59.8334270974864
2023-02-06T18:00:00,64.44076339058253
2023-02-06T19:00:00,69.22092172373895
2023-02-06T20:00:00,71.6403231413468
2023-02-06T21:00:00,71.56507541822351
2023-02-06T22:00:00,69.43425916588825
2023-02-06T23:00:00,66.75866848489511
2023-02-07T00:00:00,64.15077723627505
2023-02-07T01:00:00,61.27369308471679
2023-02-07T02:00:00,45.57894333549167
2023-02-07T03:00:00,30.746379935223118
2023-02-07T04:00:00,23.98879059501316
2023-02-07T05:00:00,19.349197138910707
2023-02-07T06:00:00,16.621038271033242
2023-02-07T07:00:00,15.458958584329354
2023-02-07T08:00:00,15.169923533564027
2023-02-07T09:00:00,15.05226533309273
2023-02-07T10:00:00,15.757382848988406
2023-02-07T11:00:00,18.5265011165453
2023-02-07T12:00:00,23.518918493519656
2023-02-07T13:00:00,27.011162384696625
2023-02-07T14:00:00,27.61290442425271
2023-02-07T15:00:00,28.78125422933827
2023-02-07T16:00:00,31.85338459844174
2023-02-07T17:00:00,35.67305191703464
2023-02-07T18:00:00,38.95238246088442
2023-02-07T19:00:00,40.77815528537916
2023-02-07T20:00:00,41.76277160644531
2023-02-07T21:00:00,42.18348660676376
2023-02-07T22:00:00,41.62429394929305
2023-02-07T23:00:00,40.986416692319125
2023-02-08T00:00:00,40.700990262238875
2023-02-08T01:00:00,39.777081033457875
2023-02-08T02:00:00,24.405246651690938
2023-02-08T03:00:00,16.92342770617941
2023-02-08T04:00:00,13.852039046909498
2023-02-08T05:00:00,12.055734385614809
2023-02-08T06:00:00,11.123935948247494
2023-02-08T07:00:00,10.621595216834026
2023-02-08T08:00:00,10.597905946814496
2023-02-08T09:00:00,10.976429441700809
2023-02-08T10:00:00,12.084083557128904
2023-02-08T11:00:00,14.720985619918158
2023-02-08T12:00:00,20.945493283479106
2023-02-08T13:00:00,24.685740346493926
2023-02-08T14:00:00,28.416321795919664
2023-02-08T15:00:00,32.927994686624274
2023-02-08T16:00:00,37.07514920442
2023-02-08T17:00:00,37.57273814989173
2023-02-08T18:00:00,43.25435704770295
2023-02-08T19:00:00,45.705821659253985
2023-02-08T20:00:00,46.34538517827573
2023-02-08T21:00:00,45.309249048647665
2023-02-08T22:00:00,43.66806295643682
2023-02-08T23:00:00,38.382672019626774
2023-02-09T00:00:00,35.31996536254883
2023-02-09T01:00:00,32.56027072408925
2023-02-09T02:00:00,21.207270497861114
2023-02-09T03:00:00,15.381910448488979
2023-02-09T04:00:00,13.20645643317181
2023-02-09T05:00:00,12.633291203042733
2023-02-09T06:00:00,12.717492352361264
2023-02-09T07:00:00,13.185621261596676
2023-02-09T08:00:00,13.914814285610031
2023-02-09T09:00:00,15.063201365263565
2023-02-09T10:00:00,16.749620769334875
2023-02-09T11:00:00,20.295775372049082
2023-02-09T12:00:00,29.574190305626907
2023-02-09T13:00:00,40.11706377112346
2023-02-09T14:00:00,43.368686012599774
2023-02-09T15:00:00,44.32812732198963
2023-02-09T16:00:00,45.83036157359247
2023-02-09T17:00:00,46.87420090385105
2023-02-09T18:00:00,47.50115038001019
2023-02-09T19:00:00,44.7873536814814
2023-02-09T20:00:00,43.59836462269658
2023-02-09T21:00:00,42.666732953942336
2023-02-09T22:00:00,41.886119344960086
2023-02-09T23:00:00,41.644611026929766
2023-02-10T00:00:00,43.743024577265196
2023-02-10T01:00:00,48.42169852878736
2023-02-10T02:00:00,33.410457611083984
2023-02-10T03:00:00,24.993946490080457
2023-02-10T04:00:00,20.24994145268979
2023-02-10T05:00:00,17.450965632563047
2023-02-10T06:00:00,15.78979604140572
2023-02-10T07:00:00,14.902599085932192
2023-02-10T08:00:00,14.591114417366358
2023-02-10T09:00:00,14.698714007502016
2023-02-10T10:00:00,15.777230055435842
2023-02-10T11:00:00,19.406442227570906
2023-02-10T12:00:00,27.08741959281589
2023-02-10T13:00:00,34.07098654042119
2023-02-10T14:00:00,40.69351196289062
2023-02-10T15:00:00,48.15228304655655
2023-02-10T16:00:00,57.148895429528274
2023-02-10T17:00:00,70.48804938274881
2023-02-10T18:00:00,80.46493430759595
2023-02-10T19:00:00,84.44863758916438
2023-02-10T20:00:00,79.86601190981656
2023-02-10T21:00:00,69.80273238472316
2023-02-10T22:00:00,67.35222526218578
2023-02-10T23:00:00,67.08617268437924
2023-02-11T00:00:00,67.40747335682744
2023-02-11T01:00:00,65.58335611094597
2023-02-11T02:00:00,54.81900356126867
2023-02-11T03:00:00,47.938431449558415
2023-02-11T04:00:00,48.04588981296705
2023-02-11T05:00:00,39.72704199086065
2023-02-11T06:00:00,27.70484824802564
2023-02-11T07:00:00,24.717641747516133
2023-02-11T08:00:00,24.790149357007895
2023-02-11T09:00:00,25.69751532181449
2023-02-11T10:00:00,27.6972541809082
2023-02-11T11:00:00,32.83813012164572
2023-02-11T12:00:00,43.40232915463654
2023-02-11T13:00:00,53.03892865388289
2023-02-11T14:00:00,59.35590943046238
2023-02-11T15:00:00,67.60602387138034
2023-02-11T16:00:00,75.69357731031333
2023-02-11T17:00:00,78.72011300791864
2023-02-11T18:00:00,81.61280092985733
2023-02-11T19:00:00,82.22469595204227
2023-02-11T20:00:00,81.18980606742527
2023-02-11T21:00:00,80.43456201967984
2023-02-11T22:00:00,75.59520721435545
2023-02-11T23:00:00,71.05128910230552
2023-02-12T00:00:00,65.4317621977433
2023-02-12T01:00:00,59.990691972815455
2023-02-12T02:00:00,42.09677356222401
2023-02-12T03:00:00,31.78545205489449
2023-02-12T04:00:00,24.470318255217176
2023-02-12T05:00:00,21.228155136108395
2023-02-12T06:00:00,19.70170336184294
2023-02-12T07:00:00,19.274342246677563
2023-02-12T08:00:00,19.61879158020019
2023-02-12T09:00:00,20.392501001772672
2023-02-12T10:00:00,21.827761691549547
2023-02-12T11:00:00,25.419593479322348
2023-02-12T12:00:00,33.55408029970915
2023-02-12T13:00:00,42.999069379723586
2023-02-12T14:00:00,50.698521157969594
2023-02-12T15:00:00,56.681218686311134
2023-02-12T16:00:00,62.99085169253142
2023-02-12T17:00:00,71.50609721308169
2023-02-12T18:00:00,77.20391381305195
2023-02-12T19:00:00,73.82349428923233
2023-02-12T20:00:00,64.45718334032141
2023-02-12T21:00:00,62.75071600209112
2023-02-12T22:00:00,61.792003299878985
2023-02-12T23:00:00,60.42782659115998
2023-02-13T00:00:00,59.441148011580744
2023-02-13T01:00:00,57.33295407502547
2023-02-13T02:00:00,46.46613162496815
2023-02-13T03:00:00,33.22075885275136
2023-02-13T04:00:00,25.312480594800864
2023-02-13T05:00:00,21.340191053307574
2023-02-13T06:00:00,18.99798998625382
2023-02-13T07:00:00,17.84732893238897
2023-02-13T08:00:00,17.169101300446883
2023-02-13T09:00:00,17.199800905974016
2023-02-13T10:00:00,18.313662155814793
2023-02-13T11:00:00,21.276177364846934
2023-02-13T12:00:00,27.416585756384805
2023-02-13T13:00:00,34.63965855474056
2023-02-13T14:00:00,40.78553622701893
2023-02-13T15:00:00,46.53545993307362
2023-02-13T16:00:00,51.69800750068996
2023-02-13T17:00:00,56.65228868567424
2023-02-13T18:00:00,57.44288303541099
2023-02-13T19:00:00,55.233075183370836
2023-02-13T20:00:00,51.994007110595696
2023-02-13T21:00:00,48.92018525496773
2023-02-13T22:00:00,46.70726494167162
2023-02-13T23:00:00,44.92835019982379
2023-02-14T00:00:00,43.58037268597146
2023-02-14T01:00:00,42.54790148527725
2023-02-14T02:00:00,30.74930920808211
2023-02-14T03:00:00,19.64866762575896
2023-02-14T04:00:00,16.582115339196246
2023-02-14T05:00:00,15.670998283054514
2023-02-14T06:00:00,15.633886710457178
2023-02-14T07:00:00,16.1558608594148
2023-02-14T08:00:00,17.23363221209982
2023-02-14T09:00:00,18.604008881942082
2023-02-14T10:00:00,20.40474161894425
2023-02-14T11:00:00,23.791211418483567
2023-02-14T12:00:00,32.06377742601477
2023-02-14T13:00:00,41.30019892816957
2023-02-14T14:00:00,49.30617921248726
2023-02-14T15:00:00,57.187079222305954
2023-02-14T16:00:00,63.293238266654626
2023-02-14T17:00:00,69.31119670038638
2023-02-14T18:00:00,71.92983378534731
2023-02-14T19:00:00,72.18627830173656
2023-02-14T20:00:00,72.17186604375424
2023-02-14T21:00:00,73.3713382223378
2023-02-14T22:00:00,74.52269114618714
2023-02-14T23:00:00,74.65139936364216
2023-02-15T00:00:00,73.39904188073199
2023-02-15T01:00:00,70.4966745791228
2023-02-15T02:00:00,48.79199152407439
2023-02-15T03:00:00,31.684346074643337
2023-02-15T04:00:00,24.67226409912109
2023-02-15T05:00:00,21.5429165052331
2023-02-15T06:00:00,20.125264706818953
2023-02-15T07:00:00,19.405039662900176
2023-02-15T08:00:00,19.214110830555793
2023-02-15T09:00:00,19.712011420208473
2023-02-15T10:00:00,21.212764159492824
2023-02-15T11:00:00,24.434941084488575
2023-02-15T12:00:00,29.7394847040591
2023-02-15T13:00:00,34.44824185578719
2023-02-15T14:00:00,39.21846140985904
2023-02-15T15:00:00,43.87206201967986
2023-02-15T16:00:00,48.42710030597189
2023-02-15T17:00:00,52.1627490831458
2023-02-15T18:00:00,53.829574253248126
2023-02-15T19:00:00,53.80025896818741
2023-02-15T20:00:00,55.218685150146484
2023-02-15T21:00:00,55.996098062266476
2023-02-15T22:00:00,55.97022993668266
2023-02-15T23:00:00,55.455642202626095
2023-02-16T00:00:00,55.231941223144524
2023-02-16T01:00:00,54.34800952413807
2023-02-16T02:00:00,42.64302892270295
2023-02-16T03:00:00,33.916236711585
2023-02-16T04:00:00,29.524737233700957
2023-02-16T05:00:00,26.545415463654887
2023-02-16T06:00:00,24.272467820540715
2023-02-16T07:00:00,22.615532336027723
2023-02-16T08:00:00,21.812013460242227
2023-02-16T09:00:00,21.639422209366504
2023-02-16T10:00:00,22.044846907905907
2023-02-16T11:00:00,23.677296597024668
2023-02-16T12:00:00,26.534795678180195
2023-02-16T13:00:00,28.34029504527216
2023-02-16T14:00:00,30.44804705744204
2023-02-16T15:00:00,33.63758369114088
2023-02-16T16:00:00,37.03558382780655
2023-02-16T17:00:00,40.2886612933615
2023-02-16T18:00:00,42.50651318094004
2023-02-16T19:00:00,42.94248614103897
2023-02-16T20:00:00,43.06268841287364
2023-02-16T21:00:00,42.66359926306683
2023-02-16T22:00:00,43.25718705550483
2023-02-16T23:00:00,44.241552767546274
2023-02-17T00:00:00,45.259386808975876
2023-02-17T01:00:00,45.65884449170983
2023-02-17T02:00:00,26.477551087089203
2023-02-17T03:00:00,16.930020871369734
2023-02-17T04:00:00,14.150429974431576
2023-02-17T05:00:00,12.551842523657756
2023-02-17T06:00:00,11.420899266782014
2023-02-17T07:00:00,10.734096402707307
2023-02-17T08:00:00,10.352831384410027
2023-02-17T09:00:00,10.235866214918055
2023-02-17T10:00:00,10.839533847311268
2023-02-17T11:00:00,12.891952887825344
2023-02-17T12:00:00,17.4690873519234
2023-02-17T13:00:00,23.34050775610882
2023-02-17T14:00:00,27.99691167085067
2023-02-17T15:00:00,27.013411812160324
2023-02-17T16:00:00,28.027736746746555
2023-02-17T17:00:00,33.55524892392365
2023-02-17T18:00:00,38.174199975055195
2023-02-17T19:00:00,42.156480374543555
2023-02-17T20:00:00,47.78585848600967
2023-02-17T21:00:00,53.966234953507126
2023-02-17T22:00:00,57.4523463041886
2023-02-17T23:00:00,58.98815553084663
2023-02-18T00:00:00,59.329691016155735
2023-02-18T01:00:00,56.77323482347571
2023-02-18T02:00:00,26.439573536748465
2023-02-18T03:00:00,14.237205588299293
2023-02-18T04:00:00,10.540398846501889
2023-02-18T05:00:00,9.006285791811736
2023-02-18T06:00:00,8.107568844504977
2023-02-18T07:00:00,7.706023444300111
2023-02-18T08:00:00,7.661653622337008
2023-02-18T09:00:00,7.784707774286683
2023-02-18T10:00:00,8.254951580711031
2023-02-18T11:00:00,10.850624208864957
2023-02-18T12:00:00,15.08140592989714
2023-02-18T13:00:00,19.813531295112938
2023-02-18T14:00:00,22.58118339206861
2023-02-18T15:00:00,24.813650711722993
2023-02-18T16:00:00,28.38094445933466
2023-02-18T17:00:00,32.04129136126974
2023-02-18T18:00:00,35.06729490860648
2023-02-18T19:00:00,35.36754973038382
2023-02-18T20:00:00,34.84060453331988
2023-02-18T21:00:00,34.90713899031929
2023-02-18T22:00:00,35.952488940695055
2023-02-18T23:00:00,35.45120073401409
2023-02-19T00:00:00,33.65275391288425
2023-02-19T01:00:00,30.69753273673679
2023-02-19T02:00:00,15.969867042873215
2023-02-19T03:00:00,10.834925651550291
2023-02-19T04:00:00,8.773316818734873
2023-02-19T05:00:00,7.879980771437934
2023-02-19T06:00:00,7.47691189724466
2023-02-19T07:00:00,7.498344773831573
2023-02-19T08:00:00,7.814570157424263
2023-02-19T09:00:00,8.48979427503503
2023-02-19T10:00:00,9.632154050080672
2023-02-19T11:00:00,12.760844852613364
2023-02-19T12:00:00,18.01092711738918
2023-02-19T13:00:00,20.876936290575106
2023-02-19T14:00:00,23.753609781679895
2023-02-19T15:00:00,28.755163690318227
2023-02-19T16:00:00,31.83028030395507
2023-02-19T17:00:00,35.46190112570057
2023-02-19T18:00:00,39.366943856944204
2023-02-19T19:00:00,41.44850258205248
2023-02-19T20:00:00,41.806604468304165
2023-02-19T21:00:00,40.74712968909222
2023-02-19T22:00:00,38.369634213654884
2023-02-19T23:00:00,41.34653887541397
2023-02-20T00:00:00,48.25420479152513
2023-02-20T01:00:00,48.93445670086404
2023-02-20T02:00:00,23.40631824990977
2023-02-20T03:00:00,14.756441448045814
2023-02-20T04:00:00,10.70588385540506
2023-02-20T05:00:00,9.02171238608982
2023-02-20T06:00:00,8.272936820983887
2023-02-20T07:00:00,7.905001391535219
2023-02-20T08:00:00,8.112380400947902
2023-02-20T09:00:00,8.70849142903867
2023-02-20T10:00:00,9.800621032714842
2023-02-20T11:00:00,12.42878536556078
2023-02-20T12:00:00,17.663551911063816
2023-02-20T13:00:00,21.35777987604556
2023-02-20T14:00:00,22.549947821575657
2023-02-20T15:00:00,27.383712685626485
2023-02-20T16:00:00,34.885330200195305
2023-02-20T17:00:00,39.446580140487
2023-02-20T18:00:00,38.698791338049844
2023-02-20T19:00:00,38.64892826909603
2023-02-20T20:00:00,40.07775215480638
2023-02-20T21:00:00,43.15642547607421
2023-02-20T22:00:00,47.10744874373726
2023-02-20T23:00:00,50.72672901982846
2023-02-21T00:00:00,51.43469022667926
2023-02-21T01:00:00,47.07206029477326
2023-02-21T02:00:00,21.685937632685118
2023-02-21T03:00:00,12.371791507886803
2023-02-21T04:00:00,8.895776852317477
2023-02-21T05:00:00,7.752132291379182
2023-02-21T06:00:00,7.33560678233271
2023-02-21T07:00:00,7.219686031341552
2023-02-21T08:00:00,7.532435665959896
2023-02-21T09:00:00,8.001951238383416
2023-02-21T10:00:00,9.00805614305579
2023-02-21T11:00:00,11.843214574067487
2023-02-21T12:00:00,17.236431370610774
2023-02-21T13:00:00,20.379296510115914
2023-02-21T14:00:00,21.56859895457392
2023-02-21T15:00:00,23.489612081776492
2023-02-21T16:00:00,29.40569919088612
2023-02-21T17:00:00,36.495500315790586
2023-02-21T18:00:00,42.16008377075195
2023-02-21T19:00:00,44.02768823374873
2023-02-21T20:00:00,38.802036617113195
2023-02-21T21:00:00,38.002337580141806
2023-02-21T22:00:00,39.84588224991508
2023-02-21T23:00:00,43.698764137599774
2023-02-22T00:00:00,49.776162023129665
2023-02-22T01:00:00,47.806015180504836
2023-02-22T02:00:00,23.072387031886887
2023-02-22T03:00:00,16.79363217561141
2023-02-22T04:00:00,14.922956839851711
2023-02-22T05:00:00,14.51356556104577
2023-02-22T06:00:00,14.312658890433932
2023-02-22T07:00:00,14.239257024682084
2023-02-22T08:00:00,14.36785540373429
2023-02-22T09:00:00,14.859733042509658
2023-02-22T10:00:00,15.824910744376801
2023-02-22T11:00:00,18.525130147519317
2023-02-22T12:00:00,26.0075744960619
2023-02-22T13:00:00,36.233641748842984
2023-02-22T14:00:00,45.866515283999234
2023-02-22T15:00:00,55.12907210640285
2023-02-22T16:00:00,62.96067279318104
2023-02-22T17:00:00,68.67954420006792
2023-02-22T18:00:00,72.07911250902258
2023-02-22T19:00:00,72.26428438269573
2023-02-22T20:00:00,70.05582560663638
2023-02-22T21:00:00,66.4386044377866
2023-02-22T22:00:00,62.51181992240573
2023-02-22T23:00:00,58.874065896739125
2023-02-23T00:00:00,55.45174374787703
2023-02-23T01:00:00,51.118060236391806
2023-02-23T02:00:00,31.41175029588782
2023-02-23T03:00:00,27.95308154562245
2023-02-23T04:00:00,25.883798184602156
2023-02-23T05:00:00,22.976925559665844
2023-02-23T06:00:00,20.762233734130856
2023-02-23T07:00:00,19.299477286960766
2023-02-23T08:00:00,18.232045629750125
2023-02-23T09:00:00,17.467934857244074
2023-02-23T10:00:00,17.131518985914145
2023-02-23T11:00:00,18.245098445726473
2023-02-23T12:00:00,23.767816294794496
2023-02-23T13:00:00,31.01038153275199
2023-02-23T14:00:00,37.54823668106743
2023-02-23T15:00:00,43.309511931046195
2023-02-23T16:00:00,47.53415132605511
2023-02-23T17:00:00,49.779375656791345
2023-02-23T18:00:00,49.77181525852369
2023-02-23T19:00:00,47.49932114974312
2023-02-23T20:00:00,47.15033158012058
2023-02-23T21:00:00,48.11464309692382
2023-02-23T22:00:00,49.008338098940634
2023-02-23T23:00:00,49.92423762445864
2023-02-24T00:00:00,50.43404670383619
2023-02-24T01:00:00,49.24634452488111
2023-02-24T02:00:00,24.75281756857167
2023-02-24T03:00:00,13.807452782340672
2023-02-24T04:00:00,11.343295760776686
2023-02-24T05:00:00,10.295942969944164
2023-02-24T06:00:00,9.627830090730084
2023-02-24T07:00:00,9.073083089745563
2023-02-24T08:00:00,8.68177896997203
2023-02-24T09:00:00,8.660691406415856
2023-02-24T10:00:00,9.468507393546725
2023-02-24T11:00:00,12.233424062314239
2023-02-24T12:00:00,17.265391059543774
2023-02-24T13:00:00,21.514008978138797
2023-02-24T14:00:00,27.838710453199297
2023-02-24T15:00:00,37.19360218877377
2023-02-24T16:00:00,45.45334393045176
2023-02-24T17:00:00,52.83839200890582
2023-02-24T18:00:00,62.25072064607039
2023-02-24T19:00:00,67.1804729959239
2023-02-24T20:00:00,67.36572597337805
2023-02-24T21:00:00,64.81906592327616
2023-02-24T22:00:00,62.078207430632204
2023-02-24T23:00:00,59.99086297076681
2023-02-25T00:00:00,57.750192393427305
2023-02-25T01:00:00,50.53918307760486
2023-02-25T02:00:00,24.260863428530484
2023-02-25T03:00:00,15.702165769494098
2023-02-25T04:00:00,12.195221237514328
2023-02-25T05:00:00,10.98110771179199
2023-02-25T06:00:00,10.590208634086276
2023-02-25T07:00:00,10.602032785830287
2023-02-25T08:00:00,10.879627808280611
2023-02-25T09:00:00,11.412568050882088
2023-02-25T10:00:00,12.377442774565322
2023-02-25T11:00:00,14.138381875079611
2023-02-25T12:00:00,19.12342237389606
2023-02-25T13:00:00,25.953317725140113
2023-02-25T14:00:00,32.74996276523756
2023-02-25T15:00:00,39.520941858706266
2023-02-25T16:00:00,44.77549677309782
2023-02-25T17:00:00,49.37727986211361
2023-02-25T18:00:00,51.6331558227539
2023-02-25T19:00:00,52.604108893353
2023-02-25T20:00:00,53.9186434538468
2023-02-25T21:00:00,52.52972080396569
2023-02-25T22:00:00,50.76872668058975
2023-02-25T23:00:00,49.75249862670898
2023-02-26T00:00:00,50.03812988944675
2023-02-26T01:00:00,49.334031809931204
2023-02-26T02:00:00,35.09148589424465
2023-02-26T03:00:00,28.612596263056215
2023-02-26T04:00:00,26.164328450741976
2023-02-26T05:00:00,24.6604876310929
2023-02-26T06:00:00,23.30862808227539
2023-02-26T07:00:00,22.489779016245965
2023-02-26T08:00:00,21.63674387724503
2023-02-26T09:00:00,20.38834165490192
2023-02-26T10:00:00,18.57406259619671
2023-02-26T11:00:00,16.9492072644441
2023-02-26T12:00:00,17.62312180062999
2023-02-26T13:00:00,19.257059429002844
2023-02-26T14:00:00,21.668466402136758
2023-02-26T15:00:00,24.47789042928944
2023-02-26T16:00:00,27.576085878455117
2023-02-26T17:00:00,30.661102626634676
2023-02-26T18:00:00,33.26870412411897
2023-02-26T19:00:00,35.546747953995414
2023-02-26T20:00:00,39.466214221456774
2023-02-26T21:00:00,43.45427388730256
2023-02-26T22:00:00,47.18825945646866
2023-02-26T23:00:00,49.7363752282184
2023-02-27T00:00:00,51.26169901308805
2023-02-27T01:00:00,48.480326279349946
2023-02-27T02:00:00,22.766979300457496
2023-02-27T03:00:00,16.500885507334832
2023-02-27T04:00:00,14.659646822058637
2023-02-27T05:00:00,14.000223118325938
2023-02-27T06:00:00,13.563908286716625
2023-02-27T07:00:00,13.294149398803711
2023-02-27T08:00:00,13.306138038635254
2023-02-27T09:00:00,13.72358293118684
2023-02-27T10:00:00,15.505538401396377
2023-02-27T11:00:00,20.597742744114086
2023-02-27T12:00:00,29.2521858215332
2023-02-27T13:00:00,36.46826934814453
2023-02-27T14:00:00,41.03196334838867
2023-02-27T15:00:00,45.73406501438306
2023-02-27T16:00:00,50.39202980373216
2023-02-27T17:00:00,53.345793516739555
2023-02-27T18:00:00,53.67046654742696
2023-02-27T19:00:00,50.85720360797384
2023-02-27T20:00:00,48.98219216388205
2023-02-27T21:00:00,45.39693318242612
2023-02-27T22:00:00,40.86524764351222
2023-02-27T23:00:00,37.60053020974864
2023-02-28T00:00:00,36.24354735664699
2023-02-28T01:00:00,34.479878964631446
2023-02-28T02:00:00,24.991503839907434
2023-02-28T03:00:00,19.115980562956437
2023-02-28T04:00:00,16.44424256034519
2023-02-28T05:00:00,14.93186805559241
2023-02-28T06:00:00,13.853384142336637
2023-02-28T07:00:00,13.036199279453442
2023-02-28T08:00:00,12.261790773142938
2023-02-28T09:00:00,12.112364147020422
2023-02-28T10:00:00,13.744448952052903
2023-02-28T11:00:00,19.20901232180388
2023-02-28T12:00:00,27.252910945726473
2023-02-28T13:00:00,32.4382728908373
2023-02-28T14:00:00,33.312498507292375
2023-02-28T15:00:00,36.487611853558086
2023-02-28T16:00:00,40.46901454096255
2023-02-28T17:00:00,45.92142005588697
2023-02-28T18:00:00,49.11405729210894
2023-02-28T19:00:00,48.76379361359969
2023-02-28T20:00:00,45.857704494310454
2023-02-28T21:00:00,42.46680831909179
2023-02-28T22:00:00,40.84646241561226
2023-02-28T23:00:00,40.847745480744734
2023-03-01T00:00:00,42.004431019658625
2023-03-01T01:00:00,42.1574708689814
2023-03-01T02:00:00,29.62587373153023
2023-03-01T03:00:00,23.319264370462164
2023-03-01T04:00:00,20.5506362085757
2023-03-01T05:00:00,19.623457784238067
2023-03-01T06:00:00,19.629728731901746
2023-03-01T07:00:00,19.789773194686223
2023-03-01T08:00:00,19.82365856999936
2023-03-01T09:00:00,20.03635829427968
2023-03-01T10:00:00,20.73331766543181
2023-03-01T11:00:00,22.470159862352453
2023-03-01T12:00:00,26.86018943786621
2023-03-01T13:00:00,30.63796739992888
2023-03-01T14:00:00,32.53524208068848
2023-03-01T15:00:00,35.755780427352235
2023-03-01T16:00:00,39.3750875721807
2023-03-01T17:00:00,42.41525086112644
2023-03-01T18:00:00,43.536217399265446
2023-03-01T19:00:00,42.97662171073581
2023-03-01T20:00:00,43.04747739045516
2023-03-01T21:00:00,44.30607853765073
2023-03-01T22:00:00,46.754727902619734
2023-03-01T23:00:00,49.11074298361073
2023-03-02T00:00:00,51.359585803488024
2023-03-02T01:00:00,51.68243275518002
2023-03-02T02:00:00,33.08563414863918
2023-03-02T03:00:00,26.238813234412145
2023-03-02T04:00:00,22.347702109295387
2023-03-02T05:00:00,20.236207049825914
2023-03-02T06:00:00,19.048473772795305
2023-03-02T07:00:00,18.55603781990383
2023-03-02T08:00:00,18.530501655910324
2023-03-02T09:00:00,18.97203760561736
2023-03-02T10:00:00,19.77184196140455
2023-03-02T11:00:00,21.73557488814644
2023-03-02T12:00:00,27.441192544024922
2023-03-02T13:00:00,34.668330482814625
2023-03-02T14:00:00,42.031067226244055
2023-03-02T15:00:00,48.60093887992527
2023-03-02T16:00:00,53.47990118938943
2023-03-02T17:00:00,57.23813214509383
2023-03-02T18:00:00,60.064045284105376
2023-03-02T19:00:00,60.21545924311099
2023-03-02T20:00:00,59.44982495515243
2023-03-02T21:00:00,60.44422862840735
2023-03-02T22:00:00,60.88475384919539
2023-03-02T23:00:00,58.994862266208806
2023-03-03T00:00:00,56.41086760811183
2023-03-03T01:00:00,53.46083218118418
2023-03-03T02:00:00,32.9656348850416
2023-03-03T03:00:00,26.60861512889032
2023-03-03T04:00:00,24.172585694686223
2023-03-03T05:00:00,22.95132744830587
2023-03-03T06:00:00,22.126146482384723
2023-03-03T07:00:00,21.87481697745945
2023-03-03T08:00:00,21.742771065753438
2023-03-03T09:00:00,21.67195485985797
2023-03-03T10:00:00,22.18530157338018
2023-03-03T11:00:00,24.073126917300012
2023-03-03T12:00:00,28.60749485181725
2023-03-03T13:00:00,34.67284824537194
2023-03-03T14:00:00,39.79836190265158
2023-03-03T15:00:00,44.144270357878305
2023-03-03T16:00:00,49.02245563009511
2023-03-03T17:00:00,53.5351448059082
2023-03-03T18:00:00,57.23387676736582
2023-03-03T19:00:00,59.44696625419285
2023-03-03T20:00:00,60.83076941448708
2023-03-03T21:00:00,63.13316660342009
2023-03-03T22:00:00,67.01160497250763
2023-03-03T23:00:00,69.92851157810377
2023-03-04T00:00:00,73.93179487145464
2023-03-04T01:00:00,74.62606612495755
2023-03-04T02:00:00,46.75115767769191
2023-03-04T03:00:00,30.48773790442425
2023-03-04T04:00:00,22.465096598086145
2023-03-04T05:00:00,17.837822375090227
2023-03-04T06:00:00,14.808448293934696
2023-03-04T07:00:00,13.450527978980022
2023-03-04T08:00:00,12.986667218415633
2023-03-04T09:00:00,13.228450816610584
2023-03-04T10:00:00,14.263552168141238
2023-03-04T11:00:00,17.58503184111222
2023-03-04T12:00:00,24.971132195514176
2023-03-04T13:00:00,32.351041213325836
2023-03-04T14:00:00,34.532958984375
2023-03-04T15:00:00,33.26936680337656
2023-03-04T16:00:00,36.42719700025475
2023-03-04T17:00:00,39.381761799687915
2023-03-04T18:00:00,41.87240036674167
2023-03-04T19:00:00,43.57085766999617
2023-03-04T20:00:00,44.619801231052556
2023-03-04T21:00:00,45.47853005450704
2023-03-04T22:00:00,44.22102256443189
2023-03-04T23:00:00,41.92477217964504
2023-03-05T00:00:00,38.680275792660915
2023-03-05T01:00:00,37.02858883401621
2023-03-05T02:00:00,32.91609490436056
2023-03-05T03:00:00,25.40985082543414
2023-03-05T04:00:00,20.725938548212465
2023-03-05T05:00:00,18.203690736190133
2023-03-05T06:00:00,16.946888301683508
2023-03-05T07:00:00,17.146822556205414
2023-03-05T08:00:00,18.62995802837869
2023-03-05T09:00:00,21.171929400900133
2023-03-05T10:00:00,24.533213325168774
2023-03-05T11:00:00,27.746719360351562
2023-03-05T12:00:00,35.247537529986836
2023-03-05T13:00:00,41.777056320853845
2023-03-05T14:00:00,46.90324020385742
2023-03-05T15:00:00,51.486486186151915
2023-03-05T16:00:00,56.923659283181884
2023-03-05T17:00:00,64.94709081235139
2023-03-05T18:00:00,69.10114288330078
2023-03-05T19:00:00,69.40521339748216
2023-03-05T20:00:00,69.86538828974184
2023-03-05T21:00:00,69.62325718091883
2023-03-05T22:00:00,69.15000102830969
2023-03-05T23:00:00,68.88395972873853
2023-03-06T00:00:00,69.77202937913977
2023-03-06T01:00:00,69.72322580088738
2023-03-06T02:00:00,46.68883564161217
2023-03-06T03:00:00,34.94911641659944
2023-03-06T04:00:00,28.59216209079908
2023-03-06T05:00:00,25.29491922129755
2023-03-06T06:00:00,24.21169156613557
2023-03-06T07:00:00,23.557874099068016
2023-03-06T08:00:00,23.416952547819715
2023-03-06T09:00:00,23.73349115122919
2023-03-06T10:00:00,25.10896351026452
2023-03-06T11:00:00,29.08356218752653
2023-03-06T12:00:00,37.0970175369926
2023-03-06T13:00:00,40.471290256666094
2023-03-06T14:00:00,43.04192219609799
2023-03-06T15:00:00,46.91737116938051
2023-03-06T16:00:00,49.71737405528193
2023-03-06T17:00:00,54.499947589376696
2023-03-06T18:00:00,61.30843801083771
2023-03-06T19:00:00,66.98876787268595
2023-03-06T20:00:00,71.03994684634002
2023-03-06T21:00:00,72.88443855617356
2023-03-06T22:00:00,80.60835033914316
2023-03-06T23:00:00,85.64623094641644
2023-03-07T00:00:00,88.87190777322519
2023-03-07T01:00:00,81.91095567786174
2023-03-07T02:00:00,39.819624859353766
2023-03-07T03:00:00,24.049919625987176
2023-03-07T04:00:00,18.259110492208727
2023-03-07T05:00:00,15.719497058702549
2023-03-07T06:00:00,14.450687823088272
2023-03-07T07:00:00,13.87684146217678
2023-03-07T08:00:00,13.918255930361537
2023-03-07T09:00:00,14.444631161897078
2023-03-07T10:00:00,15.497081217558485
2023-03-07T11:00:00,17.936553291652512
2023-03-07T12:00:00,24.25714650361434
2023-03-07T13:00:00,31.78615288112474
2023-03-07T14:00:00,34.19164616128672
2023-03-07T15:00:00,34.51962786135466
2023-03-07T16:00:00,35.41596404365871
2023-03-07T17:00:00,36.169665626857594
2023-03-07T18:00:00,36.757916491964586
2023-03-07T19:00:00,37.805736044178836
2023-03-07T20:00:00,38.65764136936353
2023-03-07T21:00:00,38.853802224864125
2023-03-07T22:00:00,38.37984068497367
2023-03-07T23:00:00,38.38255542257558
2023-03-08T00:00:00,39.25722851960555
2023-03-08T01:00:00,37.7182441379713
2023-03-08T02:00:00,29.86136569147525
2023-03-08T03:00:00,24.668875321097996
2023-03-08T04:00:00,20.647976667984672
2023-03-08T05:00:00,18.757036706675652
2023-03-08T06:00:00,18.052283826081645
2023-03-08T07:00:00,17.588932369066317
2023-03-08T08:00:00,17.378237931624703
2023-03-08T09:00:00,17.61203218543011
2023-03-08T10:00:00,18.029441087142278
2023-03-08T11:00:00,19.904561913531758
2023-03-08T12:00:00,25.52111285665761
2023-03-08T13:00:00,31.42177706179411
2023-03-08T14:00:00,35.7555747654127
2023-03-08T15:00:00,37.28647829138715
2023-03-08T16:00:00,36.20150159752887
2023-03-08T17:00:00,38.23536532858143
2023-03-08T18:00:00,41.6119560573412
2023-03-08T19:00:00,43.410719000774876
2023-03-08T20:00:00,43.28719528861667
2023-03-08T21:00:00,41.90551940254542
2023-03-08T22:00:00,40.197912962540336
2023-03-08T23:00:00,38.77176948215651
2023-03-09T00:00:00,37.61336600262186
2023-03-09T01:00:00,34.23438121961511
2023-03-09T02:00:00,21.421561614326805
2023-03-09T03:00:00,16.38864799167799
2023-03-09T04:00:00,14.309207791867461
2023-03-09T05:00:00,13.838041056757387
2023-03-09T06:00:00,13.80645528046981
2023-03-09T07:00:00,13.955550608427629
2023-03-09T08:00:00,14.68982982635498
2023-03-09T09:00:00,15.791769193566363
2023-03-09T10:00:00,17.368111237235688
2023-03-09T11:00:00,21.159464960512903
2023-03-09T12:00:00,29.27476227801779
2023-03-09T13:00:00,33.4192654153575
2023-03-09T14:00:00,37.01950753253439
2023-03-09T15:00:00,42.025005838145375
2023-03-09T16:00:00,44.50982035761294
2023-03-09T17:00:00,48.03853789619777
2023-03-09T18:00:00,50.89995342752208
2023-03-09T19:00:00,53.24892889935037
2023-03-09T20:00:00,55.22855178169581
2023-03-09T21:00:00,59.216484401537016
2023-03-09T22:00:00,65.30508621879245
2023-03-09T23:00:00,70.39336760147758
2023-03-10T00:00:00,74.52277473781419
2023-03-10T01:00:00,76.79456462030825
2023-03-10T02:00:00,55.264028466266126
2023-03-10T03:00:00,35.766678519870915
2023-03-10T04:00:00,27.284001474795133
2023-03-10T05:00:00,23.72858495297639
2023-03-10T06:00:00,22.197952353436012
2023-03-10T07:00:00,21.44847372303838
2023-03-10T08:00:00,20.38759372545325
2023-03-10T09:00:00,20.618315738180407
2023-03-10T10:00:00,22.22020389722741
2023-03-10T11:00:00,26.647152195806086
2023-03-10T12:00:00,32.88662321671195
2023-03-10T13:00:00,41.18225893766983
2023-03-10T14:00:00,50.161131485648774
2023-03-10T15:00:00,61.51271654211956
2023-03-10T16:00:00,73.42688419507896
2023-03-10T17:00:00,80.65909974471381
2023-03-10T18:00:00,80.41492362644361
2023-03-10T19:00:00,76.42257093346637
2023-03-10T20:00:00,77.9149057139521
2023-03-10T21:00:00,81.73551974089249
2023-03-10T22:00:00,85.2832273400348
2023-03-10T23:00:00,86.870199120563
2023-03-11T00:00:00,87.06697281547213
2023-03-11T01:00:00,78.30832605776578
2023-03-11T02:00:00,41.33682002191958
2023-03-11T03:00:00,25.912812937860902
2023-03-11T04:00:00,20.007999254309613
2023-03-11T05:00:00,17.183608677076254
2023-03-11T06:00:00,15.654059119846508
2023-03-11T07:00:00,15.171339117962379
2023-03-11T08:00:00,16.348422340724778
2023-03-11T09:00:00,18.437574967094086
2023-03-11T10:00:00,20.16782462078592
2023-03-11T11:00:00,23.50076351995053
2023-03-11T12:00:00,29.36966108239215
2023-03-11T13:00:00,33.312132296354875
2023-03-11T14:00:00,35.08122651473335
2023-03-11T15:00:00,34.91868524966032
2023-03-11T16:00:00,37.1036610810653
2023-03-11T17:00:00,44.08640173207158
2023-03-11T18:00:00,46.9801259248153
2023-03-11T19:00:00,49.38574583634086
2023-03-11T20:00:00,55.67930802055026
2023-03-11T21:00:00,64.59018309220023
2023-03-11T22:00:00,71.00346474025561
2023-03-11T23:00:00,72.74429653001869
2023-03-12T00:00:00,73.29048322594683
2023-03-12T01:00:00,72.1275465592094
2023-03-12T02:00:00,46.702087236487344
2023-03-12T03:00:00,29.181824393894363
2023-03-12T04:00:00,23.032000334366504
2023-03-12T05:00:00,19.216096297554344
2023-03-12T06:00:00,17.958087174788762
2023-03-12T07:00:00,17.968458922012992
2023-03-12T08:00:00,18.351618227751356
2023-03-12T09:00:00,18.522649267445438
2023-03-12T10:00:00,18.76387140025263
2023-03-12T11:00:00,20.47047764322032
2023-03-12T12:00:00,25.31405407449473
2023-03-12T13:00:00,31.836586164391555
2023-03-12T14:00:00,37.41542617134426
2023-03-12T15:00:00,40.578859080439024
2023-03-12T16:00:00,43.65664755779763
2023-03-12T17:00:00,47.390730982241415
2023-03-12T18:00:00,51.73053575598675
2023-03-12T19:00:00,57.34411438651706
2023-03-12T20:00:00,65.44495922586192
2023-03-12T21:00:00,72.1330453623896
2023-03-12T22:00:00,75.48931984279466
2023-03-12T23:00:00,77.1073820694633
2023-03-13T00:00:00,77.93596649169922
2023-03-13T01:00:00,72.3343333368716
2023-03-13T02:00:00,34.998581098473586
2023-03-13T03:00:00,22.741511137589164
2023-03-13T04:00:00,17.67973916426949
2023-03-13T05:00:00,15.512517307115635
2023-03-13T06:00:00,14.183184416397756
2023-03-13T07:00:00,13.308261995730192
2023-03-13T08:00:00,13.261255761851434
2023-03-13T09:00:00,13.419469377268916
2023-03-13T10:00:00,14.14845694666323
2023-03-13T11:00:00,17.4674073924189
2023-03-13T12:00:00,24.33448094907014
2023-03-13T13:00:00,28.22824328878651
2023-03-13T14:00:00,30.621929583342173
2023-03-13T15:00:00,32.466652745785915
2023-03-13T16:00:00,34.26604262642238
2023-03-13T17:00:00,38.58353606514308
2023-03-13T18:00:00,44.05552922124448
2023-03-13T19:00:00,48.786624410878055
2023-03-13T20:00:00,52.38159445057744
2023-03-13T21:00:00,57.17095018469768
2023-03-13T22:00:00,61.4162770146909
2023-03-13T23:00:00,63.41873716271441
2023-03-14T00:00:00,64.59060204547384
2023-03-14T01:00:00,59.44100056523862
2023-03-14T02:00:00,34.92952695100204
2023-03-14T03:00:00,24.06287491839865
2023-03-14T04:00:00,19.0172177190366
2023-03-14T05:00:00,16.806108060090434
2023-03-14T06:00:00,15.663406537926715
2023-03-14T07:00:00,15.107052139613938
2023-03-14T08:00:00,14.912885500037152
2023-03-14T09:00:00,15.16615983714228
2023-03-14T10:00:00,15.810168224832283
2023-03-14T11:00:00,16.359884386477262
2023-03-14T12:00:00,18.508926889170766
2023-03-14T13:00:00,21.54140455826469
2023-03-14T14:00:00,25.83343572201936
2023-03-14T15:00:00,32.82971266041631
2023-03-14T16:00:00,43.111492654551625
2023-03-14T17:00:00,52.67435505079186
2023-03-14T18:00:00,62.396732330322266
2023-03-14T19:00:00,70.90219514266303
2023-03-14T20:00:00,80.32206460703974
2023-03-14T21:00:00,89.43538897970447
2023-03-14T22:00:00,96.80365222433338
2023-03-14T23:00:00,100.728887806768
2023-03-15T00:00:00,101.8648336659307
2023-03-15T01:00:00,90.02832462476646
2023-03-15T02:00:00,50.14094958098038
2023-03-15T03:00:00,36.08490421461022
2023-03-15T04:00:00,30.03204329117484
2023-03-15T05:00:00,26.205688227777895
2023-03-15T06:00:00,23.806404113769528
2023-03-15T07:00:00,22.145832808121387
2023-03-15T08:00:00,21.145874313686203
2023-03-15T09:00:00,20.549302059671152
2023-03-15T10:00:00,20.76826124605925
2023-03-15T11:00:00,21.77570869611657
2023-03-15T12:00:00,23.596473113350243
2023-03-15T13:00:00,26.028645805690598
2023-03-15T14:00:00,29.189705226732332
2023-03-15T15:00:00,33.44142565519913
2023-03-15T16:00:00,38.96398303819739
2023-03-15T17:00:00,48.43046752266262
2023-03-15T18:00:00,58.26837174788765
2023-03-15T19:00:00,65.86969823422639
2023-03-15T20:00:00,71.86732549252717
2023-03-15T21:00:00,77.05997168499489
2023-03-15T22:00:00,80.86336583676545
2023-03-15T23:00:00,82.90664075768511
2023-03-16T00:00:00,84.10762090268342
2023-03-16T01:00:00,83.4547122457753
2023-03-16T02:00:00,51.16402899700662
2023-03-16T03:00:00,30.767104273257047
2023-03-16T04:00:00,20.855096485303793
2023-03-16T05:00:00,16.832965850830078
2023-03-16T06:00:00,14.855654218922488
2023-03-16T07:00:00,13.780163101528
2023-03-16T08:00:00,13.393923510675844
2023-03-16T09:00:00,13.969015619029168
2023-03-16T10:00:00,15.510838757390559
2023-03-16T11:00:00,18.07845770794412
2023-03-16T12:00:00,22.778301653654676
2023-03-16T13:00:00,30.31138030342434
2023-03-16T14:00:00,36.96832059777301
2023-03-16T15:00:00,42.65800393146017
2023-03-16T16:00:00,47.407104823900305
2023-03-16T17:00:00,50.65061585799507
2023-03-16T18:00:00,51.190875675367266
2023-03-16T19:00:00,51.13210280045218
2023-03-16T20:00:00,51.74816214519998
2023-03-16T21:00:00,55.413261745287016
2023-03-16T22:00:00,61.79859857973844
2023-03-16T23:00:00,66.38618203868037
2023-03-17T00:00:00,68.1649400462275
2023-03-17T01:00:00,68.19686674035113
2023-03-17T02:00:00,46.918141074802556
2023-03-17T03:00:00,25.532139156175692
2023-03-17T04:00:00,19.06025455308997
2023-03-17T05:00:00,16.467265129089355
2023-03-17T06:00:00,15.05966501650603
2023-03-17T07:00:00,14.427821615467899
2023-03-17T08:00:00,14.248203443444291
2023-03-17T09:00:00,14.410602072010867
2023-03-17T10:00:00,15.153323919876762
2023-03-17T11:00:00,17.108932826829992
2023-03-17T12:00:00,22.050720131915547
2023-03-17T13:00:00,25.988348670627758
2023-03-17T14:00:00,29.92052501180897
2023-03-17T15:00:00,39.87445035188094
2023-03-17T16:00:00,48.29007886803668
2023-03-17T17:00:00,58.01883166769276
2023-03-17T18:00:00,67.86339320307191
2023-03-17T19:00:00,75.14460903665294
2023-03-17T20:00:00,76.27244302500849
2023-03-17T21:00:00,73.4123367641283
2023-03-17T22:00:00,68.65551890497622
2023-03-17T23:00:00,63.37468835581904
2023-03-18T00:00:00,59.51355428281037
2023-03-18T01:00:00,56.5351970506751
2023-03-18T02:00:00,32.0710219507632
2023-03-18T03:00:00,20.015801388284434
2023-03-18T04:00:00,17.260511564171832
2023-03-18T05:00:00,16.135153728982672
2023-03-18T06:00:00,15.680615134861158
2023-03-18T07:00:00,15.90750109631082
2023-03-18T08:00:00,17.092759173849352
2023-03-18T09:00:00,19.04484939575195
2023-03-18T10:00:00,22.296433241470996
2023-03-18T11:00:00,25.269490532253094
2023-03-18T12:00:00,28.907164946846336
2023-03-18T13:00:00,33.93865344835364
2023-03-18T14:00:00,39.62288151616636
2023-03-18T15:00:00,47.040227475373634
2023-03-18T16:00:00,53.69163081956946
2023-03-18T17:00:00,60.17782045447307
2023-03-18T18:00:00,66.30891484799592
2023-03-18T19:00:00,72.93599899955416
2023-03-18T20:00:00,82.24191085152005
2023-03-18T21:00:00,92.82990497091541
2023-03-18T22:00:00,106.38107631517492
2023-03-18T23:00:00,114.07694211213483
2023-03-19T00:00:00,122.5378305186396
2023-03-19T01:00:00,111.14667112930961
2023-03-19T02:00:00,63.26747230861498
2023-03-19T03:00:00,50.14882643326469
2023-03-19T04:00:00,42.99223626178243
2023-03-19T05:00:00,39.10083787337593
2023-03-19T06:00:00,36.94606996619183
2023-03-19T07:00:00,36.10330233366592
2023-03-19T08:00:00,36.261053499968156
2023-03-19T09:00:00,38.28972791588824
2023-03-19T10:00:00,41.412290324335515
2023-03-19T11:00:00,44.41577579664147
2023-03-19T12:00:00,47.64724748030952
2023-03-19T13:00:00,50.28049634850543
2023-03-19T14:00:00,51.31688043345576
2023-03-19T15:00:00,50.870099109152086
2023-03-19T16:00:00,53.043653571087376
2023-03-19T17:00:00,60.668697191321314
2023-03-19T18:00:00,73.72898002292798
2023-03-19T19:00:00,83.15380096435545
2023-03-19T20:00:00,86.5137130073879
2023-03-19T21:00:00,92.21086651345958
2023-03-19T22:00:00,101.70750692616338
2023-03-19T23:00:00,110.90450950290845
2023-03-20T00:00:00,117.61343118418817
2023-03-20T01:00:00,87.71495321522588
2023-03-20T02:00:00,28.371783049210254
2023-03-20T03:00:00,20.804310591324512
2023-03-20T04:00:00,17.95650299735691
2023-03-20T05:00:00,16.60905017023501
2023-03-20T06:00:00,16.191595492155653
2023-03-20T07:00:00,16.289843932442043
2023-03-20T08:00:00,16.94047919563625
2023-03-20T09:00:00,17.971091560695484
2023-03-20T10:00:00,19.28612949537194
2023-03-20T11:00:00,19.58960433628248
2023-03-20T12:00:00,23.047901236492653
2023-03-20T13:00:00,29.40168281223463
2023-03-20T14:00:00,35.08433250758958
2023-03-20T15:00:00,29.66026795428732
2023-03-20T16:00:00,33.32216105253799
2023-03-20T17:00:00,38.043359673541524
2023-03-20T18:00:00,43.11492356010105
2023-03-20T19:00:00,48.09004609481148
2023-03-20T20:00:00,52.79298317950705
2023-03-20T21:00:00,56.059985616932735
2023-03-20T22:00:00,58.87474142986795
2023-03-20T23:00:00,61.11667102316151
2023-03-21T00:00:00,65.3559981636379
2023-03-21T01:00:00,58.50354600989301
2023-03-21T02:00:00,34.63244512806768
2023-03-21T03:00:00,26.008548404859457
2023-03-21T04:00:00,23.74103604192319
2023-03-21T05:00:00,23.203775240027387
2023-03-21T06:00:00,23.51013664577318
2023-03-21T07:00:00,24.267425454181172
2023-03-21T08:00:00,25.573374209196672
2023-03-21T09:00:00,26.502457494321074
2023-03-21T10:00:00,28.25164363695227
2023-03-21T11:00:00,30.534034894860305
2023-03-21T12:00:00,32.911718783171274
2023-03-21T13:00:00,35.925613900889516
2023-03-21T14:00:00,39.275065048881196
2023-03-21T15:00:00,43.19555746990701
2023-03-21T16:00:00,48.48650525963824
2023-03-21T17:00:00,56.32191931683084
2023-03-21T18:00:00,64.58561938741933
2023-03-21T19:00:00,72.62185204547383
2023-03-21T20:00:00,83.55380680250084
2023-03-21T21:00:00,99.9097203793733
2023-03-21T22:00:00,117.61201709249744
2023-03-21T23:00:00,134.0113595050314
2023-03-22T00:00:00,150.51810090438178
2023-03-22T01:00:00,136.83585390837294
2023-03-22T02:00:00,60.60043135933253
2023-03-22T03:00:00,43.96104961892832
2023-03-22T04:00:00,38.8173481485118
2023-03-22T05:00:00,37.065013387928836
2023-03-22T06:00:00,36.15020868052607
2023-03-22T07:00:00,35.8945780215056
2023-03-22T08:00:00,36.15793476934018
2023-03-22T09:00:00,36.71114067409349
2023-03-22T10:00:00,38.138944874639094
2023-03-22T11:00:00,41.72442262069038
2023-03-22T12:00:00,46.99938019462253
2023-03-22T13:00:00,52.78174856434698
2023-03-22T14:00:00,59.5702307327934
2023-03-22T15:00:00,64.16307300070058
2023-03-22T16:00:00,73.8480801789657
2023-03-22T17:00:00,83.3720759516177
2023-03-22T18:00:00,93.02497200343919
2023-03-22T19:00:00,102.84837075938349
2023-03-22T20:00:00,112.79039200492527
2023-03-22T21:00:00,121.31113599694292
2023-03-22T22:00:00,129.03698597783625
2023-03-22T23:00:00,133.4500904912534
2023-03-23T00:00:00,137.61385444972825
2023-03-23T01:00:00,113.22226549231486
2023-03-23T02:00:00,53.72750887663467
2023-03-23T03:00:00,42.56544925855553
2023-03-23T04:00:00,41.391406515370235
2023-03-23T05:00:00,39.96112790315047
2023-03-23T06:00:00,38.25622492251188
2023-03-23T07:00:00,37.374886056651235
2023-03-23T08:00:00,40.24148974211319
2023-03-23T09:00:00,43.45796419226605
2023-03-23T10:00:00,45.26439235521399
2023-03-23T11:00:00,49.25017730049465
2023-03-23T12:00:00,52.944585883099094
2023-03-23T13:00:00,57.66401937733526
2023-03-23T14:00:00,61.8482437133789
2023-03-23T15:00:00,66.10539013406505
2023-03-23T16:00:00,75.7500643522843
2023-03-23T17:00:00,89.8089314336362
2023-03-23T18:00:00,104.41215946363366
2023-03-23T19:00:00,118.40331931736158
2023-03-23T20:00:00,132.43929257600203
2023-03-23T21:00:00,145.92395218558931
2023-03-23T22:00:00,158.6672940461532
2023-03-23T23:00:00,170.27132050887397
2023-03-24T00:00:00,179.89561595087466
2023-03-24T01:00:00,147.175096594769
2023-03-24T02:00:00,55.307298909062915
2023-03-24T03:00:00,35.58301519310993
2023-03-24T04:00:00,29.74262138034986
2023-03-24T05:00:00,26.488206034121305
2023-03-24T06:00:00,24.540990000185758
2023-03-24T07:00:00,23.890075103096336
2023-03-24T08:00:00,24.682432838108223
2023-03-24T09:00:00,26.032924652099602
2023-03-24T10:00:00,28.344633931699
2023-03-24T11:00:00,31.985005751900047
2023-03-24T12:00:00,35.96481306656547
2023-03-24T13:00:00,41.489970995032266
2023-03-24T14:00:00,48.154597489730165
2023-03-24T15:00:00,57.45979292496391
2023-03-24T16:00:00,68.93230836287788
2023-03-24T17:00:00,80.68581838193147
2023-03-24T18:00:00,92.78609400210172
2023-03-24T19:00:00,102.70185221796449
2023-03-24T20:00:00,111.35592983079992
2023-03-24T21:00:00,120.24453071925949
2023-03-24T22:00:00,131.95578533670175
2023-03-24T23:00:00,139.07940109916353
2023-03-25T00:00:00,139.312115876571
2023-03-25T01:00:00,114.93920898437499
2023-03-25T02:00:00,50.0717483188795
2023-03-25T03:00:00,29.824126616768215
2023-03-25T04:00:00,23.970923050590184
2023-03-25T05:00:00,21.553539441979446
2023-03-25T06:00:00,20.051006441530976
2023-03-25T07:00:00,18.922994903896168
2023-03-25T08:00:00,17.9415690795235
2023-03-25T09:00:00,17.363451169884723
2023-03-25T10:00:00,17.573690082715906
2023-03-25T11:00:00,19.01292037963867
2023-03-25T12:00:00,23.346759215645164
2023-03-25T13:00:00,36.41130580072817
2023-03-25T14:00:00,51.86318239958389
2023-03-25T15:00:00,69.66485861073369
2023-03-25T16:00:00,87.54738517429516
2023-03-25T17:00:00,103.67543958581011
2023-03-25T18:00:00,118.78723542586614
2023-03-25T19:00:00,132.28762784211528
2023-03-25T20:00:00,142.5035128386124
2023-03-25T21:00:00,147.62469548764435
2023-03-25T22:00:00,147.13577867590863
2023-03-25T23:00:00,141.8718682994013
2023-03-26T00:00:00,133.1837984168011
2023-03-26T01:00:00,101.37107915463653
2023-03-26T02:00:00,35.91088950115701
2023-03-26T03:00:00,22.900729552559227
2023-03-26T04:00:00,19.31940352398416
2023-03-26T05:00:00,17.16313776762589
2023-03-26T06:00:00,15.889207508253016
2023-03-26T07:00:00,15.297289475150729
2023-03-26T08:00:00,15.136469716611114
2023-03-26T09:00:00,15.300354667331861
2023-03-26T10:00:00,16.06725692749023
2023-03-26T11:00:00,17.997132425722867
2023-03-26T12:00:00,22.545035818348758
2023-03-26T13:00:00,33.327818497367524
2023-03-26T14:00:00,48.67481629744819
2023-03-26T15:00:00,66.5617844954781
2023-03-26T16:00:00,84.42720429793647
2023-03-26T17:00:00,89.23522717019785
2023-03-26T18:00:00,103.90773673679517
2023-03-26T19:00:00,116.43776935079822
2023-03-26T20:00:00,125.48177901558253
2023-03-26T21:00:00,131.34914165994394
2023-03-26T22:00:00,134.52842579717222
2023-03-26T23:00:00,134.62622136655062
2023-03-27T00:00:00,131.21709773851475
2023-03-27T01:00:00,100.14129240616508
2023-03-27T02:00:00,45.22942899621051
2023-03-27T03:00:00,32.95556773310122
2023-03-27T04:00:00,29.78516943558402
2023-03-27T05:00:00,27.931537296461023
2023-03-27T06:00:00,26.581648702206817
2023-03-27T07:00:00,25.47340451116147
2023-03-27T08:00:00,24.35209788446841
2023-03-27T09:00:00,23.340475497038465
2023-03-27T10:00:00,23.03151935079823
2023-03-27T11:00:00,23.809251536493715
2023-03-27T12:00:00,29.72157594432001
2023-03-27T13:00:00,42.93633883932362
2023-03-27T14:00:00,56.58914980681046
2023-03-27T15:00:00,69.96885979693869
2023-03-27T16:00:00,75.6048590618631
2023-03-27T17:00:00,87.12437538478684
2023-03-27T18:00:00,97.00595955226731
2023-03-27T19:00:00,104.85677901558252
2023-03-27T20:00:00,113.6405855261761
2023-03-27T21:00:00,121.67842301078466
2023-03-27T22:00:00,125.63888848346211
2023-03-27T23:00:00,125.90425342062244
2023-03-28T00:00:00,123.7250167183254
2023-03-28T01:00:00,113.14863984481147
2023-03-28T02:00:00,57.02731605198072
2023-03-28T03:00:00,32.22845641426417
2023-03-28T04:00:00,26.72387355306874
2023-03-28T05:00:00,22.8080300040867
2023-03-28T06:00:00,19.87507405488387
2023-03-28T07:00:00,17.857853516288422
2023-03-28T08:00:00,17.03371014802352
2023-03-28T09:00:00,17.181564496911086
2023-03-28T10:00:00,18.36068468508513
2023-03-28T11:00:00,20.417892373126485
2023-03-28T12:00:00,27.438059184862215
2023-03-28T13:00:00,40.99861227947732
2023-03-28T14:00:00,53.87978081081224
2023-03-28T15:00:00,68.24249731976053
2023-03-28T16:00:00,84.52834485924761
2023-03-28T17:00:00,100.08283764383066
2023-03-28T18:00:00,113.17101818582285
2023-03-28T19:00:00,123.25267725405484
2023-03-28T20:00:00,130.23941106381622
2023-03-28T21:00:00,132.95857338283372
2023-03-28T22:00:00,130.9249051964801
2023-03-28T23:00:00,126.45683819314705
2023-03-29T00:00:00,121.53429844068444
2023-03-29T01:00:00,109.63340361221975
2023-03-29T02:00:00,56.06292309968367
2023-03-29T03:00:00,30.00749928018321
2023-03-29T04:00:00,26.059461925340734
2023-03-29T05:00:00,23.7761174077573
2023-03-29T06:00:00,22.500655049863067
2023-03-29T07:00:00,21.482836184294325
2023-03-29T08:00:00,20.56318739186162
2023-03-29T09:00:00,19.97648873536483
2023-03-29T10:00:00,20.1661959938381
2023-03-29T11:00:00,21.219720259956688
2023-03-29T12:00:00,27.784896353016727
2023-03-29T13:00:00,41.08534738291864
2023-03-29T14:00:00,56.219467660655134
2023-03-29T15:00:00,64.01049638831097
2023-03-29T16:00:00,75.87506169858185
2023-03-29T17:00:00,91.23148146919581
2023-03-29T18:00:00,105.1473630822223
2023-03-29T19:00:00,116.0698932150136
2023-03-29T20:00:00,122.5071444304093
2023-03-29T21:00:00,126.18540622877036
2023-03-29T22:00:00,127.70772187606148
2023-03-29T23:00:00,127.18671516750169
2023-03-30T00:00:00,125.31867151675016
2023-03-30T01:00:00,119.42735953952955
2023-03-30T02:00:00,64.3543235115383
2023-03-30T03:00:00,32.9432081968888
2023-03-30T04:00:00,27.696886228478473
2023-03-30T05:00:00,24.588579426641047
2023-03-30T06:00:00,22.466166454812754
2023-03-30T07:00:00,21.136886513751485
2023-03-30T08:00:00,20.8102970537932
2023-03-30T09:00:00,21.21680180922798
2023-03-30T10:00:00,22.41775031711744
2023-03-30T11:00:00,23.789897130883258
2023-03-30T12:00:00,29.612037161122192
2023-03-30T13:00:00,42.55877204563306
2023-03-30T14:00:00,57.45630081840182
2023-03-30T15:00:00,74.28228096340013
2023-03-30T16:00:00,92.28711302384085
2023-03-30T17:00:00,109.46485104768172
2023-03-30T18:00:00,125.36499554177988
2023-03-30T19:00:00,139.27807285474694
2023-03-30T20:00:00,149.03019050929856
2023-03-30T21:00:00,155.0413652502972
2023-03-30T22:00:00,157.62675011676288
2023-03-30T23:00:00,157.3741103462551
2023-03-31T00:00:00,154.36916649859884
2023-03-31T01:00:00,130.69875302522075
2023-03-31T02:00:00,56.86028339551842
2023-03-31T03:00:00,30.393876863562543
2023-03-31T04:00:00,25.568375463071074
2023-03-31T05:00:00,24.092359625774876
2023-03-31T06:00:00,23.557619841202445
2023-03-31T07:00:00,23.431131445843235
2023-03-31T08:00:00,23.49366577811863
2023-03-31T09:00:00,23.567294742750082
2023-03-31T10:00:00,23.798274910968278
2023-03-31T11:00:00,24.230031801306684
2023-03-31T12:00:00,28.435527718585465
2023-03-31T13:00:00,38.03420174640157
2023-03-31T14:00:00,50.381600587264344
2023-03-31T15:00:00,64.47262374214503
2023-03-31T16:00:00,78.84608260444972
2023-03-31T17:00:00,91.7478445301885
2023-03-31T18:00:00,104.47383416217306
2023-03-31T19:00:00,114.9805802055027
2023-03-31T20:00:00,123.9529339334239
2023-03-31T21:00:00,129.28451936141303
2023-03-31T22:00:00,132.12576360287872
2023-03-31T23:00:00,132.89487822159475
2023-04-01T00:00:00,130.5095792024032
2023-04-01T01:00:00,113.63191057288127
2023-04-01T02:00:00,48.62573441215183
2023-04-01T03:00:00,34.31335714588994
2023-04-01T04:00:00,28.26104006559952
2023-04-01T05:00:00,25.107805500859797
2023-04-01T06:00:00,23.57350034299104
2023-04-01T07:00:00,23.495365557463273
2023-04-01T08:00:00,24.078190430350922
2023-04-01T09:00:00,25.154545576676075
2023-04-01T10:00:00,27.397278827169664
2023-04-01T11:00:00,29.97845135564389
2023-04-01T12:00:00,33.177681964376696
2023-04-01T13:00:00,37.87186523105787
2023-04-01T14:00:00,42.61919950402301
2023-04-01T15:00:00,49.87525060902471
2023-04-01T16:00:00,60.13383135588272
2023-04-01T17:00:00,72.94219622404678
2023-04-01T18:00:00,91.88928189484969
2023-04-01T19:00:00,116.14151299518088
2023-04-01T20:00:00,138.3195061061693
2023-04-01T21:00:00,159.07293236773944
2023-04-01T22:00:00,179.5312393851902
2023-04-01T23:00:00,196.9347408128821
2023-04-02T00:00:00,206.24156056279722
2023-04-02T01:00:00,177.97394130540928
2023-04-02T02:00:00,60.521820400072166
2023-04-02T03:00:00,36.33796476281207
2023-04-02T04:00:00,31.468423097029973
2023-04-02T05:00:00,28.870548497075614
2023-04-02T06:00:00,26.806831111078676
2023-04-02T07:00:00,25.651776355245836
2023-04-02T08:00:00,25.669145667034645
2023-04-02T09:00:00,25.891035162884254
2023-04-02T10:00:00,26.99534582055133
2023-04-02T11:00:00,28.52624486840289
2023-04-02T12:00:00,30.352206603340477
2023-04-02T13:00:00,32.60773086547851
2023-04-02T14:00:00,31.725992534471587
2023-04-02T15:00:00,31.13903941278872
2023-04-02T16:00:00,33.536661065143086
2023-04-02T17:00:00,38.605701363605
2023-04-02T18:00:00,45.20574196525242
2023-04-02T19:00:00,52.55546039083729
2023-04-02T20:00:00,60.262102873429
2023-04-02T21:00:00,69.47236351344897
2023-04-02T22:00:00,80.21591269451638
2023-04-02T23:00:00,90.54767310101053
2023-04-03T00:00:00,95.41125421938686
2023-04-03T01:00:00,77.61549891596255
2023-04-03T02:00:00,36.096643364947774
2023-04-03T03:00:00,26.330332051152766
2023-04-03T04:00:00,23.41828744307808
2023-04-03T05:00:00,21.920474591462504
2023-04-03T06:00:00,21.21519395579462
2023-04-03T07:00:00,21.05833932627802
2023-04-03T08:00:00,21.713480493296746
2023-04-03T09:00:00,23.350453169449512
2023-04-03T10:00:00,24.587375475012735
2023-04-03T11:00:00,25.559770086537235
2023-04-03T12:00:00,27.869935243026067
2023-04-03T13:00:00,30.849672649217688
2023-04-03T14:00:00,34.39825804337211
2023-04-03T15:00:00,41.05570204361625
2023-04-03T16:00:00,48.429580854332954
2023-04-03T17:00:00,56.011576445206344
2023-04-03T18:00:00,65.04822789067806
2023-04-03T19:00:00,74.09935345857039
2023-04-03T20:00:00,82.84292088384211
2023-04-03T21:00:00,91.33012655506963
2023-04-03T22:00:00,100.65810560143511
2023-04-03T23:00:00,112.82833862304686
2023-04-04T00:00:00,130.78609632409135
2023-04-04T01:00:00,102.47553120488705
2023-04-04T02:00:00,39.88980616693911
2023-04-04T03:00:00,28.918024892392364
2023-04-04T04:00:00,25.349584413611364
2023-04-04T05:00:00,24.23285865783691
2023-04-04T06:00:00,23.80370985943338
2023-04-04T07:00:00,23.88018649557362
2023-04-04T08:00:00,24.226563412210215
2023-04-04T09:00:00,25.67544895669688
2023-04-04T10:00:00,27.051921346913208
2023-04-04T11:00:00,30.198090760604188
2023-04-04T12:00:00,34.5961161074431
2023-04-04T13:00:00,41.60008422188137
2023-04-04T14:00:00,50.34079576575237
2023-04-04T15:00:00,64.65518155305281
2023-04-04T16:00:00,82.9364667146102
2023-04-04T17:00:00,100.61425051481827
2023-04-04T18:00:00,118.19380121645719
2023-04-04T19:00:00,133.2418113376783
2023-04-04T20:00:00,144.71932883884594
2023-04-04T21:00:00,153.38255111030907
2023-04-04T22:00:00,160.14053676439366
2023-04-04T23:00:00,164.03806105903956
2023-04-05T00:00:00,164.80699920654294
2023-04-05T01:00:00,112.56203626549761
2023-04-05T02:00:00,43.5225775345512
2023-04-05T03:00:00,28.02498220360797
2023-04-05T04:00:00,22.760490500408668
2023-04-05T05:00:00,20.09146093285602
2023-04-05T06:00:00,18.49505283521569
2023-04-05T07:00:00,17.581637631291926
2023-04-05T08:00:00,17.248853973720383
2023-04-05T09:00:00,17.448513570039168
2023-04-05T10:00:00,18.324170900427774
2023-04-05T11:00:00,18.958038039829418
2023-04-05T12:00:00,20.747432791668434
2023-04-05T13:00:00,25.85086863973866
2023-04-05T14:00:00,33.3009265402089
2023-04-05T15:00:00,41.17495992909307
2023-04-05T16:00:00,49.12421450407608
2023-04-05T17:00:00,60.07026954319165
2023-04-05T18:00:00,72.93503404700238
2023-04-05T19:00:00,85.77381067690641
2023-04-05T20:00:00,98.57296786100967
2023-04-05T21:00:00,115.6420732581097
2023-04-05T22:00:00,132.2802664715311
2023-04-05T23:00:00,146.33476257324216
2023-04-06T00:00:00,156.85252745255178
2023-04-06T01:00:00,113.91203971531078
2023-04-06T02:00:00,47.967873946480125
2023-04-06T03:00:00,34.68299932065217
2023-04-06T04:00:00,28.345266342163082
2023-04-06T05:00:00,24.94997580155082
2023-04-06T06:00:00,22.536536175271735
2023-04-06T07:00:00,20.69311490266219
2023-04-06T08:00:00,19.59187088841977
2023-04-06T09:00:00,19.03325947471287
2023-04-06T10:00:00,18.81786300825036
2023-04-06T11:00:00,19.720103471175484
2023-04-06T12:00:00,23.29264873007069
2023-04-06T13:00:00,32.74338705643363
2023-04-06T14:00:00,44.35186419279679
2023-04-06T15:00:00,57.12379787279212
2023-04-06T16:00:00,70.56618632440981
2023-04-06T17:00:00,81.41217206872027
2023-04-06T18:00:00,84.59542116911514
2023-04-06T19:00:00,84.81057706086531
2023-04-06T20:00:00,86.51259745722231
2023-04-06T21:00:00,85.29905402142067
2023-04-06T22:00:00,85.29759680706522
2023-04-06T23:00:00,89.3030315896739
2023-04-07T00:00:00,92.26980756676714
2023-04-07T01:00:00,76.2502620531165
2023-04-07T02:00:00,30.508707212365188
2023-04-07T03:00:00,21.671471803084664
2023-04-07T04:00:00,18.81478400852369
2023-04-07T05:00:00,17.868521483048145
2023-04-07T06:00:00,17.609743698783543
2023-04-07T07:00:00,17.67455291748047
2023-04-07T08:00:00,17.84559531833814
2023-04-07T09:00:00,18.181885429050613
2023-04-07T10:00:00,18.833801684172254
2023-04-07T11:00:00,20.32788500578507
2023-04-07T12:00:00,26.04528460295304
2023-04-07T13:00:00,37.41964821193528
2023-04-07T14:00:00,49.00600582620371
2023-04-07T15:00:00,60.91073177171789
2023-04-07T16:00:00,71.8493483170219
2023-04-07T17:00:00,80.36787547235902
2023-04-07T18:00:00,84.98008827541183
2023-04-07T19:00:00,84.6072881947393
2023-04-07T20:00:00,80.4921125329059
2023-04-07T21:00:00,74.9432376364003
2023-04-07T22:00:00,70.35385994289231
2023-04-07T23:00:00,69.07216677458389
2023-04-08T00:00:00,69.32959050717561
2023-04-08T01:00:00,64.51905258842136
2023-04-08T02:00:00,40.499182659646735
2023-04-08T03:00:00,34.506087427553915
2023-04-08T04:00:00,30.974394922671106
2023-04-08T05:00:00,27.99536282083262
2023-04-08T06:00:00,25.548386864040207
2023-04-08T07:00:00,24.07681075386379
2023-04-08T08:00:00,23.21892962248429
2023-04-08T09:00:00,23.00875531072202
2023-04-08T10:00:00,23.443216821421746
2023-04-08T11:00:00,23.991597631703247
2023-04-08T12:00:00,25.7929978577987
2023-04-08T13:00:00,31.04186190729555
2023-04-08T14:00:00,42.353201327116594
2023-04-08T15:00:00,46.41804869278617
2023-04-08T16:00:00,55.92666244506836
2023-04-08T17:00:00,64.54752847422724
2023-04-08T18:00:00,71.80237579345703
2023-04-08T19:00:00,77.0239201421323
2023-04-08T20:00:00,81.79636880625849
2023-04-08T21:00:00,89.29429858663808
2023-04-08T22:00:00,95.89762049135953
2023-04-08T23:00:00,99.70852462105128
2023-04-09T00:00:00,99.42227405050525
2023-04-09T01:00:00,80.78564917522927
2023-04-09T02:00:00,36.279581152874485
2023-04-09T03:00:00,25.935909354168434
2023-04-09T04:00:00,21.959790437117864
2023-04-09T05:00:00,19.74387160591457
2023-04-09T06:00:00,18.27284356822138
2023-04-09T07:00:00,17.334498612777043
2023-04-09T08:00:00,16.738178211709727
2023-04-09T09:00:00,16.59803896364958
2023-04-09T10:00:00,17.147462927776832
2023-04-09T11:00:00,18.629332666811734
2023-04-09T12:00:00,24.439203013544493
2023-04-09T13:00:00,35.26210204414699
2023-04-09T14:00:00,46.38948374209196
2023-04-09T15:00:00,57.7268013332201
2023-04-09T16:00:00,67.63913527778956
2023-04-09T17:00:00,74.05947511092475
2023-04-09T18:00:00,76.57515600453252
2023-04-09T19:00:00,76.17691040039061
2023-04-09T20:00:00,73.00964521325153
2023-04-09T21:00:00,69.39019228064494
2023-04-09T22:00:00,68.5571065156356
2023-04-09T23:00:00,70.78670053896695
2023-04-10T00:00:00,72.06599459440811
2023-04-10T01:00:00,61.965817327084736
2023-04-10T02:00:00,29.900698703268297
2023-04-10T03:00:00,18.438092853711996
2023-04-10T04:00:00,14.51201302072276
2023-04-10T05:00:00,12.628471415975817
2023-04-10T06:00:00,11.546886402627695
2023-04-10T07:00:00,10.915139654408328
2023-04-10T08:00:00,10.666300939477008
2023-04-10T09:00:00,10.64838583573051
2023-04-10T10:00:00,11.061958603236985
2023-04-10T11:00:00,11.989664450935694
2023-04-10T12:00:00,12.77110551751178
2023-04-10T13:00:00,14.712031820546024
2023-04-10T14:00:00,18.30505254994268
2023-04-10T15:00:00,26.98336841749108
2023-04-10T16:00:00,33.26940519913383
2023-04-10T17:00:00,38.28950832201086
2023-04-10T18:00:00,42.53505640444548
2023-04-10T19:00:00,45.74523395040761
2023-04-10T20:00:00,48.80703967550526
2023-04-10T21:00:00,51.1823791835619
2023-04-10T22:00:00,53.115619327711016
2023-04-10T23:00:00,54.54588865197223
2023-04-11T00:00:00,55.764287533967384
2023-04-11T01:00:00,48.75413645868715
2023-04-11T02:00:00,19.35692505214525
2023-04-11T03:00:00,13.38424653592317
2023-04-11T04:00:00,11.031484811202338
2023-04-11T05:00:00,9.947513082753057
2023-04-11T06:00:00,9.438706024833346
2023-04-11T07:00:00,9.239528034044348
2023-04-11T08:00:00,9.247748623723568
2023-04-11T09:00:00,9.69331115225087
2023-04-11T10:00:00,10.502685671267301
2023-04-11T11:00:00,12.15887874105702
2023-04-11T12:00:00,13.559476769488791
2023-04-11T13:00:00,16.227065459541652
2023-04-11T14:00:00,18.76782019241996
2023-04-11T15:00:00,19.761663519817848
2023-04-11T16:00:00,22.70478414452594
2023-04-11T17:00:00,27.317837341972016
2023-04-11T18:00:00,32.93679593956988
2023-04-11T19:00:00,41.786231165346884
2023-04-11T20:00:00,49.640022111975625
2023-04-11T21:00:00,55.810752371083126
2023-04-11T22:00:00,60.98176873248556
2023-04-11T23:00:00,63.03557968139648
2023-04-12T00:00:00,62.13520547618037
2023-04-12T01:00:00,55.91246845411217
2023-04-12T02:00:00,28.17532738395359
2023-04-12T03:00:00,15.77997999605925
2023-04-12T04:00:00,12.54473528654679
2023-04-12T05:00:00,11.185884600100309
2023-04-12T06:00:00,10.485983724179475
2023-04-12T07:00:00,10.145298501719598
2023-04-12T08:00:00,9.969865508701488
2023-04-12T09:00:00,10.028362274169922
2023-04-12T10:00:00,10.408137860505477
2023-04-12T11:00:00,11.571870098943293
2023-04-12T12:00:00,11.700871591982633
2023-04-12T13:00:00,14.016807265903637
2023-04-12T14:00:00,14.838430570519487
2023-04-12T15:00:00,24.363300655199133
2023-04-12T16:00:00,37.54760012419327
2023-04-12T17:00:00,49.397984048594594
2023-04-12T18:00:00,59.9810567109481
2023-04-12T19:00:00,68.27138734900431
2023-04-12T20:00:00,73.63134666111156
2023-04-12T21:00:00,76.962170144786
2023-04-12T22:00:00,78.38513100665547
2023-04-12T23:00:00,78.72656863668689
2023-04-13T00:00:00,79.0255888234014
2023-04-13T01:00:00,72.41489626013714
2023-04-13T02:00:00,39.74456737352454
2023-04-13T03:00:00,38.9306876141092
2023-04-13T04:00:00,37.79726078199304
2023-04-13T05:00:00,36.02834585438604
2023-04-13T06:00:00,34.21852261087168
2023-04-13T07:00:00,32.43175523177437
2023-04-13T08:00:00,30.98537403604258
2023-04-13T09:00:00,30.36202820487644
2023-04-13T10:00:00,30.65665535304857
2023-04-13T11:00:00,31.976743366407305
2023-04-13T12:00:00,33.43588580255922
2023-04-13T13:00:00,35.551372776860774
2023-04-13T14:00:00,40.130606112272844
2023-04-13T15:00:00,45.12570289943529
2023-04-13T16:00:00,50.04154537035071
2023-04-13T17:00:00,55.43063686204993
2023-04-13T18:00:00,61.868172852889344
2023-04-13T19:00:00,69.53732681274414
2023-04-13T20:00:00,76.61575300797172
2023-04-13T21:00:00,82.21045950184697
2023-04-13T22:00:00,87.00931151016897
2023-04-13T23:00:00,90.10798445991847
2023-04-14T00:00:00,97.00402168605638
2023-04-14T01:00:00,103.31449094025984
2023-04-14T02:00:00,61.26061033165973
2023-04-14T03:00:00,43.901829097581945
2023-04-14T04:00:00,37.94568882817807
2023-04-14T05:00:00,33.786443129829735
2023-04-14T06:00:00,31.631157087243114
2023-04-14T07:00:00,30.79061665742293
2023-04-14T08:00:00,30.579996689506192
2023-04-14T09:00:00,31.189795452615485
2023-04-14T10:00:00,32.91111108531123
2023-04-14T11:00:00,36.98159458326257
2023-04-14T12:00:00,48.44490847380265
2023-04-14T13:00:00,52.50879072106402
2023-04-14T14:00:00,60.338642949643344
2023-04-14T15:00:00,67.88017223192297
2023-04-14T16:00:00,80.21947313391644
2023-04-14T17:00:00,96.62364362633745
2023-04-14T18:00:00,113.2295572032099
2023-04-14T19:00:00,126.59095167077105
2023-04-14T20:00:00,137.90710979959238
2023-04-14T21:00:00,139.8874120297639
2023-04-14T22:00:00,142.91090260381284
2023-04-14T23:00:00,144.25375764266303
2023-04-15T00:00:00,145.94734988005266
2023-04-15T01:00:00,139.0996796981148
2023-04-15T02:00:00,104.0713656881581
2023-04-15T03:00:00,62.750103162682564
2023-04-15T04:00:00,42.42112715347953
2023-04-15T05:00:00,37.241416931152344
2023-04-15T06:00:00,34.843054066533625
2023-04-15T07:00:00,33.99473853733228
2023-04-15T08:00:00,33.766695105511204
2023-04-15T09:00:00,33.994059521219
2023-04-15T10:00:00,35.064531077509336
2023-04-15T11:00:00,35.80147950545601
2023-04-15T12:00:00,41.56089318316915
2023-04-15T13:00:00,53.92623553068741
2023-04-15T14:00:00,69.63957678753397
2023-04-15T15:00:00,73.60330830449642
2023-04-15T16:00:00,77.46988777492356
2023-04-15T17:00:00,90.34703926418136
2023-04-15T18:00:00,101.71581865393597
2023-04-15T19:00:00,110.02222144085428
2023-04-15T20:00:00,118.12643100904381
2023-04-15T21:00:00,129.9259281987729
2023-04-15T22:00:00,143.00591974673063
2023-04-15T23:00:00,153.557444696841
2023-04-16T00:00:00,159.32596422278363
2023-04-16T01:00:00,156.30247033160663
2023-04-16T02:00:00,86.35594840671703
2023-04-16T03:00:00,50.806074059527845
2023-04-16T04:00:00,45.28133143549379
2023-04-16T05:00:00,42.221388609512985
2023-04-16T06:00:00,40.58297464121942
2023-04-16T07:00:00,39.88632301662279
2023-04-16T08:00:00,40.323065218718156
2023-04-16T09:00:00,41.13361076686692
2023-04-16T10:00:00,43.0752943287725
2023-04-16T11:00:00,45.61359969429348
2023-04-16T12:00:00,50.344469816788376
2023-04-16T13:00:00,61.15474535071331
2023-04-16T14:00:00,59.36025155108907
2023-04-16T15:00:00,65.20808195031206
2023-04-16T16:00:00,76.58085997208305
2023-04-16T17:00:00,85.7874706102454
2023-04-16T18:00:00,96.85296265975288
2023-04-16T19:00:00,110.07898811672044
2023-04-16T20:00:00,122.9849564925484
2023-04-16T21:00:00,134.47551362410834
2023-04-16T22:00:00,144.23774122155228
2023-04-16T23:00:00,150.92488894255263
2023-04-17T00:00:00,143.30291283648944
2023-04-17T01:00:00,133.09733714228088
2023-04-17T02:00:00,74.64300503938094
2023-04-17T03:00:00,49.76727892004925
2023-04-17T04:00:00,42.02307858674423
2023-04-17T05:00:00,37.6182164731233
2023-04-17T06:00:00,34.01252389990764
2023-04-17T07:00:00,31.15941462309464
2023-04-17T08:00:00,29.317782028861664
2023-04-17T09:00:00,28.255152329154633
2023-04-17T10:00:00,28.134314246799633
2023-04-17T11:00:00,29.844403225442637
2023-04-17T12:00:00,35.93684934533161
2023-04-17T13:00:00,45.824773705523945
2023-04-17T14:00:00,59.20178405098293
2023-04-17T15:00:00,76.35235960587211
2023-04-17T16:00:00,95.62771009362261
2023-04-17T17:00:00,114.69712298849355
2023-04-17T18:00:00,132.81357873004416
2023-04-17T19:00:00,148.27721968941066
2023-04-17T20:00:00,162.09168608292288
2023-04-17T21:00:00,174.10458506708557
2023-04-17T22:00:00,182.18945113472316
2023-04-17T23:00:00,187.04477459451425
2023-04-18T00:00:00,189.3373678456182
2023-04-18T01:00:00,154.78387451171872
2023-04-18T02:00:00,90.23657889988111
2023-04-18T03:00:00,66.01401304162067
2023-04-18T04:00:00,47.99364753391431
2023-04-18T05:00:00,37.75849466738493
2023-04-18T06:00:00,31.29905609462572
2023-04-18T07:00:00,26.6965390910273
2023-04-18T08:00:00,23.064576936804727
2023-04-18T09:00:00,20.749701831651766
2023-04-18T10:00:00,19.90210736316183
2023-04-18T11:00:00,20.627524624700133
2023-04-18T12:00:00,26.523622346960977
2023-04-18T13:00:00,37.36686988498854
2023-04-18T14:00:00,46.660580842391305
2023-04-18T15:00:00,61.519847040591024
2023-04-18T16:00:00,79.1230180159859
2023-04-18T17:00:00,97.732491866402
2023-04-18T18:00:00,113.69052422564961
2023-04-18T19:00:00,126.92659261952274
2023-04-18T20:00:00,138.09232496178666
2023-04-18T21:00:00,146.1053121815557
2023-04-18T22:00:00,149.10586149796197
2023-04-18T23:00:00,148.7034281855044
2023-04-19T00:00:00,133.44300112516981
2023-04-19T01:00:00,123.46572013523266
2023-04-19T02:00:00,65.77675064750339
2023-04-19T03:00:00,36.927523239799164
2023-04-19T04:00:00,29.00877239393151
2023-04-19T05:00:00,25.1972309610118
2023-04-19T06:00:00,22.678440011065938
2023-04-19T07:00:00,20.902903266575024
2023-04-19T08:00:00,19.965562115544852
2023-04-19T09:00:00,20.107288319131598
2023-04-19T10:00:00,21.22862558779509
2023-04-19T11:00:00,23.39334023517111
2023-04-19T12:00:00,28.846709292867907
2023-04-19T13:00:00,42.36950053339419
2023-04-19T14:00:00,57.81998609459918
2023-04-19T15:00:00,70.23864281695822
2023-04-19T16:00:00,62.338723058285915
2023-04-19T17:00:00,68.90586322286855
2023-04-19T18:00:00,70.11640333092731
2023-04-19T19:00:00,70.35106028681216
2023-04-19T20:00:00,74.48386515741761
2023-04-19T21:00:00,83.74518717890199
2023-04-19T22:00:00,93.48384193752122
2023-04-19T23:00:00,103.17825549581775
2023-04-20T00:00:00,111.21131167204481
2023-04-20T01:00:00,108.20295217762823
2023-04-20T02:00:00,52.90090594084366
2023-04-20T03:00:00,30.139559538468067
2023-04-20T04:00:00,24.675403180329692
2023-04-20T05:00:00,22.272713039232332
2023-04-20T06:00:00,21.54189814691958
2023-04-20T07:00:00,21.774266864942465
2023-04-20T08:00:00,22.544445120769996
2023-04-20T09:00:00,23.81800833992336
2023-04-20T10:00:00,25.70692402383555
2023-04-20T11:00:00,26.994709346605383
2023-04-20T12:00:00,32.2614510577658
2023-04-20T13:00:00,41.031135890794836
2023-04-20T14:00:00,46.89720800648564
2023-04-20T15:00:00,55.2587774525518
2023-04-20T16:00:00,69.80106552787448
2023-04-20T17:00:00,82.18121802288552
2023-04-20T18:00:00,89.806210393491
2023-04-20T19:00:00,91.7902493684188
2023-04-20T20:00:00,90.84538302214247
2023-04-20T21:00:00,89.0545777030613
2023-04-20T22:00:00,85.69720458984374
2023-04-20T23:00:00,79.1800304910411
2023-04-21T00:00:00,79.97950810971466
2023-04-21T01:00:00,65.98222583273181
2023-04-21T02:00:00,29.23144249294115
2023-04-21T03:00:00,20.436597409455672
2023-04-21T04:00:00,17.541020517763883
2023-04-21T05:00:00,16.196163260418434
2023-04-21T06:00:00,15.59712443144425
2023-04-21T07:00:00,15.594692479009215
2023-04-21T08:00:00,16.065836035686992
2023-04-21T09:00:00,17.188773528389305
2023-04-21T10:00:00,19.093474429586657
2023-04-21T11:00:00,21.917754546455715
2023-04-21T12:00:00,26.35811034492824
2023-04-21T13:00:00,34.2871911422066
2023-04-21T14:00:00,49.73623109900432
2023-04-21T15:00:00,66.27892203952955
2023-04-21T16:00:00,77.91812299645463
2023-04-21T17:00:00,80.53328339949897
2023-04-21T18:00:00,82.5936627595321
2023-04-21T19:00:00,82.9527763698412
2023-04-21T20:00:00,86.13636879298997
2023-04-21T21:00:00,90.17639093813689
2023-04-21T22:00:00,90.56591000764266
2023-04-21T23:00:00,89.61293096127716
2023-04-22T00:00:00,87.7800359311311
2023-04-22T01:00:00,66.01110110075577
2023-04-22T02:00:00,35.96161120870838
2023-04-22T03:00:00,26.093827289083727
2023-04-22T04:00:00,21.92172050476074
2023-04-22T05:00:00,19.82112295731254
2023-04-22T06:00:00,18.589721679687496
2023-04-22T07:00:00,17.9367442753004
2023-04-22T08:00:00,18.007639511771824
2023-04-22T09:00:00,18.73559238599694
2023-04-22T10:00:00,19.50714202549146
2023-04-22T11:00:00,20.754395277603813
2023-04-22T12:00:00,21.249859104985774
2023-04-22T13:00:00,23.001026982846465
2023-04-22T14:00:00,25.13836454308551
2023-04-22T15:00:00,28.14642392034116
2023-04-22T16:00:00,32.02160893315854
2023-04-22T17:00:00,36.645516602889344
2023-04-22T18:00:00,42.39945088262143
2023-04-22T19:00:00,48.3114134747049
2023-04-22T20:00:00,54.469243422798485
2023-04-22T21:00:00,59.98681342083474
2023-04-22T22:00:00,64.2938232421875
2023-04-22T23:00:00,67.64167984672214
2023-04-23T00:00:00,70.69533837359884
2023-04-23T01:00:00,63.40609110956606
2023-04-23T02:00:00,44.40293519393257
2023-04-23T03:00:00,35.89496098393979
2023-04-23T04:00:00,31.90916028230086
2023-04-23T05:00:00,29.212158203124996
2023-04-23T06:00:00,27.703822343245797
2023-04-23T07:00:00,26.80539504341457
2023-04-23T08:00:00,26.693037779434864
2023-04-23T09:00:00,27.35531392304793
2023-04-23T10:00:00,28.59839522320291
2023-04-23T11:00:00,29.191927122033153
2023-04-23T12:00:00,29.545250270677645
2023-04-23T13:00:00,30.373273683630895
2023-04-23T14:00:00,30.987095874288805
2023-04-23T15:00:00,31.615033937537152
2023-04-23T16:00:00,32.150421557219126
2023-04-23T17:00:00,33.23495350713315
2023-04-23T18:00:00,35.59818483435589
2023-04-23T19:00:00,39.39140236896017
2023-04-23T20:00:00,43.22011002250339
2023-04-23T21:00:00,47.34149352363918
2023-04-23T22:00:00,53.407908564028524
2023-04-23T23:00:00,60.195439546004586
2023-04-24T00:00:00,67.35930965257728
2023-04-24T01:00:00,67.03587009595786
2023-04-24T02:00:00,48.75839482183041
2023-04-24T03:00:00,39.689586473547884
2023-04-24T04:00:00,34.10304907093877
2023-04-24T05:00:00,30.298467387323786
2023-04-24T06:00:00,28.21466512265412
2023-04-24T07:00:00,27.44401002966839
2023-04-24T08:00:00,27.67501698369565
2023-04-24T09:00:00,28.24076213007388
2023-04-24T10:00:00,28.652407024217684
2023-04-24T11:00:00,27.090793194978133
2023-04-24T12:00:00,26.805291300234586
2023-04-24T13:00:00,27.19916907600734
2023-04-24T14:00:00,27.53224600916323
2023-04-24T15:00:00,27.98946509153946
2023-04-24T16:00:00,29.136828546938688
2023-04-24T17:00:00,32.25336962160856
2023-04-24T18:00:00,36.11970843439516
2023-04-24T19:00:00,39.470932338548735
2023-04-24T20:00:00,42.282010119894274
2023-04-24T21:00:00,44.99283234969429
2023-04-24T22:00:00,48.04129260519276
2023-04-24T23:00:00,51.00035874739937
2023-04-25T00:00:00,53.640582209048056
2023-04-25T01:00:00,48.56485250721807
2023-04-25T02:00:00,30.557308611662492
2023-04-25T03:00:00,23.318752703459364
2023-04-25T04:00:00,20.94334730894669
2023-04-25T05:00:00,18.8321707766989
2023-04-25T06:00:00,16.871096320774242
2023-04-25T07:00:00,15.298598165097442
2023-04-25T08:00:00,14.762448435244352
2023-04-25T09:00:00,14.678351485210914
2023-04-25T10:00:00,14.497326726498809
2023-04-25T11:00:00,15.751985342606254
2023-04-25T12:00:00,15.357494395712145
2023-04-25T13:00:00,17.966140995854914
2023-04-25T14:00:00,21.903752285501227
2023-04-25T15:00:00,26.678376073422633
2023-04-25T16:00:00,31.201285901276957
2023-04-25T17:00:00,38.430577817170516
2023-04-25T18:00:00,50.1092185974121
2023-04-25T19:00:00,62.484511002250336
2023-04-25T20:00:00,74.73897154434867
2023-04-25T21:00:00,82.8456629877505
2023-04-25T22:00:00,93.33418307097061
2023-04-25T23:00:00,110.81256601084833
2023-04-26T00:00:00,127.70037941310716
2023-04-26T01:00:00,103.82927471658456
2023-04-26T02:00:00,42.89036327859629
2023-04-26T03:00:00,25.574467534604278
2023-04-26T04:00:00,22.123717598293137
2023-04-26T05:00:00,21.19338558031165
2023-04-26T06:00:00,20.25362918687903
2023-04-26T07:00:00,20.394025263578992
2023-04-26T08:00:00,20.752615845721696
2023-04-26T09:00:00,20.920329508574106
2023-04-26T10:00:00,21.263850170633066
2023-04-26T11:00:00,21.484354931375254
2023-04-26T12:00:00,24.55256122091542
2023-04-26T13:00:00,28.17289070461107
2023-04-26T14:00:00,33.28035619984502
2023-04-26T15:00:00,39.2312595533288
2023-04-26T16:00:00,47.414586274520204
2023-04-26T17:00:00,62.01570328422215
2023-04-26T18:00:00,78.60338957413383
2023-04-26T19:00:00,95.4731913027556
2023-04-26T20:00:00,112.51428322170091
2023-04-26T21:00:00,121.94109543510105
2023-04-26T22:00:00,125.58431376581605
2023-04-26T23:00:00,95.61489901335342
2023-04-27T00:00:00,73.60411585932192
2023-04-27T01:00:00,57.462190710979954
2023-04-27T02:00:00,24.493723454682723
2023-04-27T03:00:00,14.644568775011143
2023-04-27T04:00:00,10.245436129362686
2023-04-27T05:00:00,7.848570429760476
2023-04-27T06:00:00,6.941786579463792
2023-04-27T07:00:00,6.62256558045097
2023-04-27T08:00:00,6.651991346608036
2023-04-27T09:00:00,6.7861654654793115
2023-04-27T10:00:00,7.03690132887467
2023-04-27T11:00:00,7.936903497447137
2023-04-27T12:00:00,10.285491238469662
2023-04-27T13:00:00,9.952408562535823
2023-04-27T14:00:00,12.192209782807721
2023-04-27T15:00:00,11.854695527449897
2023-04-27T16:00:00,14.493307403896164
2023-04-27T17:00:00,17.29069444407587
2023-04-27T18:00:00,21.261500648830246
2023-04-27T19:00:00,24.481007949165676
2023-04-27T20:00:00,27.576468923817508
2023-04-27T21:00:00,32.84322406934655
2023-04-27T22:00:00,43.23409354168435
2023-04-27T23:00:00,52.076871457307234
2023-04-28T00:00:00,58.95560869963272
2023-04-28T01:00:00,50.68517933721127
2023-04-28T02:00:00,21.104220929353133
2023-04-28T03:00:00,12.702868917713994
2023-04-28T04:00:00,9.525660348975139
2023-04-28T05:00:00,8.236197678939154
2023-04-28T06:00:00,7.662779248279072
2023-04-28T07:00:00,7.433418190997579
2023-04-28T08:00:00,7.594303089639415
2023-04-28T09:00:00,8.007376194000242
2023-04-28T10:00:00,8.638533861740775
2023-04-28T11:00:00,9.727790708127229
2023-04-28T12:00:00,10.374270978181256
2023-04-28T13:00:00,11.313375970591668
2023-04-28T14:00:00,14.258742125137992
2023-04-28T15:00:00,18.082533380259633
2023-04-28T16:00:00,22.89720398446788
2023-04-28T17:00:00,28.431000004643977
2023-04-28T18:00:00,37.63973667310631
2023-04-28T19:00:00,50.62551995982293
2023-04-28T20:00:00,63.37750542682149
2023-04-28T21:00:00,75.84505694845447
2023-04-28T22:00:00,88.10530720586361
2023-04-28T23:00:00,92.81093365213144
2023-04-29T00:00:00,87.84846330725627
2023-04-29T01:00:00,86.72346330725627
2023-04-29T02:00:00,51.912260304326594
2023-04-29T03:00:00,21.962664894435715
2023-04-29T04:00:00,15.390980057094406
2023-04-29T05:00:00,12.56432889855426
2023-04-29T06:00:00,10.947995393172553
2023-04-29T07:00:00,10.119669499604596
2023-04-29T08:00:00,9.753808187401813
2023-04-29T09:00:00,9.964460994886315
2023-04-29T10:00:00,10.82501643636952
2023-04-29T11:00:00,12.063346572544262
2023-04-29T12:00:00,13.25254792752473
2023-04-29T13:00:00,20.378978812176246
2023-04-29T14:00:00,29.774267113727074
2023-04-29T15:00:00,44.047089618185296
2023-04-29T16:00:00,60.9200678286345
2023-04-29T17:00:00,80.19153097401494
2023-04-29T18:00:00,100.22032231869903
2023-04-29T19:00:00,117.42008938996688
2023-04-29T20:00:00,131.26949476159135
2023-04-29T21:00:00,144.7234988005265
2023-04-29T22:00:00,155.34500188412872
2023-04-29T23:00:00,149.72395656419835
2023-04-30T00:00:00,152.84564275326935
2023-04-30T01:00:00,105.12766398554261
2023-04-30T02:00:00,44.90154448799464
2023-04-30T03:00:00,28.83363715462062
2023-04-30T04:00:00,21.55489987912385
2023-04-30T05:00:00,17.662372754967727
2023-04-30T06:00:00,15.67833577031674
2023-04-30T07:00:00,14.901314528092094
2023-04-30T08:00:00,15.261833232382068
2023-04-30T09:00:00,16.497113393700637
2023-04-30T10:00:00,17.544556617736816
2023-04-30T11:00:00,18.57486359969429
2023-04-30T12:00:00,20.980717451676078
2023-04-30T13:00:00,24.445765868477196
2023-04-30T14:00:00,29.71378940084706
2023-04-30T15:00:00,36.32719952127207
2023-04-30T16:00:00,45.21760741524074
2023-04-30T17:00:00,58.22928569627844
2023-04-30T18:00:00,72.85038060727325
2023-04-30T19:00:00,89.6080965788468
2023-04-30T20:00:00,104.44486999511717
2023-04-30T21:00:00,113.80285611359969
2023-04-30T22:00:00,117.62168817934781
2023-04-30T23:00:00,116.44660883364469
2023-05-01T00:00:00,116.59800786557403
2023-05-01T01:00:00,67.18997192382811
2023-05-01T02:00:00,23.540632994278614
2023-05-01T03:00:00,16.40339644058891
2023-05-01T04:00:00,13.124087540999701
2023-05-01T05:00:00,11.854150937951127
2023-05-01T06:00:00,11.573993848717729
2023-05-01T07:00:00,11.566734687141748
2023-05-01T08:00:00,11.709097654923148
2023-05-01T09:00:00,11.815855731134826
2023-05-01T10:00:00,12.60577400870945
2023-05-01T11:00:00,14.916841506958006
2023-05-01T12:00:00,21.8908168129299
2023-05-01T13:00:00,34.510201246842094
2023-05-01T14:00:00,48.927298172660485
2023-05-01T15:00:00,62.54989491338314
2023-05-01T16:00:00,74.59640337073284
2023-05-01T17:00:00,84.4101456351902
2023-05-01T18:00:00,92.1266569054645
2023-05-01T19:00:00,95.64635898755944
2023-05-01T20:00:00,94.86789570684016
2023-05-01T21:00:00,92.80042499044666
2023-05-01T22:00:00,91.72740239682403
2023-05-01T23:00:00,91.63962190047553
2023-05-02T00:00:00,92.00237904424253
2023-05-02T01:00:00,67.4442546678626
2023-05-02T02:00:00,31.482109235680618
2023-05-02T03:00:00,20.567126813142195
2023-05-02T04:00:00,16.890426386957582
2023-05-02T05:00:00,15.42509373374607
2023-05-02T06:00:00,15.178847437319549
2023-05-02T07:00:00,15.90303047843601
2023-05-02T08:00:00,16.666029722794242
2023-05-02T09:00:00,17.744608920553453
2023-05-02T10:00:00,19.261138833087422
2023-05-02T11:00:00,22.541310351827867
2023-05-02T12:00:00,26.206944672957707
2023-05-02T13:00:00,30.93060750546662
2023-05-02T14:00:00,38.80161981997283
2023-05-02T15:00:00,47.22399172575577
2023-05-02T16:00:00,54.00821917989978
2023-05-02T17:00:00,59.094214397927985
2023-05-02T18:00:00,60.4875494915506
2023-05-02T19:00:00,59.6554250302522
2023-05-02T20:00:00,66.99686431884764
2023-05-02T21:00:00,72.01547539752463
2023-05-02T22:00:00,75.20307424794073
2023-05-02T23:00:00,70.18006100861922
2023-05-03T00:00:00,67.513613825259
2023-05-03T01:00:00,55.486973969832704
2023-05-03T02:00:00,26.268374401590094
2023-05-03T03:00:00,18.57508302771527
2023-05-03T04:00:00,16.255141631416652
2023-05-03T05:00:00,14.91849244159201
2023-05-03T06:00:00,13.620367298955502
2023-05-03T07:00:00,13.407676116279932
2023-05-03T08:00:00,14.005335019982379
2023-05-03T09:00:00,15.50527688731318
2023-05-03T10:00:00,18.510648395704184
2023-05-03T11:00:00,24.615185944930367
2023-05-03T12:00:00,38.16634468410325
2023-05-03T13:00:00,54.008092631464415
2023-05-03T14:00:00,66.3233290962551
2023-05-03T15:00:00,71.78251614777936
2023-05-03T16:00:00,70.34485725734545
2023-05-03T17:00:00,70.51782425590183
2023-05-03T18:00:00,69.188592661982
2023-05-03T19:00:00,67.29945638905399
2023-05-03T20:00:00,63.25527406775432
2023-05-03T21:00:00,59.685361945110806
2023-05-03T22:00:00,59.54436492919921
2023-05-03T23:00:00,66.31511439447816
2023-05-04T00:00:00,76.01472672172214
2023-05-04T01:00:00,81.65569537618885
2023-05-04T02:00:00,52.71525291774583
2023-05-04T03:00:00,30.26889942003333
2023-05-04T04:00:00,23.579956137615696
2023-05-04T05:00:00,21.339263584302817
2023-05-04T06:00:00,19.945291436236836
2023-05-04T07:00:00,19.601397721663766
2023-05-04T08:00:00,21.518713163292926
2023-05-04T09:00:00,25.695904358573582
2023-05-04T10:00:00,31.770258530326508
2023-05-04T11:00:00,41.87973835157311
2023-05-04T12:00:00,59.520871038022236
2023-05-04T13:00:00,69.2229879628057
2023-05-04T14:00:00,75.09198860500169
2023-05-04T15:00:00,77.92301443348758
2023-05-04T16:00:00,88.1891051582668
2023-05-04T17:00:00,101.83884529445481
2023-05-04T18:00:00,104.15279620626697
2023-05-04T19:00:00,88.28363534678583
2023-05-04T20:00:00,64.38517860744311
2023-05-04T21:00:00,48.093297046163805
2023-05-04T22:00:00,41.00434294990871
2023-05-04T23:00:00,40.64960197780442
2023-05-05T00:00:00,42.96765120133109
2023-05-05T01:00:00,46.17591625711192
2023-05-05T02:00:00,49.0574483456819
2023-05-05T03:00:00,49.27419231248938
2023-05-05T04:00:00,40.02320165219514
2023-05-05T05:00:00,25.941182095071543
2023-05-05T06:00:00,19.487020409625508
2023-05-05T07:00:00,19.83406697148862
2023-05-05T08:00:00,22.152985945991848
2023-05-05T09:00:00,22.524373344753098
2023-05-05T10:00:00,25.67864343394404
2023-05-05T11:00:00,35.87512969970703
2023-05-05T12:00:00,48.75622691278872
2023-05-05T13:00:00,58.833688487177305
2023-05-05T14:00:00,70.37234364385189
2023-05-05T15:00:00,80.06295013427734
2023-05-05T16:00:00,80.36490995987602
2023-05-05T17:00:00,65.0222575975501
2023-05-05T18:00:00,38.31578196649966
2023-05-05T19:00:00,26.4990933459738
2023-05-05T20:00:00,20.38802743994671
2023-05-05T21:00:00,19.311139728711996
2023-05-05T22:00:00,16.732697072236434
2023-05-05T23:00:00,13.20814845872962
2023-05-06T00:00:00,12.402865700099778
2023-05-06T01:00:00,13.800402185191277
2023-05-06T02:00:00,16.145873733188793
2023-05-06T03:00:00,16.256182629129157
2023-05-06T04:00:00,13.777983748394508
2023-05-06T05:00:00,11.000495703324027
2023-05-06T06:00:00,9.721796782120412
2023-05-06T07:00:00,9.627028506735096
2023-05-06T08:00:00,10.64362911556078
2023-05-06T09:00:00,13.129562792570693
2023-05-06T10:00:00,15.307528661644975
2023-05-06T11:00:00,17.583269616831902
2023-05-06T12:00:00,20.02499132571013
2023-05-06T13:00:00,21.351847607156504
2023-05-06T14:00:00,22.47712541663128
2023-05-06T15:00:00,24.709310365759805
2023-05-06T16:00:00,27.414059514584746
2023-05-06T17:00:00,31.16037294139032
2023-05-06T18:00:00,36.40220691846765
2023-05-06T19:00:00,38.43403990372367
2023-05-06T20:00:00,32.08868914065154
2023-05-06T21:00:00,26.70729537632154
2023-05-06T22:00:00,27.483581045399536
2023-05-06T23:00:00,31.373885030331817
2023-05-07T00:00:00,34.67284343553625
2023-05-07T01:00:00,32.91260462221892
2023-05-07T02:00:00,22.865934040235434
2023-05-07T03:00:00,15.290613215902576
2023-05-07T04:00:00,12.62332136734672
2023-05-07T05:00:00,11.747000860131305
2023-05-07T06:00:00,11.445622527081031
2023-05-07T07:00:00,11.52436579828677
2023-05-07T08:00:00,12.012968229210895
2023-05-07T09:00:00,12.927471492601477
2023-05-07T10:00:00,15.554037508757217
2023-05-07T11:00:00,22.80282062032948
2023-05-07T12:00:00,40.47756526781164
2023-05-07T13:00:00,56.11058525417161
2023-05-07T14:00:00,64.92464944590691
2023-05-07T15:00:00,69.66208880880605
2023-05-07T16:00:00,73.12942173170008
2023-05-07T17:00:00,75.1971213299295
2023-05-07T18:00:00,73.66368103027342
2023-05-07T19:00:00,63.00017215894616
2023-05-07T20:00:00,45.994603861933165
2023-05-07T21:00:00,37.77841907998789
2023-05-07T22:00:00,35.706512617028274
2023-05-07T23:00:00,38.01931472446607
2023-05-08T00:00:00,45.34613634192424
2023-05-08T01:00:00,49.35544685695481
2023-05-08T02:00:00,34.03094001438306
2023-05-08T03:00:00,23.480335484380305
2023-05-08T04:00:00,18.264967296434484
2023-05-08T05:00:00,15.386652905008066
2023-05-08T06:00:00,13.95103931427002
2023-05-08T07:00:00,14.186115596605383
2023-05-08T08:00:00,15.454259291939113
2023-05-08T09:00:00,17.522651506506875
2023-05-08T10:00:00,21.518862765768297
2023-05-08T11:00:00,26.56173507027004
2023-05-08T12:00:00,37.43829461802607
2023-05-08T13:00:00,49.696427718452775
2023-05-08T14:00:00,62.3804473876953
2023-05-08T15:00:00,73.02919437574303
2023-05-08T16:00:00,76.47429723324981
2023-05-08T17:00:00,69.78905851944631
2023-05-08T18:00:00,69.6527219025985
2023-05-08T19:00:00,71.14146323826002
2023-05-08T20:00:00,71.15198350989299
2023-05-08T21:00:00,73.2328169449516
2023-05-08T22:00:00,75.29740109650984
2023-05-08T23:00:00,74.78611191459323
2023-05-09T00:00:00,70.69907146951427
2023-05-09T01:00:00,63.40577249941618
2023-05-09T02:00:00,36.83001742155655
2023-05-09T03:00:00,25.990887102873426
2023-05-09T04:00:00,24.369151903235394
2023-05-09T05:00:00,23.95870946801227
2023-05-09T06:00:00,22.252154060032055
2023-05-09T07:00:00,21.386472950810965
2023-05-09T08:00:00,21.36535246475883
2023-05-09T09:00:00,22.447805653447688
2023-05-09T10:00:00,24.069553541100543
2023-05-09T11:00:00,27.14004292695418
2023-05-09T12:00:00,36.14856371672256
2023-05-09T13:00:00,43.83382432357124
2023-05-09T14:00:00,50.23335713925568
2023-05-09T15:00:00,55.869737873906665
2023-05-09T16:00:00,44.36300095267918
2023-05-09T17:00:00,54.20889929066533
2023-05-09T18:00:00,71.40026490584663
2023-05-09T19:00:00,82.92900284476902
2023-05-09T20:00:00,87.58302307128906
2023-05-09T21:00:00,89.18111618705417
2023-05-09T22:00:00,90.11064711860988
2023-05-09T23:00:00,90.57229846456775
2023-05-10T00:00:00,90.93074997611666
2023-05-10T01:00:00,88.54350711988366
2023-05-10T02:00:00,65.85185540240744
2023-05-10T03:00:00,38.55660330730935
2023-05-10T04:00:00,27.352144821830414
2023-05-10T05:00:00,21.638490759808082
2023-05-10T06:00:00,19.752272813216496
2023-05-10T07:00:00,19.294100554093067
2023-05-10T08:00:00,19.117088649583895
2023-05-10T09:00:00,19.57143086972444
2023-05-10T10:00:00,21.385169402412746
2023-05-10T11:00:00,24.924314747685965
2023-05-10T12:00:00,26.760331527046528
2023-05-10T13:00:00,30.729785338692043
2023-05-10T14:00:00,37.358228766399876
2023-05-10T15:00:00,41.161541482676625
2023-05-10T16:00:00,38.67407425590183
2023-05-10T17:00:00,33.29051772407863
2023-05-10T18:00:00,40.937266971753985
2023-05-10T19:00:00,51.08653010492739
2023-05-10T20:00:00,57.73255837481954
2023-05-10T21:00:00,60.49585159965182
2023-05-10T22:00:00,60.16250129367993
2023-05-10T23:00:00,57.93712168154509
2023-05-11T00:00:00,55.92897713702657
2023-05-11T01:00:00,50.510587941045344
2023-05-11T02:00:00,32.63578033447265
2023-05-11T03:00:00,21.65498484735903
2023-05-11T04:00:00,16.698265241539993
2023-05-11T05:00:00,15.405138305995774
2023-05-11T06:00:00,15.549244631891664
2023-05-11T07:00:00,16.10941281525985
2023-05-11T08:00:00,16.840345299762227
2023-05-11T09:00:00,17.671842243360434
2023-05-11T10:00:00,18.920145947000254
2023-05-11T11:00:00,21.346960316533625
2023-05-11T12:00:00,26.182865308678668
2023-05-11T13:00:00,32.46593375827955
2023-05-11T14:00:00,37.99466025311013
2023-05-11T15:00:00,41.59662412560504
2023-05-11T16:00:00,44.947368455969766
2023-05-11T17:00:00,46.851213206415586
2023-05-11T18:00:00,45.959837540336274
2023-05-11T19:00:00,43.69744209621263
2023-05-11T20:00:00,39.17494765571926
2023-05-11T21:00:00,35.76842614878778
2023-05-11T22:00:00,31.988988295845356
2023-05-11T23:00:00,29.94073461449664
2023-05-12T00:00:00,30.064590205316957
2023-05-12T01:00:00,29.537005963532817
2023-05-12T02:00:00,21.627566379049547
2023-05-12T03:00:00,15.09000251604163
2023-05-12T04:00:00,13.024067878723143
2023-05-12T05:00:00,12.438036172286324
2023-05-12T06:00:00,12.273250082264775
2023-05-12T07:00:00,12.12669227434241
2023-05-12T08:00:00,12.040070284967836
2023-05-12T09:00:00,12.028666330420451
2023-05-12T10:00:00,12.600694283195162
2023-05-12T11:00:00,15.329879926598586
2023-05-12T12:00:00,20.283489724864125
2023-05-12T13:00:00,24.97001390871794
2023-05-12T14:00:00,29.097469081049375
2023-05-12T15:00:00,34.198050623354696
2023-05-12T16:00:00,38.38693287061608
2023-05-12T17:00:00,39.87178056136421
2023-05-12T18:00:00,40.15699602210003
2023-05-12T19:00:00,39.65838341090989
2023-05-12T20:00:00,34.73183059692382
2023-05-12T21:00:00,28.385061098181676
2023-05-12T22:00:00,29.862802754277766
2023-05-12T23:00:00,34.234868174013876
2023-05-13T00:00:00,37.829776432203204
2023-05-13T01:00:00,37.24468015587848
2023-05-13T02:00:00,27.316826364268426
2023-05-13T03:00:00,18.304514262987215
2023-05-13T04:00:00,14.658331788104512
2023-05-13T05:00:00,13.411830653315004
2023-05-13T06:00:00,12.403005475583283
2023-05-13T07:00:00,11.96746664461882
2023-05-13T08:00:00,11.866540369780166
2023-05-13T09:00:00,12.077173481816828
2023-05-13T10:00:00,12.976153373718262
2023-05-13T11:00:00,15.886932041334067
2023-05-13T12:00:00,21.39750356259553
2023-05-13T13:00:00,24.937652753747027
2023-05-13T14:00:00,27.1806641454282
2023-05-13T15:00:00,29.17535516490107
2023-05-13T16:00:00,29.833408853282098
2023-05-13T17:00:00,30.529832508253012
2023-05-13T18:00:00,31.345000308492903
2023-05-13T19:00:00,31.84997525422469
2023-05-13T20:00:00,31.840053143708595
2023-05-13T21:00:00,32.31436671381412
2023-05-13T22:00:00,32.94816290813943
2023-05-13T23:00:00,33.60056056147036
2023-05-14T00:00:00,34.35782797440238
2023-05-14T01:00:00,35.05112929966138
2023-05-14T02:00:00,26.921893492988918
2023-05-14T03:00:00,17.998430003290586
2023-05-14T04:00:00,15.590226670970084
2023-05-14T05:00:00,14.538090498551076
2023-05-14T06:00:00,13.402422200078547
2023-05-14T07:00:00,12.056138245955756
2023-05-14T08:00:00,11.17978174790092
2023-05-14T09:00:00,11.295125588126803
2023-05-14T10:00:00,12.190287963203762
2023-05-14T11:00:00,14.45474276335343
2023-05-14T12:00:00,19.76146557020104
2023-05-14T13:00:00,24.671944245048188
2023-05-14T14:00:00,29.405567500902258
2023-05-14T15:00:00,35.0689756144648
2023-05-14T16:00:00,37.454783398172125
2023-05-14T17:00:00,37.115181964376696
2023-05-14T18:00:00,36.759075164794915
2023-05-14T19:00:00,37.266517639160156
2023-05-14T20:00:00,37.70328024159306
2023-05-14T21:00:00,38.03247617638629
2023-05-14T22:00:00,38.09453748620074
2023-05-14T23:00:00,38.2135533871858
2023-05-15T00:00:00,38.39352300892705
2023-05-15T01:00:00,37.33999915744947
2023-05-15T02:00:00,24.30638205486795
2023-05-15T03:00:00,17.810484844705332
2023-05-15T04:00:00,15.905360760896102
2023-05-15T05:00:00,15.677966905676797
2023-05-15T06:00:00,15.740826896999192
2023-05-15T07:00:00,15.694495076718537
2023-05-15T08:00:00,15.709036122197688
2023-05-15T09:00:00,16.645691747250762
2023-05-15T10:00:00,18.533800373906672
2023-05-15T11:00:00,22.35508305093516
2023-05-15T12:00:00,27.911034625509508
2023-05-15T13:00:00,31.493327099344
2023-05-15T14:00:00,35.684339606243626
2023-05-15T15:00:00,41.641530244246766
2023-05-15T16:00:00,45.68071580969769
2023-05-15T17:00:00,45.11647995658542
2023-05-15T18:00:00,47.33895625238832
2023-05-15T19:00:00,48.86303893379543
2023-05-15T20:00:00,48.18211563773777
2023-05-15T21:00:00,47.41755460656207
2023-05-15T22:00:00,47.526580810546875
2023-05-15T23:00:00,51.33887747059698
2023-05-16T00:00:00,58.61915024467136
2023-05-16T01:00:00,65.68132218070652
2023-05-16T02:00:00,54.60000129367994
2023-05-16T03:00:00,39.27440129155698
2023-05-16T04:00:00,33.141778531281844
2023-05-16T05:00:00,28.770812988281246
2023-05-16T06:00:00,25.81305711165718
2023-05-16T07:00:00,24.474535983541735
2023-05-16T08:00:00,25.20339965820312
2023-05-16T09:00:00,27.082157881363578
2023-05-16T10:00:00,29.59265974293584
2023-05-16T11:00:00,33.90295070150624
2023-05-16T12:00:00,39.518140212349266
2023-05-16T13:00:00,43.896586210831344
2023-05-16T14:00:00,46.824399201766305
2023-05-16T15:00:00,51.00292935578719
2023-05-16T16:00:00,60.74481151414953
2023-05-16T17:00:00,75.16730930494224
2023-05-16T18:00:00,87.86748073412024
2023-05-16T19:00:00,94.23774022641388
2023-05-16T20:00:00,95.17673426089078
2023-05-16T21:00:00,93.42092563795006
2023-05-16T22:00:00,89.57496377696161
2023-05-16T23:00:00,84.64563120966372
2023-05-17T00:00:00,79.53021903659986
2023-05-17T01:00:00,74.51124440068783
2023-05-17T02:00:00,52.29046431831691
2023-05-17T03:00:00,30.400319638459575
2023-05-17T04:00:00,26.766740135524582
2023-05-17T05:00:00,25.329287155814793
2023-05-17T06:00:00,25.835189819335934
2023-05-17T07:00:00,27.487394830454946
2023-05-17T08:00:00,29.699778017790415
2023-05-17T09:00:00,32.444199437680446
2023-05-17T10:00:00,35.351810621178664
2023-05-17T11:00:00,39.823098058285915
2023-05-17T12:00:00,46.60039536849312
2023-05-17T13:00:00,55.10204729826553
2023-05-17T14:00:00,69.0630818242612
2023-05-17T15:00:00,68.58784219493036
2023-05-17T16:00:00,83.55856256899625
2023-05-17T17:00:00,95.54848646081011
2023-05-17T18:00:00,100.29167838718578
2023-05-17T19:00:00,101.84130096435545
2023-05-17T20:00:00,99.86748305610988
2023-05-17T21:00:00,97.54728864586872
2023-05-17T22:00:00,95.01443580959153
2023-05-17T23:00:00,92.86642257027002
2023-05-18T00:00:00,90.54586957848589
2023-05-18T01:00:00,72.75148341966711
2023-05-18T02:00:00,40.296022166376524
2023-05-18T03:00:00,34.71379852294922
2023-05-18T04:00:00,30.97089402571968
2023-05-18T05:00:00,29.487189500228215
2023-05-18T06:00:00,28.589740836102024
2023-05-18T07:00:00,28.634545367697005
2023-05-18T08:00:00,29.484902589217473
2023-05-18T09:00:00,31.01912689208984
2023-05-18T10:00:00,32.4640766641368
2023-05-18T11:00:00,34.930280768353
2023-05-18T12:00:00,41.11283808169157
2023-05-18T13:00:00,53.5229148864746
2023-05-18T14:00:00,67.44391598908797
2023-05-18T15:00:00,80.41238303806469
2023-05-18T16:00:00,92.40707032576852
2023-05-18T17:00:00,99.67976080853005
2023-05-18T18:00:00,100.6539780989937
2023-05-18T19:00:00,101.87554036016049
2023-05-18T20:00:00,100.77682428774625
2023-05-18T21:00:00,98.81347921620242
2023-05-18T22:00:00,95.6267968882685
2023-05-18T23:00:00,90.87133158808169
2023-05-19T00:00:00,85.62873740818188
2023-05-19T01:00:00,72.62282960311225
2023-05-19T02:00:00,39.721774723218836
2023-05-19T03:00:00,26.00092854707137
2023-05-19T04:00:00,22.85193227685016
2023-05-19T05:00:00,21.476761195970617
2023-05-19T06:00:00,20.418672312860902
2023-05-19T07:00:00,19.946771289991293
2023-05-19T08:00:00,20.088297470756196
2023-05-19T09:00:00,20.12686795773713
2023-05-19T10:00:00,19.824335927548614
2023-05-19T11:00:00,21.873443520587422
2023-05-19T12:00:00,29.2534236907959
2023-05-19T13:00:00,37.20591254856275
2023-05-19T14:00:00,40.79424352231233
2023-05-19T15:00:00,41.9614145030146
2023-05-19T16:00:00,40.57927836542544
2023-05-19T17:00:00,40.525977093240485
2023-05-19T18:00:00,41.65748131793478
2023-05-19T19:00:00,41.80580868928329
2023-05-19T20:00:00,42.17709184729534
2023-05-19T21:00:00,42.03212406324304
2023-05-19T22:00:00,41.98236034227454
2023-05-19T23:00:00,42.32933193704356
2023-05-20T00:00:00,42.811764924422555
2023-05-20T01:00:00,40.65567580513332
2023-05-20T02:00:00,25.13566605941109
2023-05-20T03:00:00,17.90128376172936
2023-05-20T04:00:00,15.487292953159498
2023-05-20T05:00:00,14.967940911002781
2023-05-20T06:00:00,14.620900319970172
2023-05-20T07:00:00,14.57234357750934
2023-05-20T08:00:00,14.722075337949006
2023-05-20T09:00:00,15.070856674857762
2023-05-20T10:00:00,16.181379981662914
2023-05-20T11:00:00,19.89277781610903
2023-05-20T12:00:00,29.47156309044879
2023-05-20T13:00:00,43.402678448220954
2023-05-20T14:00:00,54.5860419895338
2023-05-20T15:00:00,62.835570625636876
2023-05-20T16:00:00,67.27786321225373
2023-05-20T17:00:00,69.28817417310631
2023-05-20T18:00:00,67.41926508364469
2023-05-20T19:00:00,66.10159600299336
2023-05-20T20:00:00,64.12556291663128
2023-05-20T21:00:00,60.48911235643469
2023-05-20T22:00:00,54.97502418186353
2023-05-20T23:00:00,49.334022521972656
2023-05-21T00:00:00,44.61123209414274
2023-05-21T01:00:00,40.18394801927649
2023-05-21T02:00:00,25.53386315055515
2023-05-21T03:00:00,16.61388811857804
2023-05-21T04:00:00,13.40421029795771
2023-05-21T05:00:00,12.57139666184135
2023-05-21T06:00:00,12.401301923005475
2023-05-21T07:00:00,12.568795038306193
2023-05-21T08:00:00,12.95909960373588
2023-05-21T09:00:00,13.557346675706945
2023-05-21T10:00:00,14.734882810841434
2023-05-21T11:00:00,17.73981135824452
2023-05-21T12:00:00,25.2086007491402
2023-05-21T13:00:00,32.54596544348675
2023-05-21T14:00:00,37.29750027863875
2023-05-21T15:00:00,40.691139221191406
2023-05-21T16:00:00,42.87822723388672
2023-05-21T17:00:00,46.61245827052904
2023-05-21T18:00:00,50.6746542557426
2023-05-21T19:00:00,52.761636153511375
2023-05-21T20:00:00,54.42893948762313
2023-05-21T21:00:00,55.72418826559315
2023-05-21T22:00:00,56.75904564235521
2023-05-21T23:00:00,58.08235466998556
2023-05-22T00:00:00,59.45981946198835
2023-05-22T01:00:00,54.231359730596125
2023-05-22T02:00:00,30.96561373835025
2023-05-22T03:00:00,19.50509477698284
2023-05-22T04:00:00,15.560182198234227
2023-05-22T05:00:00,15.500181985938031
2023-05-22T06:00:00,15.260127067565918
2023-05-22T07:00:00,15.438146383866021
2023-05-22T08:00:00,15.71981736888056
2023-05-22T09:00:00,16.131618002186652
2023-05-22T10:00:00,16.646736393804133
2023-05-22T11:00:00,18.90649016007133
2023-05-22T12:00:00,26.436635805212926
2023-05-22T13:00:00,36.52551435387652
2023-05-22T14:00:00,44.8481972735861
2023-05-22T15:00:00,51.691953078560196
2023-05-22T16:00:00,56.8111164258874
2023-05-22T17:00:00,60.193860427193016
2023-05-22T18:00:00,61.465546151866086
2023-05-22T19:00:00,60.18586465586787
2023-05-22T20:00:00,60.346267036769696
2023-05-22T21:00:00,60.322086831797726
2023-05-22T22:00:00,59.38219584589418
2023-05-22T23:00:00,58.2948578544285
2023-05-23T00:00:00,57.74067787502123
2023-05-23T01:00:00,53.60414455247962
2023-05-23T02:00:00,27.532761864040204
2023-05-23T03:00:00,17.43649855903957
2023-05-23T04:00:00,13.180890829666799
2023-05-23T05:00:00,13.766519505044688
2023-05-23T06:00:00,14.119189096533733
2023-05-23T07:00:00,14.798031392304793
2023-05-23T08:00:00,15.810855202052903
2023-05-23T09:00:00,17.19017858090608
2023-05-23T10:00:00,18.470030411430024
2023-05-23T11:00:00,21.319466964058254
2023-05-23T12:00:00,30.771374080492095
2023-05-23T13:00:00,44.90623905347741
2023-05-23T14:00:00,59.82846683004627
2023-05-23T15:00:00,73.43467181661853
2023-05-23T16:00:00,85.30845874288808
2023-05-23T17:00:00,92.68083157746688
2023-05-23T18:00:00,96.66422968325406
2023-05-23T19:00:00,95.45317343006963
2023-05-23T20:00:00,90.77043052341625
2023-05-23T21:00:00,85.58003002664316
2023-05-23T22:00:00,80.38838328485903
2023-05-23T23:00:00,76.0627448040506
2023-05-24T00:00:00,71.9161141437033
2023-05-24T01:00:00,62.94984601891558
2023-05-24T02:00:00,32.767969048541524
2023-05-24T03:00:00,19.211834866067633
2023-05-24T04:00:00,15.487351956574813
2023-05-24T05:00:00,14.342501515927522
2023-05-24T06:00:00,14.014230354972506
2023-05-24T07:00:00,14.220444389011547
2023-05-24T08:00:00,14.595858947090479
2023-05-24T09:00:00,15.27918591706649
2023-05-24T10:00:00,16.422528888868246
2023-05-24T11:00:00,18.49518867160963
2023-05-24T12:00:00,24.90831035116444
2023-05-24T13:00:00,34.00791284312372
2023-05-24T14:00:00,43.501481263533876
2023-05-24T15:00:00,49.810491976530656
2023-05-24T16:00:00,50.20740907088569
2023-05-24T17:00:00,52.52674650109332
2023-05-24T18:00:00,53.920516304347814
2023-05-24T19:00:00,53.65161265497621
2023-05-24T20:00:00,52.31210028606912
2023-05-24T21:00:00,51.04561664747155
2023-05-24T22:00:00,50.73009557309357
2023-05-24T23:00:00,52.200672481371
2023-05-25T00:00:00,50.61531962519106
2023-05-25T01:00:00,41.48564662104068
2023-05-25T02:00:00,22.08280322862708
2023-05-25T03:00:00,16.79319497813349
2023-05-25T04:00:00,15.047633627186652
2023-05-25T05:00:00,14.417280777640961
2023-05-25T06:00:00,13.97177331343941
2023-05-25T07:00:00,13.806375959645145
2023-05-25T08:00:00,13.750780022662617
2023-05-25T09:00:00,13.748201950736664
2023-05-25T10:00:00,13.990743180979852
2023-05-25T11:00:00,15.314148529716157
2023-05-25T12:00:00,20.21867868174677
2023-05-25T13:00:00,27.949869238811985
2023-05-25T14:00:00,36.489581730054766
2023-05-25T15:00:00,43.72387761655061
2023-05-25T16:00:00,52.494365526282266
2023-05-25T17:00:00,53.75934501316236
2023-05-25T18:00:00,55.57622942717179
2023-05-25T19:00:00,55.624889207922884
2023-05-25T20:00:00,54.09657204669454
2023-05-25T21:00:00,52.0845605601435
2023-05-25T22:00:00,50.59344134123428
2023-05-25T23:00:00,51.481303505275555
2023-05-26T00:00:00,49.23467453666355
2023-05-26T01:00:00,40.04813716722571
2023-05-26T02:00:00,22.49424776823624
2023-05-26T03:00:00,15.826306343078612
2023-05-26T04:00:00,13.397693924281906
2023-05-26T05:00:00,12.343524103579313
2023-05-26T06:00:00,11.703857256018596
2023-05-26T07:00:00,11.380361183829928
2023-05-26T08:00:00,11.245944728022035
2023-05-26T09:00:00,11.25151265185812
2023-05-26T10:00:00,11.623508163120434
2023-05-26T11:00:00,13.30188062916631
2023-05-26T12:00:00,18.916667191878606
2023-05-26T13:00:00,26.69847952801248
2023-05-26T14:00:00,32.53022210494331
2023-05-26T15:00:00,37.18706363180409
2023-05-26T16:00:00,38.38518010015073
2023-05-26T17:00:00,35.52723594333814
2023-05-26T18:00:00,36.70004322217858
2023-05-26T19:00:00,37.49757915994395
2023-05-26T20:00:00,38.772528689840556
2023-05-26T21:00:00,41.46656028084133
2023-05-26T22:00:00,42.1974868774414
2023-05-26T23:00:00,43.01781480208687
2023-05-27T00:00:00,44.55829222305961
2023-05-27T01:00:00,39.74462492569632
2023-05-27T02:00:00,22.975834639176078
2023-05-27T03:00:00,16.455722560053285
2023-05-27T04:00:00,14.293292999267578
2023-05-27T05:00:00,13.521545617476752
2023-05-27T06:00:00,12.94722329015317
2023-05-27T07:00:00,12.70952208145805
2023-05-27T08:00:00,12.735289573669434
2023-05-27T09:00:00,13.226424922113832
2023-05-27T10:00:00,14.030697034752887
2023-05-27T11:00:00,16.376653505408242
2023-05-27T12:00:00,23.856215850166652
2023-05-27T13:00:00,32.83746860338293
2023-05-27T14:00:00,38.05579027922257
2023-05-27T15:00:00,42.25080473526664
2023-05-27T16:00:00,44.97415343574855
2023-05-27T17:00:00,47.32450617914614
2023-05-27T18:00:00,53.320158916970954
2023-05-27T19:00:00,58.956971707551375
2023-05-27T20:00:00,59.07923540861709
2023-05-27T21:00:00,57.47424631533414
2023-05-27T22:00:00,56.58600019372027
2023-05-27T23:00:00,57.04760825115701
2023-05-28T00:00:00,58.586071346117095
2023-05-28T01:00:00,58.38215272322944
2023-05-28T02:00:00,36.77602054761804
2023-05-28T03:00:00,23.170419195423953
2023-05-28T04:00:00,19.00635271487028
2023-05-28T05:00:00,17.97962893610415
2023-05-28T06:00:00,18.418788329414696
2023-05-28T07:00:00,19.831566686215606
2023-05-28T08:00:00,20.81002782738727
2023-05-28T09:00:00,22.62694217847741
2023-05-28T10:00:00,25.03568193186884
2023-05-28T11:00:00,28.734999449356742
2023-05-28T12:00:00,34.84817554639733
2023-05-28T13:00:00,41.618097554082446
2023-05-28T14:00:00,48.092033717943266
2023-05-28T15:00:00,52.40978788292925
2023-05-28T16:00:00,56.95113505487856
2023-05-28T17:00:00,62.68559265136719
2023-05-28T18:00:00,48.31311317112134
2023-05-28T19:00:00,48.71478238313094
2023-05-28T20:00:00,50.64144582333771
2023-05-28T21:00:00,53.127971815026314
2023-05-28T22:00:00,56.561193880827524
2023-05-28T23:00:00,66.87981945535411
2023-05-29T00:00:00,76.4644599582838
2023-05-29T01:00:00,77.17469721255094
2023-05-29T02:00:00,48.974226910135016
2023-05-29T03:00:00,33.61296263985012
2023-05-29T04:00:00,27.735390289970066
2023-05-29T05:00:00,26.844687420388922
2023-05-29T06:00:00,25.992404357246727
2023-05-29T07:00:00,25.979189250780188
2023-05-29T08:00:00,26.610323449839715
2023-05-29T09:00:00,26.98377534617548
2023-05-29T10:00:00,29.2079321819803
2023-05-29T11:00:00,32.72343096525773
2023-05-29T12:00:00,38.833885192871094
2023-05-29T13:00:00,45.849523295526915
2023-05-29T14:00:00,54.19174542634383
2023-05-29T15:00:00,60.679122261379064
2023-05-29T16:00:00,66.51194862697434
2023-05-29T17:00:00,69.86629502669624
2023-05-29T18:00:00,69.29234347136124
2023-05-29T19:00:00,67.28100303981616
2023-05-29T20:00:00,75.88200975501017
2023-05-29T21:00:00,83.05601435122281
2023-05-29T22:00:00,87.30538874087127
2023-05-29T23:00:00,89.3180054374363
2023-05-30T00:00:00,89.50502611243205
2023-05-30T01:00:00,83.45464059580925
2023-05-30T02:00:00,44.50112500398055
2023-05-30T03:00:00,31.67217528301736
2023-05-30T04:00:00,27.601832597152043
2023-05-30T05:00:00,26.59484407176142
2023-05-30T06:00:00,26.34702806887419
2023-05-30T07:00:00,26.56135741524074
2023-05-30T08:00:00,26.907611763995625
2023-05-30T09:00:00,27.6963471951692
2023-05-30T10:00:00,29.352491047071368
2023-05-30T11:00:00,34.692018094270125
2023-05-30T12:00:00,43.961224265720524
2023-05-30T13:00:00,56.77214879574982
2023-05-30T14:00:00,73.64927872367527
2023-05-30T15:00:00,90.40913855511208
2023-05-30T16:00:00,104.25661368992017
2023-05-30T17:00:00,114.3271029928456
2023-05-30T18:00:00,120.67386594025984
2023-05-30T19:00:00,123.76284358812416
2023-05-30T20:00:00,124.72759512196416
2023-05-30T21:00:00,124.45477261750594
2023-05-30T22:00:00,123.3564343659774
2023-05-30T23:00:00,122.49836863642152
2023-05-31T00:00:00,123.73571379288383
2023-05-31T01:00:00,123.63661359704058
2023-05-31T02:00:00,76.43467977772588
2023-05-31T03:00:00,38.92858505249023
2023-05-31T04:00:00,27.40085991569187
2023-05-31T05:00:00,22.841793226159133
2023-05-31T06:00:00,20.147864714912746
2023-05-31T07:00:00,18.893415451049805
2023-05-31T08:00:00,17.972764720087465
2023-05-31T09:00:00,17.76841362662937
2023-05-31T10:00:00,18.266553298286766
2023-05-31T11:00:00,21.931080693783965
2023-05-31T12:00:00,32.85190706667692
2023-05-31T13:00:00,48.56196096669072
2023-05-31T14:00:00,66.73792449287745
2023-05-31T15:00:00,76.55882495382556
2023-05-31T16:00:00,76.3834928429645
2023-05-31T17:00:00,77.63537232772161
2023-05-31T18:00:00,75.37727986211362
2023-05-31T19:00:00,67.73673629760742
2023-05-31T20:00:00,52.744656770125665
2023-05-31T21:00:00,46.32540628184442
2023-05-31T22:00:00,47.111792025358774
2023-05-31T23:00:00,54.40787738302479
2023-06-01T00:00:00,62.79674447101095
2023-06-01T01:00:00,63.064032015593156
2023-06-01T02:00:00,36.33682814888332
2023-06-01T03:00:00,20.32404849840247
2023-06-01T04:00:00,14.427381432574727
2023-06-01T05:00:00,11.907820535742715
2023-06-01T06:00:00,10.85589189114778
2023-06-01T07:00:00,10.495143807452656
2023-06-01T08:00:00,10.37683806212052
2023-06-01T09:00:00,10.996714799300483
2023-06-01T10:00:00,12.142562907675035
2023-06-01T11:00:00,16.31421010390572
2023-06-01T12:00:00,28.717977275019102
2023-06-01T13:00:00,42.0896113851796
2023-06-01T14:00:00,48.89909777433976
2023-06-01T15:00:00,53.954741436502204
2023-06-01T16:00:00,53.50293864374575
2023-06-01T17:00:00,44.516219263491415
2023-06-01T18:00:00,41.626988949983016
2023-06-01T19:00:00,42.47317471711531
2023-06-01T20:00:00,41.478309299634844
2023-06-01T21:00:00,39.85287823884383
2023-06-01T22:00:00,36.886921260667876
2023-06-01T23:00:00,34.55571232671323
2023-06-02T00:00:00,34.767124424809985
2023-06-02T01:00:00,37.57303478406823
2023-06-02T02:00:00,31.166665616242774
2023-06-02T03:00:00,19.57460668812627
2023-06-02T04:00:00,15.928414386251697
2023-06-02T05:00:00,13.431909478229024
2023-06-02T06:00:00,11.51222510959791
2023-06-02T07:00:00,11.007294820702594
2023-06-02T08:00:00,11.394219191178031
2023-06-02T09:00:00,13.049788889677627
2023-06-02T10:00:00,16.432255413221274
2023-06-02T11:00:00,25.462539175282352
2023-06-02T12:00:00,37.017608642578125
2023-06-02T13:00:00,30.943849978239633
2023-06-02T14:00:00,25.871387149976645
2023-06-02T15:00:00,27.275966975999914
2023-06-02T16:00:00,31.914829668791395
2023-06-02T17:00:00,40.868194082508914
2023-06-02T18:00:00,49.67825383725373
2023-06-02T19:00:00,49.92857427182404
2023-06-02T20:00:00,43.10749485181725
2023-06-02T21:00:00,38.34771413388459
2023-06-02T22:00:00,36.436580657958984
2023-06-02T23:00:00,37.050965184750766
2023-06-03T00:00:00,39.01817205677862
2023-06-03T01:00:00,39.505593673042625
2023-06-03T02:00:00,22.123466408771012
2023-06-03T03:00:00,16.987515490988024
2023-06-03T04:00:00,14.81447816931683
2023-06-03T05:00:00,13.903695396755051
2023-06-03T06:00:00,13.962471837582795
2023-06-03T07:00:00,14.23096109473187
2023-06-03T08:00:00,14.524764890256135
2023-06-03T09:00:00,15.235915225485094
2023-06-03T10:00:00,16.821866491566535
2023-06-03T11:00:00,21.403006760970403
2023-06-03T12:00:00,34.34168948297915
2023-06-03T13:00:00,52.346130868662954
2023-06-03T14:00:00,70.08237722645634
2023-06-03T15:00:00,75.29169132398522
2023-06-03T16:00:00,66.83343505859375
2023-06-03T17:00:00,59.80347508969514
2023-06-03T18:00:00,61.30661342454993
2023-06-03T19:00:00,63.53033513608186
2023-06-03T20:00:00,62.11064214291779
2023-06-03T21:00:00,58.3080999954887
2023-06-03T22:00:00,48.69618606567382
2023-06-03T23:00:00,41.13597737187924
2023-06-04T00:00:00,37.42941615892493
2023-06-04T01:00:00,34.662918588389516
2023-06-04T02:00:00,26.259768112846043
2023-06-04T03:00:00,17.755559921264645
2023-06-04T04:00:00,14.849996069203252
2023-06-04T05:00:00,13.706044611723526
2023-06-04T06:00:00,13.02610102943752
2023-06-04T07:00:00,12.716132785962975
2023-06-04T08:00:00,12.619761425515879
2023-06-04T09:00:00,12.824074413465416
2023-06-04T10:00:00,13.303699369015899
2023-06-04T11:00:00,16.16468006631602
2023-06-04T12:00:00,24.50928489021633
2023-06-04T13:00:00,35.46072155496348
2023-06-04T14:00:00,44.36434256512185
2023-06-04T15:00:00,49.73283203788426
2023-06-04T16:00:00,50.342749720034384
2023-06-04T17:00:00,45.637718366539985
2023-06-04T18:00:00,40.323055433190376
2023-06-04T19:00:00,38.68583927983823
2023-06-04T20:00:00,39.92057004182235
2023-06-04T21:00:00,43.07679781706436
2023-06-04T22:00:00,43.236792025358774
2023-06-04T23:00:00,36.04428067414656
2023-06-05T00:00:00,30.013064342996344
2023-06-05T01:00:00,31.36753579844599
2023-06-05T02:00:00,26.42912790049677
2023-06-05T03:00:00,18.196385715318762
2023-06-05T04:00:00,15.385881341021992
2023-06-05T05:00:00,13.855091924252717
2023-06-05T06:00:00,13.682109003481656
2023-06-05T07:00:00,12.816296535989512
2023-06-05T08:00:00,12.985816540925398
2023-06-05T09:00:00,14.261889789415441
2023-06-05T10:00:00,16.428875881692633
2023-06-05T11:00:00,20.429805340974227
2023-06-05T12:00:00,27.23352805427883
2023-06-05T13:00:00,28.547092354815938
2023-06-05T14:00:00,29.69620737822159
2023-06-05T15:00:00,32.35542935910432
2023-06-05T16:00:00,33.93713486712911
2023-06-05T17:00:00,32.528566526330025
2023-06-05T18:00:00,31.27768533126167
2023-06-05T19:00:00,29.11653253306513
2023-06-05T20:00:00,28.65261459350586
2023-06-05T21:00:00,29.78672873455545
2023-06-05T22:00:00,33.70336242344069
2023-06-05T23:00:00,37.33919210019319
2023-06-06T00:00:00,38.89480657162873
2023-06-06T01:00:00,39.61073800791864
2023-06-06T02:00:00,26.941721211309012
2023-06-06T03:00:00,19.627572598664656
2023-06-06T04:00:00,17.271395973537278
2023-06-06T05:00:00,16.730543551237684
2023-06-06T06:00:00,16.628807316655696
2023-06-06T07:00:00,16.645736445551332
2023-06-06T08:00:00,16.415030769679856
2023-06-06T09:00:00,16.249161430027172
2023-06-06T10:00:00,16.85722152046535
2023-06-06T11:00:00,20.940302890280012
2023-06-06T12:00:00,31.18140668454377
2023-06-06T13:00:00,43.09820788839589
2023-06-06T14:00:00,51.16690179576044
2023-06-06T15:00:00,55.85747395391049
2023-06-06T16:00:00,56.21746776414953
2023-06-06T17:00:00,53.078552743662954
2023-06-06T18:00:00,48.79443608159603
2023-06-06T19:00:00,43.37800133746603
2023-06-06T20:00:00,38.708325095798656
2023-06-06T21:00:00,36.006208171015196
2023-06-06T22:00:00,34.87327020064644
2023-06-06T23:00:00,34.50031852722168
2023-06-07T00:00:00,32.772367726201594
2023-06-07T01:00:00,30.86734265866487
2023-06-07T02:00:00,24.676192076309867
2023-06-07T03:00:00,16.955782931783926
2023-06-07T04:00:00,14.512057553166928
2023-06-07T05:00:00,14.063605267068613
2023-06-07T06:00:00,13.591142198313836
2023-06-07T07:00:00,12.92603882499363
2023-06-07T08:00:00,12.432647041652512
2023-06-07T09:00:00,12.595804297405738
2023-06-07T10:00:00,13.972844911658244
2023-06-07T11:00:00,18.119579646898348
2023-06-07T12:00:00,26.45444007541822
2023-06-07T13:00:00,31.78649578923764
2023-06-07T14:00:00,37.62423390927522
2023-06-07T15:00:00,42.77349206675654
2023-06-07T16:00:00,43.42569517052691
2023-06-07T17:00:00,41.9045702063519
2023-06-07T18:00:00,40.280611618705414
2023-06-07T19:00:00,39.9761327660602
2023-06-07T20:00:00,38.22496546869692
2023-06-07T21:00:00,34.0925934833029
2023-06-07T22:00:00,29.902770747309145
2023-06-07T23:00:00,28.233769624129582
2023-06-08T00:00:00,29.079837550287657
2023-06-08T01:00:00,30.663336961165715
2023-06-08T02:00:00,23.225024181863535
2023-06-08T03:00:00,16.171547184819758
2023-06-08T04:00:00,13.82529354095459
2023-06-08T05:00:00,12.487829954727836
2023-06-08T06:00:00,11.56418402298637
2023-06-08T07:00:00,11.052770904872727
2023-06-08T08:00:00,10.660348560499108
2023-06-08T09:00:00,10.702000576516856
2023-06-08T10:00:00,11.340273152226986
2023-06-08T11:00:00,13.872637292613154
2023-06-08T12:00:00,20.78406972470491
2023-06-08T13:00:00,29.817362660947047
2023-06-08T14:00:00,38.87035784514054
2023-06-08T15:00:00,43.18169038192085
2023-06-08T16:00:00,41.0010989645253
2023-06-08T17:00:00,38.59336305701214
2023-06-08T18:00:00,38.41401771877123
2023-06-08T19:00:00,39.47197673631751
2023-06-08T20:00:00,38.07701641580332
2023-06-08T21:00:00,36.07157715507175
2023-06-08T22:00:00,32.83872637541398
2023-06-08T23:00:00,31.779879030974016
2023-06-09T00:00:00,32.52654564898946
2023-06-09T01:00:00,32.30864964360776
2023-06-09T02:00:00,23.782962964928664
2023-06-09T03:00:00,17.634563860685926
2023-06-09T04:00:00,15.260924795399541
2023-06-09T05:00:00,14.538119067316469
2023-06-09T06:00:00,14.551568611808442
2023-06-09T07:00:00,14.6493850790936
2023-06-09T08:00:00,14.854784841122832
2023-06-09T09:00:00,15.384776156881578
2023-06-09T10:00:00,16.78308976214865
2023-06-09T11:00:00,21.02657600071119
2023-06-09T12:00:00,28.540415390678067
2023-06-09T13:00:00,37.90658279087233
2023-06-09T14:00:00,47.05221789816151
2023-06-09T15:00:00,52.829357478929595
2023-06-09T16:00:00,55.69850191862686
2023-06-09T17:00:00,56.67073672750721
2023-06-09T18:00:00,57.94110372792118
2023-06-09T19:00:00,58.5327155071756
2023-06-09T20:00:00,57.06420649652895
2023-06-09T21:00:00,54.15344171938688
2023-06-09T22:00:00,51.092841438625165
2023-06-09T23:00:00,49.27999048647673
2023-06-10T00:00:00,48.754626066788376
2023-06-10T01:00:00,48.89501488727071
2023-06-10T02:00:00,42.61666090592094
2023-06-10T03:00:00,26.199575672978938
2023-06-10T04:00:00,18.9033030634341
2023-06-10T05:00:00,16.446845179018762
2023-06-10T06:00:00,15.259082628333049
2023-06-10T07:00:00,14.251296084860096
2023-06-10T08:00:00,13.593647376350734
2023-06-10T09:00:00,13.422158987625783
2023-06-10T10:00:00,14.05004646467126
2023-06-10T11:00:00,17.40743462935738
2023-06-10T12:00:00,26.441415372102153
2023-06-10T13:00:00,35.31295096355935
2023-06-10T14:00:00,40.769450477931805
2023-06-10T15:00:00,39.93334844838017
2023-06-10T16:00:00,38.87885118567424
2023-06-10T17:00:00,39.783510456914485
2023-06-10T18:00:00,41.47452304674231
2023-06-10T19:00:00,41.63734734576681
2023-06-10T20:00:00,39.33347461534582
2023-06-10T21:00:00,37.3312813302745
2023-06-10T22:00:00,34.56558832914933
2023-06-10T23:00:00,31.48647681526516
2023-06-11T00:00:00,30.24836258266283
2023-06-11T01:00:00,29.722455149111536
2023-06-11T02:00:00,21.90291073011315
2023-06-11T03:00:00,16.49057396598484
2023-06-11T04:00:00,13.744185323300567
2023-06-11T05:00:00,12.2476341828056
2023-06-11T06:00:00,11.328237160392428
2023-06-11T07:00:00,10.954728748487387
2023-06-11T08:00:00,10.983104166777236
2023-06-11T09:00:00,11.12257899408755
2023-06-11T10:00:00,11.414526607679283
2023-06-11T11:00:00,13.138475832731826
2023-06-11T12:00:00,18.04088020324707
2023-06-11T13:00:00,25.36785474030868
2023-06-11T14:00:00,32.63883267278256
2023-06-11T15:00:00,36.148478632387906
2023-06-11T16:00:00,33.3096051423446
2023-06-11T17:00:00,30.02706842837126
2023-06-11T18:00:00,29.224057570747703
2023-06-11T19:00:00,29.66996524644934
2023-06-11T20:00:00,31.67629175600798
2023-06-11T21:00:00,33.358254557070524
2023-06-11T22:00:00,34.36474965966266
2023-06-11T23:00:00,35.19368097056513
2023-06-12T00:00:00,37.6504430356233
2023-06-12T01:00:00,39.1890580550484
2023-06-12T02:00:00,32.68910897296407
2023-06-12T03:00:00,21.017856763756793
2023-06-12T04:00:00,16.3271020806354
2023-06-12T05:00:00,14.021901586781377
2023-06-12T06:00:00,12.83451693990956
2023-06-12T07:00:00,12.094885121221127
2023-06-12T08:00:00,11.438936067664105
2023-06-12T09:00:00,11.154777278070862
2023-06-12T10:00:00,11.63768610746964
2023-06-12T11:00:00,14.25478644992994
2023-06-12T12:00:00,21.728642753932785
2023-06-12T13:00:00,31.46987608204717
2023-06-12T14:00:00,38.640689352284305
2023-06-12T15:00:00,40.83686530071756
2023-06-12T16:00:00,41.40800061433211
2023-06-12T17:00:00,42.770312765370235
2023-06-12T18:00:00,44.016117925229274
2023-06-12T19:00:00,44.515948917554766
2023-06-12T20:00:00,43.08478761755902
2023-06-12T21:00:00,40.868568586266555
2023-06-12T22:00:00,39.01586217465608
2023-06-12T23:00:00,37.43972181237262
2023-06-13T00:00:00,37.2531041684358
2023-06-13T01:00:00,37.07105719524881
2023-06-13T02:00:00,36.42443681799847
2023-06-13T03:00:00,27.392099629277766
2023-06-13T04:00:00,20.87257318911345
2023-06-13T05:00:00,18.199024366295856
2023-06-13T06:00:00,17.112683005954906
2023-06-13T07:00:00,16.72199887814729
2023-06-13T08:00:00,16.91318138785984
2023-06-13T09:00:00,18.223597816798996
2023-06-13T10:00:00,22.619428302930746
2023-06-13T11:00:00,33.02068478128184
2023-06-13T12:00:00,42.54497478319251
2023-06-13T13:00:00,46.296733358631954
2023-06-13T14:00:00,47.73771634309187
2023-06-13T15:00:00,49.34835616402004
2023-06-13T16:00:00,50.198151961616844
2023-06-13T17:00:00,52.20538097879161
2023-06-13T18:00:00,54.583421458368704
2023-06-13T19:00:00,52.643635127855376
2023-06-13T20:00:00,45.9231131180473
2023-06-13T21:00:00,40.122086732283876
2023-06-13T22:00:00,35.829676006151274
2023-06-13T23:00:00,34.1474088585895
2023-06-14T00:00:00,36.20080350792926
2023-06-14T01:00:00,34.28393480052118
2023-06-14T02:00:00,26.57775024745775
2023-06-14T03:00:00,22.20138649318529
2023-06-14T04:00:00,19.820930729741633
2023-06-14T05:00:00,18.03202380304751
2023-06-14T06:00:00,16.91365391275157
2023-06-14T07:00:00,16.243054016776707
2023-06-14T08:00:00,15.891409583713694
2023-06-14T09:00:00,16.086830719657563
2023-06-14T10:00:00,17.355710071066152
2023-06-14T11:00:00,21.964063644409176
2023-06-14T12:00:00,28.82958138507345
2023-06-14T13:00:00,32.399078369140625
2023-06-14T14:00:00,38.25431616409965
2023-06-14T15:00:00,44.239412888236664
2023-06-14T16:00:00,44.905564183774196
2023-06-14T17:00:00,41.70785970273224
2023-06-14T18:00:00,36.99877697488536
2023-06-14T19:00:00,31.862001999564793
2023-06-14T20:00:00,28.886721735415247
2023-06-14T21:00:00,28.846689473027766
2023-06-14T22:00:00,29.536251399828036
2023-06-14T23:00:00,30.464292609173317
2023-06-15T00:00:00,30.590552786122196
2023-06-15T01:00:00,29.244808279949684
2023-06-15T02:00:00,18.90099915214207
2023-06-15T03:00:00,12.789324511652406
2023-06-15T04:00:00,13.425947769828463
2023-06-15T05:00:00,13.834217361781906
2023-06-15T06:00:00,12.418331851129945
2023-06-15T07:00:00,14.076548369034475
2023-06-15T08:00:00,17.560694487198536
2023-06-15T09:00:00,20.925975716632344
2023-06-15T10:00:00,25.025808417278785
2023-06-15T11:00:00,33.203035271686055
2023-06-15T12:00:00,41.45381595777428
2023-06-15T13:00:00,44.417542499044664
2023-06-15T14:00:00,44.39811507515285
2023-06-15T15:00:00,44.73904651144276
2023-06-15T16:00:00,50.40567082944123
2023-06-15T17:00:00,55.07758895210598
2023-06-15T18:00:00,56.49151627913764
2023-06-15T19:00:00,53.636943153713055
2023-06-15T20:00:00,45.27879549109417
2023-06-15T21:00:00,43.28039882494055
2023-06-15T22:00:00,40.1287729014521
2023-06-15T23:00:00,34.443821450938344
2023-06-16T00:00:00,32.31928477079972
2023-06-16T01:00:00,31.658558223558504
2023-06-16T02:00:00,25.84347990284795
2023-06-16T03:00:00,21.26412433126698
2023-06-16T04:00:00,19.66449513642684
2023-06-16T05:00:00,19.152062125827953
2023-06-16T06:00:00,18.691009687340774
2023-06-16T07:00:00,18.676512925521187
2023-06-16T08:00:00,18.658660391102668
2023-06-16T09:00:00,18.338808059692383
2023-06-16T10:00:00,19.295106639032777
2023-06-16T11:00:00,23.610095148501188
2023-06-16T12:00:00,30.080335451209024
2023-06-16T13:00:00,33.74887391795283
2023-06-16T14:00:00,35.631544361943774
2023-06-16T15:00:00,37.585131272025734
2023-06-16T16:00:00,39.12322500477666
2023-06-16T17:00:00,41.25431973001231
2023-06-16T18:00:00,43.30923080444335
2023-06-16T19:00:00,45.67874510391898
2023-06-16T20:00:00,48.942526610001266
2023-06-16T21:00:00,50.596544348675266
2023-06-16T22:00:00,50.004896910294235
2023-06-16T23:00:00,47.681381059729524
2023-06-17T00:00:00,43.13456361190132
2023-06-17T01:00:00,42.11959324712338
2023-06-17T02:00:00,32.069608522498086
2023-06-17T03:00:00,21.48898373479428
2023-06-17T04:00:00,17.483800722205117
2023-06-17T05:00:00,15.560489156971807
2023-06-17T06:00:00,14.095156835473102
2023-06-17T07:00:00,13.311923151430875
2023-06-17T08:00:00,12.79541952713676
2023-06-17T09:00:00,12.747736391813856
2023-06-17T10:00:00,13.758236221645186
2023-06-17T11:00:00,17.553348458331563
2023-06-17T12:00:00,25.966316306072727
2023-06-17T13:00:00,36.02086440376613
2023-06-17T14:00:00,42.08723001894743
2023-06-17T15:00:00,43.94688316013502
2023-06-17T16:00:00,43.0158059493355
2023-06-17T17:00:00,40.3227834286897
2023-06-17T18:00:00,40.53320511527683
2023-06-17T19:00:00,42.00496308699898
2023-06-17T20:00:00,41.69772239353346
2023-06-17T21:00:00,38.85094286047894
2023-06-17T22:00:00,35.881820844567336
2023-06-17T23:00:00,35.25481812850288
2023-06-18T00:00:00,36.76934101270592
2023-06-18T01:00:00,38.29443840358568
2023-06-18T02:00:00,26.310394950534985
2023-06-18T03:00:00,17.010161938874617
2023-06-18T04:00:00,14.513829728831414
2023-06-18T05:00:00,13.725738815639328
2023-06-18T06:00:00,13.551774232283881
2023-06-18T07:00:00,13.324456173440682
2023-06-18T08:00:00,13.465621906778086
2023-06-18T09:00:00,13.78626711472221
2023-06-18T10:00:00,14.524878418963885
2023-06-18T11:00:00,16.846287851748258
2023-06-18T12:00:00,22.864335516224735
2023-06-18T13:00:00,31.402427341627035
2023-06-18T14:00:00,38.172853552776836
2023-06-18T15:00:00,41.515393630318016
2023-06-18T16:00:00,44.24916939113451
2023-06-18T17:00:00,48.607731528904125
2023-06-18T18:00:00,52.040254509967305
2023-06-18T19:00:00,52.87823851212211
2023-06-18T20:00:00,52.53333962481954
2023-06-18T21:00:00,51.921822257663884
2023-06-18T22:00:00,50.21120353367017
2023-06-18T23:00:00,48.405543451723844
2023-06-19T00:00:00,48.027135600214415
2023-06-19T01:00:00,47.67704474407694
2023-06-19T02:00:00,38.3654322416886
2023-06-19T03:00:00,27.13862162050993
2023-06-19T04:00:00,22.662393404089883
2023-06-19T05:00:00,20.972015795500383
2023-06-19T06:00:00,19.776654202005137
2023-06-19T07:00:00,19.241553182187285
2023-06-19T08:00:00,18.918271355007004
2023-06-19T09:00:00,18.875631083612856
2023-06-19T10:00:00,19.24908098967179
2023-06-19T11:00:00,21.36414287401282
2023-06-19T12:00:00,27.096985277922254
2023-06-19T13:00:00,34.203724819680914
2023-06-19T14:00:00,41.13704183827275
2023-06-19T15:00:00,47.71453509123428
2023-06-19T16:00:00,50.19078694219174
2023-06-19T17:00:00,49.1841987941576
2023-06-19T18:00:00,49.078076901643165
2023-06-19T19:00:00,46.56670246953549
2023-06-19T20:00:00,45.219767694887906
2023-06-19T21:00:00,44.407204006029204
2023-06-19T22:00:00,44.526530224344
2023-06-19T23:00:00,45.21192832615064
2023-06-20T00:00:00,45.36636319367781
2023-06-20T01:00:00,43.40593006299889
2023-06-20T02:00:00,33.292686462402344
2023-06-20T03:00:00,25.526798828788422
2023-06-20T04:00:00,22.019497415293817
2023-06-20T05:00:00,20.84426573048467
2023-06-20T06:00:00,20.084470085475754
2023-06-20T07:00:00,19.237194641776707
2023-06-20T08:00:00,18.755268926205844
2023-06-20T09:00:00,18.806666001029633
2023-06-20T10:00:00,20.105208355447516
2023-06-20T11:00:00,23.00612524281377
2023-06-20T12:00:00,28.57732548921004
2023-06-20T13:00:00,33.55301268204398
2023-06-20T14:00:00,35.21139327339503
2023-06-20T15:00:00,35.956465845522665
2023-06-20T16:00:00,36.117623536483094
2023-06-20T17:00:00,36.28132944521696
2023-06-20T18:00:00,35.22832306571629
2023-06-20T19:00:00,33.41033869204313
2023-06-20T20:00:00,31.71878101514733
2023-06-20T21:00:00,29.927899319192633
2023-06-20T22:00:00,28.474760636039395
2023-06-20T23:00:00,27.558532466059145
2023-06-21T00:00:00,27.173498319542922
2023-06-21T01:00:00,26.70005549555239
2023-06-21T02:00:00,22.629466264144234
2023-06-21T03:00:00,19.11016795946204
2023-06-21T04:00:00,17.242978717969812
2023-06-21T05:00:00,16.63251499507738
2023-06-21T06:00:00,16.38540819416875
2023-06-21T07:00:00,16.415435791015625
2023-06-21T08:00:00,16.624898744666055
2023-06-21T09:00:00,17.103791402733844
2023-06-21T10:00:00,18.071107283882473
2023-06-21T11:00:00,20.20739588530167
2023-06-21T12:00:00,24.674502994703207
2023-06-21T13:00:00,29.979583242665164
2023-06-21T14:00:00,34.68562748121178
2023-06-21T15:00:00,38.13211573725161
2023-06-21T16:00:00,39.951193602188766
2023-06-21T17:00:00,40.60463018002717
2023-06-21T18:00:00,40.52700590050739
2023-06-21T19:00:00,39.31097014054008
2023-06-21T20:00:00,38.0552111086638
2023-06-21T21:00:00,37.121162248694375
2023-06-21T22:00:00,35.98184287029763
2023-06-21T23:00:00,35.3232423533564
2023-06-22T00:00:00,35.75961701766304
2023-06-22T01:00:00,33.332822550898015
2023-06-22T02:00:00,23.709186968596082
2023-06-22T03:00:00,19.170369770215903
2023-06-22T04:00:00,17.401936738387395
2023-06-22T05:00:00,16.915619062340774
2023-06-22T06:00:00,17.20133764847465
2023-06-22T07:00:00,17.90693200152853
2023-06-22T08:00:00,18.814061206320055
2023-06-22T09:00:00,20.143376806507938
2023-06-22T10:00:00,22.45432206858759
2023-06-22T11:00:00,26.502674351567805
2023-06-22T12:00:00,33.565611797830336
2023-06-22T13:00:00,41.153461622155234
2023-06-22T14:00:00,45.4752200582753
2023-06-22T15:00:00,48.05208902773649
2023-06-22T16:00:00,49.1684981636379
2023-06-22T17:00:00,50.34210221663765
2023-06-22T18:00:00,50.171890756358266
2023-06-22T19:00:00,47.99782893968664
2023-06-22T20:00:00,46.17567244819973
2023-06-22T21:00:00,45.15547959700874
2023-06-22T22:00:00,44.32709868057914
2023-06-22T23:00:00,42.20337030161981
2023-06-23T00:00:00,39.4887816387674
2023-06-23T01:00:00,35.36818197499151
2023-06-23T02:00:00,27.53347297336744
2023-06-23T03:00:00,21.96889777805494
2023-06-23T04:00:00,19.287347876507305
2023-06-23T05:00:00,17.747081010237984
2023-06-23T06:00:00,17.210995135099992
2023-06-23T07:00:00,17.05820382159689
2023-06-23T08:00:00,16.996969057166055
2023-06-23T09:00:00,17.655589891516644
2023-06-23T10:00:00,18.682386232459024
2023-06-23T11:00:00,21.063829504925266
2023-06-23T12:00:00,25.748810560806934
2023-06-23T13:00:00,31.364329628322434
2023-06-23T14:00:00,35.294840190721594
2023-06-23T15:00:00,37.475935396940805
2023-06-23T16:00:00,38.42679347162661
2023-06-23T17:00:00,39.500258404275634
2023-06-23T18:00:00,40.58977210003396
2023-06-23T19:00:00,40.03534416530442
2023-06-23T20:00:00,39.05935436746348
2023-06-23T21:00:00,37.90382219397503
2023-06-23T22:00:00,36.73395919799804
2023-06-23T23:00:00,36.264018349025555
2023-06-24T00:00:00,36.64813182664954
2023-06-24T01:00:00,37.2621668940005
2023-06-24T02:00:00,36.724253115446665
2023-06-24T03:00:00,32.765072283537485
2023-06-24T04:00:00,26.952601723048993
2023-06-24T05:00:00,23.765935897827145
2023-06-24T06:00:00,21.503532160883363
2023-06-24T07:00:00,20.62504038603409
2023-06-24T08:00:00,20.699335678764008
2023-06-24T09:00:00,21.58245924244756
2023-06-24T10:00:00,23.659813341887098
2023-06-24T11:00:00,28.905548427415926
2023-06-24T12:00:00,36.518304907757305
2023-06-24T13:00:00,41.0104579096255
2023-06-24T14:00:00,42.68239742776622
2023-06-24T15:00:00,43.11842744246773
2023-06-24T16:00:00,42.30578115712041
2023-06-24T17:00:00,40.41710513571034
2023-06-24T18:00:00,36.947023142939024
2023-06-24T19:00:00,33.28640174865723
2023-06-24T20:00:00,31.01551744212275
2023-06-24T21:00:00,31.193075677622918
2023-06-24T22:00:00,32.3820624973463
2023-06-24T23:00:00,29.03596795123556
2023-06-25T00:00:00,24.630588531494137
2023-06-25T01:00:00,22.86275332906971
2023-06-25T02:00:00,17.06363304801609
2023-06-25T03:00:00,13.954221808392067
2023-06-25T04:00:00,12.924815592558486
2023-06-25T05:00:00,12.118138852326766
2023-06-25T06:00:00,11.356830223746922
2023-06-25T07:00:00,10.780135071795918
2023-06-25T08:00:00,10.303265281345531
2023-06-25T09:00:00,10.253370865531588
2023-06-25T10:00:00,10.739988907523777
2023-06-25T11:00:00,13.307664539503012
2023-06-25T12:00:00,20.982523544974946
2023-06-25T13:00:00,29.5107540462328
2023-06-25T14:00:00,34.68913534413213
2023-06-25T15:00:00,37.881830961807914
2023-06-25T16:00:00,39.27760232013205
2023-06-25T17:00:00,38.13369502191958
2023-06-25T18:00:00,37.01586433078932
2023-06-25T19:00:00,38.15649729189665
2023-06-25T20:00:00,38.13338735829228
2023-06-25T21:00:00,36.62502023448114
2023-06-25T22:00:00,36.566816910453454
2023-06-25T23:00:00,38.603718467380695
2023-06-26T00:00:00,41.741701374883235
2023-06-26T01:00:00,44.14198319808296
2023-06-26T02:00:00,34.28584471992824
2023-06-26T03:00:00,22.979196465533708
2023-06-26T04:00:00,17.81984503372856
2023-06-26T05:00:00,14.672973466956096
2023-06-26T06:00:00,12.717760956805682
2023-06-26T07:00:00,12.091499204220977
2023-06-26T08:00:00,12.203931435294772
2023-06-26T09:00:00,12.400067122086234
2023-06-26T10:00:00,12.646300937818443
2023-06-26T11:00:00,14.35860011888587
2023-06-26T12:00:00,20.56514914139457
2023-06-26T13:00:00,30.876548352448836
2023-06-26T14:00:00,44.48092336240021
2023-06-26T15:00:00,60.68532446156377
2023-06-26T16:00:00,73.4361645242442
2023-06-26T17:00:00,71.17161493716033
2023-06-26T18:00:00,66.36923682171366
2023-06-26T19:00:00,63.48482297814411
2023-06-26T20:00:00,59.16697261644445
2023-06-26T21:00:00,50.505814925484025
2023-06-26T22:00:00,51.10729947297469
2023-06-26T23:00:00,58.71426076474397
2023-06-27T00:00:00,53.09327017742654
2023-06-27T01:00:00,29.070613031801965
2023-06-27T02:00:00,20.197165033091668
2023-06-27T03:00:00,21.071390069049336
2023-06-27T04:00:00,21.89328906847083
2023-06-27T05:00:00,19.593044695646864
2023-06-27T06:00:00,15.873098788054092
2023-06-27T07:00:00,13.472490559453549
2023-06-27T08:00:00,13.148268036220383
2023-06-27T09:00:00,13.785975663558293
2023-06-27T10:00:00,15.065756631934121
2023-06-27T11:00:00,20.545195952705715
2023-06-27T12:00:00,31.317131540049672
2023-06-27T13:00:00,40.890535437542454
2023-06-27T14:00:00,41.56510842364767
2023-06-27T15:00:00,42.28854104746942
2023-06-27T16:00:00,46.63931224657141
2023-06-27T17:00:00,50.473392486572266
2023-06-27T18:00:00,52.775965151579484
2023-06-27T19:00:00,55.58431973664656
2023-06-27T20:00:00,57.653337893278696
2023-06-27T21:00:00,59.514499996019445
2023-06-27T22:00:00,60.46664528224778
2023-06-27T23:00:00,59.117722718612
2023-06-28T00:00:00,57.61213319197944
2023-06-28T01:00:00,51.540941487187915
2023-06-28T02:00:00,26.98029965939729
2023-06-28T03:00:00,19.59890863169794
2023-06-28T04:00:00,16.470734720644742
2023-06-28T05:00:00,14.380425619042436
2023-06-28T06:00:00,13.224258588707963
2023-06-28T07:00:00,12.672661864239236
2023-06-28T08:00:00,12.310461002847422
2023-06-28T09:00:00,12.416878285615338
2023-06-28T10:00:00,13.272227411684781
2023-06-28T11:00:00,15.50750272170357
2023-06-28T12:00:00,22.175740034683887
2023-06-28T13:00:00,31.15065259518831
2023-06-28T14:00:00,38.59140479046365
2023-06-28T15:00:00,48.19077715666397
2023-06-28T16:00:00,50.702310479205586
2023-06-28T17:00:00,50.24018992548403
2023-06-28T18:00:00,47.20632752128269
2023-06-28T19:00:00,44.5261404617973
2023-06-28T20:00:00,42.31904519122579
2023-06-28T21:00:00,41.54344293345575
2023-06-28T22:00:00,41.07199146436608
2023-06-28T23:00:00,41.16123431661854
2023-06-29T00:00:00,42.586491460385524
2023-06-29T01:00:00,44.234443664550774
2023-06-29T02:00:00,37.85545979375424
2023-06-29T03:00:00,27.4438595149828
2023-06-29T04:00:00,21.82315113233483
2023-06-29T05:00:00,19.022134200386375
2023-06-29T06:00:00,17.87574660259744
2023-06-29T07:00:00,17.583134941432785
2023-06-29T08:00:00,17.673532403033715
2023-06-29T09:00:00,18.185726331627887
2023-06-29T10:00:00,18.756000850511633
2023-06-29T11:00:00,22.021557517673656
2023-06-29T12:00:00,31.403775090756618
2023-06-29T13:00:00,40.87887606413468
2023-06-29T14:00:00,48.92749919062074
2023-06-29T15:00:00,58.664263186247446
2023-06-29T16:00:00,63.9901419929836
2023-06-29T17:00:00,64.02131719174592
2023-06-29T18:00:00,61.656006356944204
2023-06-29T19:00:00,56.05249288807744
2023-06-29T20:00:00,49.409588855245836
2023-06-29T21:00:00,45.15303371263586
2023-06-29T22:00:00,44.24876934549082
2023-06-29T23:00:00,43.28073203045389
2023-06-30T00:00:00,42.28207729173742
2023-06-30T01:00:00,41.038673069166094
2023-06-30T02:00:00,35.979012530782946
2023-06-30T03:00:00,27.420970087466028
2023-06-30T04:00:00,24.329180841860563
2023-06-30T05:00:00,21.60534825532332
2023-06-30T06:00:00,18.792116413945735
2023-06-30T07:00:00,15.805862343829611
2023-06-30T08:00:00,14.109218390091605
2023-06-30T09:00:00,14.237790895544963
2023-06-30T10:00:00,15.39507724927819
2023-06-30T11:00:00,17.880759114804473
2023-06-30T12:00:00,24.923424181730848
2023-06-30T13:00:00,33.79858075017514
2023-06-30T14:00:00,41.319942640221626
2023-06-30T15:00:00,51.16489111858865
2023-06-30T16:00:00,57.49464914073114
2023-06-30T17:00:00,56.709029322085165
2023-06-30T18:00:00,55.96066201251485
2023-06-30T19:00:00,54.3334557906441
2023-06-30T20:00:00,51.800496142843485
2023-06-30T21:00:00,49.9609900764797
2023-06-30T22:00:00,48.36942656143851
2023-06-30T23:00:00,45.45895302813985
2023-07-01T00:00:00,45.99769210815429
2023-07-01T01:00:00,46.64372551959494
2023-07-01T02:00:00,41.99244175786556
2023-07-01T03:00:00,26.400574393894356
2023-07-01T04:00:00,21.338664428047508
2023-07-01T05:00:00,20.44221081941024
2023-07-01T06:00:00,20.64339057258938
2023-07-01T07:00:00,20.682743818863578
2023-07-01T08:00:00,20.883449305658754
2023-07-01T09:00:00,22.175923554793645
2023-07-01T10:00:00,24.82671206930409
2023-07-01T11:00:00,31.82987644361413
2023-07-01T12:00:00,44.8085302269977
2023-07-01T13:00:00,55.2738678973654
2023-07-01T14:00:00,60.12084081898565
2023-07-01T15:00:00,58.43478791610054
2023-07-01T16:00:00,50.530006076978594
2023-07-01T17:00:00,43.57205764107082
2023-07-01T18:00:00,38.78300957057787
2023-07-01T19:00:00,33.19824542169985
2023-07-01T20:00:00,27.77692239180855
2023-07-01T21:00:00,25.795483215995453
2023-07-01T22:00:00,25.801036254219383
2023-07-01T23:00:00,27.44432805932086
2023-07-02T00:00:00,30.373488135959793
2023-07-02T01:00:00,33.15158686430558
2023-07-02T02:00:00,31.006937192833934
2023-07-02T03:00:00,25.42926158075747
2023-07-02T04:00:00,23.973561908887778
2023-07-02T05:00:00,23.001953373784602
2023-07-02T06:00:00,22.251589070195735
2023-07-02T07:00:00,22.108948914901067
2023-07-02T08:00:00,20.517853363700535
2023-07-02T09:00:00,19.755445231562074
2023-07-02T10:00:00,21.05525091420049
2023-07-02T11:00:00,24.758941484534223
2023-07-02T12:00:00,32.50417427394701
2023-07-02T13:00:00,41.94390404742697
2023-07-02T14:00:00,54.93376474795134
2023-07-02T15:00:00,63.50685633783753
2023-07-02T16:00:00,61.37139444765836
2023-07-02T17:00:00,51.56794523156207
2023-07-02T18:00:00,39.02651562898055
2023-07-02T19:00:00,30.155320291933805
2023-07-02T20:00:00,29.895111664481785
2023-07-02T21:00:00,34.515810925027594
2023-07-02T22:00:00,33.83876070768937
2023-07-02T23:00:00,27.302738355553668
2023-07-03T00:00:00,25.269879797230594
2023-07-03T01:00:00,25.617728689442508
2023-07-03T02:00:00,20.723859455274496
2023-07-03T03:00:00,16.053951926853347
2023-07-03T04:00:00,13.609925809113873
2023-07-03T05:00:00,12.75193405151367
2023-07-03T06:00:00,12.43431821076766
2023-07-03T07:00:00,12.426607670991316
2023-07-03T08:00:00,12.717699838721233
2023-07-03T09:00:00,13.472138031669283
2023-07-03T10:00:00,14.841732191002885
2023-07-03T11:00:00,17.61816315028978
2023-07-03T12:00:00,24.513351523357887
2023-07-03T13:00:00,33.07932571742845
2023-07-03T14:00:00,37.379541314166524
2023-07-03T15:00:00,36.021677265996516
2023-07-03T16:00:00,35.07180471005647
2023-07-03T17:00:00,35.881633095119305
2023-07-03T18:00:00,35.03411218394403
2023-07-03T19:00:00,32.76128967948582
2023-07-03T20:00:00,31.857668918112047
2023-07-03T21:00:00,31.890776343967598
2023-07-03T22:00:00,30.76632416766622
2023-07-03T23:00:00,29.14537272245987
2023-07-04T00:00:00,29.494873295659602
2023-07-04T01:00:00,31.197961475538165
2023-07-04T02:00:00,31.243810404901918
2023-07-04T03:00:00,21.684716349062708
2023-07-04T04:00:00,18.027190332827356
2023-07-04T05:00:00,16.52940327188243
2023-07-04T06:00:00,17.61671854102093
2023-07-04T07:00:00,18.277951116147246
2023-07-04T08:00:00,16.9459289053212
2023-07-04T09:00:00,15.508886959241782
2023-07-04T10:00:00,17.665624245353364
2023-07-04T11:00:00,25.054836853690766
2023-07-04T12:00:00,33.12530608799146
2023-07-04T13:00:00,45.76732038414996
2023-07-04T14:00:00,47.56846386453379
2023-07-04T15:00:00,39.488620592200235
2023-07-04T16:00:00,31.53383072562839
2023-07-04T17:00:00,30.316980444866676
2023-07-04T18:00:00,41.72965456091839
2023-07-04T19:00:00,35.31543151192043
2023-07-04T20:00:00,24.062683105468746
2023-07-04T21:00:00,24.516669231912363
2023-07-04T22:00:00,24.64973234093707
2023-07-04T23:00:00,28.222680547963016
2023-07-05T00:00:00,27.843201761660367
2023-07-05T01:00:00,26.039550698321793
2023-07-05T02:00:00,31.042125038478687
2023-07-05T03:00:00,28.606470771457836
2023-07-05T04:00:00,19.471704317175824
2023-07-05T05:00:00,16.394173497739043
2023-07-05T06:00:00,16.958621895831563
2023-07-05T07:00:00,14.901500743368398
2023-07-05T08:00:00,15.172096625618309
2023-07-05T09:00:00,18.375925561656118
2023-07-05T10:00:00,20.898674342943274
2023-07-05T11:00:00,22.41704758353855
2023-07-05T12:00:00,23.878538712211277
2023-07-05T13:00:00,25.949085981949516
2023-07-05T14:00:00,26.10136098447053
2023-07-05T15:00:00,24.40692254771357
2023-07-05T16:00:00,25.477618590645164
2023-07-05T17:00:00,27.225865073826
2023-07-05T18:00:00,26.75807322626528
2023-07-05T19:00:00,25.504306129787274
2023-07-05T20:00:00,25.96558487933615
2023-07-05T21:00:00,26.86760321907375
2023-07-05T22:00:00,25.632505499798317
2023-07-05T23:00:00,24.31266975402832
2023-07-06T00:00:00,24.708855089933973
2023-07-06T01:00:00,25.555962769881535
2023-07-06T02:00:00,21.36622611336086
2023-07-06T03:00:00,16.80662221493928
2023-07-06T04:00:00,15.321622848510742
2023-07-06T05:00:00,14.437319216520889
2023-07-06T06:00:00,14.004863946334174
2023-07-06T07:00:00,13.993919040845787
2023-07-06T08:00:00,14.291422761004902
2023-07-06T09:00:00,15.367466429005496
2023-07-06T10:00:00,17.192547590836234
2023-07-06T11:00:00,20.0767825582753
2023-07-06T12:00:00,24.685293861057445
2023-07-06T13:00:00,29.560395613960594
2023-07-06T14:00:00,34.188116156536594
2023-07-06T15:00:00,38.388271663499914
2023-07-06T16:00:00,42.14246285480001
2023-07-06T17:00:00,43.56846004983653
2023-07-06T18:00:00,43.602962162183665
2023-07-06T19:00:00,43.06169775257939
2023-07-06T20:00:00,43.005467953889266
2023-07-06T21:00:00,43.7298122903575
2023-07-06T22:00:00,44.320069852082625
2023-07-06T23:00:00,43.982468646505595
2023-07-07T00:00:00,44.16848721711531
2023-07-07T01:00:00,40.501898558243454
2023-07-07T02:00:00,26.643968499225117
2023-07-07T03:00:00,20.695718516474184
2023-07-07T04:00:00,18.499578061311137
2023-07-07T05:00:00,18.22817205346149
2023-07-07T06:00:00,18.251295919003695
2023-07-07T07:00:00,17.314401792443316
2023-07-07T08:00:00,16.147792069808293
2023-07-07T09:00:00,15.08927374300749
2023-07-07T10:00:00,14.938368838766344
2023-07-07T11:00:00,18.646700402964715
2023-07-07T12:00:00,27.981814425924547
2023-07-07T13:00:00,29.01858570264733
2023-07-07T14:00:00,28.795298286106274
2023-07-07T15:00:00,32.96950746619183
2023-07-07T16:00:00,34.03033347751783
2023-07-07T17:00:00,33.432385983674415
2023-07-07T18:00:00,33.407489693683125
2023-07-07T19:00:00,33.69241946676503
2023-07-07T20:00:00,32.41628207331119
2023-07-07T21:00:00,29.891358499941614
2023-07-07T22:00:00,27.31364474089249
2023-07-07T23:00:00,26.40390105869459
2023-07-08T00:00:00,27.08615385967752
2023-07-08T01:00:00,26.95311106806216
2023-07-08T02:00:00,20.933284427808676
2023-07-08T03:00:00,17.96781515038532
2023-07-08T04:00:00,16.991581211919367
2023-07-08T05:00:00,16.81420508674953
2023-07-08T06:00:00,16.46573149639627
2023-07-08T07:00:00,15.874302573825998
2023-07-08T08:00:00,15.719082542087719
2023-07-08T09:00:00,15.880406172379203
2023-07-08T10:00:00,16.51060742917268
2023-07-08T11:00:00,18.299243014791735
2023-07-08T12:00:00,23.11026788794476
2023-07-08T13:00:00,30.275989366614297
2023-07-08T14:00:00,37.717344864555024
2023-07-08T15:00:00,43.06850002122962
2023-07-08T16:00:00,46.24940938534943
2023-07-08T17:00:00,47.84122848510742
2023-07-08T18:00:00,48.52169783219047
2023-07-08T19:00:00,48.66951900979746
2023-07-08T20:00:00,47.84163781870966
2023-07-08T21:00:00,46.980836453645125
2023-07-08T22:00:00,46.7562899382218
2023-07-08T23:00:00,46.97035731440005
2023-07-09T00:00:00,47.38220928026282
2023-07-09T01:00:00,48.4379710321841
2023-07-09T02:00:00,42.57631368222443
2023-07-09T03:00:00,30.957759359608524
2023-07-09T04:00:00,26.728643334430195
2023-07-09T05:00:00,25.882114907969594
2023-07-09T06:00:00,25.15169807102369
2023-07-09T07:00:00,24.84336255944293
2023-07-09T08:00:00,24.77621741916822
2023-07-09T09:00:00,24.759697540946625
2023-07-09T10:00:00,25.06979237432065
2023-07-09T11:00:00,26.920267105102536
2023-07-09T12:00:00,31.53539508322011
2023-07-09T13:00:00,38.2924401656441
2023-07-09T14:00:00,44.75903502754543
2023-07-09T15:00:00,47.882234490436055
2023-07-09T16:00:00,44.38621587338655
2023-07-09T17:00:00,49.95530020672342
2023-07-09T18:00:00,59.35670355091923
2023-07-09T19:00:00,66.37560703443444
2023-07-09T20:00:00,68.56939000668731
2023-07-09T21:00:00,67.81278626815131
2023-07-09T22:00:00,67.16215780506963
2023-07-09T23:00:00,66.76468028192933
2023-07-10T00:00:00,67.4396684066109
2023-07-10T01:00:00,64.0171999724015
2023-07-10T02:00:00,44.04598285840905
2023-07-10T03:00:00,31.92745822408925
2023-07-10T04:00:00,26.834701455157738
2023-07-10T05:00:00,23.34404364876125
2023-07-10T06:00:00,21.363078158834703
2023-07-10T07:00:00,20.613469248232633
2023-07-10T08:00:00,20.357340854147207
2023-07-10T09:00:00,20.976693028989043
2023-07-10T10:00:00,23.690502747245453
2023-07-10T11:00:00,28.368337299512778
2023-07-10T12:00:00,36.88793762870457
2023-07-10T13:00:00,43.350929260253906
2023-07-10T14:00:00,49.3702981368355
2023-07-10T15:00:00,54.324876868206516
2023-07-10T16:00:00,59.91344319219174
2023-07-10T17:00:00,64.21388974397078
2023-07-10T18:00:00,69.79953815626061
2023-07-10T19:00:00,74.2086291105851
2023-07-10T20:00:00,78.80675274392831
2023-07-10T21:00:00,83.75329755700153
2023-07-10T22:00:00,88.20558232846467
2023-07-10T23:00:00,78.0207463140073
2023-07-11T00:00:00,70.61449565058169
2023-07-11T01:00:00,77.57982436470361
2023-07-11T02:00:00,54.16680891617484
2023-07-11T03:00:00,29.39251841669497
2023-07-11T04:00:00,25.71134144326915
2023-07-11T05:00:00,23.955779448799465
2023-07-11T06:00:00,22.968362476514734
2023-07-11T07:00:00,23.064515735792074
2023-07-11T08:00:00,23.418745538462762
2023-07-11T09:00:00,23.46531246019446
2023-07-11T10:00:00,24.0442128388778
2023-07-11T11:00:00,27.07842818550441
2023-07-11T12:00:00,36.252356487771735
2023-07-11T13:00:00,47.41302208278489
2023-07-11T14:00:00,55.50920652306598
2023-07-11T15:00:00,54.62813601286515
2023-07-11T16:00:00,53.05711646701978
2023-07-11T17:00:00,51.98148860102114
2023-07-11T18:00:00,50.33429933630901
2023-07-11T19:00:00,47.04802455072817
2023-07-11T20:00:00,44.614880935005516
2023-07-11T21:00:00,44.05464819203252
2023-07-11T22:00:00,42.54384347666864
2023-07-11T23:00:00,41.62819588702658
2023-07-12T00:00:00,43.034918411918305
2023-07-12T01:00:00,40.22809617415718
2023-07-12T02:00:00,23.107579189798106
2023-07-12T03:00:00,19.373832039211106
2023-07-12T04:00:00,19.770539325216543
2023-07-12T05:00:00,20.304013293722402
2023-07-12T06:00:00,20.684783106264856
2023-07-12T07:00:00,20.969808412634805
2023-07-12T08:00:00,21.181621800298277
2023-07-12T09:00:00,21.47790767835534
2023-07-12T10:00:00,22.589911999909773
2023-07-12T11:00:00,25.271210463150684
2023-07-12T12:00:00,33.13359011774477
2023-07-12T13:00:00,40.25067934782608
2023-07-12T14:00:00,47.240370543106735
2023-07-12T15:00:00,53.77222392870032
2023-07-12T16:00:00,56.36401632557743
2023-07-12T17:00:00,57.145328024159305
2023-07-12T18:00:00,56.79876592884893
2023-07-12T19:00:00,54.25740996651027
2023-07-12T20:00:00,51.591275256613024
2023-07-12T21:00:00,49.92816692849864
2023-07-12T22:00:00,47.87671196979024
2023-07-12T23:00:00,46.02975181911302
2023-07-13T00:00:00,45.10989131098208
2023-07-13T01:00:00,41.88245441602624
2023-07-13T02:00:00,31.181453373121176
2023-07-13T03:00:00,26.343588372935418
2023-07-13T04:00:00,24.158529281616207
2023-07-13T05:00:00,23.061669059421703
2023-07-13T06:00:00,22.153815559718918
2023-07-13T07:00:00,21.434889420219086
2023-07-13T08:00:00,20.942684919937797
2023-07-13T09:00:00,20.82941851408585
2023-07-13T10:00:00,21.70556292326554
2023-07-13T11:00:00,24.21080000504203
2023-07-13T12:00:00,30.645533022673234
2023-07-13T13:00:00,37.48603986657184
2023-07-13T14:00:00,42.57682153452997
2023-07-13T15:00:00,47.98235868371051
2023-07-13T16:00:00,53.51399811454441
2023-07-13T17:00:00,55.14785600745159
2023-07-13T18:00:00,53.429541546365485
2023-07-13T19:00:00,50.68953373121178
2023-07-13T20:00:00,47.30470309050186
2023-07-13T21:00:00,44.9038261745287
2023-07-13T22:00:00,43.36032502547554
2023-07-13T23:00:00,43.08223691193953
2023-07-14T00:00:00,43.479806319527
2023-07-14T01:00:00,41.34759770268979
2023-07-14T02:00:00,34.86439547331436
2023-07-14T03:00:00,31.209594394849695
2023-07-14T04:00:00,27.530736093935758
2023-07-14T05:00:00,24.853884406711742
2023-07-14T06:00:00,23.278430689936098
2023-07-14T07:00:00,22.661613381427266
2023-07-14T08:00:00,22.861049817956008
2023-07-14T09:00:00,23.31655236949091
2023-07-14T10:00:00,24.99493250639542
2023-07-14T11:00:00,28.777846377828844
2023-07-14T12:00:00,36.15232948634936
2023-07-14T13:00:00,46.247873057489805
2023-07-14T14:00:00,54.079909780751095
2023-07-14T15:00:00,57.41140863169794
2023-07-14T16:00:00,58.45556590868079
2023-07-14T17:00:00,60.156114992888064
2023-07-14T18:00:00,55.80248409768809
2023-07-14T19:00:00,50.144561270008914
2023-07-14T20:00:00,41.3047691013502
2023-07-14T21:00:00,38.125985850458555
2023-07-14T22:00:00,38.28090385768724
2023-07-14T23:00:00,40.16171248062797
2023-07-15T00:00:00,43.63379984316618
2023-07-15T01:00:00,41.40367740133534
2023-07-15T02:00:00,28.405565759410024
2023-07-15T03:00:00,22.336472552755602
2023-07-15T04:00:00,20.392254705014434
2023-07-15T05:00:00,20.460828449415125
2023-07-15T06:00:00,20.648160519807234
2023-07-15T07:00:00,20.358601196952485
2023-07-15T08:00:00,20.468187580937922
2023-07-15T09:00:00,21.160742801168688
2023-07-15T10:00:00,22.65223154814347
2023-07-15T11:00:00,26.877137971960977
2023-07-15T12:00:00,33.31774836001189
2023-07-15T13:00:00,41.6561163197393
2023-07-15T14:00:00,46.654857303785235
2023-07-15T15:00:00,49.32140151314113
2023-07-15T16:00:00,50.44044793170431
2023-07-15T17:00:00,50.81525719684103
2023-07-15T18:00:00,47.34849913223929
2023-07-15T19:00:00,42.75014661706012
2023-07-15T20:00:00,37.71307207190472
2023-07-15T21:00:00,34.46770684615425
2023-07-15T22:00:00,33.402895471324086
2023-07-15T23:00:00,33.37694673952849
2023-07-16T00:00:00,33.96914838707965
2023-07-16T01:00:00,32.62217297761336
2023-07-16T02:00:00,26.325445175170895
2023-07-16T03:00:00,22.559327084085215
2023-07-16T04:00:00,20.658771266107973
2023-07-16T05:00:00,19.417074120563008
2023-07-16T06:00:00,18.54973038383152
2023-07-16T07:00:00,18.232532501220703
2023-07-16T08:00:00,18.19833299388056
2023-07-16T09:00:00,18.315348086149793
2023-07-16T10:00:00,19.352577789970063
2023-07-16T11:00:00,23.825141906738278
2023-07-16T12:00:00,33.87893278702445
2023-07-16T13:00:00,44.848668305770204
2023-07-16T14:00:00,49.65204968659774
2023-07-16T15:00:00,52.262640082317844
2023-07-16T16:00:00,54.94053699659264
2023-07-16T17:00:00,57.71550468776537
2023-07-16T18:00:00,57.66581974858823
2023-07-16T19:00:00,53.81176674884298
2023-07-16T20:00:00,48.37524331134298
2023-07-16T21:00:00,44.694370933201
2023-07-16T22:00:00,42.37310973457667
2023-07-16T23:00:00,40.634813391644016
2023-07-17T00:00:00,39.604412078857415
2023-07-17T01:00:00,37.26002054629118
2023-07-17T02:00:00,26.81176351464313
2023-07-17T03:00:00,22.96559433315111
2023-07-17T04:00:00,20.57944820238196
2023-07-17T05:00:00,19.43301491115404
2023-07-17T06:00:00,18.779392657072645
2023-07-17T07:00:00,18.498799448427945
2023-07-17T08:00:00,19.039663314819336
2023-07-17T09:00:00,20.195325851440426
2023-07-17T10:00:00,21.932292026022203
2023-07-17T11:00:00,25.683067072992735
2023-07-17T12:00:00,34.55581698210342
2023-07-17T13:00:00,42.066675103229024
2023-07-17T14:00:00,44.34663125743036
2023-07-17T15:00:00,45.35266113281249
2023-07-17T16:00:00,45.751514932383664
2023-07-17T17:00:00,44.64288164221722
2023-07-17T18:00:00,39.80571912682575
2023-07-17T19:00:00,34.89043758226477
2023-07-17T20:00:00,32.67897141498068
2023-07-17T21:00:00,32.31314907903256
2023-07-17T22:00:00,31.489027355028227
2023-07-17T23:00:00,29.63104994400687
2023-07-18T00:00:00,27.711095975792922
2023-07-18T01:00:00,25.633628098861028
2023-07-18T02:00:00,21.698206528373383
2023-07-18T03:00:00,17.581284315689746
2023-07-18T04:00:00,17.12515996850055
2023-07-18T05:00:00,17.48769710374915
2023-07-18T06:00:00,17.369748737501062
2023-07-18T07:00:00,16.467195925505262
2023-07-18T08:00:00,15.821718215942381
2023-07-18T09:00:00,15.601086243339203
2023-07-18T10:00:00,15.411967070206352
2023-07-18T11:00:00,16.3352866794752
2023-07-18T12:00:00,20.95075864377229
2023-07-18T13:00:00,24.8593750829282
2023-07-18T14:00:00,26.06254619100819
2023-07-18T15:00:00,26.304270039434016
2023-07-18T16:00:00,25.537231362384293
2023-07-18T17:00:00,24.81942044133725
2023-07-18T18:00:00,25.713782351949938
2023-07-18T19:00:00,25.623843317446497
2023-07-18T20:00:00,23.255058205646016
2023-07-18T21:00:00,21.714974444845446
2023-07-18T22:00:00,21.98121518674104
2023-07-18T23:00:00,22.54439992490022
2023-07-19T00:00:00,23.141504370647922
2023-07-19T01:00:00,23.875943888788637
2023-07-19T02:00:00,19.170408248901367
2023-07-19T03:00:00,16.25007281096085
2023-07-19T04:00:00,16.10841834026834
2023-07-19T05:00:00,15.920649818752121
2023-07-19T06:00:00,15.240485315737516
2023-07-19T07:00:00,14.9603155384893
2023-07-19T08:00:00,15.142603915670641
2023-07-19T09:00:00,15.866328280905016
2023-07-19T10:00:00,17.458597929581348
2023-07-19T11:00:00,21.601759454478387
2023-07-19T12:00:00,25.77927556245223
2023-07-19T13:00:00,28.8181849769924
2023-07-19T14:00:00,29.87574486110521
2023-07-19T15:00:00,30.254305963930868
2023-07-19T16:00:00,31.562382739523176
2023-07-19T17:00:00,32.54901322074558
2023-07-19T18:00:00,32.38099272354789
2023-07-19T19:00:00,30.895014555557907
2023-07-19T20:00:00,29.590167418770164
2023-07-19T21:00:00,27.440475215082582
2023-07-19T22:00:00,25.873777057813555
2023-07-19T23:00:00,25.2605678724206
2023-07-20T00:00:00,24.74649263464886
2023-07-20T01:00:00,25.266302191692848
2023-07-20T02:00:00,22.62182335231615
2023-07-20T03:00:00,20.34260210783585
2023-07-20T04:00:00,18.962202901425567
2023-07-20T05:00:00,17.92771480394446
2023-07-20T06:00:00,17.29663857169773
2023-07-20T07:00:00,17.047570601753566
2023-07-20T08:00:00,17.025594960088313
2023-07-20T09:00:00,16.931324253911555
2023-07-20T10:00:00,17.051399396813434
2023-07-20T11:00:00,19.317129632701043
2023-07-20T12:00:00,25.672976286514945
2023-07-20T13:00:00,29.433012506236196
2023-07-20T14:00:00,31.166980743408203
2023-07-20T15:00:00,30.42122534047002
2023-07-20T16:00:00,29.101736898007594
2023-07-20T17:00:00,30.762119210284688
2023-07-20T18:00:00,31.26617962381114
2023-07-20T19:00:00,28.844931229301118
2023-07-20T20:00:00,26.05579484027365
2023-07-20T21:00:00,24.505416289619774
2023-07-20T22:00:00,23.181640459143594
2023-07-20T23:00:00,21.858982334966242
2023-07-21T00:00:00,21.54096238509468
2023-07-21T01:00:00,21.854266042294707
2023-07-21T02:00:00,17.407002739284348
2023-07-21T03:00:00,14.874567902606467
2023-07-21T04:00:00,13.570138019064197
2023-07-21T05:00:00,12.889052847157352
2023-07-21T06:00:00,12.359077287756877
2023-07-21T07:00:00,11.868209507154381
2023-07-21T08:00:00,11.511659705120582
2023-07-21T09:00:00,11.391124310700787
2023-07-21T10:00:00,11.853456248407777
2023-07-21T11:00:00,13.602338790893553
2023-07-21T12:00:00,17.731117331463356
2023-07-21T13:00:00,20.85071754455566
2023-07-21T14:00:00,23.382594481758446
2023-07-21T15:00:00,26.356211537900176
2023-07-21T16:00:00,26.142275851705797
2023-07-21T17:00:00,24.44720417520274
2023-07-21T18:00:00,22.613004518591833
2023-07-21T19:00:00,19.877906882244602
2023-07-21T20:00:00,19.53094424372134
2023-07-21T21:00:00,18.871805771537446
2023-07-21T22:00:00,18.7211043316385
2023-07-21T23:00:00,18.98462892615277
2023-07-22T00:00:00,19.575491117394485
2023-07-22T01:00:00,19.22463101926057
2023-07-22T02:00:00,16.53804654660432
2023-07-22T03:00:00,15.350723888563072
2023-07-22T04:00:00,15.271382290384043
2023-07-22T05:00:00,15.675739785899284
2023-07-22T06:00:00,16.182477951049805
2023-07-22T07:00:00,16.620785588803496
2023-07-22T08:00:00,17.126834537671957
2023-07-22T09:00:00,17.640573667443316
2023-07-22T10:00:00,17.85938279525093
2023-07-22T11:00:00,18.69153777412746
2023-07-22T12:00:00,21.207447300786555
2023-07-22T13:00:00,24.142584676327907
2023-07-22T14:00:00,27.132106781005856
2023-07-22T15:00:00,29.560563045999277
2023-07-22T16:00:00,30.87506493278171
2023-07-22T17:00:00,30.968454692674715
2023-07-22T18:00:00,31.732095718383786
2023-07-22T19:00:00,32.413810647052266
2023-07-22T20:00:00,32.300162522689156
2023-07-22T21:00:00,32.459046405294664
2023-07-22T22:00:00,32.60681824062181
2023-07-22T23:00:00,32.599075317382805
2023-07-23T00:00:00,32.6965858625329
2023-07-23T01:00:00,33.06529376817785
2023-07-23T02:00:00,30.087018054464586
2023-07-23T03:00:00,26.099412254665207
2023-07-23T04:00:00,23.941757782645848
2023-07-23T05:00:00,23.105291449505348
2023-07-23T06:00:00,23.02631859157396
2023-07-23T07:00:00,23.353750228881836
2023-07-23T08:00:00,23.388992392498512
2023-07-23T09:00:00,23.710755306741465
2023-07-23T10:00:00,25.30318857275921
2023-07-23T11:00:00,28.792551704075024
2023-07-23T12:00:00,34.388502203899876
2023-07-23T13:00:00,40.132479957912274
2023-07-23T14:00:00,44.485454725182564
2023-07-23T15:00:00,47.830571050229274
2023-07-23T16:00:00,50.203303793202274
2023-07-23T17:00:00,50.394471044125766
2023-07-23T18:00:00,49.65481302012567
2023-07-23T19:00:00,46.66156387329101
2023-07-23T20:00:00,47.4362326912258
2023-07-23T21:00:00,48.92033386230468
2023-07-23T22:00:00,45.298580169677734
2023-07-23T23:00:00,37.50678800499957
2023-07-24T00:00:00,34.272370296975836
2023-07-24T01:00:00,34.61467179008151
2023-07-24T02:00:00,29.784931597502332
2023-07-24T03:00:00,27.65223594333814
2023-07-24T04:00:00,26.004404565562368
2023-07-24T05:00:00,24.61386390354322
2023-07-24T06:00:00,23.638232604317043
2023-07-24T07:00:00,22.673308165177055
2023-07-24T08:00:00,21.38939741383428
2023-07-24T09:00:00,21.56078239109205
2023-07-24T10:00:00,23.172604851100754
2023-07-24T11:00:00,25.796819521033242
2023-07-24T12:00:00,28.9899381554645
2023-07-24T13:00:00,31.686917097672172
2023-07-24T14:00:00,34.35741938715395
2023-07-24T15:00:00,36.347600190535836
2023-07-24T16:00:00,36.7139774820079
2023-07-24T17:00:00,36.598365617835
2023-07-24T18:00:00,36.77731771054475
2023-07-24T19:00:00,37.084847160007634
2023-07-24T20:00:00,38.13842441724694
2023-07-24T21:00:00,39.17592736949091
2023-07-24T22:00:00,39.634968135667876
2023-07-24T23:00:00,39.821177441140875
2023-07-25T00:00:00,40.07746290123981
2023-07-25T01:00:00,40.2897894486137
2023-07-25T02:00:00,36.021832010020375
2023-07-25T03:00:00,28.191246115643043
2023-07-25T04:00:00,23.560564621635102
2023-07-25T05:00:00,21.168929639069926
2023-07-25T06:00:00,20.785789158033285
2023-07-25T07:00:00,20.75196830086086
2023-07-25T08:00:00,21.078866626905356
2023-07-25T09:00:00,21.520530534827184
2023-07-25T10:00:00,22.956346263056215
2023-07-25T11:00:00,26.57359977390455
2023-07-25T12:00:00,32.142820109491765
2023-07-25T13:00:00,36.388617639956266
2023-07-25T14:00:00,38.36535495260487
2023-07-25T15:00:00,39.33548653644064
2023-07-25T16:00:00,40.22581548276155
2023-07-25T17:00:00,41.708696116571836
2023-07-25T18:00:00,42.6770603345788
2023-07-25T19:00:00,42.06712241794751
2023-07-25T20:00:00,41.10241931417713
2023-07-25T21:00:00,41.00595009845236
2023-07-25T22:00:00,40.78517266978388
2023-07-25T23:00:00,40.21212735383406
2023-07-26T00:00:00,41.0778052288553
2023-07-26T01:00:00,42.00784467614215
2023-07-26T02:00:00,32.2279231030008
2023-07-26T03:00:00,24.386659456335977
2023-07-26T04:00:00,21.95685958862304
2023-07-26T05:00:00,21.708311163860813
2023-07-26T06:00:00,21.91896173228388
2023-07-26T07:00:00,20.78521687051524
2023-07-26T08:00:00,19.261467892190684
2023-07-26T09:00:00,19.11706725410793
2023-07-26T10:00:00,21.574763173642364
2023-07-26T11:00:00,27.493884791498594
2023-07-26T12:00:00,36.71497013257897
2023-07-26T13:00:00,41.638874385667876
2023-07-26T14:00:00,45.940174102783196
2023-07-26T15:00:00,51.936305833899446
2023-07-26T16:00:00,57.49554045304007
2023-07-26T17:00:00,58.17614928535793
2023-07-26T18:00:00,57.190341617750086
2023-07-26T19:00:00,56.984192889669664
2023-07-26T20:00:00,58.70657912544581
2023-07-26T21:00:00,59.93927035124405
2023-07-26T22:00:00,58.85423494421917
2023-07-26T23:00:00,56.954599297564954
2023-07-27T00:00:00,55.83881743057914
2023-07-27T01:00:00,53.74879074096679
2023-07-27T02:00:00,30.6699685635774
2023-07-27T03:00:00,21.41841921599015
2023-07-27T04:00:00,19.84874609242315
2023-07-27T05:00:00,19.300158625063688
2023-07-27T06:00:00,18.84352111816406
2023-07-27T07:00:00,18.486697901850164
2023-07-27T08:00:00,17.515401010927945
2023-07-27T09:00:00,17.412558597067125
2023-07-27T10:00:00,19.31278900478197
2023-07-27T11:00:00,24.578299812648606
2023-07-27T12:00:00,35.91269269196883
2023-07-27T13:00:00,45.41685701453167
2023-07-27T14:00:00,46.25780387546704
2023-07-27T15:00:00,47.33861093935759
2023-07-27T16:00:00,47.6573023588761
2023-07-27T17:00:00,48.8924679963485
2023-07-27T18:00:00,50.298965288245164
2023-07-27T19:00:00,50.19131751682447
2023-07-27T20:00:00,44.94214530613111
2023-07-27T21:00:00,40.79648175446883
2023-07-27T22:00:00,38.52279198688009
2023-07-27T23:00:00,37.25320567255434
2023-07-28T00:00:00,37.093388018400766
2023-07-28T01:00:00,33.10590536698051
2023-07-28T02:00:00,22.532974326092262
2023-07-28T03:00:00,18.730924938036047
2023-07-28T04:00:00,17.332635133162785
2023-07-28T05:00:00,16.174485413924504
2023-07-28T06:00:00,14.94923284779424
2023-07-28T07:00:00,14.396801326585852
2023-07-28T08:00:00,14.467273297517195
2023-07-28T09:00:00,14.867552259693973
2023-07-28T10:00:00,15.753207579902979
2023-07-28T11:00:00,17.808160367219344
2023-07-28T12:00:00,23.44319385030995
2023-07-28T13:00:00,30.130319346552305
2023-07-28T14:00:00,32.3521262459133
2023-07-28T15:00:00,34.08793208910071
2023-07-28T16:00:00,35.2929228077764
2023-07-28T17:00:00,35.63711846393087
2023-07-28T18:00:00,36.36363087529721
2023-07-28T19:00:00,34.6864771635636
2023-07-28T20:00:00,32.8095646733823
2023-07-28T21:00:00,33.17761371446692
2023-07-28T22:00:00,33.960169004357375
2023-07-28T23:00:00,33.87382283418075
2023-07-29T00:00:00,33.90375228550123
2023-07-29T01:00:00,31.23966291676397
2023-07-29T02:00:00,20.63378234531568
2023-07-29T03:00:00,16.013610632523243
2023-07-29T04:00:00,14.662365747534707
2023-07-29T05:00:00,14.249913547350012
2023-07-29T06:00:00,14.111049693563707
2023-07-29T07:00:00,13.96422535440196
2023-07-29T08:00:00,13.706123393514881
2023-07-29T09:00:00,13.6931792134824
2023-07-29T10:00:00,14.192493811897608
2023-07-29T11:00:00,16.039036211760145
2023-07-29T12:00:00,21.180651789126188
2023-07-29T13:00:00,27.36916591810143
2023-07-29T14:00:00,31.515254642652426
2023-07-29T15:00:00,33.01229037409243
2023-07-29T16:00:00,31.570414584615953
2023-07-29T17:00:00,29.906181335449215
2023-07-29T18:00:00,28.82792248933211
2023-07-29T19:00:00,28.809692299884293
2023-07-29T20:00:00,27.61062207429305
2023-07-29T21:00:00,26.598533049873684
2023-07-29T22:00:00,24.70817541039508
2023-07-29T23:00:00,24.118078065955117
2023-07-30T00:00:00,24.428956156191617
2023-07-30T01:00:00,23.288993337880008
2023-07-30T02:00:00,17.229744786801543
2023-07-30T03:00:00,14.948989412058953
2023-07-30T04:00:00,13.704730282659114
2023-07-30T05:00:00,13.290384043817934
2023-07-30T06:00:00,13.200485727061393
2023-07-30T07:00:00,13.25585879450259
2023-07-30T08:00:00,13.207207389499828
2023-07-30T09:00:00,13.336873800858205
2023-07-30T10:00:00,14.029909963193145
2023-07-30T11:00:00,15.476031635118566
2023-07-30T12:00:00,18.679132212763243
2023-07-30T13:00:00,22.988630792369012
2023-07-30T14:00:00,25.799524887748383
2023-07-30T15:00:00,27.732848291811734
2023-07-30T16:00:00,28.324062762053114
2023-07-30T17:00:00,28.304329664810837
2023-07-30T18:00:00,28.83667357071586
2023-07-30T19:00:00,30.28015277696692
2023-07-30T20:00:00,31.06236764659052
2023-07-30T21:00:00,30.16874868973442
2023-07-30T22:00:00,27.818564871083133
2023-07-30T23:00:00,26.480574898097824
2023-07-31T00:00:00,26.237516071485434
2023-07-31T01:00:00,26.435722931571625
2023-07-31T02:00:00,18.952978465868075
2023-07-31T03:00:00,15.883365133534305
2023-07-31T04:00:00,15.251201919887375
2023-07-31T05:00:00,14.82515057273533
2023-07-31T06:00:00,14.488438191621198
2023-07-31T07:00:00,14.252136064612346
2023-07-31T08:00:00,14.326876764712125
2023-07-31T09:00:00,14.15925361799157
2023-07-31T10:00:00,15.302441057951553
2023-07-31T11:00:00,18.510882170304004
2023-07-31T12:00:00,24.869907710863192
2023-07-31T13:00:00,29.647427683291223
2023-07-31T14:00:00,32.18781869307808
2023-07-31T15:00:00,35.11843026202658
2023-07-31T16:00:00,36.84682041665781
2023-07-31T17:00:00,37.0286808843198
2023-07-31T18:00:00,36.235672743424125
2023-07-31T19:00:00,33.749689599742055
2023-07-31T20:00:00,32.350544556327485
2023-07-31T21:00:00,32.346067262732454
2023-07-31T22:00:00,33.97013689124065
2023-07-31T23:00:00,34.993727476700485
2023-08-01T00:00:00,34.619552529376485
2023-08-01T01:00:00,31.89172860850458
2023-08-01T02:00:00,24.727445270704184
2023-08-01T03:00:00,20.157847197159473
2023-08-01T04:00:00,17.835794365924336
2023-08-01T05:00:00,16.542406413866125
2023-08-01T06:00:00,15.666452739549717
2023-08-01T07:00:00,15.053998283717942
2023-08-01T08:00:00,14.768535531085467
2023-08-01T09:00:00,14.870752127274221
2023-08-01T10:00:00,15.532768208047617
2023-08-01T11:00:00,18.267426200534985
2023-08-01T12:00:00,24.556813115658965
2023-08-01T13:00:00,30.63364219665527
2023-08-01T14:00:00,35.09510770051375
2023-08-01T15:00:00,36.688409307728634
2023-08-01T16:00:00,35.24240377674931
2023-08-01T17:00:00,31.965662251348075
2023-08-01T18:00:00,30.01938173045282
2023-08-01T19:00:00,28.644767927086868
2023-08-01T20:00:00,28.679147720336907
2023-08-01T21:00:00,29.366024846615996
2023-08-01T22:00:00,30.184538799783454
2023-08-01T23:00:00,30.06340847844663
2023-08-02T00:00:00,31.788875331049372
2023-08-02T01:00:00,30.539092105367907
2023-08-02T02:00:00,23.649728360383406
2023-08-02T03:00:00,18.30601460000743
2023-08-02T04:00:00,16.537929369055703
2023-08-02T05:00:00,15.57831573486328
2023-08-02T06:00:00,14.644091357355531
2023-08-02T07:00:00,14.12996362603229
2023-08-02T08:00:00,14.148064737734586
2023-08-02T09:00:00,14.505894453629201
2023-08-02T10:00:00,15.438181835672129
2023-08-02T11:00:00,17.65968040798021
2023-08-02T12:00:00,22.41699583634086
2023-08-02T13:00:00,28.41891338514245
2023-08-02T14:00:00,33.26578322700832
2023-08-02T15:00:00,35.973117496656336
2023-08-02T16:00:00,38.01750050420346
2023-08-02T17:00:00,41.54561349619989
2023-08-02T18:00:00,44.67455159062924
2023-08-02T19:00:00,41.88346133024796
2023-08-02T20:00:00,38.06849081619925
2023-08-02T21:00:00,36.759298822154165
2023-08-02T22:00:00,35.37548056892726
2023-08-02T23:00:00,34.971083019090734
2023-08-03T00:00:00,34.95619748986285
2023-08-03T01:00:00,32.61108854542608
2023-08-03T02:00:00,23.51327274156653
2023-08-03T03:00:00,19.75221360248068
2023-08-03T04:00:00,18.243523805037785
2023-08-03T05:00:00,17.78327593596085
2023-08-03T06:00:00,17.840049329011332
2023-08-03T07:00:00,18.16758578756581
2023-08-03T08:00:00,18.93080844049868
2023-08-03T09:00:00,19.589091674141258
2023-08-03T10:00:00,20.195304207179856
2023-08-03T11:00:00,21.637947082519528
2023-08-03T12:00:00,27.729734503704567
2023-08-03T13:00:00,35.00073922198751
2023-08-03T14:00:00,38.63782252436098
2023-08-03T15:00:00,40.782210474428915
2023-08-03T16:00:00,41.03441288160241
2023-08-03T17:00:00,39.18249992702318
2023-08-03T18:00:00,36.73983084637186
2023-08-03T19:00:00,35.44389326676078
2023-08-03T20:00:00,36.51552855450174
2023-08-03T21:00:00,37.40650633107061
2023-08-03T22:00:00,36.180912432463266
2023-08-03T23:00:00,34.44642713795537
2023-08-04T00:00:00,34.46115021083666
2023-08-04T01:00:00,32.47135576994523
2023-08-04T02:00:00,22.999737034673274
2023-08-04T03:00:00,19.46119109443996
2023-08-04T04:00:00,18.58298990000849
2023-08-04T05:00:00,18.62002878603728
2023-08-04T06:00:00,19.06575086842412
2023-08-04T07:00:00,19.652730278346844
2023-08-04T08:00:00,20.106597568677817
2023-08-04T09:00:00,20.306306756061055
2023-08-04T10:00:00,20.702904742697008
2023-08-04T11:00:00,22.234613750291903
2023-08-04T12:00:00,28.053617892058
2023-08-04T13:00:00,36.951635609502375
2023-08-04T14:00:00,44.751896567966625
2023-08-04T15:00:00,51.06935451341712
2023-08-04T16:00:00,54.25960756384808
2023-08-04T17:00:00,55.344754260519274
2023-08-04T18:00:00,55.82431478085724
2023-08-04T19:00:00,51.36108066724694
2023-08-04T20:00:00,48.05666036191193
2023-08-04T21:00:00,43.84953590061354
2023-08-04T22:00:00,42.483910104502804
2023-08-04T23:00:00,42.28644976408585
2023-08-05T00:00:00,42.58155441284179
2023-08-05T01:00:00,38.61372060361115
2023-08-05T02:00:00,24.92780818109927
2023-08-05T03:00:00,19.237080864284348
2023-08-05T04:00:00,17.04894505376401
2023-08-05T05:00:00,16.459630385689113
2023-08-05T06:00:00,16.415063443391215
2023-08-05T07:00:00,16.566247027853258
2023-08-05T08:00:00,16.701811831930407
2023-08-05T09:00:00,16.928983356641684
2023-08-05T10:00:00,17.59228664895762
2023-08-05T11:00:00,19.50301584990128
2023-08-05T12:00:00,26.139287119326383
2023-08-05T13:00:00,37.525283813476555
2023-08-05T14:00:00,45.158819944962204
2023-08-05T15:00:00,50.0768061098845
2023-08-05T16:00:00,53.214682371720016
2023-08-05T17:00:00,55.320233552352235
2023-08-05T18:00:00,55.06087726095448
2023-08-05T19:00:00,50.59048113615616
2023-08-05T20:00:00,48.63194391001826
2023-08-05T21:00:00,47.861611076023266
2023-08-05T22:00:00,47.90730584186056
2023-08-05T23:00:00,47.917860114056126
2023-08-06T00:00:00,47.49806578262992
2023-08-06T01:00:00,44.20950848123301
2023-08-06T02:00:00,27.341287944627844
2023-08-06T03:00:00,20.138603127521016
2023-08-06T04:00:00,18.36267562534498
2023-08-06T05:00:00,17.9788063712742
2023-08-06T06:00:00,17.995822160140328
2023-08-06T07:00:00,17.903070201044496
2023-08-06T08:00:00,18.021084246428117
2023-08-06T09:00:00,18.54199168993079
2023-08-06T10:00:00,19.81159210205078
2023-08-06T11:00:00,22.179521146027934
2023-08-06T12:00:00,27.71566855389139
2023-08-06T13:00:00,32.712963684745446
2023-08-06T14:00:00,35.53737806237262
2023-08-06T15:00:00,40.05628154588781
2023-08-06T16:00:00,44.59615359099015
2023-08-06T17:00:00,46.72010073454483
2023-08-06T18:00:00,43.84937584918478
2023-08-06T19:00:00,40.05170772386633
2023-08-06T20:00:00,38.53698017286217
2023-08-06T21:00:00,38.4683320418648
2023-08-06T22:00:00,36.813085970671274
2023-08-06T23:00:00,34.946119888969086
2023-08-07T00:00:00,32.00101006549337
2023-08-07T01:00:00,29.287281782730762
2023-08-07T02:00:00,20.884944915771484
2023-08-07T03:00:00,18.24062563025433
2023-08-07T04:00:00,17.744394634080965
2023-08-07T05:00:00,17.5731608349344
2023-08-07T06:00:00,17.3773427216903
2023-08-07T07:00:00,17.294553839642067
2023-08-07T08:00:00,17.30501713960067
2023-08-07T09:00:00,17.772628452466883
2023-08-07T10:00:00,18.455387944760528
2023-08-07T11:00:00,20.001566430796743
2023-08-07T12:00:00,24.674971456113063
2023-08-07T13:00:00,31.065957276717477
2023-08-07T14:00:00,39.209963757058844
2023-08-07T15:00:00,46.5057956861413
2023-08-07T16:00:00,51.79000788149625
2023-08-07T17:00:00,54.8672926529594
2023-08-07T18:00:00,55.388799086860985
2023-08-07T19:00:00,53.933174133300774
2023-08-07T20:00:00,51.4038958342179
2023-08-07T21:00:00,48.62843720809273
2023-08-07T22:00:00,46.666237706723415
2023-08-07T23:00:00,44.06836318969726
2023-08-08T00:00:00,41.69950999384341
2023-08-08T01:00:00,37.7458963808806
2023-08-08T02:00:00,25.179270702859625
2023-08-08T03:00:00,19.77583536894425
2023-08-08T04:00:00,18.694515808768895
2023-08-08T05:00:00,18.441609589949895
2023-08-08T06:00:00,18.519121999325957
2023-08-08T07:00:00,19.07254409790039
2023-08-08T08:00:00,20.140475065811817
2023-08-08T09:00:00,21.31444342240043
2023-08-08T10:00:00,22.550202245297633
2023-08-08T11:00:00,25.176097455232036
2023-08-08T12:00:00,32.934441856715985
2023-08-08T13:00:00,43.072793380073875
2023-08-08T14:00:00,47.50111886729365
2023-08-08T15:00:00,50.54948259436565
2023-08-08T16:00:00,50.04086884208347
2023-08-08T17:00:00,50.338935022768766
2023-08-08T18:00:00,49.713763361391806
2023-08-08T19:00:00,46.21061109459918
2023-08-08T20:00:00,42.949108289635696
2023-08-08T21:00:00,39.476102911907695
2023-08-08T22:00:00,36.98098456341287
2023-08-08T23:00:00,35.69534948597783
2023-08-09T00:00:00,35.249701126762055
2023-08-09T01:00:00,33.83964969800866
2023-08-09T02:00:00,24.24903861336086
2023-08-09T03:00:00,20.490463008051332
2023-08-09T04:00:00,19.8788248974344
2023-08-09T05:00:00,20.5242339424465
2023-08-09T06:00:00,21.26898608000382
2023-08-09T07:00:00,21.608623753423274
2023-08-09T08:00:00,22.248445427936055
2023-08-09T09:00:00,23.09380780095639
2023-08-09T10:00:00,24.416942762291946
2023-08-09T11:00:00,27.069408499676246
2023-08-09T12:00:00,34.92951053121815
2023-08-09T13:00:00,47.519558284593664
2023-08-09T14:00:00,54.12881469726562
2023-08-09T15:00:00,59.55819685562797
2023-08-09T16:00:00,64.1959696230681
2023-08-09T17:00:00,66.35364267100458
2023-08-09T18:00:00,65.74427397354789
2023-08-09T19:00:00,62.75438657014265
2023-08-09T20:00:00,61.80315465512483
2023-08-09T21:00:00,60.371291782545
2023-08-09T22:00:00,58.49859254256538
2023-08-09T23:00:00,57.25888990319293
2023-08-10T00:00:00,55.61916732788085
2023-08-10T01:00:00,50.35495094631029
2023-08-10T02:00:00,35.02616583782693
2023-08-10T03:00:00,28.72363115393597
2023-08-10T04:00:00,26.775393859199852
2023-08-10T05:00:00,26.39755307073178
2023-08-10T06:00:00,26.747673200524368
2023-08-10T07:00:00,27.088034422501273
2023-08-10T08:00:00,27.469024824059524
2023-08-10T09:00:00,28.354761455370028
2023-08-10T10:00:00,29.848060690838352
2023-08-10T11:00:00,32.51745522540548
2023-08-10T12:00:00,40.609100175940476
2023-08-10T13:00:00,52.258807306704306
2023-08-10T14:00:00,63.06687330163043
2023-08-10T15:00:00,73.8620489369268
2023-08-10T16:00:00,82.11944447393002
2023-08-10T17:00:00,86.32876620085344
2023-08-10T18:00:00,87.51679130222485
2023-08-10T19:00:00,84.50746287470278
2023-08-10T20:00:00,78.68621461287789
2023-08-10T21:00:00,72.05049000615658
2023-08-10T22:00:00,66.38726939325747
2023-08-10T23:00:00,63.012374546216876
2023-08-11T00:00:00,62.180457737134844
2023-08-11T01:00:00,57.71979953931725
2023-08-11T02:00:00,39.14015214339546
2023-08-11T03:00:00,33.163853355076
2023-08-11T04:00:00,30.715930109438688
2023-08-11T05:00:00,27.984729932702102
2023-08-11T06:00:00,25.07137937131135
2023-08-11T07:00:00,23.15034269249957
2023-08-11T08:00:00,21.92803225309952
2023-08-11T09:00:00,22.41562279410984
2023-08-11T10:00:00,22.743669261103086
2023-08-11T11:00:00,24.52198376862899
2023-08-11T12:00:00,29.806350459223204
2023-08-11T13:00:00,36.36212125031844
2023-08-11T14:00:00,40.882635862930954
2023-08-11T15:00:00,42.08107409269913
2023-08-11T16:00:00,42.26916918547257
2023-08-11T17:00:00,43.9284029421599
2023-08-11T18:00:00,43.955239834992774
2023-08-11T19:00:00,39.57309092646059
2023-08-11T20:00:00,34.973718145619266
2023-08-11T21:00:00,31.31223172726838
2023-08-11T22:00:00,30.03937911987304
2023-08-11T23:00:00,30.05558320750361
2023-08-12T00:00:00,31.416463271431297
2023-08-12T01:00:00,29.38141358417013
2023-08-12T02:00:00,19.09122450455375
2023-08-12T03:00:00,16.326982664025348
2023-08-12T04:00:00,15.892644052920133
2023-08-12T05:00:00,15.69433245451554
2023-08-12T06:00:00,15.481565599856168
2023-08-12T07:00:00,15.64506389783776
2023-08-12T08:00:00,16.015547669452168
2023-08-12T09:00:00,16.482578194659688
2023-08-12T10:00:00,17.05125120411748
2023-08-12T11:00:00,18.634227752685543
2023-08-12T12:00:00,23.613281498784602
2023-08-12T13:00:00,31.203262494957965
2023-08-12T14:00:00,38.44414387578549
2023-08-12T15:00:00,42.6373647606891
2023-08-12T16:00:00,45.53835860542628
2023-08-12T17:00:00,46.61954332434612
2023-08-12T18:00:00,46.10504332832667
2023-08-12T19:00:00,45.05425975633703
2023-08-12T20:00:00,45.159973476244055
2023-08-12T21:00:00,45.44271568630052
2023-08-12T22:00:00,45.88127749899159
2023-08-12T23:00:00,47.17631978574006
2023-08-13T00:00:00,46.94380668971849
2023-08-13T01:00:00,43.497231359067165
2023-08-13T02:00:00,31.96689166193423
2023-08-13T03:00:00,28.10881423950195
2023-08-13T04:00:00,25.323097809501313
2023-08-13T05:00:00,23.87356285426927
2023-08-13T06:00:00,23.106623359348458
2023-08-13T07:00:00,22.890202314957328
2023-08-13T08:00:00,22.929369387419325
2023-08-13T09:00:00,23.03103198175845
2023-08-13T10:00:00,24.042717394621473
2023-08-13T11:00:00,27.09451045160708
2023-08-13T12:00:00,33.87842825184698
2023-08-13T13:00:00,41.34035010959791
2023-08-13T14:00:00,46.74190985638162
2023-08-13T15:00:00,51.51852168207583
2023-08-13T16:00:00,55.02152136097783
2023-08-13T17:00:00,57.695562445599094
2023-08-13T18:00:00,59.086840422257126
2023-08-13T19:00:00,59.43804002844768
2023-08-13T20:00:00,59.24202031674592
2023-08-13T21:00:00,59.2612480495287
2023-08-13T22:00:00,59.01250689962635
2023-08-13T23:00:00,58.0280003754989
2023-08-14T00:00:00,56.94836906764818
2023-08-14T01:00:00,55.01751062144403
2023-08-14T02:00:00,39.38164868562118
2023-08-14T03:00:00,28.82543422864831
2023-08-14T04:00:00,25.558477567589797
2023-08-14T05:00:00,24.31624578393024
2023-08-14T06:00:00,24.19480821360712
2023-08-14T07:00:00,24.48011721735415
2023-08-14T08:00:00,24.596169098563813
2023-08-14T09:00:00,24.781497872394063
2023-08-14T10:00:00,25.64546046049698
2023-08-14T11:00:00,28.002615555472993
2023-08-14T12:00:00,33.59695028222125
2023-08-14T13:00:00,41.55983966329823
2023-08-14T14:00:00,48.18751376608143
2023-08-14T15:00:00,53.038268213686734
2023-08-14T16:00:00,55.73766127876613
2023-08-14T17:00:00,56.815798717996344
2023-08-14T18:00:00,56.878791643225625
2023-08-14T19:00:00,55.95977899302606
2023-08-14T20:00:00,54.31830547166906
2023-08-14T21:00:00,52.014896061109454
2023-08-14T22:00:00,48.76443829743758
2023-08-14T23:00:00,46.2214649034583
2023-08-15T00:00:00,45.929024240244985
2023-08-15T01:00:00,42.7668403957201
2023-08-15T02:00:00,28.463246469912317
2023-08-15T03:00:00,23.214446938556172
2023-08-15T04:00:00,21.111940715623938
2023-08-15T05:00:00,19.8989548061205
2023-08-15T06:00:00,18.900164811507512
2023-08-15T07:00:00,18.520916565604832
2023-08-15T08:00:00,18.396937245907992
2023-08-15T09:00:00,18.521317523458727
2023-08-15T10:00:00,18.91707254492718
2023-08-15T11:00:00,20.246228425399117
2023-08-15T12:00:00,24.77563990717349
2023-08-15T13:00:00,31.81997854813285
2023-08-15T14:00:00,37.42475625743037
2023-08-15T15:00:00,41.550214021102235
2023-08-15T16:00:00,43.02613017870032
2023-08-15T17:00:00,43.490117280379586
2023-08-15T18:00:00,43.898959284243375
2023-08-15T19:00:00,43.521147686502204
2023-08-15T20:00:00,43.337050230606735
2023-08-15T21:00:00,43.895373966382884
2023-08-15T22:00:00,44.497118908426025
2023-08-15T23:00:00,44.14657410331394
2023-08-16T00:00:00,41.81800875456437
2023-08-16T01:00:00,38.31451946756114
2023-08-16T02:00:00,26.857798949531887
2023-08-16T03:00:00,22.542901578156844
2023-08-16T04:00:00,20.327678431635317
2023-08-16T05:00:00,18.96324986996858
2023-08-16T06:00:00,18.119201079658836
2023-08-16T07:00:00,18.04964438728664
2023-08-16T08:00:00,18.219540471615996
2023-08-16T09:00:00,18.47057466921599
2023-08-16T10:00:00,19.079297438911766
2023-08-16T11:00:00,20.79347801208496
2023-08-16T12:00:00,25.591097292692762
2023-08-16T13:00:00,33.550179522970446
2023-08-16T14:00:00,41.596612349800445
2023-08-16T15:00:00,45.867996713389516
2023-08-16T16:00:00,47.621015299921446
2023-08-16T17:00:00,49.14640260779339
2023-08-16T18:00:00,50.47068902720576
2023-08-16T19:00:00,48.87876941846764
2023-08-16T20:00:00,46.43664335167926
2023-08-16T21:00:00,44.69009316485861
2023-08-16T22:00:00,43.6108285655146
2023-08-16T23:00:00,43.82901083904763
2023-08-17T00:00:00,45.07833049608313
2023-08-17T01:00:00,40.68964949898097
2023-08-17T02:00:00,26.839016292406164
2023-08-17T03:00:00,22.333826894345485
2023-08-17T04:00:00,20.549862654312797
2023-08-17T05:00:00,19.7744607510774
2023-08-17T06:00:00,19.3674433335014
2023-08-17T07:00:00,18.990012127420172
2023-08-17T08:00:00,18.487915370775305
2023-08-17T09:00:00,18.176838418711785
2023-08-17T10:00:00,18.51208919027577
2023-08-17T11:00:00,19.96640288311502
2023-08-17T12:00:00,23.82670029349949
2023-08-17T13:00:00,30.300232016521946
2023-08-17T14:00:00,36.91111058774201
2023-08-17T15:00:00,40.97994199006453
2023-08-17T16:00:00,43.99309025640073
2023-08-17T17:00:00,46.805672852889344
2023-08-17T18:00:00,47.778103206468664
2023-08-17T19:00:00,47.19570276011591
2023-08-17T20:00:00,46.52204397450322
2023-08-17T21:00:00,45.666016122569204
2023-08-17T22:00:00,42.452443330184266
2023-08-17T23:00:00,37.40131112803583
2023-08-18T00:00:00,35.416717695153274
2023-08-18T01:00:00,33.98819658030634
2023-08-18T02:00:00,25.37028486832328
2023-08-18T03:00:00,20.890484104985774
2023-08-18T04:00:00,19.028289711993672
2023-08-18T05:00:00,17.934920020725414
2023-08-18T06:00:00,17.249336491460383
2023-08-18T07:00:00,17.099812714949895
2023-08-18T08:00:00,17.2528367249862
2023-08-18T09:00:00,17.458542699399203
2023-08-18T10:00:00,17.939464403235394
2023-08-18T11:00:00,19.39059390192446
2023-08-18T12:00:00,22.700209161509633
2023-08-18T13:00:00,26.95258762525475
2023-08-18T14:00:00,29.81859547158946
2023-08-18T15:00:00,31.97640128757642
2023-08-18T16:00:00,33.385007609491765
2023-08-18T17:00:00,34.426998801853344
2023-08-18T18:00:00,34.80867759041164
2023-08-18T19:00:00,33.15056966698688
2023-08-18T20:00:00,30.958292007446286
2023-08-18T21:00:00,29.271931772646695
2023-08-18T22:00:00,29.46227023912512
2023-08-18T23:00:00,30.524355017620586
2023-08-19T00:00:00,31.90240851692531
2023-08-19T01:00:00,30.910971185435418
2023-08-19T02:00:00,21.729338936183762
2023-08-19T03:00:00,17.490493276844852
2023-08-19T04:00:00,15.827728437340774
2023-08-19T05:00:00,15.21201486172883
2023-08-19T06:00:00,14.900521236917246
2023-08-19T07:00:00,14.624647223431129
2023-08-19T08:00:00,14.598478483117145
2023-08-19T09:00:00,14.865048989005711
2023-08-19T10:00:00,15.368403559145717
2023-08-19T11:00:00,16.856167834738027
2023-08-19T12:00:00,20.45888958806577
2023-08-19T13:00:00,25.197103168653403
2023-08-19T14:00:00,31.793652575948965
2023-08-19T15:00:00,36.80620375923488
2023-08-19T16:00:00,40.24473621534264
2023-08-19T17:00:00,42.4336055258046
2023-08-19T18:00:00,44.4773126685101
2023-08-19T19:00:00,45.99541888029678
2023-08-19T20:00:00,46.36701981917671
2023-08-19T21:00:00,44.289281098738954
2023-08-19T22:00:00,43.09848005875296
2023-08-19T23:00:00,43.26308888974397
2023-08-20T00:00:00,44.60525512695312
2023-08-20T01:00:00,41.202337347942844
2023-08-20T02:00:00,30.606590353924293
2023-08-20T03:00:00,26.31290178713591
2023-08-20T04:00:00,24.13823898978855
2023-08-20T05:00:00,23.33312822424847
2023-08-20T06:00:00,23.166664123535156
2023-08-20T07:00:00,23.441219827403188
2023-08-20T08:00:00,23.533619424571157
2023-08-20T09:00:00,23.68662303426991
2023-08-20T10:00:00,24.779446145762567
2023-08-20T11:00:00,27.621466346409004
2023-08-20T12:00:00,33.646331952965774
2023-08-20T13:00:00,42.00624465942382
2023-08-20T14:00:00,50.56648270980171
2023-08-20T15:00:00,55.68542480468749
2023-08-20T16:00:00,57.68173201187796
2023-08-20T17:00:00,57.6767231485118
2023-08-20T18:00:00,58.04982077557107
2023-08-20T19:00:00,58.5295121566109
2023-08-20T20:00:00,60.182115637737766
2023-08-20T21:00:00,60.639776976212204
2023-08-20T22:00:00,59.60937400486158
2023-08-20T23:00:00,55.8670773713485
2023-08-21T00:00:00,53.754730888034985
2023-08-21T01:00:00,48.35857275257939
2023-08-21T02:00:00,31.25766928299613
2023-08-21T03:00:00,25.053673039311946
2023-08-21T04:00:00,22.64183243461277
2023-08-21T05:00:00,21.71564525106679
2023-08-21T06:00:00,21.376691735309098
2023-08-21T07:00:00,21.43405831378439
2023-08-21T08:00:00,22.016775297081985
2023-08-21T09:00:00,23.03516130862028
2023-08-21T10:00:00,24.457650226095442
2023-08-21T11:00:00,26.65985497184421
2023-08-21T12:00:00,34.1315569670304
2023-08-21T13:00:00,45.56335648246433
2023-08-21T14:00:00,63.1746648705524
2023-08-21T15:00:00,84.27932871942933
2023-08-21T16:00:00,97.642602008322
2023-08-21T17:00:00,102.8281551858653
2023-08-21T18:00:00,106.10222891102666
2023-08-21T19:00:00,106.364688044009
2023-08-21T20:00:00,106.91326539412786
2023-08-21T21:00:00,102.75012008003566
2023-08-21T22:00:00,98.18735437807828
2023-08-21T23:00:00,95.41098918085513
2023-08-22T00:00:00,94.76996712062669
2023-08-22T01:00:00,78.22982290516728
2023-08-22T02:00:00,38.78656254643979
2023-08-22T03:00:00,27.834154460741125
2023-08-22T04:00:00,23.881779463394825
2023-08-22T05:00:00,21.997663580853004
2023-08-22T06:00:00,20.893717392631196
2023-08-22T07:00:00,20.634289036626402
2023-08-22T08:00:00,20.794271137403406
2023-08-22T09:00:00,21.256731199181594
2023-08-22T10:00:00,22.37455185599949
2023-08-22T11:00:00,25.43156988724418
2023-08-22T12:00:00,31.916548604550567
2023-08-22T13:00:00,39.958009968633235
2023-08-22T14:00:00,46.09730546370796
2023-08-22T15:00:00,49.897682189941406
2023-08-22T16:00:00,50.662671628205665
2023-08-22T17:00:00,49.34683973892875
2023-08-22T18:00:00,47.54654196034307
2023-08-22T19:00:00,45.5304830799932
2023-08-22T20:00:00,43.761955095374056
2023-08-22T21:00:00,42.499889042066485
2023-08-22T22:00:00,41.83350504999574
2023-08-22T23:00:00,41.51986445551333
2023-08-23T00:00:00,41.6729857403299
2023-08-23T01:00:00,38.77397686502207
2023-08-23T02:00:00,27.55496431433636
2023-08-23T03:00:00,21.802792341812793
2023-08-23T04:00:00,19.1588600822117
2023-08-23T05:00:00,17.956926179968793
2023-08-23T06:00:00,17.448983648548953
2023-08-23T07:00:00,17.509869782820992
2023-08-23T08:00:00,17.526273312775984
2023-08-23T09:00:00,18.001117457514223
2023-08-23T10:00:00,19.040383712105125
2023-08-23T11:00:00,21.529992145040758
2023-08-23T12:00:00,28.388475418090813
2023-08-23T13:00:00,37.60727442865785
2023-08-23T14:00:00,44.19518860526706
2023-08-23T15:00:00,48.79485586415166
2023-08-23T16:00:00,49.841776474662446
2023-08-23T17:00:00,50.47132890120797
2023-08-23T18:00:00,51.31060873943826
2023-08-23T19:00:00,49.80020722098972
2023-08-23T20:00:00,48.04898270316746
2023-08-23T21:00:00,46.486009680706516
2023-08-23T22:00:00,44.40351137907608
2023-08-23T23:00:00,42.64253500233526
2023-08-24T00:00:00,42.148431363313094
2023-08-24T01:00:00,38.0184619737708
2023-08-24T02:00:00,24.594989610754922
2023-08-24T03:00:00,19.286118217136547
2023-08-24T04:00:00,17.107209247091543
2023-08-24T05:00:00,16.039554595947262
2023-08-24T06:00:00,15.148332264112387
2023-08-24T07:00:00,14.728617046190344
2023-08-24T08:00:00,14.575697981792944
2023-08-24T09:00:00,14.59756457287332
2023-08-24T10:00:00,14.966971190079395
2023-08-24T11:00:00,16.15760973225469
2023-08-24T12:00:00,21.041628298552137
2023-08-24T13:00:00,28.869673521622364
2023-08-24T14:00:00,36.30123519897461
2023-08-24T15:00:00,42.77121419491975
2023-08-24T16:00:00,45.76502028755519
2023-08-24T17:00:00,47.74338033924931
2023-08-24T18:00:00,49.378272015115485
2023-08-24T19:00:00,50.16158261506453
2023-08-24T20:00:00,51.288281482198954
2023-08-24T21:00:00,51.45103504346764
2023-08-24T22:00:00,51.72374692170516
2023-08-24T23:00:00,52.98068602188773
2023-08-25T00:00:00,54.84270178753396
2023-08-25T01:00:00,47.19982959913171
2023-08-25T02:00:00,23.654622616975203
2023-08-25T03:00:00,17.688748981641684
2023-08-25T04:00:00,16.793939507525902
2023-08-25T05:00:00,16.14859510504681
2023-08-25T06:00:00,15.277705773063326
2023-08-25T07:00:00,14.83105000205662
2023-08-25T08:00:00,14.687610957933508
2023-08-25T09:00:00,14.972444244053051
2023-08-25T10:00:00,16.15508249531621
2023-08-25T11:00:00,19.03015667459239
2023-08-25T12:00:00,26.214597204457156
2023-08-25T13:00:00,35.82765628980553
2023-08-25T14:00:00,44.663665439771556
2023-08-25T15:00:00,51.635593746019445
2023-08-25T16:00:00,54.91335644929305
2023-08-25T17:00:00,58.06551477183466
2023-08-25T18:00:00,60.91611712911854
2023-08-25T19:00:00,60.09442520141601
2023-08-25T20:00:00,56.89651174130646
2023-08-25T21:00:00,53.02152318539826
2023-08-25T22:00:00,49.309915127961524
2023-08-25T23:00:00,45.766529746677556
2023-08-26T00:00:00,43.546079055122696
2023-08-26T01:00:00,41.4396277717922
2023-08-26T02:00:00,27.16979665341584
2023-08-26T03:00:00,18.91033031629479
2023-08-26T04:00:00,15.518840582474414
2023-08-26T05:00:00,14.502911153046979
2023-08-26T06:00:00,14.755380920741867
2023-08-26T07:00:00,15.00216127478558
2023-08-26T08:00:00,15.280516292737877
2023-08-26T09:00:00,15.775806136753245
2023-08-26T10:00:00,16.503362862960152
2023-08-26T11:00:00,18.514208669247832
2023-08-26T12:00:00,24.25657089896824
2023-08-26T13:00:00,32.7730596791143
2023-08-26T14:00:00,43.19789455247962
2023-08-26T15:00:00,51.680060511050016
2023-08-26T16:00:00,55.410711868949555
2023-08-26T17:00:00,57.06572905830715
2023-08-26T18:00:00,58.01297577567722
2023-08-26T19:00:00,56.959239628003985
2023-08-26T20:00:00,54.89743008820906
2023-08-26T21:00:00,52.187859079112165
2023-08-26T22:00:00,50.6899127130923
2023-08-26T23:00:00,50.494043101435125
2023-08-27T00:00:00,50.94472055849821
2023-08-27T01:00:00,43.53221495255179
2023-08-27T02:00:00,22.22968930783479
2023-08-27T03:00:00,15.815951471743373
2023-08-27T04:00:00,13.520534971485967
2023-08-27T05:00:00,12.675701224285621
2023-08-27T06:00:00,12.311240113299824
2023-08-27T07:00:00,12.246747846188752
2023-08-27T08:00:00,12.418890828671662
2023-08-27T09:00:00,12.594839676566744
2023-08-27T10:00:00,12.976795196533201
2023-08-27T11:00:00,14.392375489939813
2023-08-27T12:00:00,19.128373021664824
2023-08-27T13:00:00,26.42668707474418
2023-08-27T14:00:00,34.843890480373204
2023-08-27T15:00:00,42.66259699282438
2023-08-27T16:00:00,47.94020694235096
2023-08-27T17:00:00,50.58999915744947
2023-08-27T18:00:00,50.08511120340097
2023-08-27T19:00:00,47.8205858313519
2023-08-27T20:00:00,45.76829163924507
2023-08-27T21:00:00,45.19380569458008
2023-08-27T22:00:00,46.395918804666266
2023-08-27T23:00:00,48.51763816501783
2023-08-28T00:00:00,48.05742131108823
2023-08-28T01:00:00,45.9190847977348
2023-08-28T02:00:00,30.63970797994862
2023-08-28T03:00:00,21.343122565228
2023-08-28T04:00:00,17.557253464408543
2023-08-28T05:00:00,15.964536625406012
2023-08-28T06:00:00,15.410753333050268
2023-08-28T07:00:00,14.692556422689684
2023-08-28T08:00:00,13.783224561940067
2023-08-28T09:00:00,13.420252468274986
2023-08-28T10:00:00,13.492714591648266
2023-08-28T11:00:00,14.94077151754628
2023-08-28T12:00:00,21.53771052153214
2023-08-28T13:00:00,33.08496583026388
2023-08-28T14:00:00,47.43193468840225
2023-08-28T15:00:00,58.29027391516644
2023-08-28T16:00:00,61.760217086128556
2023-08-28T17:00:00,62.624068882154376
2023-08-28T18:00:00,60.741225532863446
2023-08-28T19:00:00,55.321567369543985
2023-08-28T20:00:00,50.59497733738111
2023-08-28T21:00:00,47.51500818003778
2023-08-28T22:00:00,45.02724987527598
2023-08-28T23:00:00,42.208343671715774
2023-08-29T00:00:00,39.811130357825235
2023-08-29T01:00:00,35.401653787364125
2023-08-29T02:00:00,21.475951650868286
2023-08-29T03:00:00,14.237380318019698
2023-08-29T04:00:00,11.716123663860818
2023-08-29T05:00:00,11.083707519199537
2023-08-29T06:00:00,10.877345416856848
2023-08-29T07:00:00,10.808994583461596
2023-08-29T08:00:00,10.58590623606806
2023-08-29T09:00:00,10.301904512488322
2023-08-29T10:00:00,10.17897021252176
2023-08-29T11:00:00,11.49881653163744
2023-08-29T12:00:00,14.961405173591944
2023-08-29T13:00:00,19.386864288993504
2023-08-29T14:00:00,22.232891663261082
2023-08-29T15:00:00,22.372562574303664
2023-08-29T16:00:00,22.17506599426269
2023-08-29T17:00:00,20.64721032847529
2023-08-29T18:00:00,24.100378368211828
2023-08-29T19:00:00,29.74061518130095
2023-08-29T20:00:00,34.20885965098505
2023-08-29T21:00:00,34.90780274764351
2023-08-29T22:00:00,31.820627461309012
2023-08-29T23:00:00,27.223879689755645
2023-08-30T00:00:00,29.666612210481063
2023-08-30T01:00:00,34.94396881435228
2023-08-30T02:00:00,30.27137358292289
2023-08-30T03:00:00,18.319758290829864
2023-08-30T04:00:00,15.923746730970297
2023-08-30T05:00:00,15.395497446474817
2023-08-30T06:00:00,15.000444121982742
2023-08-30T07:00:00,14.516283118206522
2023-08-30T08:00:00,14.496908519579016
2023-08-30T09:00:00,15.23578307939612
2023-08-30T10:00:00,17.309323684028957
2023-08-30T11:00:00,23.980225604513414
2023-08-30T12:00:00,39.73711826490319
2023-08-30T13:00:00,57.17831984810206
2023-08-30T14:00:00,69.59832531472911
2023-08-30T15:00:00,74.53495423690131
2023-08-30T16:00:00,73.27270109757133
2023-08-30T17:00:00,80.73109469206436
2023-08-30T18:00:00,95.39605580205502
2023-08-30T19:00:00,111.14269621475883
2023-08-30T20:00:00,116.8204239555027
2023-08-30T21:00:00,102.61705415145211
2023-08-30T22:00:00,77.32747550632641
2023-08-30T23:00:00,57.87775686512822
2023-08-31T00:00:00,46.95661428700322
2023-08-31T01:00:00,45.58994707853897
2023-08-31T02:00:00,44.9321871218474
2023-08-31T03:00:00,38.1384279002314
2023-08-31T04:00:00,26.137944677601688
2023-08-31T05:00:00,20.576921711797297
2023-08-31T06:00:00,18.507047653198242
2023-08-31T07:00:00,17.348763009776235
2023-08-31T08:00:00,16.316093942393426
2023-08-31T09:00:00,16.604690634686012
2023-08-31T10:00:00,19.752661331840184
2023-08-31T11:00:00,26.53345738286557
2023-08-31T12:00:00,39.202973904817
2023-08-31T13:00:00,49.97650345512058
2023-08-31T14:00:00,54.302491229513414
2023-08-31T15:00:00,59.43682380344556
2023-08-31T16:00:00,67.43789407481316
2023-08-31T17:00:00,77.81700897216797
2023-08-31T18:00:00,83.64383100426714
2023-08-31T19:00:00,78.2368810902471
2023-08-31T20:00:00,66.35264686916184
2023-08-31T21:00:00,54.237677200980805
2023-08-31T22:00:00,44.80793894892153
2023-08-31T23:00:00,39.77284174380095
2023-09-01T00:00:00,37.581960595172376
2023-09-01T01:00:00,35.90127629819123
2023-09-01T02:00:00,26.418606799581774
2023-09-01T03:00:00,17.805308632228684
2023-09-01T04:00:00,14.701063861017639
2023-09-01T05:00:00,13.530875288921852
2023-09-01T06:00:00,12.946781448695969
2023-09-01T07:00:00,12.298830820166545
2023-09-01T08:00:00,11.894186517466668
2023-09-01T09:00:00,12.092836753181787
2023-09-01T10:00:00,13.11512864154318
2023-09-01T11:00:00,17.151400566101074
2023-09-01T12:00:00,26.16572205916695
2023-09-01T13:00:00,33.888576590496555
2023-09-01T14:00:00,35.40102950386378
2023-09-01T15:00:00,33.48436836574388
2023-09-01T16:00:00,35.71511011538298
2023-09-01T17:00:00,47.57248969700025
2023-09-01T18:00:00,57.609442171843156
2023-09-01T19:00:00,61.48586040994395
2023-09-01T20:00:00,63.45384514850118
2023-09-01T21:00:00,66.38252324643341
2023-09-01T22:00:00,70.58563796333644
2023-09-01T23:00:00,68.95878999129584
2023-09-02T00:00:00,58.14666847560716
2023-09-02T01:00:00,40.06618018772291
2023-09-02T02:00:00,30.797120301619817
2023-09-02T03:00:00,29.955451053121813
2023-09-02T04:00:00,20.01604834846828
2023-09-02T05:00:00,13.533149055812668
2023-09-02T06:00:00,11.23981409487517
2023-09-02T07:00:00,10.365519440692404
2023-09-02T08:00:00,10.061805766561756
2023-09-02T09:00:00,10.090065914651621
2023-09-02T10:00:00,11.047369086224098
2023-09-02T11:00:00,13.536167849665102
2023-09-02T12:00:00,19.56355476379394
2023-09-02T13:00:00,27.6355446525242
2023-09-02T14:00:00,33.4194568965746
2023-09-02T15:00:00,35.74622013257897
2023-09-02T16:00:00,36.88646333113961
2023-09-02T17:00:00,35.8700705818508
2023-09-02T18:00:00,33.762247831925094
2023-09-02T19:00:00,31.12128954348357
2023-09-02T20:00:00,28.996254216069755
2023-09-02T21:00:00,28.68161284405252
2023-09-02T22:00:00,28.305779249771778
2023-09-02T23:00:00,29.215765496958856
2023-09-03T00:00:00,30.786559892737348
2023-09-03T01:00:00,30.66793649092964
2023-09-03T02:00:00,18.615588063779082
2023-09-03T03:00:00,12.950188014818274
2023-09-03T04:00:00,10.762810085130774
2023-09-03T05:00:00,9.394144555796746
2023-09-03T06:00:00,8.610673116601031
2023-09-03T07:00:00,8.29421047542406
2023-09-03T08:00:00,7.983056669649869
2023-09-03T09:00:00,7.867827705715012
2023-09-03T10:00:00,8.215778122777524
2023-09-03T11:00:00,10.142991190371305
2023-09-03T12:00:00,13.643226499142852
2023-09-03T13:00:00,23.443815065466833
2023-09-03T14:00:00,40.00338463161302
2023-09-03T15:00:00,40.80578944994055
2023-09-03T16:00:00,28.755005463309907
2023-09-03T17:00:00,25.405396420022715
2023-09-03T18:00:00,26.679404051407523
2023-09-03T19:00:00,28.99853175619374
2023-09-03T20:00:00,29.525659229444415
2023-09-03T21:00:00,27.5731319759203
2023-09-03T22:00:00,27.513878780862555
2023-09-03T23:00:00,29.942136598669965
2023-09-04T00:00:00,32.775583764781125
2023-09-04T01:00:00,30.21837524745775
2023-09-04T02:00:00,18.007222797559656
2023-09-04T03:00:00,13.572324130846104
2023-09-04T04:00:00,12.11119514962901
2023-09-04T05:00:00,11.633452456930407
2023-09-04T06:00:00,11.367681876472803
2023-09-04T07:00:00,11.201202351114022
2023-09-04T08:00:00,11.25559553892716
2023-09-04T09:00:00,11.440504488737684
2023-09-04T10:00:00,12.143321451933486
2023-09-04T11:00:00,14.211286130158797
2023-09-04T12:00:00,20.813214675239895
2023-09-04T13:00:00,28.940172693003777
2023-09-04T14:00:00,32.57620007058848
2023-09-04T15:00:00,34.391427579133406
2023-09-04T16:00:00,35.3136629021686
2023-09-04T17:00:00,34.62977177163828
2023-09-04T18:00:00,32.49966787255329
2023-09-04T19:00:00,30.326344365658965
2023-09-04T20:00:00,29.33861848582392
2023-09-04T21:00:00,31.176315224688985
2023-09-04T22:00:00,32.95693447278894
2023-09-04T23:00:00,32.81622770558233
2023-09-05T00:00:00,32.59328925091287
2023-09-05T01:00:00,32.75163758319357
2023-09-05T02:00:00,22.19930831245754
2023-09-05T03:00:00,15.504991033802858
2023-09-05T04:00:00,12.834643820057742
2023-09-05T05:00:00,11.52664172131082
2023-09-05T06:00:00,10.76714101045028
2023-09-05T07:00:00,10.314834884975268
2023-09-05T08:00:00,10.110168042390242
2023-09-05T09:00:00,10.259451617365297
2023-09-05T10:00:00,12.604435381682022
2023-09-05T11:00:00,18.02933137313179
2023-09-05T12:00:00,26.348757121873934
2023-09-05T13:00:00,32.71501939193062
2023-09-05T14:00:00,36.6448745727539
2023-09-05T15:00:00,39.27919785872749
2023-09-05T16:00:00,41.691313038701594
2023-09-05T17:00:00,43.198651355245836
2023-09-05T18:00:00,41.45885218744692
2023-09-05T19:00:00,38.72446242622707
2023-09-05T20:00:00,38.08776971568231
2023-09-05T21:00:00,38.26553493997325
2023-09-05T22:00:00,36.99781716388205
2023-09-05T23:00:00,33.77207440915315
2023-09-06T00:00:00,29.34094545115595
2023-09-06T01:00:00,24.932296338288676
2023-09-06T02:00:00,20.008607035097867
2023-09-06T03:00:00,15.406706809997557
2023-09-06T04:00:00,13.285616086876908
2023-09-06T05:00:00,11.846739229948623
2023-09-06T06:00:00,10.790648335995881
2023-09-06T07:00:00,9.851863446442977
2023-09-06T08:00:00,9.953885451607082
2023-09-06T09:00:00,10.752574962118397
2023-09-06T10:00:00,12.02376357368801
2023-09-06T11:00:00,14.47812851615574
2023-09-06T12:00:00,18.675346789152727
2023-09-06T13:00:00,22.8261836508046
2023-09-06T14:00:00,25.413197310074512
2023-09-06T15:00:00,27.03578625554624
2023-09-06T16:00:00,27.99594779636549
2023-09-06T17:00:00,29.068497118742567
2023-09-06T18:00:00,30.3021126622739
2023-09-06T19:00:00,30.141287596329395
2023-09-06T20:00:00,29.328128814697262
2023-09-06T21:00:00,28.779837981514305
2023-09-06T22:00:00,27.830840732740317
2023-09-06T23:00:00,27.70440574314283
2023-09-07T00:00:00,27.286090436189067
2023-09-07T01:00:00,26.268183086229406
2023-09-07T02:00:00,19.789092022439707
2023-09-07T03:00:00,15.435809550078018
2023-09-07T04:00:00,13.760068810504416
2023-09-07T05:00:00,13.062270786451254
2023-09-07T06:00:00,12.704220564469045
2023-09-07T07:00:00,12.077072599659795
2023-09-07T08:00:00,11.79223516713018
2023-09-07T09:00:00,12.32799198316491
2023-09-07T10:00:00,13.605993022089416
2023-09-07T11:00:00,16.495145092839778
2023-09-07T12:00:00,21.618795726610266
2023-09-07T13:00:00,25.96619763581649
2023-09-07T14:00:00,28.807532103165332
2023-09-07T15:00:00,31.827153413192082
2023-09-07T16:00:00,34.02438105707583
2023-09-07T17:00:00,34.58368168706479
2023-09-07T18:00:00,34.47136704818062
2023-09-07T19:00:00,33.47272259256114
2023-09-07T20:00:00,33.625439519467555
2023-09-07T21:00:00,32.928646751072094
2023-09-07T22:00:00,32.23549386729364
2023-09-07T23:00:00,30.8830449477486
2023-09-08T00:00:00,30.057683447132934
2023-09-08T01:00:00,28.777794050133746
2023-09-08T02:00:00,22.29246504410453
2023-09-08T03:00:00,15.877323648203973
2023-09-08T04:00:00,14.39701167396877
2023-09-08T05:00:00,13.952454940132473
2023-09-08T06:00:00,13.922243491463037
2023-09-08T07:00:00,14.134927003279975
2023-09-08T08:00:00,14.081643436266027
2023-09-08T09:00:00,14.77894177644149
2023-09-08T10:00:00,16.232406699139137
2023-09-08T11:00:00,19.0532633739969
2023-09-08T12:00:00,23.395774924236793
2023-09-08T13:00:00,27.38261206253715
2023-09-08T14:00:00,30.592241536016044
2023-09-08T15:00:00,32.50815292026685
2023-09-08T16:00:00,33.58401870727539
2023-09-08T17:00:00,34.90248240595278
2023-09-08T18:00:00,35.47931571628735
2023-09-08T19:00:00,33.73484968102497
2023-09-08T20:00:00,30.680080330890153
2023-09-08T21:00:00,27.801336786021356
2023-09-08T22:00:00,25.934845634128735
2023-09-08T23:00:00,26.201632541158926
2023-09-09T00:00:00,27.854163128396735
2023-09-09T01:00:00,29.004509138024368
2023-09-09T02:00:00,21.39615556468134
2023-09-09T03:00:00,19.040091473123297
2023-09-09T04:00:00,18.18991428872813
2023-09-09T05:00:00,17.02396591849949
2023-09-09T06:00:00,16.304930479630176
2023-09-09T07:00:00,16.084249911100965
2023-09-09T08:00:00,16.12136583742888
2023-09-09T09:00:00,16.834874028744903
2023-09-09T10:00:00,17.717058596403703
2023-09-09T11:00:00,19.51835657202679
2023-09-09T12:00:00,24.164459891941235
2023-09-09T13:00:00,29.64851089145826
2023-09-09T14:00:00,32.988769033680796
2023-09-09T15:00:00,35.43171028468919
2023-09-09T16:00:00,37.39165778782056
2023-09-09T17:00:00,40.04217098070227
2023-09-09T18:00:00,41.774448726488195
2023-09-09T19:00:00,41.04158086362092
2023-09-09T20:00:00,37.85398052049719
2023-09-09T21:00:00,35.48486112511676
2023-09-09T22:00:00,34.731038383815594
2023-09-09T23:00:00,34.51589700450068
2023-09-10T00:00:00,34.728716560032055
2023-09-10T01:00:00,33.63545641691788
2023-09-10T02:00:00,24.436462816984758
2023-09-10T03:00:00,20.110067948051118
2023-09-10T04:00:00,18.106389916461445
2023-09-10T05:00:00,16.84120584570843
2023-09-10T06:00:00,15.669358087622598
2023-09-10T07:00:00,15.32315337139627
2023-09-10T08:00:00,15.25550311544667
2023-09-10T09:00:00,15.644046285878053
2023-09-10T10:00:00,16.669890859852664
2023-09-10T11:00:00,19.201799475628395
2023-09-10T12:00:00,23.454436758290164
2023-09-10T13:00:00,27.42804427768873
2023-09-10T14:00:00,30.11612626780634
2023-09-10T15:00:00,31.212942123413082
2023-09-10T16:00:00,30.960244137307868
2023-09-10T17:00:00,30.29923820495605
2023-09-10T18:00:00,29.64258285190748
2023-09-10T19:00:00,29.032027700672973
2023-09-10T20:00:00,28.34046869692595
2023-09-10T21:00:00,27.547069549560543
2023-09-10T22:00:00,27.776991719784938
2023-09-10T23:00:00,27.80549148891283
2023-09-11T00:00:00,27.414600455242653
2023-09-11T01:00:00,27.308788382488746
2023-09-11T02:00:00,25.059347981991973
2023-09-11T03:00:00,20.310341710629668
2023-09-11T04:00:00,16.587405826734457
2023-09-11T05:00:00,15.69560498776643
2023-09-11T06:00:00,14.313003498574961
2023-09-11T07:00:00,13.380945330080777
2023-09-11T08:00:00,13.356314037157139
2023-09-11T09:00:00,14.045304713041885
2023-09-11T10:00:00,15.472201471743375
2023-09-11T11:00:00,19.25166893005371
2023-09-11T12:00:00,27.62146360977836
2023-09-11T13:00:00,36.43769056900687
2023-09-11T14:00:00,47.926127889881954
2023-09-11T15:00:00,58.599621316661
2023-09-11T16:00:00,64.17130262955375
2023-09-11T17:00:00,63.79396123471467
2023-09-11T18:00:00,59.38227711553158
2023-09-11T19:00:00,52.74845869644828
2023-09-11T20:00:00,47.727000692616336
2023-09-11T21:00:00,45.877511397652
2023-09-11T22:00:00,44.75546646118163
2023-09-11T23:00:00,43.58040900852369
2023-09-12T00:00:00,40.96281731646994
2023-09-12T01:00:00,36.944072723388665
2023-09-12T02:00:00,27.86913714201554
2023-09-12T03:00:00,21.12806751417077
2023-09-12T04:00:00,18.2359912706458
2023-09-12T05:00:00,16.749076594477113
2023-09-12T06:00:00,15.974101937335469
2023-09-12T07:00:00,15.605369567871092
2023-09-12T08:00:00,15.78797804790994
2023-09-12T09:00:00,16.597579707270082
2023-09-12T10:00:00,18.07704925537109
2023-09-12T11:00:00,21.23834933405337
2023-09-12T12:00:00,28.63164379285729
2023-09-12T13:00:00,36.330343992813766
2023-09-12T14:00:00,41.85477613366168
2023-09-12T15:00:00,46.49633988090183
2023-09-12T16:00:00,49.29040411244267
2023-09-12T17:00:00,50.33094754426375
2023-09-12T18:00:00,49.80777790235437
2023-09-12T19:00:00,47.729547085969344
2023-09-12T20:00:00,42.99117710279381
2023-09-12T21:00:00,39.908645878667414
2023-09-12T22:00:00,39.461441952249274
2023-09-12T23:00:00,41.18620864204738
2023-09-13T00:00:00,42.26386592699133
2023-09-13T01:00:00,41.900588657545
2023-09-13T02:00:00,32.435378613679305
2023-09-13T03:00:00,21.917438009510867
2023-09-13T04:00:00,17.707771135413125
2023-09-13T05:00:00,15.868138271829356
2023-09-13T06:00:00,14.621950812961744
2023-09-13T07:00:00,14.056211430093514
2023-09-13T08:00:00,13.82043287028437
2023-09-13T09:00:00,14.104386205258574
2023-09-13T10:00:00,15.161166937454887
2023-09-13T11:00:00,17.716044550356656
2023-09-13T12:00:00,23.68291713880456
2023-09-13T13:00:00,28.27362632751465
2023-09-13T14:00:00,30.005293804666266
2023-09-13T15:00:00,30.70076627316682
2023-09-13T16:00:00,31.41018427973208
2023-09-13T17:00:00,33.026156052299164
2023-09-13T18:00:00,33.671235789423406
2023-09-13T19:00:00,31.718621627144188
2023-09-13T20:00:00,30.42331861413043
2023-09-13T21:00:00,28.03042925959048
2023-09-13T22:00:00,26.709448358286977
2023-09-13T23:00:00,26.593018904976223
2023-09-14T00:00:00,26.054265810095742
2023-09-14T01:00:00,26.578827816507086
2023-09-14T02:00:00,21.738987300706942
2023-09-14T03:00:00,18.071880008863364
2023-09-14T04:00:00,17.30750042459239
2023-09-14T05:00:00,15.964287343232526
2023-09-14T06:00:00,14.231870402460512
2023-09-14T07:00:00,13.502286371977432
2023-09-14T08:00:00,13.589687015699305
2023-09-14T09:00:00,13.880127077517303
2023-09-14T10:00:00,14.690651561902914
2023-09-14T11:00:00,17.31625129865563
2023-09-14T12:00:00,22.327113441798996
2023-09-14T13:00:00,26.336378263390582
2023-09-14T14:00:00,28.837276624596633
2023-09-14T15:00:00,30.35632033970045
2023-09-14T16:00:00,30.906851644101344
2023-09-14T17:00:00,31.30164643992548
2023-09-14T18:00:00,31.11338101262631
2023-09-14T19:00:00,30.00936599399732
2023-09-14T20:00:00,28.299519663271695
2023-09-14T21:00:00,27.47379709326702
2023-09-14T22:00:00,27.569306912629497
2023-09-14T23:00:00,27.7309688899828
2023-09-15T00:00:00,27.276818068131156
2023-09-15T01:00:00,25.1842857029127
2023-09-15T02:00:00,15.829984416132387
2023-09-15T03:00:00,11.899567686993143
2023-09-15T04:00:00,10.780033401820969
2023-09-15T05:00:00,10.490696782651154
2023-09-15T06:00:00,10.485361223635465
2023-09-15T07:00:00,10.590297740438707
2023-09-15T08:00:00,10.361259584841518
2023-09-15T09:00:00,10.368474877398945
2023-09-15T10:00:00,10.823547943778658
2023-09-15T11:00:00,12.447495999543563
2023-09-15T12:00:00,17.064469047214672
2023-09-15T13:00:00,23.764387379521906
2023-09-15T14:00:00,29.428132762079652
2023-09-15T15:00:00,33.52264188683551
2023-09-15T16:00:00,37.05912764176078
2023-09-15T17:00:00,40.271923396898345
2023-09-15T18:00:00,42.52874291461447
2023-09-15T19:00:00,41.88158284062924
2023-09-15T20:00:00,40.04085474428923
2023-09-15T21:00:00,38.09275851042374
2023-09-15T22:00:00,36.251529361890704
2023-09-15T23:00:00,35.32691938980766
2023-09-16T00:00:00,36.058932594631024
2023-09-16T01:00:00,34.12605982241423
2023-09-16T02:00:00,18.49442780536154
2023-09-16T03:00:00,13.037978835727856
2023-09-16T04:00:00,10.785404785819674
2023-09-16T05:00:00,9.841456537661344
2023-09-16T06:00:00,9.533931980962338
2023-09-16T07:00:00,9.442448616027832
2023-09-16T08:00:00,9.532723675603451
2023-09-16T09:00:00,9.9125220671944
2023-09-16T10:00:00,10.763735066289486
2023-09-16T11:00:00,12.738520373468813
2023-09-16T12:00:00,17.802182321963098
2023-09-16T13:00:00,24.925514635832414
2023-09-16T14:00:00,31.03000325741975
2023-09-16T15:00:00,36.3106110614279
2023-09-16T16:00:00,40.126791083294414
2023-09-16T17:00:00,45.82649711940599
2023-09-16T18:00:00,51.46362420786982
2023-09-16T19:00:00,56.100615294083305
2023-09-16T20:00:00,60.4080988013226
2023-09-16T21:00:00,61.49310468590778
2023-09-16T22:00:00,63.21480195418647
2023-09-16T23:00:00,64.61067896303923
2023-09-17T00:00:00,66.34993146813433
2023-09-17T01:00:00,67.58076775592305
2023-09-17T02:00:00,43.041885541832954
2023-09-17T03:00:00,22.749436585799504
2023-09-17T04:00:00,18.487943400507387
2023-09-17T05:00:00,17.048504124517027
2023-09-17T06:00:00,18.051267789757766
2023-09-17T07:00:00,20.468606782996133
2023-09-17T08:00:00,19.943810919056766
2023-09-17T09:00:00,18.566239066745922
2023-09-17T10:00:00,17.28289338816767
2023-09-17T11:00:00,21.3789354407269
2023-09-17T12:00:00,32.099364156308376
2023-09-17T13:00:00,44.84191247691279
2023-09-17T14:00:00,56.63884569251018
2023-09-17T15:00:00,68.05998163637906
2023-09-17T16:00:00,77.06936346966286
2023-09-17T17:00:00,80.49115819516389
2023-09-17T18:00:00,78.64573536748472
2023-09-17T19:00:00,70.574312624724
2023-09-17T20:00:00,55.996976935345195
2023-09-17T21:00:00,44.16167980691661
2023-09-17T22:00:00,38.12038106503694
2023-09-17T23:00:00,36.57094026648479
2023-09-18T00:00:00,35.952496570089586
2023-09-18T01:00:00,34.188748898713484
2023-09-18T02:00:00,24.636271435281504
2023-09-18T03:00:00,18.458259416663125
2023-09-18T04:00:00,15.675483413364576
2023-09-18T05:00:00,14.388528160426926
2023-09-18T06:00:00,13.964753441188646
2023-09-18T07:00:00,13.73741929427437
2023-09-18T08:00:00,13.797777963721233
2023-09-18T09:00:00,14.311940649281377
2023-09-18T10:00:00,15.367036529209303
2023-09-18T11:00:00,17.958150863647457
2023-09-18T12:00:00,25.212005698162574
2023-09-18T13:00:00,32.97512394448985
2023-09-18T14:00:00,40.09291623986285
2023-09-18T15:00:00,44.7606202830439
2023-09-18T16:00:00,47.63994648145592
2023-09-18T17:00:00,49.647066199261204
2023-09-18T18:00:00,51.199661752452016
2023-09-18T19:00:00,51.16419302898904
2023-09-18T20:00:00,51.012371063232415
2023-09-18T21:00:00,50.86723410564919
2023-09-18T22:00:00,51.36673056561013
2023-09-18T23:00:00,53.13400898809018
2023-09-19T00:00:00,54.831093000329055
2023-09-19T01:00:00,55.332077192223586
2023-09-19T02:00:00,37.465714661971376
2023-09-19T03:00:00,23.056391674539313
2023-09-19T04:00:00,17.12200007231339
2023-09-19T05:00:00,13.93724545188572
2023-09-19T06:00:00,13.288338909978451
2023-09-19T07:00:00,14.326755233432934
2023-09-19T08:00:00,16.178397054257598
2023-09-19T09:00:00,19.32360143246858
2023-09-19T10:00:00,24.006121925685715
2023-09-19T11:00:00,31.976338096286938
2023-09-19T12:00:00,40.46218523771866
2023-09-19T13:00:00,47.310180498206094
2023-09-19T14:00:00,53.243487980054766
2023-09-19T15:00:00,60.226744942043126
2023-09-19T16:00:00,70.88537962540335
2023-09-19T17:00:00,81.45287057627802
2023-09-19T18:00:00,87.21604421864383
2023-09-19T19:00:00,86.21741750965947
2023-09-19T20:00:00,80.91088502303413
2023-09-19T21:00:00,76.02870045537533
2023-09-19T22:00:00,74.01533607814622
2023-09-19T23:00:00,73.24446172299592
2023-09-20T00:00:00,72.52639405623725
2023-09-20T01:00:00,61.58950954934824
2023-09-20T02:00:00,36.03381132042926
2023-09-20T03:00:00,23.206155196480125
2023-09-20T04:00:00,18.406858692998473
2023-09-20T05:00:00,16.80941590018894
2023-09-20T06:00:00,16.34507884149966
2023-09-20T07:00:00,16.476380223813266
2023-09-20T08:00:00,17.075825069261633
2023-09-20T09:00:00,18.323493625806723
2023-09-20T10:00:00,19.8610316566799
2023-09-20T11:00:00,23.890098986418348
2023-09-20T12:00:00,33.08217736949091
2023-09-20T13:00:00,45.86698847231657
2023-09-20T14:00:00,58.04600823443868
2023-09-20T15:00:00,69.79839590321416
2023-09-20T16:00:00,72.58613586425781
2023-09-20T17:00:00,75.90146769648013
2023-09-20T18:00:00,78.32654040792713
2023-09-20T19:00:00,80.39166624649711
2023-09-20T20:00:00,80.77253590459408
2023-09-20T21:00:00,80.41957258141558
2023-09-20T22:00:00,78.42645197329314
2023-09-20T23:00:00,74.79756595777428
2023-09-21T00:00:00,70.0754630047342
2023-09-21T01:00:00,60.06558824622112
2023-09-21T02:00:00,30.253006893655524
2023-09-21T03:00:00,20.425401024196457
2023-09-21T04:00:00,17.152738073597785
2023-09-21T05:00:00,15.658877082492992
2023-09-21T06:00:00,14.371022514674973
2023-09-21T07:00:00,13.474023362864616
2023-09-21T08:00:00,13.214259396428647
2023-09-21T09:00:00,13.622398874034051
2023-09-21T10:00:00,15.305109687473463
2023-09-21T11:00:00,19.26446773694909
2023-09-21T12:00:00,28.50836612867272
2023-09-21T13:00:00,39.31264976833177
2023-09-21T14:00:00,44.21029182102369
2023-09-21T15:00:00,49.10174245419709
2023-09-21T16:00:00,54.84956028150474
2023-09-21T17:00:00,61.760324726934016
2023-09-21T18:00:00,68.2701074351435
2023-09-21T19:00:00,71.75180418595023
2023-09-21T20:00:00,73.98920274817425
2023-09-21T21:00:00,75.58291659147842
2023-09-21T22:00:00,76.12302763565727
2023-09-21T23:00:00,76.5884784200917
2023-09-22T00:00:00,77.52109428074048
2023-09-22T01:00:00,71.58389083198878
2023-09-22T02:00:00,32.43463300622028
2023-09-22T03:00:00,19.089157021563985
2023-09-22T04:00:00,14.715891257576319
2023-09-22T05:00:00,13.111589887867803
2023-09-22T06:00:00,11.998544071031652
2023-09-22T07:00:00,11.321590921153192
2023-09-22T08:00:00,11.147244577822477
2023-09-22T09:00:00,11.269080535225244
2023-09-22T10:00:00,12.00989296125329
2023-09-22T11:00:00,15.424257610155188
2023-09-22T12:00:00,24.536322635153063
2023-09-22T13:00:00,37.07275241354237
2023-09-22T14:00:00,50.21772019759468
2023-09-22T15:00:00,61.400809412417196
2023-09-22T16:00:00,66.63930876358695
2023-09-22T17:00:00,64.89810727990191
2023-09-22T18:00:00,61.26608010996942
2023-09-22T19:00:00,57.00352063386336
2023-09-22T20:00:00,52.8791334732719
2023-09-22T21:00:00,49.85212608005689
2023-09-22T22:00:00,48.69187761389691
2023-09-22T23:00:00,47.94879515274711
2023-09-23T00:00:00,45.41045794279678
2023-09-23T01:00:00,40.09423214456309
2023-09-23T02:00:00,22.854980883391004
2023-09-23T03:00:00,15.9186372342317
2023-09-23T04:00:00,13.274443750796108
2023-09-23T05:00:00,12.356603580972422
2023-09-23T06:00:00,12.243306367293647
2023-09-23T07:00:00,12.231878239175547
2023-09-23T08:00:00,12.491485388382621
2023-09-23T09:00:00,12.92831470655358
2023-09-23T10:00:00,13.449816745260488
2023-09-23T11:00:00,15.343369608340053
2023-09-23T12:00:00,21.43774140399435
2023-09-23T13:00:00,29.422826435254965
2023-09-23T14:00:00,37.740873585576594
2023-09-23T15:00:00,44.01059225331182
2023-09-23T16:00:00,46.57650143167246
2023-09-23T17:00:00,45.720441735309095
2023-09-23T18:00:00,44.00588989257812
2023-09-23T19:00:00,41.77745984948199
2023-09-23T20:00:00,41.6533028975777
2023-09-23T21:00:00,42.41753453793732
2023-09-23T22:00:00,41.35237818178923
2023-09-23T23:00:00,39.490606556768
2023-09-24T00:00:00,37.94512425298276
2023-09-24T01:00:00,36.40209057020104
2023-09-24T02:00:00,29.158229413239848
2023-09-24T03:00:00,21.163180558577828
2023-09-24T04:00:00,15.894626451575236
2023-09-24T05:00:00,13.086167252582051
2023-09-24T06:00:00,11.733485263326893
2023-09-24T07:00:00,11.200096130371094
2023-09-24T08:00:00,11.182745933532713
2023-09-24T09:00:00,11.427091183869734
2023-09-24T10:00:00,12.010919280674146
2023-09-24T11:00:00,14.366791683694588
2023-09-24T12:00:00,20.403661479120668
2023-09-24T13:00:00,28.234265120133106
2023-09-24T14:00:00,35.30747571198837
2023-09-24T15:00:00,40.778908107591704
2023-09-24T16:00:00,44.38917160034179
2023-09-24T17:00:00,42.657192561937414
2023-09-24T18:00:00,41.073073013969086
2023-09-24T19:00:00,39.714671259341024
2023-09-24T20:00:00,40.1224834607995
2023-09-24T21:00:00,41.104775304379665
2023-09-24T22:00:00,41.96416904615319
2023-09-24T23:00:00,42.8964440718941
2023-09-25T00:00:00,44.42161012732464
2023-09-25T01:00:00,43.24610502823539
2023-09-25T02:00:00,25.223327636718746
2023-09-25T03:00:00,17.35990292093028
2023-09-25T04:00:00,14.6606969004092
2023-09-25T05:00:00,13.583062420720639
2023-09-25T06:00:00,13.178421601005223
2023-09-25T07:00:00,12.860550009686012
2023-09-25T08:00:00,12.754919425300928
2023-09-25T09:00:00,13.026643131090246
2023-09-25T10:00:00,14.0919596630594
2023-09-25T11:00:00,18.087186067000676
2023-09-25T12:00:00,27.199823711229403
2023-09-25T13:00:00,38.24029209302819
2023-09-25T14:00:00,47.882883320684016
2023-09-25T15:00:00,54.996492468792454
2023-09-25T16:00:00,61.81108342046322
2023-09-25T17:00:00,66.97379468834917
2023-09-25T18:00:00,65.2229990751847
2023-09-25T19:00:00,56.59711108000382
2023-09-25T20:00:00,49.300073540729024
2023-09-25T21:00:00,43.63827746847401
2023-09-25T22:00:00,40.364361306895375
2023-09-25T23:00:00,39.404539688773774
2023-09-26T00:00:00,40.461895984152086
2023-09-26T01:00:00,42.57469243588655
2023-09-26T02:00:00,35.93900216144064
2023-09-26T03:00:00,22.504515191783074
2023-09-26T04:00:00,17.582685636437457
2023-09-26T05:00:00,15.135827354762865
2023-09-26T06:00:00,14.32702993310016
2023-09-26T07:00:00,14.661253514497174
2023-09-26T08:00:00,15.185563833817191
2023-09-26T09:00:00,15.949673901433528
2023-09-26T10:00:00,17.43806727036186
2023-09-26T11:00:00,25.61686681664508
2023-09-26T12:00:00,38.18829279360563
2023-09-26T13:00:00,49.18650751528532
2023-09-26T14:00:00,56.487443675165586
2023-09-26T15:00:00,55.90160369873046
2023-09-26T16:00:00,53.843920500382126
2023-09-26T17:00:00,53.972754271134086
2023-09-26T18:00:00,55.06772812553074
2023-09-26T19:00:00,55.11849859486455
2023-09-26T20:00:00,54.50105600771696
2023-09-26T21:00:00,53.00890930839206
2023-09-26T22:00:00,50.85201147328252
2023-09-26T23:00:00,48.347961259924844
2023-09-27T00:00:00,46.97945271367612
2023-09-27T01:00:00,47.86766582986583
2023-09-27T02:00:00,42.09489921901537
2023-09-27T03:00:00,30.169508146203075
2023-09-27T04:00:00,23.76906403251316
2023-09-27T05:00:00,21.971097697382383
2023-09-27T06:00:00,21.245554219121516
2023-09-27T07:00:00,20.621753941411555
2023-09-27T08:00:00,20.007049975187883
2023-09-27T09:00:00,20.456610306449555
2023-09-27T10:00:00,23.936365210491672
2023-09-27T11:00:00,29.54090574513311
2023-09-27T12:00:00,31.705810381018594
2023-09-27T13:00:00,33.06052572830863
2023-09-27T14:00:00,33.58700296153192
2023-09-27T15:00:00,35.495123490043305
2023-09-27T16:00:00,37.418517734693445
2023-09-27T17:00:00,39.09482392020846
2023-09-27T18:00:00,41.71140090278956
2023-09-27T19:00:00,42.738403154456094
2023-09-27T20:00:00,40.560403243355125
2023-09-27T21:00:00,37.90170354428498
2023-09-27T22:00:00,35.99233942446501
2023-09-27T23:00:00,35.40839676235033
2023-09-28T00:00:00,36.13865827477496
2023-09-28T01:00:00,36.89521457837975
2023-09-28T02:00:00,23.790409336919367
2023-09-28T03:00:00,15.668228439662766
2023-09-28T04:00:00,13.502439581829567
2023-09-28T05:00:00,12.279107384059738
2023-09-28T06:00:00,11.936237625453781
2023-09-28T07:00:00,11.730363431184188
2023-09-28T08:00:00,11.760613317074982
2023-09-28T09:00:00,11.988693610481594
2023-09-28T10:00:00,12.617974073990531
2023-09-28T11:00:00,14.381268542745838
2023-09-28T12:00:00,18.25267849797788
2023-09-28T13:00:00,21.354053580242653
2023-09-28T14:00:00,23.823978507000465
2023-09-28T15:00:00,26.751442453135613
2023-09-28T16:00:00,28.76735322371773
2023-09-28T17:00:00,29.567692963973332
2023-09-28T18:00:00,29.84115907420282
2023-09-28T19:00:00,29.165744698565938
2023-09-28T20:00:00,27.967424060987387
2023-09-28T21:00:00,28.352496934973672
2023-09-28T22:00:00,28.7292714326278
2023-09-28T23:00:00,27.213335286016047
2023-09-29T00:00:00,25.140567281971805
2023-09-29T01:00:00,22.97933080922002
2023-09-29T02:00:00,19.279312714286473
2023-09-29T03:00:00,15.255362593609352
2023-09-29T04:00:00,13.149001702018404
2023-09-29T05:00:00,12.13818425717561
2023-09-29T06:00:00,11.748552695564602
2023-09-29T07:00:00,11.678385278452996
2023-09-29T08:00:00,11.440793410591457
2023-09-29T09:00:00,11.097775915394656
2023-09-29T10:00:00,11.569010900414508
2023-09-29T11:00:00,13.573050789211106
2023-09-29T12:00:00,16.71092659494151
2023-09-29T13:00:00,19.66168751923934
2023-09-29T14:00:00,22.504938457323156
2023-09-29T15:00:00,25.600031230760656
2023-09-29T16:00:00,27.81176849033521
2023-09-29T17:00:00,28.427837205969766
2023-09-29T18:00:00,27.484315042910367
2023-09-29T19:00:00,24.790484221085258
2023-09-29T20:00:00,22.569542677506153
2023-09-29T21:00:00,22.182893587195352
2023-09-29T22:00:00,22.688116654105805
2023-09-29T23:00:00,23.408078566841453
2023-09-30T00:00:00,23.333402550738786
2023-09-30T01:00:00,21.980919298918348
2023-09-30T02:00:00,15.954704118811566
2023-09-30T03:00:00,12.18338385872219
2023-09-30T04:00:00,11.054729586062223
2023-09-30T05:00:00,10.381137184474778
2023-09-30T06:00:00,9.763607978820799
2023-09-30T07:00:00,9.636944439100182
2023-09-30T08:00:00,10.156907786493715
2023-09-30T09:00:00,10.93090144447658
2023-09-30T10:00:00,11.699911117553711
2023-09-30T11:00:00,13.330927019533904
2023-09-30T12:00:00,17.658720099407688
2023-09-30T13:00:00,23.335848352183465
2023-09-30T14:00:00,27.929050943125848
2023-09-30T15:00:00,29.858676578687586
2023-09-30T16:00:00,30.67975425720214
2023-09-30T17:00:00,33.04331331667692
2023-09-30T18:00:00,37.848011514414914
2023-09-30T19:00:00,39.49006984544836
2023-09-30T20:00:00,38.320336549178414
2023-09-30T21:00:00,36.91601993726647
2023-09-30T22:00:00,35.89233016967773
2023-09-30T23:00:00,34.85246326612389
2023-10-01T00:00:00,34.48500193720278
2023-10-01T01:00:00,32.2233018460481
2023-10-01T02:00:00,18.831482679947563
2023-10-01T03:00:00,13.614551668581754
2023-10-01T04:00:00,11.586302881655483
2023-10-01T05:00:00,10.359689671060314
2023-10-01T06:00:00,9.771239363628885
2023-10-01T07:00:00,9.472460249195928
2023-10-01T08:00:00,9.305517528368078
2023-10-01T09:00:00,9.511690264162807
2023-10-01T10:00:00,10.230746725331182
2023-10-01T11:00:00,12.115154888318932
2023-10-01T12:00:00,16.706994678663172
2023-10-01T13:00:00,21.109024960061777
2023-10-01T14:00:00,24.51724981225055
2023-10-01T15:00:00,26.728639353876524
2023-10-01T16:00:00,28.718818913335387
2023-10-01T17:00:00,29.772839338883106
2023-10-01T18:00:00,30.52500492593516
2023-10-01T19:00:00,30.420250021893043
2023-10-01T20:00:00,30.435869216918938
2023-10-01T21:00:00,30.779392159503434
2023-10-01T22:00:00,31.984916189442508
2023-10-01T23:00:00,33.52216670824133
2023-10-02T00:00:00,35.75513889478601
2023-10-02T01:00:00,37.651090870732844
2023-10-02T02:00:00,23.156765398771867
2023-10-02T03:00:00,16.51686668395996
2023-10-02T04:00:00,13.59130623029626
2023-10-02T05:00:00,11.681226813274879
2023-10-02T06:00:00,10.629234272500742
2023-10-02T07:00:00,10.213164370992908
2023-10-02T08:00:00,10.410067433896272
2023-10-02T09:00:00,11.093456807343856
2023-10-02T10:00:00,12.142713837001633
2023-10-02T11:00:00,14.866943069126293
2023-10-02T12:00:00,22.331323457800824
2023-10-02T13:00:00,31.69916302224864
2023-10-02T14:00:00,39.94855300239894
2023-10-02T15:00:00,46.82426867277725
2023-10-02T16:00:00,49.490807740584664
2023-10-02T17:00:00,50.2749258953592
2023-10-02T18:00:00,48.54505903824516
2023-10-02T19:00:00,45.8761916782545
2023-10-02T20:00:00,44.765581048053235
2023-10-02T21:00:00,43.98167419433593
2023-10-02T22:00:00,42.99484402200449
2023-10-02T23:00:00,36.78838713272758
2023-10-03T00:00:00,33.49643499954887
2023-10-03T01:00:00,34.570210747096844
2023-10-03T02:00:00,24.229050760683805
2023-10-03T03:00:00,15.600219146065088
2023-10-03T04:00:00,13.154017448425291
2023-10-03T05:00:00,12.041984475177268
2023-10-03T06:00:00,11.158680708512014
2023-10-03T07:00:00,11.187709186388098
2023-10-03T08:00:00,11.242776704871135
2023-10-03T09:00:00,11.499837253404698
2023-10-03T10:00:00,12.382932580035666
2023-10-03T11:00:00,15.283752275549846
2023-10-03T12:00:00,21.267192674719766
2023-10-03T13:00:00,27.43107347903044
2023-10-03T14:00:00,32.57934868854025
2023-10-03T15:00:00,35.74291743402896
2023-10-03T16:00:00,37.56906924040421
2023-10-03T17:00:00,39.293074068815805
2023-10-03T18:00:00,41.128551649010696
2023-10-03T19:00:00,43.01078066618546
2023-10-03T20:00:00,44.671831545622446
2023-10-03T21:00:00,44.73044154954992
2023-10-03T22:00:00,44.11647498089334
2023-10-03T23:00:00,44.538686669391126
2023-10-04T00:00:00,46.326610731041946
2023-10-04T01:00:00,42.759667769722306
2023-10-04T02:00:00,22.932572986768633
2023-10-04T03:00:00,16.41926566414211
2023-10-04T04:00:00,14.329578026481295
2023-10-04T05:00:00,13.278814232867694
2023-10-04T06:00:00,13.043501066124957
2023-10-04T07:00:00,13.462172093598737
2023-10-04T08:00:00,14.421666850214418
2023-10-04T09:00:00,15.101679014123002
2023-10-04T10:00:00,16.438887969307274
2023-10-04T11:00:00,21.01772839090098
2023-10-04T12:00:00,29.425337749978766
2023-10-04T13:00:00,38.98643211696458
2023-10-04T14:00:00,47.900786855946414
2023-10-04T15:00:00,54.77524152009383
2023-10-04T16:00:00,62.275103029997446
2023-10-04T17:00:00,72.0591168610946
2023-10-04T18:00:00,83.50915593686311
2023-10-04T19:00:00,87.71811642854108
2023-10-04T20:00:00,88.46035700259
2023-10-04T21:00:00,84.4187479433806
2023-10-04T22:00:00,75.3351357501486
2023-10-04T23:00:00,65.34074103313944
2023-10-05T00:00:00,58.813995361328125
2023-10-05T01:00:00,51.33868375031844
2023-10-05T02:00:00,29.122315448263414
2023-10-05T03:00:00,18.913808159206223
2023-10-05T04:00:00,15.11132298345151
2023-10-05T05:00:00,13.855036486750063
2023-10-05T06:00:00,13.556296887605084
2023-10-05T07:00:00,13.604569310727324
2023-10-05T08:00:00,14.330898036127506
2023-10-05T09:00:00,15.952080933944039
2023-10-05T10:00:00,20.25430090531059
2023-10-05T11:00:00,29.7632477801779
2023-10-05T12:00:00,41.76950603982676
2023-10-05T13:00:00,49.68665031764818
2023-10-05T14:00:00,54.33733401091202
2023-10-05T15:00:00,58.41557013470193
2023-10-05T16:00:00,64.80986387833303
2023-10-05T17:00:00,71.54703223186989
2023-10-05T18:00:00,70.9088078374448
2023-10-05T19:00:00,66.58624300749405
2023-10-05T20:00:00,59.36037627510401
2023-10-05T21:00:00,54.43502343219259
2023-10-05T22:00:00,52.295903579048485
2023-10-05T23:00:00,52.87226900847062
2023-10-06T00:00:00,54.851996048637055
2023-10-06T01:00:00,56.596059052840516
2023-10-06T02:00:00,37.455269855001696
2023-10-06T03:00:00,20.45716907667077
2023-10-06T04:00:00,15.211841210075047
2023-10-06T05:00:00,13.478432489478068
2023-10-06T06:00:00,12.849143525828485
2023-10-06T07:00:00,12.448289000469703
2023-10-06T08:00:00,11.874293907828951
2023-10-06T09:00:00,12.113139898880668
2023-10-06T10:00:00,14.875972291697627
2023-10-06T11:00:00,22.795320427936055
2023-10-06T12:00:00,34.396282859470524
2023-10-06T13:00:00,40.935672760009766
2023-10-06T14:00:00,45.24573002690854
2023-10-06T15:00:00,54.08273962269658
2023-10-06T16:00:00,60.02832561990489
2023-10-06T17:00:00,55.77111932505732
2023-10-06T18:00:00,46.61584903882897
2023-10-06T19:00:00,41.055087379787274
2023-10-06T20:00:00,39.14404529073964
2023-10-06T21:00:00,36.94720160442849
2023-10-06T22:00:00,36.554486979608946
2023-10-06T23:00:00,36.9689304517663
2023-10-07T00:00:00,37.99548124230426
2023-10-07T01:00:00,40.80546204940132
2023-10-07T02:00:00,38.20186548647673
2023-10-07T03:00:00,26.421320542045255
2023-10-07T04:00:00,19.5442941499793
2023-10-07T05:00:00,16.279467955879543
2023-10-07T06:00:00,14.620141443998918
2023-10-07T07:00:00,13.932154157887332
2023-10-07T08:00:00,14.059106163356613
2023-10-07T09:00:00,14.684466320535408
2023-10-07T10:00:00,15.81318196006443
2023-10-07T11:00:00,18.72837796418563
2023-10-07T12:00:00,27.841536895088524
2023-10-07T13:00:00,39.82689069664996
2023-10-07T14:00:00,53.81600338479746
2023-10-07T15:00:00,62.687673485797376
2023-10-07T16:00:00,64.90931801173997
2023-10-07T17:00:00,65.90954788871433
2023-10-07T18:00:00,65.67350238302478
2023-10-07T19:00:00,65.01754495371942
2023-10-07T20:00:00,63.73674177086872
2023-10-07T21:00:00,51.99825303450874
2023-10-07T22:00:00,39.40789629065472
2023-10-07T23:00:00,44.81901201994522
2023-10-08T00:00:00,49.27134770932404
2023-10-08T01:00:00,48.44627678912619
2023-10-08T02:00:00,24.904630412226137
2023-10-08T03:00:00,17.679057743238364
2023-10-08T04:00:00,17.260583794635274
2023-10-08T05:00:00,16.841476937998895
2023-10-08T06:00:00,16.496791673743203
2023-10-08T07:00:00,16.681398723436438
2023-10-08T08:00:00,17.96828750942064
2023-10-08T09:00:00,20.223538523134973
2023-10-08T10:00:00,23.94610388382621
2023-10-08T11:00:00,31.50083168693211
2023-10-08T12:00:00,43.46641241985818
2023-10-08T13:00:00,56.865231721297555
2023-10-08T14:00:00,71.30030424698538
2023-10-08T15:00:00,83.73440021017322
2023-10-08T16:00:00,90.49526214599608
2023-10-08T17:00:00,95.00962862761124
2023-10-08T18:00:00,101.82341932213825
2023-10-08T19:00:00,111.08689316459323
2023-10-08T20:00:00,125.88622250764264
2023-10-08T21:00:00,144.47653928010357
2023-10-08T22:00:00,163.16327501379925
2023-10-08T23:00:00,180.45129062818444
2023-10-09T00:00:00,197.38650048297382
2023-10-09T01:00:00,177.85824054220447
2023-10-09T02:00:00,88.13160738737686
2023-10-09T03:00:00,44.349167699399196
2023-10-09T04:00:00,31.90092020449431
2023-10-09T05:00:00,27.369658262833305
2023-10-09T06:00:00,25.369747244793437
2023-10-09T07:00:00,25.232647190923274
2023-10-09T08:00:00,25.899919924528703
2023-10-09T09:00:00,28.7001954783564
2023-10-09T10:00:00,33.7310213835343
2023-10-09T11:00:00,41.62012979258661
2023-10-09T12:00:00,49.467545053233266
2023-10-09T13:00:00,57.941726684570305
2023-10-09T14:00:00,66.39652418053669
2023-10-09T15:00:00,77.56684245233949
2023-10-09T16:00:00,89.91731593919836
2023-10-09T17:00:00,98.62246936300527
2023-10-09T18:00:00,105.16061699908713
2023-10-09T19:00:00,112.41325179390283
2023-10-09T20:00:00,119.84631447170091
2023-10-09T21:00:00,126.3685485176418
2023-10-09T22:00:00,134.55145595384678
2023-10-09T23:00:00,143.90321880838144
2023-10-10T00:00:00,151.32783375615656
2023-10-10T01:00:00,142.30865810228428
2023-10-10T02:00:00,59.26251088018002
2023-10-10T03:00:00,31.975316006204356
2023-10-10T04:00:00,25.180462961611536
2023-10-10T05:00:00,22.39015040190323
2023-10-10T06:00:00,22.287818079409387
2023-10-10T07:00:00,23.20523966913638
2023-10-10T08:00:00,24.763114265773602
2023-10-10T09:00:00,29.118538732114043
2023-10-10T10:00:00,35.92672182166058
2023-10-10T11:00:00,42.75528451670771
2023-10-10T12:00:00,54.64828259011973
2023-10-10T13:00:00,70.5897565095321
2023-10-10T14:00:00,87.87372356912363
2023-10-10T15:00:00,106.42546413255774
2023-10-10T16:00:00,128.07459557574728
2023-10-10T17:00:00,146.1042779010275
2023-10-10T18:00:00,160.698930159859
2023-10-10T19:00:00,170.56182728643
2023-10-10T20:00:00,177.24198648203972
2023-10-10T21:00:00,182.92535002335256
2023-10-10T22:00:00,184.17625029190725
2023-10-10T23:00:00,178.1902784264606
2023-10-11T00:00:00,170.58384439219597
2023-10-11T01:00:00,146.48378720490828
2023-10-11T02:00:00,70.85876431672469
2023-10-11T03:00:00,39.08602059405783
2023-10-11T04:00:00,26.70171314737071
2023-10-11T05:00:00,22.77444101416546
2023-10-11T06:00:00,20.742768743763797
2023-10-11T07:00:00,19.073219631029207
2023-10-11T08:00:00,18.836306862209153
2023-10-11T09:00:00,19.439500311146613
2023-10-11T10:00:00,21.99351236094599
2023-10-11T11:00:00,26.51513389919115
2023-10-11T12:00:00,33.6010106957477
2023-10-11T13:00:00,41.89591217041015
2023-10-11T14:00:00,47.32914750472358
2023-10-11T15:00:00,51.88949435690174
2023-10-11T16:00:00,55.75892605988875
2023-10-11T17:00:00,59.11601688550866
2023-10-11T18:00:00,61.54546223516049
2023-10-11T19:00:00,64.72238723091456
2023-10-11T20:00:00,67.4519689808721
2023-10-11T21:00:00,69.28548530910325
2023-10-11T22:00:00,69.56029510498047
2023-10-11T23:00:00,68.99595675261124
2023-10-12T00:00:00,67.86107303785239
2023-10-12T01:00:00,61.75106678838315
2023-10-12T02:00:00,34.90747534710428
2023-10-12T03:00:00,23.47183965600055
2023-10-12T04:00:00,20.046090250429895
2023-10-12T05:00:00,18.632119883661684
2023-10-12T06:00:00,18.08376577626104
2023-10-12T07:00:00,17.994408483090606
2023-10-12T08:00:00,18.73054520980171
2023-10-12T09:00:00,20.23323929828146
2023-10-12T10:00:00,23.529977964318316
2023-10-12T11:00:00,29.71822564498238
2023-10-12T12:00:00,41.078157176142156
2023-10-12T13:00:00,56.980655338453204
2023-10-12T14:00:00,73.42771281366763
2023-10-12T15:00:00,85.42021544083305
2023-10-12T16:00:00,89.15038133704142
2023-10-12T17:00:00,90.0482701840608
2023-10-12T18:00:00,92.36754110585088
2023-10-12T19:00:00,94.41456968887991
2023-10-12T20:00:00,96.12969771675442
2023-10-12T21:00:00,98.14916826331095
2023-10-12T22:00:00,99.36419710905655
2023-10-12T23:00:00,98.0890247510827
2023-10-13T00:00:00,93.82737698762313
2023-10-13T01:00:00,88.08879321554431
2023-10-13T02:00:00,49.20372855144997
2023-10-13T03:00:00,27.80651183750318
2023-10-13T04:00:00,23.308108122452442
2023-10-13T05:00:00,20.125580580338188
2023-10-13T06:00:00,18.64237179963485
2023-10-13T07:00:00,18.049775082132086
2023-10-13T08:00:00,18.121053529822305
2023-10-13T09:00:00,18.019107901531715
2023-10-13T10:00:00,19.69775000862453
2023-10-13T11:00:00,24.141151759935457
2023-10-13T12:00:00,31.02018348030422
2023-10-13T13:00:00,45.55722941523012
2023-10-13T14:00:00,63.84991272636081
2023-10-13T15:00:00,82.45750891644022
2023-10-13T16:00:00,96.8922762663468
2023-10-13T17:00:00,108.99152905008066
2023-10-13T18:00:00,118.16019041641898
2023-10-13T19:00:00,124.97672271728516
2023-10-13T20:00:00,128.18353271484375
2023-10-13T21:00:00,126.50306005063261
2023-10-13T22:00:00,136.9109357750934
2023-10-13T23:00:00,143.84980773925778
2023-10-14T00:00:00,145.03652821416438
2023-10-14T01:00:00,132.31064439856488
2023-10-14T02:00:00,73.89232469641644
2023-10-14T03:00:00,42.273200822913125
2023-10-14T04:00:00,30.15212631225586
2023-10-14T05:00:00,25.68148488583772
2023-10-14T06:00:00,23.968211630116336
2023-10-14T07:00:00,23.255570950715434
2023-10-14T08:00:00,22.87827193218729
2023-10-14T09:00:00,22.328113390051797
2023-10-14T10:00:00,22.50379777991253
2023-10-14T11:00:00,25.920905901038125
2023-10-14T12:00:00,33.966948301895805
2023-10-14T13:00:00,48.47474819680919
2023-10-14T14:00:00,62.58297464121942
2023-10-14T15:00:00,80.01682646378225
2023-10-14T16:00:00,98.28295533553413
2023-10-14T17:00:00,115.97371441385019
2023-10-14T18:00:00,132.92600681470788
2023-10-14T19:00:00,144.06845557171363
2023-10-14T20:00:00,149.14451201065725
2023-10-14T21:00:00,147.72098043690556
2023-10-14T22:00:00,144.65535105829653
2023-10-14T23:00:00,151.13385606848672
2023-10-15T00:00:00,157.78702180281928
2023-10-15T01:00:00,162.51758674953294
2023-10-15T02:00:00,134.68416694972825
2023-10-15T03:00:00,68.02719481095023
2023-10-15T04:00:00,38.93184960406759
2023-10-15T05:00:00,27.561394898787785
2023-10-15T06:00:00,21.53014042066491
2023-10-15T07:00:00,18.58287943964419
2023-10-15T08:00:00,16.94641179623811
2023-10-15T09:00:00,16.413275345512055
2023-10-15T10:00:00,17.56935617198115
2023-10-15T11:00:00,22.771604040394656
2023-10-15T12:00:00,32.706011233122446
2023-10-15T13:00:00,45.74525335560674
2023-10-15T14:00:00,59.56706652433976
2023-10-15T15:00:00,69.77043981137483
2023-10-15T16:00:00,77.45069553541099
2023-10-15T17:00:00,83.37931093962295
2023-10-15T18:00:00,87.00702700407608
2023-10-15T19:00:00,93.80239735478939
2023-10-15T20:00:00,97.76526940387227
2023-10-15T21:00:00,95.77678746762481
2023-10-15T22:00:00,90.88012463113536
2023-10-15T23:00:00,83.70668461011803
2023-10-16T00:00:00,76.4900545866593
2023-10-16T01:00:00,72.81696120552394
2023-10-16T02:00:00,40.34532746024753
2023-10-16T03:00:00,16.76817935446034
2023-10-16T04:00:00,14.51220603611158
2023-10-16T05:00:00,15.714735487233037
2023-10-16T06:00:00,17.212758852087934
2023-10-16T07:00:00,18.445421965225883
2023-10-16T08:00:00,19.711920862612512
2023-10-16T09:00:00,21.273795169332754
2023-10-16T10:00:00,22.850780569988746
2023-10-16T11:00:00,26.978363866391387
2023-10-16T12:00:00,34.48889010885487
2023-10-16T13:00:00,46.53273458066194
2023-10-16T14:00:00,62.47971808392067
2023-10-16T15:00:00,79.8843997457753
2023-10-16T16:00:00,97.05652784264605
2023-10-16T17:00:00,113.24616307797638
2023-10-16T18:00:00,128.61047761336616
2023-10-16T19:00:00,136.86801744543988
2023-10-16T20:00:00,142.1950690228006
2023-10-16T21:00:00,139.33591228982675
2023-10-16T22:00:00,116.14281596308169
2023-10-16T23:00:00,109.87809089992358
2023-10-17T00:00:00,104.22673830778702
2023-10-17T01:00:00,92.89267332657523
2023-10-17T02:00:00,56.06361836972444
2023-10-17T03:00:00,35.03088544762653
2023-10-17T04:00:00,28.346640213676118
2023-10-17T05:00:00,25.259763137153953
2023-10-17T06:00:00,23.928168255349863
2023-10-17T07:00:00,23.191640688025434
2023-10-17T08:00:00,22.580214293106742
2023-10-17T09:00:00,23.074062927909516
2023-10-17T10:00:00,24.38343860792077
2023-10-17T11:00:00,26.90517906520677
2023-10-17T12:00:00,33.09350395202636
2023-10-17T13:00:00,41.70329749065896
2023-10-17T14:00:00,51.601721888003134
2023-10-17T15:00:00,62.65033954122791
2023-10-17T16:00:00,75.26034330285113
2023-10-17T17:00:00,94.63866258704144
2023-10-17T18:00:00,112.84976461659306
2023-10-17T19:00:00,127.49199975055197
2023-10-17T20:00:00,138.63166046142578
2023-10-17T21:00:00,149.05828791079313
2023-10-17T22:00:00,160.92503025220788
2023-10-17T23:00:00,172.98991195015284
2023-10-18T00:00:00,181.4945658808169
2023-10-18T01:00:00,147.58242267111072
2023-10-18T02:00:00,53.39954110850458
2023-10-18T03:00:00,34.78783507969068
2023-10-18T04:00:00,28.655186860457707
2023-10-18T05:00:00,27.174309357352875
2023-10-18T06:00:00,26.82283957108207
2023-10-18T07:00:00,26.89973565806513
2023-10-18T08:00:00,27.721339598945946
2023-10-18T09:00:00,29.879160424937375
2023-10-18T10:00:00,32.34258477584176
2023-10-18T11:00:00,36.019670237665586
2023-10-18T12:00:00,43.78159780087678
2023-10-18T13:00:00,56.78393372245456
2023-10-18T14:00:00,75.05111163595448
2023-10-18T15:00:00,94.11597807511038
2023-10-18T16:00:00,117.46397200874658
2023-10-18T17:00:00,143.05098956564197
2023-10-18T18:00:00,168.73616890285322
2023-10-18T19:00:00,196.0100747813349
2023-10-18T20:00:00,217.5572761867357
2023-10-18T21:00:00,233.93670388926628
2023-10-18T22:00:00,246.0680170473845
2023-10-18T23:00:00,252.04934294327444
2023-10-19T00:00:00,254.05387679390287
2023-10-19T01:00:00,233.01327381963313
2023-10-19T02:00:00,130.96370199452275
2023-10-19T03:00:00,78.64494191045347
2023-10-19T04:00:00,58.95589944590692
2023-10-19T05:00:00,50.15306605463442
2023-10-19T06:00:00,43.05473891548488
2023-10-19T07:00:00,37.25533759075662
2023-10-19T08:00:00,34.032709868057914
2023-10-19T09:00:00,33.086788177490234
2023-10-19T10:00:00,35.282633574112594
2023-10-19T11:00:00,37.23968041461447
2023-10-19T12:00:00,44.18019667915676
2023-10-19T13:00:00,62.91833744878355
2023-10-19T14:00:00,84.49977178158967
2023-10-19T15:00:00,108.3276669046153
2023-10-19T16:00:00,130.0422369915506
2023-10-19T17:00:00,144.28277123492694
2023-10-19T18:00:00,156.93670654296875
2023-10-19T19:00:00,146.87006145974863
2023-10-19T20:00:00,141.1261702827785
2023-10-19T21:00:00,136.91477568253225
2023-10-19T22:00:00,130.20327427076256
2023-10-19T23:00:00,122.80433522100033
2023-10-20T00:00:00,115.1428405098293
2023-10-20T01:00:00,102.75005605946414
2023-10-20T02:00:00,54.13268429300059
2023-10-20T03:00:00,31.64328036100968
2023-10-20T04:00:00,25.96813823865807
2023-10-20T05:00:00,24.5429339201554
2023-10-20T06:00:00,22.84192640885063
2023-10-20T07:00:00,23.079598302426543
2023-10-20T08:00:00,25.463659618211828
2023-10-20T09:00:00,29.790043623551075
2023-10-20T10:00:00,33.14396692358929
2023-10-20T11:00:00,42.96272675887398
2023-10-20T12:00:00,60.87373949133831
2023-10-20T13:00:00,84.34529014255688
2023-10-20T14:00:00,113.41135439665419
2023-10-20T15:00:00,138.99268971318781
2023-10-20T16:00:00,152.57812367314878
2023-10-20T17:00:00,150.96903129245925
2023-10-20T18:00:00,147.2194127621858
2023-10-20T19:00:00,144.71843619968578
2023-10-20T20:00:00,145.00579568614128
2023-10-20T21:00:00,139.62381976583728
2023-10-20T22:00:00,132.0486025602921
2023-10-20T23:00:00,124.48766293733016
2023-10-21T00:00:00,118.51242596170177
2023-10-21T01:00:00,95.81349547012991
2023-10-21T02:00:00,43.89010487432064
2023-10-21T03:00:00,24.323856353759766
2023-10-21T04:00:00,18.689666913903277
2023-10-21T05:00:00,16.770311604375422
2023-10-21T06:00:00,16.3591308179109
2023-10-21T07:00:00,16.668414572010867
2023-10-21T08:00:00,17.495517316071883
2023-10-21T09:00:00,18.677144174990445
2023-10-21T10:00:00,21.78627602950386
2023-10-21T11:00:00,29.338101096775215
2023-10-21T12:00:00,41.04404084578804
2023-10-21T13:00:00,53.59295289412788
2023-10-21T14:00:00,65.78117801832116
2023-10-21T15:00:00,77.95270306131113
2023-10-21T16:00:00,86.99602044146994
2023-10-21T17:00:00,93.97524261474608
2023-10-21T18:00:00,102.782146288001
2023-10-21T19:00:00,108.05811973240063
2023-10-21T20:00:00,107.66007597550102
2023-10-21T21:00:00,105.42737977401069
2023-10-21T22:00:00,103.13930312446925
2023-10-21T23:00:00,98.60977405050525
2023-10-22T00:00:00,93.1174671338952
2023-10-22T01:00:00,81.64283288043478
2023-10-22T02:00:00,47.24151246444038
2023-10-22T03:00:00,21.53270447772482
2023-10-22T04:00:00,19.583371618519656
2023-10-22T05:00:00,21.703135117240574
2023-10-22T06:00:00,23.812642553578247
2023-10-22T07:00:00,24.216267876003098
2023-10-22T08:00:00,25.301004824431043
2023-10-22T09:00:00,29.858111422994856
2023-10-22T10:00:00,37.46737355771272
2023-10-22T11:00:00,48.526587610659384
2023-10-22T12:00:00,63.962466696034305
2023-10-22T13:00:00,79.62181058137313
2023-10-22T14:00:00,90.45965974227241
2023-10-22T15:00:00,98.21033378269361
2023-10-22T16:00:00,106.69180165166438
2023-10-22T17:00:00,111.90691176704736
2023-10-22T18:00:00,114.71984033999234
2023-10-22T19:00:00,117.48531308381453
2023-10-22T20:00:00,119.17693428371264
2023-10-22T21:00:00,119.88103053880772
2023-10-22T22:00:00,118.24659496804941
2023-10-22T23:00:00,115.54666801120922
2023-10-23T00:00:00,113.4636764526367
2023-10-23T01:00:00,106.93919339387313
2023-10-23T02:00:00,70.60055840533711
2023-10-23T03:00:00,51.94482023819633
2023-10-23T04:00:00,40.44590228536854
2023-10-23T05:00:00,33.80304917045261
2023-10-23T06:00:00,30.208542035973586
2023-10-23T07:00:00,29.250706714132555
2023-10-23T08:00:00,29.29663450821586
2023-10-23T09:00:00,28.943749966828715
2023-10-23T10:00:00,30.79833005822223
2023-10-23T11:00:00,34.25905940843665
2023-10-23T12:00:00,46.59446185568105
2023-10-23T13:00:00,63.242585721223236
2023-10-23T14:00:00,78.88555476976477
2023-10-23T15:00:00,92.83589902131452
2023-10-23T16:00:00,102.47246518342389
2023-10-23T17:00:00,106.63635552447772
2023-10-23T18:00:00,108.104341921599
2023-10-23T19:00:00,107.41968138321585
2023-10-23T20:00:00,106.26896733823028
2023-10-23T21:00:00,105.38825789741847
2023-10-23T22:00:00,103.7537795357082
2023-10-23T23:00:00,100.51272383980127
2023-10-24T00:00:00,94.96632849651833
2023-10-24T01:00:00,84.93680970565131
2023-10-24T02:00:00,35.63684961070185
2023-10-24T03:00:00,22.59855336728303
2023-10-24T04:00:00,21.03366345944612
2023-10-24T05:00:00,20.64939731100331
2023-10-24T06:00:00,21.11895884638247
2023-10-24T07:00:00,22.109610433163848
2023-10-24T08:00:00,24.693622837895926
2023-10-24T09:00:00,28.0485781794009
2023-10-24T10:00:00,33.30760259213655
2023-10-24T11:00:00,39.09458541870117
2023-10-24T12:00:00,46.89953198640242
2023-10-24T13:00:00,56.51055957960045
2023-10-24T14:00:00,67.17689912215522
2023-10-24T15:00:00,74.6736184825068
2023-10-24T16:00:00,80.9024362978728
2023-10-24T17:00:00,90.12506136686905
2023-10-24T18:00:00,101.96674313752547
2023-10-24T19:00:00,116.159343553626
2023-10-24T20:00:00,132.9849395751953
2023-10-24T21:00:00,148.77420906398606
2023-10-24T22:00:00,162.71365091075066
2023-10-24T23:00:00,175.10565716287363
2023-10-25T00:00:00,185.45096554963484
2023-10-25T01:00:00,171.48099550993544
2023-10-25T02:00:00,80.55925485362177
2023-10-25T03:00:00,40.34748997895613
2023-10-25T04:00:00,28.637882398522418
2023-10-25T05:00:00,24.068521582561985
2023-10-25T06:00:00,22.492673625116762
2023-10-25T07:00:00,21.369098124296766
2023-10-25T08:00:00,21.274339675903317
2023-10-25T09:00:00,20.651276464047637
2023-10-25T10:00:00,20.952507019042965
2023-10-25T11:00:00,22.42691927370818
2023-10-25T12:00:00,28.62218541684358
2023-10-25T13:00:00,41.59048146786896
2023-10-25T14:00:00,55.643635293711775
2023-10-25T15:00:00,70.60959990128225
2023-10-25T16:00:00,84.4306119835895
2023-10-25T17:00:00,96.69622968590777
2023-10-25T18:00:00,108.2794478043266
2023-10-25T19:00:00,116.67471877388331
2023-10-25T20:00:00,121.11085775624149
2023-10-25T21:00:00,121.60034876284391
2023-10-25T22:00:00,118.36792887812075
2023-10-25T23:00:00,112.11042752473249
2023-10-26T00:00:00,104.17443084716795
2023-10-26T01:00:00,92.3510745504628
2023-10-26T02:00:00,68.52048625116763
2023-10-26T03:00:00,67.98880071225373
2023-10-26T04:00:00,68.00390459143595
2023-10-26T05:00:00,64.86800401107124
2023-10-26T06:00:00,61.24756058402683
2023-10-26T07:00:00,57.695726643437915
2023-10-26T08:00:00,54.9847123519234
2023-10-26T09:00:00,53.762618852698274
2023-10-26T10:00:00,53.97146755716075
2023-10-26T11:00:00,55.63866524074388
2023-10-26T12:00:00,64.74624700131623
2023-10-26T13:00:00,80.60131869108778
2023-10-26T14:00:00,83.4663493944251
2023-10-26T15:00:00,93.82294961680536
2023-10-26T16:00:00,105.47762331755263
2023-10-26T17:00:00,117.94224846881369
2023-10-26T18:00:00,125.29920362389606
2023-10-26T19:00:00,130.47837099821672
2023-10-26T20:00:00,133.53164805536682
2023-10-26T21:00:00,134.75429534912107
2023-10-26T22:00:00,135.98619709844172
2023-10-26T23:00:00,137.64273767885953
2023-10-27T00:00:00,139.28284786058506
2023-10-27T01:00:00,134.12931160304856
2023-10-27T02:00:00,80.08237457275389
2023-10-27T03:00:00,62.29920047262439
2023-10-27T04:00:00,56.91792993960173
2023-10-27T05:00:00,53.53700554889181
2023-10-27T06:00:00,50.75511268947435
2023-10-27T07:00:00,48.28301902439283
2023-10-27T08:00:00,46.65802416594131
2023-10-27T09:00:00,46.661444788393766
2023-10-27T10:00:00,47.9737603560738
2023-10-27T11:00:00,49.675790703814954
2023-10-27T12:00:00,56.75158243593962
2023-10-27T13:00:00,61.93831253051758
2023-10-27T14:00:00,61.83335561337677
2023-10-27T15:00:00,60.61705166360605
2023-10-27T16:00:00,64.92160001008406
2023-10-27T17:00:00,66.64075105086616
2023-10-27T18:00:00,70.15373843649158
2023-10-27T19:00:00,75.07789479131283
2023-10-27T20:00:00,77.36205938588019
2023-10-27T21:00:00,80.5117247208305
2023-10-27T22:00:00,85.62252608589503
2023-10-27T23:00:00,89.30316095766813
2023-10-28T00:00:00,92.4960768326469
2023-10-28T01:00:00,96.17879187542458
2023-10-28T02:00:00,62.868540390678056
2023-10-28T03:00:00,40.30936390420664
2023-10-28T04:00:00,31.3890906624172
2023-10-28T05:00:00,27.90822302776834
2023-10-28T06:00:00,25.108314348303754
2023-10-28T07:00:00,22.431821698727813
2023-10-28T08:00:00,20.280990517657735
2023-10-28T09:00:00,19.115850324216094
2023-10-28T10:00:00,19.431366671686586
2023-10-28T11:00:00,22.81422117482061
2023-10-28T12:00:00,27.973144199537188
2023-10-28T13:00:00,37.201336819192626
2023-10-28T14:00:00,45.4081741001295
2023-10-28T15:00:00,56.71739976302436
2023-10-28T16:00:00,70.14842356806216
2023-10-28T17:00:00,84.99493739915931
2023-10-28T18:00:00,99.03195853855297
2023-10-28T19:00:00,110.61720607591711
2023-10-28T20:00:00,118.95235111402428
2023-10-28T21:00:00,125.04302912173064
2023-10-28T22:00:00,128.71525938614556
2023-10-28T23:00:00,129.64326875106147
2023-10-29T00:00:00,128.23433685302734
2023-10-29T01:00:00,115.37434420378311
2023-10-29T02:00:00,43.77953429844068
2023-10-29T03:00:00,24.438440654588778
2023-10-29T04:00:00,18.15578286544136
2023-10-29T05:00:00,17.183447298796278
2023-10-29T06:00:00,16.623533207437262
2023-10-29T07:00:00,17.433794394783348
2023-10-29T08:00:00,18.35878849029541
2023-10-29T09:00:00,19.89385625590449
2023-10-29T10:00:00,21.48169894840406
2023-10-29T11:00:00,25.187712171803348
2023-10-29T12:00:00,30.716518360635504
2023-10-29T13:00:00,38.672001299650766
2023-10-29T14:00:00,46.72321211773416
2023-10-29T15:00:00,55.12638548146123
2023-10-29T16:00:00,63.754298168679924
2023-10-29T17:00:00,72.66847560716711
2023-10-29T18:00:00,85.06350790936013
2023-10-29T19:00:00,99.87008136251697
2023-10-29T20:00:00,115.90384010646653
2023-10-29T21:00:00,130.47439641537872
2023-10-29T22:00:00,143.54269873577613
2023-10-29T23:00:00,157.17296567170516
2023-10-30T00:00:00,168.41261490531588
2023-10-30T01:00:00,169.33153135880175
2023-10-30T02:00:00,71.04440224688986
2023-10-30T03:00:00,33.890016804570735
2023-10-30T04:00:00,26.916276517121684
2023-10-30T05:00:00,24.75546530018682
2023-10-30T06:00:00,24.4018788545028
2023-10-30T07:00:00,25.208756073661473
2023-10-30T08:00:00,26.778384250143297
2023-10-30T09:00:00,29.826280842656672
2023-10-30T10:00:00,34.546056996221125
2023-10-30T11:00:00,43.28606862607209
2023-10-30T12:00:00,51.71140587848165
2023-10-30T13:00:00,59.03352505227793
2023-10-30T14:00:00,61.261103422745414
2023-10-30T15:00:00,61.12510001141091
2023-10-30T16:00:00,61.58377241051714
2023-10-30T17:00:00,67.1745373269786
2023-10-30T18:00:00,77.66256149955417
2023-10-30T19:00:00,86.35693956458049
2023-10-30T20:00:00,88.80762979258661
2023-10-30T21:00:00,89.52346470045006
2023-10-30T22:00:00,80.83886304108991
2023-10-30T23:00:00,65.75327848351519
2023-10-31T00:00:00,57.49126815795898
2023-10-31T01:00:00,49.566788383152165
2023-10-31T02:00:00,26.498930557914402
2023-10-31T03:00:00,13.475653897161067
2023-10-31T04:00:00,10.30424988788107
2023-10-31T05:00:00,8.909982743470563
2023-10-31T06:00:00,7.9600140737450635
2023-10-31T07:00:00,6.637147011964217
2023-10-31T08:00:00,7.248457224472708
2023-10-31T09:00:00,7.9828748495682404
2023-10-31T10:00:00,8.537442704905633
2023-10-31T11:00:00,9.936141179955523
2023-10-31T12:00:00,15.85273493891177
2023-10-31T13:00:00,20.65796528691831
2023-10-31T14:00:00,24.821497129357375
2023-10-31T15:00:00,33.156289473823875
2023-10-31T16:00:00,33.89144681847613
2023-10-31T17:00:00,28.160771079685375
2023-10-31T18:00:00,22.274081354555875
2023-10-31T19:00:00,26.546376767365828
2023-10-31T20:00:00,32.59545832094938
2023-10-31T21:00:00,39.12262974614682
2023-10-31T22:00:00,47.17980044821034
2023-10-31T23:00:00,56.331859920335845
2023-11-01T00:00:00,64.09233872786811
2023-11-01T01:00:00,58.57587963601816
2023-11-01T02:00:00,18.271329299263332
2023-11-01T03:00:00,12.459736202074133
2023-11-01T04:00:00,12.627131710881772
2023-11-01T05:00:00,13.551241128341012
2023-11-01T06:00:00,14.577523107114045
2023-11-01T07:00:00,15.594872889311418
2023-11-01T08:00:00,16.147061513817825
2023-11-01T09:00:00,17.19967987226403
2023-11-01T10:00:00,17.986579148665715
2023-11-01T11:00:00,20.022888515306555
2023-11-01T12:00:00,24.39839271877123
2023-11-01T13:00:00,31.86430325715438
2023-11-01T14:00:00,31.874652945477024
2023-11-01T15:00:00,41.46478951495626
2023-11-01T16:00:00,53.55699638698411
2023-11-01T17:00:00,67.04778920049252
2023-11-01T18:00:00,84.96474755328633
2023-11-01T19:00:00,103.34001458209492
2023-11-01T20:00:00,120.66812332816745
2023-11-01T21:00:00,137.8562781292459
2023-11-01T22:00:00,151.69707986582878
2023-11-01T23:00:00,163.42384537406588
2023-11-02T00:00:00,178.8914503014606
2023-11-02T01:00:00,196.88087065323535
2023-11-02T02:00:00,149.32447814941406
2023-11-02T03:00:00,78.99706152211064
2023-11-02T04:00:00,59.61908141426418
2023-11-02T05:00:00,52.036037942637556
2023-11-02T06:00:00,49.16957407412321
2023-11-02T07:00:00,49.171182549518086
2023-11-02T08:00:00,51.569100421407946
2023-11-02T09:00:00,52.23910456118375
2023-11-02T10:00:00,55.203480927840516
2023-11-02T11:00:00,63.53500100840693
2023-11-02T12:00:00,74.23648635200833
2023-11-02T13:00:00,87.73679915718408
2023-11-02T14:00:00,101.51087553604788
2023-11-02T15:00:00,113.38684446915335
2023-11-02T16:00:00,120.28523917820141
2023-11-02T17:00:00,120.49771881103516
2023-11-02T18:00:00,115.63816435440725
2023-11-02T19:00:00,109.57832071055536
2023-11-02T20:00:00,98.49718044115149
2023-11-02T21:00:00,82.72588381559952
2023-11-02T22:00:00,66.05274134096892
2023-11-02T23:00:00,56.24376744809358
2023-11-03T00:00:00,40.695811893628985
2023-11-03T01:00:00,43.73184369957965
2023-11-03T02:00:00,42.33016188248344
2023-11-03T03:00:00,21.657332213028614
2023-11-03T04:00:00,13.326630633810291
2023-11-03T05:00:00,11.812449786974035
2023-11-03T06:00:00,14.704495678777278
2023-11-03T07:00:00,16.809698146322496
2023-11-03T08:00:00,19.38945832459823
2023-11-03T09:00:00,26.76716447913128
2023-11-03T10:00:00,41.58391670558763
2023-11-03T11:00:00,56.060725834058665
2023-11-03T12:00:00,65.15224954356317
2023-11-03T13:00:00,71.05127881920856
2023-11-03T14:00:00,83.36125216276749
2023-11-03T15:00:00,98.62130538277003
2023-11-03T16:00:00,111.18190433668052
2023-11-03T17:00:00,126.67879651940385
2023-11-03T18:00:00,147.07751929241678
2023-11-03T19:00:00,166.46680948008662
2023-11-03T20:00:00,184.30115674889603
2023-11-03T21:00:00,201.46185037364125
2023-11-03T22:00:00,220.46934774647585
2023-11-03T23:00:00,240.04129957116163
2023-11-04T00:00:00,257.19142217221463
2023-11-04T01:00:00,265.79798822817594
2023-11-04T02:00:00,174.86169499936307
2023-11-04T03:00:00,97.41341831373131
2023-11-04T04:00:00,61.16291311512822
2023-11-04T05:00:00,42.336280988610305
2023-11-04T06:00:00,27.7897425941799
2023-11-04T07:00:00,22.067644450975497
2023-11-04T08:00:00,22.69037910129713
2023-11-04T09:00:00,25.274315543796703
2023-11-04T10:00:00,32.50949022044306
2023-11-04T11:00:00,47.77060052622919
2023-11-04T12:00:00,71.33907318115234
2023-11-04T13:00:00,93.92004560387653
2023-11-04T14:00:00,113.95566293467645
2023-11-04T15:00:00,131.14062101944631
2023-11-04T16:00:00,144.52101002568784
2023-11-04T17:00:00,159.36164391559103
2023-11-04T18:00:00,173.6356718643852
2023-11-04T19:00:00,185.77653370732847
2023-11-04T20:00:00,195.05112623131794
2023-11-04T21:00:00,202.60840905230975
2023-11-04T22:00:00,208.49476955247962
2023-11-04T23:00:00,212.63518889054006
2023-11-05T00:00:00,216.1699185578719
2023-11-05T01:00:00,215.68531998344088
2023-11-05T02:00:00,128.17862137504244
2023-11-05T03:00:00,52.948641403861664
2023-11-05T04:00:00,34.84331927092179
2023-11-05T05:00:00,30.864830680515453
2023-11-05T06:00:00,29.450127726015833
2023-11-05T07:00:00,28.192868108334746
2023-11-05T08:00:00,29.430639184039567
2023-11-05T09:00:00,33.55855361275051
2023-11-05T10:00:00,41.477420972741164
2023-11-05T11:00:00,51.877700142238446
2023-11-05T12:00:00,59.4642103443975
2023-11-05T13:00:00,62.95466713283373
2023-11-05T14:00:00,63.3739541095236
2023-11-05T15:00:00,64.47648786461872
2023-11-05T16:00:00,70.56613855776578
2023-11-05T17:00:00,79.07772031037702
2023-11-05T18:00:00,87.43625839896822
2023-11-05T19:00:00,93.57483905294666
2023-11-05T20:00:00,94.70846292246942
2023-11-05T21:00:00,84.71716308593749
2023-11-05T22:00:00,80.66870017673658
2023-11-05T23:00:00,73.71848164434017
2023-11-06T00:00:00,67.73908897068189
2023-11-06T01:00:00,63.38069584058678
2023-11-06T02:00:00,34.0177008587381
2023-11-06T03:00:00,15.34123540961224
2023-11-06T04:00:00,13.54437902699346
2023-11-06T05:00:00,12.92044216653575
2023-11-06T06:00:00,11.925677050714906
2023-11-06T07:00:00,11.24547415194304
2023-11-06T08:00:00,11.428510914678156
2023-11-06T09:00:00,12.905507543812625
2023-11-06T10:00:00,15.375007836715035
2023-11-06T11:00:00,18.524845869644825
2023-11-06T12:00:00,23.802962012912914
2023-11-06T13:00:00,31.62715148925781
2023-11-06T14:00:00,38.31073711229407
2023-11-06T15:00:00,50.39082585210386
2023-11-06T16:00:00,54.34133181364639
2023-11-06T17:00:00,52.11276709515115
2023-11-06T18:00:00,53.093423760455586
2023-11-06T19:00:00,53.866054369055696
2023-11-06T20:00:00,53.88217478213102
2023-11-06T21:00:00,52.78299281908117
2023-11-06T22:00:00,51.216600501019016
2023-11-06T23:00:00,49.95476747595745
2023-11-07T00:00:00,47.43584458724312
2023-11-07T01:00:00,46.36550273065982
2023-11-07T02:00:00,37.65301281472911
2023-11-07T03:00:00,23.94621260269828
2023-11-07T04:00:00,16.385683557261586
2023-11-07T05:00:00,12.846002703127652
2023-11-07T06:00:00,11.234684612440024
2023-11-07T07:00:00,10.362298302028488
2023-11-07T08:00:00,9.890688730322795
2023-11-07T09:00:00,10.365113424218219
2023-11-07T10:00:00,12.125952969426692
2023-11-07T11:00:00,14.817529844201125
2023-11-07T12:00:00,20.817999798318613
2023-11-07T13:00:00,29.506131047787875
2023-11-07T14:00:00,38.71093749999999
2023-11-07T15:00:00,49.826319155485734
2023-11-07T16:00:00,62.89094477114469
2023-11-07T17:00:00,77.64676765773606
2023-11-07T18:00:00,92.91773621932319
2023-11-07T19:00:00,109.60049703846806
2023-11-07T20:00:00,109.59027099609374
2023-11-07T21:00:00,84.25823128741719
2023-11-07T22:00:00,92.62806154334025
2023-11-07T23:00:00,99.18912887573242
2023-11-08T00:00:00,103.93683491582455
2023-11-08T01:00:00,109.83901446798573
2023-11-08T02:00:00,58.485493701437235
2023-11-08T03:00:00,22.34942108651866
2023-11-08T04:00:00,18.004097606824793
2023-11-08T05:00:00,16.5055863338968
2023-11-08T06:00:00,14.479652487713356
2023-11-08T07:00:00,13.201532757800557
2023-11-08T08:00:00,13.246267733366592
2023-11-08T09:00:00,12.485498262488322
2023-11-08T10:00:00,10.756962776184082
2023-11-08T11:00:00,11.109230207360307
2023-11-08T12:00:00,11.956942765609075
2023-11-08T13:00:00,13.732976664667543
2023-11-08T14:00:00,16.128055199332856
2023-11-08T15:00:00,19.804051026054047
2023-11-08T16:00:00,24.519903348839797
2023-11-08T17:00:00,30.228844352390453
2023-11-08T18:00:00,37.12370814447817
2023-11-08T19:00:00,43.01461062224015
2023-11-08T20:00:00,41.81317636241083
2023-11-08T21:00:00,57.68153713060461
2023-11-08T22:00:00,79.17944750578506
2023-11-08T23:00:00,87.85582169242525
2023-11-09T00:00:00,91.64765465777852
2023-11-09T01:00:00,88.1728983340056
2023-11-09T02:00:00,39.243740828140915
2023-11-09T03:00:00,25.571698893671446
2023-11-09T04:00:00,22.62216393843941
2023-11-09T05:00:00,21.558385931927223
2023-11-09T06:00:00,20.492260601209555
2023-11-09T07:00:00,20.123055499532946
2023-11-09T08:00:00,21.34911462535029
2023-11-09T09:00:00,23.416186291238535
2023-11-09T10:00:00,26.592758178710938
2023-11-09T11:00:00,32.076381102852196
2023-11-09T12:00:00,38.54738766214121
2023-11-09T13:00:00,47.55469496353812
2023-11-09T14:00:00,57.19159068231996
2023-11-09T15:00:00,67.15908796890922
2023-11-09T16:00:00,76.92790089482845
2023-11-09T17:00:00,86.02764461351477
2023-11-09T18:00:00,95.67065031632133
2023-11-09T19:00:00,104.6580996306046
2023-11-09T20:00:00,113.41432024085002
2023-11-09T21:00:00,121.90263267185377
2023-11-09T22:00:00,130.83717379362685
2023-11-09T23:00:00,140.9003203018852
2023-11-10T00:00:00,138.25990096382472
2023-11-10T01:00:00,128.1318770698879
2023-11-10T02:00:00,64.0979992410411
2023-11-10T03:00:00,33.61963064774223
2023-11-10T04:00:00,24.917601709780484
2023-11-10T05:00:00,21.752571354741633
2023-11-10T06:00:00,20.46634234552798
2023-11-10T07:00:00,19.748031035713524
2023-11-10T08:00:00,19.239665819251016
2023-11-10T09:00:00,19.481547977613367
2023-11-10T10:00:00,20.338884934135102
2023-11-10T11:00:00,21.66076552349588
2023-11-10T12:00:00,23.833937852279
2023-11-10T13:00:00,28.20734007462211
2023-11-10T14:00:00,33.14279854815939
2023-11-10T15:00:00,38.56387868134871
2023-11-10T16:00:00,45.03842511384382
2023-11-10T17:00:00,51.75028759500253
2023-11-10T18:00:00,59.030889759893
2023-11-10T19:00:00,66.77228197844131
2023-11-10T20:00:00,73.93831535007641
2023-11-10T21:00:00,80.63493911079738
2023-11-10T22:00:00,84.52944813603939
2023-11-10T23:00:00,87.54030509617017
2023-11-11T00:00:00,90.74195165219514
2023-11-11T01:00:00,85.91301395582116
2023-11-11T02:00:00,41.103822791058086
2023-11-11T03:00:00,22.529031007186223
2023-11-11T04:00:00,18.221461669258446
2023-11-11T05:00:00,16.39358839781388
2023-11-11T06:00:00,15.232092981753139
2023-11-11T07:00:00,14.240848168082858
2023-11-11T08:00:00,12.498394219771674
2023-11-11T09:00:00,13.21229942985203
2023-11-11T10:00:00,16.855619720790695
2023-11-11T11:00:00,19.180403626483415
2023-11-11T12:00:00,23.154946534529977
2023-11-11T13:00:00,28.639463341754414
2023-11-11T14:00:00,34.857379996258274
2023-11-11T15:00:00,39.31819948942764
2023-11-11T16:00:00,41.70923929629118
2023-11-11T17:00:00,48.77215758613917
2023-11-11T18:00:00,63.87584221881368
2023-11-11T19:00:00,78.90637140688688
2023-11-11T20:00:00,85.1896514892578
2023-11-11T21:00:00,80.70089489480723
2023-11-11T22:00:00,88.65837030825406
2023-11-11T23:00:00,93.15969019350796
2023-11-12T00:00:00,80.57977062722911
2023-11-12T01:00:00,70.7771224975586
2023-11-12T02:00:00,51.04254216733185
2023-11-12T03:00:00,21.143908956776492
2023-11-12T04:00:00,16.73730721681014
2023-11-12T05:00:00,14.255509874095088
2023-11-12T06:00:00,13.926037871319314
2023-11-12T07:00:00,14.262597581614616
2023-11-12T08:00:00,14.990560324295704
2023-11-12T09:00:00,16.463913419972293
2023-11-12T10:00:00,15.721312937529188
2023-11-12T11:00:00,15.706126296001932
2023-11-12T12:00:00,20.706664043924082
2023-11-12T13:00:00,28.542702384617016
2023-11-12T14:00:00,37.58076352658479
2023-11-12T15:00:00,47.18389428180197
2023-11-12T16:00:00,54.71063249007514
2023-11-12T17:00:00,59.39491371486498
2023-11-12T18:00:00,61.73378869761591
2023-11-12T19:00:00,61.650245168934696
2023-11-12T20:00:00,61.78422944442085
2023-11-12T21:00:00,61.720788872760274
2023-11-12T22:00:00,60.270274950110384
2023-11-12T23:00:00,58.40609658282735
2023-11-13T00:00:00,56.30664974710215
2023-11-13T01:00:00,51.32536631045134
2023-11-13T02:00:00,21.32587092855702
2023-11-13T03:00:00,17.361302707506262
2023-11-13T04:00:00,17.367135006448496
2023-11-13T05:00:00,17.519007890120793
2023-11-13T06:00:00,18.39142973526664
2023-11-13T07:00:00,21.352787349535067
2023-11-13T08:00:00,25.945852030878477
2023-11-13T09:00:00,31.265560233074684
2023-11-13T10:00:00,39.503586644711696
2023-11-13T11:00:00,53.803335272747525
2023-11-13T12:00:00,70.97136721403702
2023-11-13T13:00:00,83.25714973781419
2023-11-13T14:00:00,84.52723328963569
2023-11-13T15:00:00,79.86121932319972
2023-11-13T16:00:00,77.23433983844258
2023-11-13T17:00:00,75.89004616115405
2023-11-13T18:00:00,70.78903596297555
2023-11-13T19:00:00,67.6034751560377
2023-11-13T20:00:00,68.54622534047002
2023-11-13T21:00:00,76.12063432776408
2023-11-13T22:00:00,90.58239513894785
2023-11-13T23:00:00,109.88527049189027
2023-11-14T00:00:00,135.24133897864297
2023-11-14T01:00:00,160.4889864714249
2023-11-14T02:00:00,176.5264680281929
2023-11-14T03:00:00,175.47673366380775
2023-11-14T04:00:00,142.51558851159137
2023-11-14T05:00:00,109.40001612124234
2023-11-14T06:00:00,73.69483881411345
2023-11-14T07:00:00,52.878573542055875
2023-11-14T08:00:00,41.291603917660915
2023-11-14T09:00:00,35.45811893628991
2023-11-14T10:00:00,35.15499911100967
2023-11-14T11:00:00,38.93019369374151
2023-11-14T12:00:00,51.144075476604954
2023-11-14T13:00:00,61.70145864072053
2023-11-14T14:00:00,74.32540196957794
2023-11-14T15:00:00,87.03727456797724
2023-11-14T16:00:00,98.90780871847402
2023-11-14T17:00:00,105.87101646091625
2023-11-14T18:00:00,110.16091388204823
2023-11-14T19:00:00,106.44566643756367
2023-11-14T20:00:00,106.8933632892111
2023-11-14T21:00:00,107.27081232485563
2023-11-14T22:00:00,104.69293743631113
2023-11-14T23:00:00,99.11687834366508
2023-11-15T00:00:00,94.0888270502505
2023-11-15T01:00:00,87.63853089705756
2023-11-15T02:00:00,48.43046387382175
2023-11-15T03:00:00,21.601172903309696
2023-11-15T04:00:00,17.49689964626146
2023-11-15T05:00:00,15.637570629949153
2023-11-15T06:00:00,16.000556116518766
2023-11-15T07:00:00,17.65308670375658
2023-11-15T08:00:00,18.664906709090523
2023-11-15T09:00:00,19.588199283765707
2023-11-15T10:00:00,21.17938066565472
2023-11-15T11:00:00,22.666311844535496
2023-11-15T12:00:00,32.49109127210534
2023-11-15T13:00:00,57.11517450083856
2023-11-15T14:00:00,82.83936542013416
2023-11-15T15:00:00,106.36150127908456
2023-11-15T16:00:00,128.62844052522075
2023-11-15T17:00:00,141.44505973484206
2023-11-15T18:00:00,142.37884521484375
2023-11-15T19:00:00,144.91653508725372
2023-11-15T20:00:00,123.9049384075662
2023-11-15T21:00:00,97.8906432442043
2023-11-15T22:00:00,95.51730147652003
2023-11-15T23:00:00,95.1824480139691
2023-11-16T00:00:00,92.30274299953295
2023-11-16T01:00:00,83.23069099757981
2023-11-16T02:00:00,48.85576297925866
2023-11-16T03:00:00,32.33185842762822
2023-11-16T04:00:00,26.57401657104492
2023-11-16T05:00:00,22.947742628014602
2023-11-16T06:00:00,20.22201040516729
2023-11-16T07:00:00,19.32967666957689
2023-11-16T08:00:00,19.453405711961828
2023-11-16T09:00:00,20.919200482575786
2023-11-16T10:00:00,24.5247978542162
2023-11-16T11:00:00,26.524801005487852
2023-11-16T12:00:00,32.680996936300524
2023-11-16T13:00:00,45.38174173106318
2023-11-16T14:00:00,62.26255798339843
2023-11-16T15:00:00,81.28269991667374
2023-11-16T16:00:00,101.05410335374913
2023-11-16T17:00:00,118.80405260168988
2023-11-16T18:00:00,136.65857995074728
2023-11-16T19:00:00,153.37946551779038
2023-11-16T20:00:00,171.37716144064197
2023-11-16T21:00:00,187.53702113939366
2023-11-16T22:00:00,195.079741768215
2023-11-16T23:00:00,196.50643721870753
2023-11-17T00:00:00,200.2296779466712
2023-11-17T01:00:00,196.05310987389603
2023-11-17T02:00:00,95.95546689240828
2023-11-17T03:00:00,50.086579364279046
2023-11-17T04:00:00,36.86901639855426
2023-11-17T05:00:00,35.413579360298485
2023-11-17T06:00:00,33.93027529509171
2023-11-17T07:00:00,33.40660708883534
2023-11-17T08:00:00,34.78805525406547
2023-11-17T09:00:00,38.979928223983094
2023-11-17T10:00:00,46.00516675866168
2023-11-17T11:00:00,54.9482428509256
2023-11-17T12:00:00,63.79274981954822
2023-11-17T13:00:00,73.84592437744139
2023-11-17T14:00:00,87.29942222263502
2023-11-17T15:00:00,106.47721862792967
2023-11-17T16:00:00,128.15374921715775
2023-11-17T17:00:00,147.02009814718494
2023-11-17T18:00:00,163.69081248407775
2023-11-17T19:00:00,171.86785357931385
2023-11-17T20:00:00,173.1591445259426
2023-11-17T21:00:00,173.1691954239555
2023-11-17T22:00:00,172.21710404105806
2023-11-17T23:00:00,176.32006238854447
2023-11-18T00:00:00,186.46598019807234
2023-11-18T01:00:00,193.85052490234372
2023-11-18T02:00:00,134.98758199940556
2023-11-18T03:00:00,82.23597451914911
2023-11-18T04:00:00,52.03646568630052
2023-11-18T05:00:00,40.05697913791822
2023-11-18T06:00:00,35.230702607528016
2023-11-18T07:00:00,33.04172134399414
2023-11-18T08:00:00,33.74407859470533
2023-11-18T09:00:00,38.50481713336447
2023-11-18T10:00:00,49.29840336675228
2023-11-18T11:00:00,65.37467591658883
2023-11-18T12:00:00,82.00737032682999
2023-11-18T13:00:00,96.0065513279127
2023-11-18T14:00:00,95.74948617686394
2023-11-18T15:00:00,82.43961201543392
2023-11-18T16:00:00,80.32194154158883
2023-11-18T17:00:00,82.08710413393766
2023-11-18T18:00:00,84.55474571559739
2023-11-18T19:00:00,63.13896378226901
2023-11-18T20:00:00,65.34209127011505
2023-11-18T21:00:00,61.598279040792704
2023-11-18T22:00:00,51.91424759574558
2023-11-18T23:00:00,53.086924677309774
2023-11-19T00:00:00,54.68233456818953
2023-11-19T01:00:00,54.8418380073879
2023-11-19T02:00:00,34.52024708623471
2023-11-19T03:00:00,17.270363351573113
2023-11-19T04:00:00,14.83695888519287
2023-11-19T05:00:00,15.912771224975586
2023-11-19T06:00:00,18.315332081006922
2023-11-19T07:00:00,22.07163852194081
2023-11-19T08:00:00,27.28120181871497
2023-11-19T09:00:00,34.105209018873126
2023-11-19T10:00:00,42.35481859290082
2023-11-19T11:00:00,53.37770462036133
2023-11-19T12:00:00,67.7558656775433
2023-11-19T13:00:00,82.39914338485053
2023-11-19T14:00:00,96.28217979099439
2023-11-19T15:00:00,112.99432970129924
2023-11-19T16:00:00,126.73368835449217
2023-11-19T17:00:00,127.36402295983356
2023-11-19T18:00:00,112.89666648533033
2023-11-19T19:00:00,94.60909602953039
2023-11-19T20:00:00,83.71969903033713
2023-11-19T21:00:00,82.36368129564366
2023-11-19T22:00:00,89.71799767535666
2023-11-19T23:00:00,96.45523336659306
2023-11-20T00:00:00,102.37491441809613
2023-11-20T01:00:00,97.22199547809102
2023-11-20T02:00:00,36.163593789805525
2023-11-20T03:00:00,23.24277007061502
2023-11-20T04:00:00,20.804126407789145
2023-11-20T05:00:00,20.302831235139266
2023-11-20T06:00:00,19.10819634147312
2023-11-20T07:00:00,18.793685249660324
2023-11-20T08:00:00,19.251782375833262
2023-11-20T09:00:00,21.395753114119817
2023-11-20T10:00:00,26.37278730972953
2023-11-20T11:00:00,33.132000964620836
2023-11-20T12:00:00,41.895011072573446
2023-11-20T13:00:00,55.91546995743461
2023-11-20T14:00:00,67.08723549220872
2023-11-20T15:00:00,87.6068702366041
2023-11-20T16:00:00,112.59047101891558
2023-11-20T17:00:00,137.880616892939
2023-11-20T18:00:00,160.1061660103176
2023-11-20T19:00:00,179.13561082922894
2023-11-20T20:00:00,198.21480527131453
2023-11-20T21:00:00,218.06470655358356
2023-11-20T22:00:00,238.48013040293816
2023-11-20T23:00:00,257.41567595108694
2023-11-21T00:00:00,270.91521818741506
2023-11-21T01:00:00,262.2972617771314
2023-11-21T02:00:00,141.89799565854278
2023-11-21T03:00:00,57.08037865680196
2023-11-21T04:00:00,38.72198187786599
2023-11-21T05:00:00,32.07100055528723
2023-11-21T06:00:00,28.583253031191614
2023-11-21T07:00:00,24.832824541174844
2023-11-21T08:00:00,24.846218855484672
2023-11-21T09:00:00,27.571476977804434
2023-11-21T10:00:00,32.837390650873594
2023-11-21T11:00:00,41.398540994395375
2023-11-21T12:00:00,52.08502147508704
2023-11-21T13:00:00,61.16951453167459
2023-11-21T14:00:00,61.40447085836659
2023-11-21T15:00:00,58.599120762037195
2023-11-21T16:00:00,54.11642970209535
2023-11-21T17:00:00,51.416620503301196
2023-11-21T18:00:00,51.33266747516134
2023-11-21T19:00:00,52.55066166753354
2023-11-21T20:00:00,55.323805601700485
2023-11-21T21:00:00,56.88972622415294
2023-11-21T22:00:00,55.61795442000678
2023-11-21T23:00:00,53.32750552633534
2023-11-22T00:00:00,51.417701721191406
2023-11-22T01:00:00,50.538018102231234
2023-11-22T02:00:00,52.0801307014797
2023-11-22T03:00:00,54.126390705937915
2023-11-22T04:00:00,45.02508511750594
2023-11-22T05:00:00,34.58664015065068
2023-11-22T06:00:00,28.149019075476602
2023-11-22T07:00:00,23.178212953650426
2023-11-22T08:00:00,20.709717792013414
2023-11-22T09:00:00,19.704124948252797
2023-11-22T10:00:00,20.635253698929496
2023-11-22T11:00:00,23.38210993227751
2023-11-22T12:00:00,27.419248498004414
2023-11-22T13:00:00,32.633919259776235
2023-11-22T14:00:00,43.97731764420219
2023-11-22T15:00:00,57.22390415357506
2023-11-22T16:00:00,57.42399845952572
2023-11-22T17:00:00,62.22177953305451
2023-11-22T18:00:00,72.68290561178455
2023-11-22T19:00:00,84.60168274589205
2023-11-22T20:00:00,100.23302559230638
2023-11-22T21:00:00,117.77934928562328
2023-11-22T22:00:00,135.04114598813266
2023-11-22T23:00:00,150.24329309878138
2023-11-23T00:00:00,162.81565691077188
2023-11-23T01:00:00,151.70703854768172
2023-11-23T02:00:00,60.76767067287278
2023-11-23T03:00:00,34.34854656717051
2023-11-23T04:00:00,26.944635142450743
2023-11-23T05:00:00,24.557347836701766
2023-11-23T06:00:00,23.300502362458598
2023-11-23T07:00:00,22.26490684177564
2023-11-23T08:00:00,21.67126887777577
2023-11-23T09:00:00,21.360300644584324
2023-11-23T10:00:00,21.112796161485754
2023-11-23T11:00:00,21.511368917382278
2023-11-23T12:00:00,23.391019987023395
2023-11-23T13:00:00,26.58271665158479
2023-11-23T14:00:00,34.23838723224142
2023-11-23T15:00:00,44.30087611986243
2023-11-23T16:00:00,55.06037753561268
2023-11-23T17:00:00,67.84881525454314
2023-11-23T18:00:00,80.80634672745414
2023-11-23T19:00:00,91.6937955773395
2023-11-23T20:00:00,92.57034169072689
2023-11-23T21:00:00,93.18638710353684
2023-11-23T22:00:00,90.27413708230722
2023-11-23T23:00:00,82.4935425468113
2023-11-24T00:00:00,83.88023111094599
2023-11-24T01:00:00,82.6311910878057
2023-11-24T02:00:00,44.18623451564623
2023-11-24T03:00:00,23.663085854571793
2023-11-24T04:00:00,17.11846496747887
2023-11-24T05:00:00,14.400180402009381
2023-11-24T06:00:00,13.107505839803943
2023-11-24T07:00:00,12.541847560716711
2023-11-24T08:00:00,12.659909414208453
2023-11-24T09:00:00,13.25161846824314
2023-11-24T10:00:00,14.464102993840754
2023-11-24T11:00:00,17.29500982035761
2023-11-24T12:00:00,19.689851595007855
2023-11-24T13:00:00,21.57716071087381
2023-11-24T14:00:00,26.487328570822008
2023-11-24T15:00:00,34.65905828061311
2023-11-24T16:00:00,42.557667939559266
2023-11-24T17:00:00,49.25447099105171
2023-11-24T18:00:00,59.41373708973759
2023-11-24T19:00:00,66.97724052097486
2023-11-24T20:00:00,69.1596394414487
2023-11-24T21:00:00,72.91967939293902
2023-11-24T22:00:00,76.3935254967731
2023-11-24T23:00:00,76.31834643820058
2023-11-25T00:00:00,73.14935020778489
2023-11-25T01:00:00,67.81067010630731
2023-11-25T02:00:00,40.16193331842837
2023-11-25T03:00:00,20.447955670564067
2023-11-25T04:00:00,15.75113582611084
2023-11-25T05:00:00,13.459089279174803
2023-11-25T06:00:00,12.506644912388014
2023-11-25T07:00:00,12.18787910627282
2023-11-25T08:00:00,12.194868378017258
2023-11-25T09:00:00,12.649329434270442
2023-11-25T10:00:00,13.698101790054983
2023-11-25T11:00:00,15.909141125886334
2023-11-25T12:00:00,17.134519577026367
2023-11-25T13:00:00,19.319069489188816
2023-11-25T14:00:00,25.167433448459786
2023-11-25T15:00:00,30.67949278458305
2023-11-25T16:00:00,35.406691841457196
2023-11-25T17:00:00,40.040091638979696
2023-11-25T18:00:00,45.861925871475876
2023-11-25T19:00:00,51.8243235712466
2023-11-25T20:00:00,58.870152017344594
2023-11-25T21:00:00,65.86780083697774
2023-11-25T22:00:00,65.42899753736413
2023-11-25T23:00:00,59.798688308052384
2023-11-26T00:00:00,52.431320522142485
2023-11-26T01:00:00,45.266991325046696
2023-11-26T02:00:00,28.982645698215645
2023-11-26T03:00:00,18.998719091000762
2023-11-26T04:00:00,15.063329282014266
2023-11-26T05:00:00,13.070959754612133
2023-11-26T06:00:00,12.110714746558148
2023-11-26T07:00:00,11.693968980208686
2023-11-26T08:00:00,11.53590505019478
2023-11-26T09:00:00,11.659343802410623
2023-11-26T10:00:00,12.53687460526176
2023-11-26T11:00:00,14.587379787279211
2023-11-26T12:00:00,17.459012985229492
2023-11-26T13:00:00,19.35698194089143
2023-11-26T14:00:00,24.994864919911258
2023-11-26T15:00:00,30.44476533972698
2023-11-26T16:00:00,35.99704609746518
2023-11-26T17:00:00,41.65206958936608
2023-11-26T18:00:00,46.480332250180446
2023-11-26T19:00:00,51.89328036100967
2023-11-26T20:00:00,62.308208299719766
2023-11-26T21:00:00,71.85318955131198
2023-11-26T22:00:00,80.37949636708134
2023-11-26T23:00:00,84.86792755126952
2023-11-27T00:00:00,75.7497445811396
2023-11-27T01:00:00,52.51777068428371
2023-11-27T02:00:00,26.534895192021906
2023-11-27T03:00:00,15.598546691562815
2023-11-27T04:00:00,11.811264742975647
2023-11-27T05:00:00,10.121497527412744
2023-11-27T06:00:00,9.377160611359969
2023-11-27T07:00:00,9.160226946291715
2023-11-27T08:00:00,9.899689218272332
2023-11-27T09:00:00,11.101195874421492
2023-11-27T10:00:00,13.146450291509213
2023-11-27T11:00:00,18.093497483626653
2023-11-27T12:00:00,24.408189773559567
2023-11-27T13:00:00,27.907817923504368
2023-11-27T14:00:00,25.958082696665887
2023-11-27T15:00:00,28.676397821177602
2023-11-27T16:00:00,33.78353516951851
2023-11-27T17:00:00,39.112069834833555
2023-11-27T18:00:00,43.46470874288807
2023-11-27T19:00:00,47.31428842959196
2023-11-27T20:00:00,47.5275533924932
2023-11-27T21:00:00,46.59378300542417
2023-11-27T22:00:00,51.85836178323496
2023-11-27T23:00:00,60.98307568094004
2023-11-28T00:00:00,72.18565036939538
2023-11-28T01:00:00,80.58150449006453
2023-11-28T02:00:00,32.41912029100501
2023-11-28T03:00:00,18.854146293971848
2023-11-28T04:00:00,17.388870322186012
2023-11-28T05:00:00,15.595491989799164
2023-11-28T06:00:00,13.415419039518936
2023-11-28T07:00:00,11.309328867041543
2023-11-28T08:00:00,9.954840038133703
2023-11-28T09:00:00,9.419595635455586
2023-11-28T10:00:00,10.049391083095383
2023-11-28T11:00:00,12.045774501302965
2023-11-28T12:00:00,16.12970659007197
2023-11-28T13:00:00,21.464209598043688
2023-11-28T14:00:00,18.90673496412194
2023-11-28T15:00:00,22.21275238368822
2023-11-28T16:00:00,27.258270263671875
2023-11-28T17:00:00,36.414238059002415
2023-11-28T18:00:00,48.36051343834918
2023-11-28T19:00:00,60.35882236646568
2023-11-28T20:00:00,68.79735498842986
2023-11-28T21:00:00,70.07174417246944
2023-11-28T22:00:00,65.44635059522545
2023-11-28T23:00:00,65.83021031255306
2023-11-29T00:00:00,63.82541838936183
2023-11-29T01:00:00,60.89470705778702
2023-11-29T02:00:00,35.95886645109756
2023-11-29T03:00:00,15.914934531502102
2023-11-29T04:00:00,11.863401164179262
2023-11-29T05:00:00,10.345678288003672
2023-11-29T06:00:00,9.131320497264031
2023-11-29T07:00:00,9.45731146439262
2023-11-29T08:00:00,10.531233663144318
2023-11-29T09:00:00,11.942227239194121
2023-11-29T10:00:00,14.520012233568272
2023-11-29T11:00:00,18.71415685570758
2023-11-29T12:00:00,23.549755925717562
2023-11-29T13:00:00,26.538361093272332
2023-11-29T14:00:00,32.1352772920028
2023-11-29T15:00:00,39.90000368201214
2023-11-29T16:00:00,47.74060440063476
2023-11-29T17:00:00,54.91122005296789
2023-11-29T18:00:00,60.151702217433765
2023-11-29T19:00:00,62.36500400045643
2023-11-29T20:00:00,62.18298290086829
2023-11-29T21:00:00,62.40922347359035
2023-11-29T22:00:00,63.280043394669235
2023-11-29T23:00:00,62.11492754065472
2023-11-30T00:00:00,58.75436816008194
2023-11-30T01:00:00,53.9580199200174
2023-11-30T02:00:00,55.9372387761655
2023-11-30T03:00:00,42.46798623126486
2023-11-30T04:00:00,25.397355038186774
2023-11-30T05:00:00,21.81000178793202
2023-11-30T06:00:00,22.823800460152004
2023-11-30T07:00:00,17.781349762626316
2023-11-30T08:00:00,15.589926844057828
2023-11-30T09:00:00,15.72443630384362
2023-11-30T10:00:00,20.385428718898606
2023-11-30T11:00:00,33.988830234693445
2023-11-30T12:00:00,46.862626283065126
2023-11-30T13:00:00,45.75680044422978
2023-11-30T14:00:00,42.99888478154721
2023-11-30T15:00:00,46.86968960969344
2023-11-30T16:00:00,53.38011534317679
2023-11-30T17:00:00,58.09422551030698
2023-11-30T18:00:00,58.87471107814623
2023-11-30T19:00:00,60.4674538322117
2023-11-30T20:00:00,61.81725427378778
2023-11-30T21:00:00,62.7916380840799
2023-11-30T22:00:00,63.37228476482888
2023-11-30T23:00:00,65.3817432237708
2023-12-01T00:00:00,70.91381587152895
2023-12-01T01:00:00,74.12034640104872
2023-12-01T02:00:00,42.30367179538892
2023-12-01T03:00:00,22.614492582238235
2023-12-01T04:00:00,19.7205288928488
2023-12-01T05:00:00,20.215927206951637
2023-12-01T06:00:00,20.67972307619841
2023-12-01T07:00:00,20.809088250865106
2023-12-01T08:00:00,22.928270008253012
2023-12-01T09:00:00,27.98195938442064
2023-12-01T10:00:00,35.19614725527556
2023-12-01T11:00:00,46.07573318481445
2023-12-01T12:00:00,59.08556133767832
2023-12-01T13:00:00,66.98622463060461
2023-12-01T14:00:00,67.24745277736497
2023-12-01T15:00:00,59.92178543754246
2023-12-01T16:00:00,52.63468933105468
2023-12-01T17:00:00,51.09262383502462
2023-12-01T18:00:00,55.18752786387567
2023-12-01T19:00:00,61.646108710247525
2023-12-01T20:00:00,68.98581529700238
2023-12-01T21:00:00,75.78752832827361
2023-12-01T22:00:00,81.98244277290675
2023-12-01T23:00:00,82.43537604290505
2023-12-02T00:00:00,77.39623127812924
2023-12-02T01:00:00,73.76739103897756
2023-12-02T02:00:00,63.87799238122028
2023-12-02T03:00:00,33.100406812584914
2023-12-02T04:00:00,26.297956715459406
2023-12-02T05:00:00,29.187628372855805
2023-12-02T06:00:00,37.68424788765285
2023-12-02T07:00:00,43.235082377558165
2023-12-02T08:00:00,47.29623330157735
2023-12-02T09:00:00,56.26010231349778
2023-12-02T10:00:00,72.90736787215522
2023-12-02T11:00:00,86.42821436342986
2023-12-02T12:00:00,91.7974515168563
2023-12-02T13:00:00,96.9221081941024
2023-12-02T14:00:00,101.62240932298742
2023-12-02T15:00:00,107.53539176609205
2023-12-02T16:00:00,119.35570824664573
2023-12-02T17:00:00,136.82345050314197
2023-12-02T18:00:00,152.31250464397925
2023-12-02T19:00:00,160.8342742919922
2023-12-02T20:00:00,162.84511333963144
2023-12-02T21:00:00,151.71388509999147
2023-12-02T22:00:00,133.30555924125338
2023-12-02T23:00:00,121.08230590820311
2023-12-03T00:00:00,121.0496666949728
2023-12-03T01:00:00,119.0547810430112
2023-12-03T02:00:00,86.1034346870754
2023-12-03T03:00:00,44.62748303620711
2023-12-03T04:00:00,29.280105176179298
2023-12-03T05:00:00,23.58826521168584
2023-12-03T06:00:00,22.502311955327574
2023-12-03T07:00:00,21.839002028755516
2023-12-03T08:00:00,20.94301439368206
2023-12-03T09:00:00,21.412692028543223
2023-12-03T10:00:00,25.450534571772035
2023-12-03T11:00:00,34.47797924539317
2023-12-03T12:00:00,39.33500903585682
2023-12-03T13:00:00,36.26205013109289
2023-12-03T14:00:00,35.68192705900772
2023-12-03T15:00:00,36.83480917889138
2023-12-03T16:00:00,36.11289903391962
2023-12-03T17:00:00,38.17571009760317
2023-12-03T18:00:00,37.54604588384213
2023-12-03T19:00:00,37.03488192350967
2023-12-03T20:00:00,37.991497288579524
2023-12-03T21:00:00,39.04507429703421
2023-12-03T22:00:00,38.23787423838739
2023-12-03T23:00:00,35.22089336229407
2023-12-04T00:00:00,32.2130013341489
2023-12-04T01:00:00,31.14897960165272
2023-12-04T02:00:00,24.224840247112766
2023-12-04T03:00:00,16.461708483488664
2023-12-04T04:00:00,13.58191278706426
2023-12-04T05:00:00,11.896816834159518
2023-12-04T06:00:00,11.109884179156758
2023-12-04T07:00:00,11.169327321259871
2023-12-04T08:00:00,11.505796432495115
2023-12-04T09:00:00,12.457874588344408
2023-12-04T10:00:00,15.689074391904082
2023-12-04T11:00:00,21.133015591165293
2023-12-04T12:00:00,27.240252867988914
2023-12-04T13:00:00,31.423228719960083
2023-12-04T14:00:00,35.183366775512695
2023-12-04T15:00:00,38.337709675664485
2023-12-04T16:00:00,39.41519513337508
2023-12-04T17:00:00,39.24463653564453
2023-12-04T18:00:00,40.64211206850798
2023-12-04T19:00:00,43.08314978558084
2023-12-04T20:00:00,47.23277929554814
2023-12-04T21:00:00,51.813086634096884
2023-12-04T22:00:00,54.78549691905146
2023-12-04T23:00:00,56.308584130328626
2023-12-05T00:00:00,57.76874907120414
2023-12-05T01:00:00,61.81434183535367
2023-12-05T02:00:00,58.832365284795344
2023-12-05T03:00:00,34.48423775382664
2023-12-05T04:00:00,23.56851934350055
2023-12-05T05:00:00,19.13927600694739
2023-12-05T06:00:00,16.075736833655316
2023-12-05T07:00:00,13.99481089218803
2023-12-05T08:00:00,12.645094291023586
2023-12-05T09:00:00,13.099881959998088
2023-12-05T10:00:00,16.453322534975797
2023-12-05T11:00:00,25.00143059440281
2023-12-05T12:00:00,42.454869477645204
2023-12-05T13:00:00,60.70436328390369
2023-12-05T14:00:00,67.1827502043351
2023-12-05T15:00:00,66.47143720543903
2023-12-05T16:00:00,59.49169109178626
2023-12-05T17:00:00,56.402482737665586
2023-12-05T18:00:00,66.35979693868885
2023-12-05T19:00:00,74.19190381920856
2023-12-05T20:00:00,80.08940091340438
2023-12-05T21:00:00,82.59834787119988
2023-12-05T22:00:00,79.87414086383322
2023-12-05T23:00:00,69.81112670898438
2023-12-06T00:00:00,63.3896076368249
2023-12-06T01:00:00,60.17316586038339
2023-12-06T02:00:00,35.14104710454526
2023-12-06T03:00:00,21.850191282189407
2023-12-06T04:00:00,19.17415254012398
2023-12-06T05:00:00,18.6866046242092
2023-12-06T06:00:00,18.824681655220363
2023-12-06T07:00:00,18.86572929050611
2023-12-06T08:00:00,18.786977104518723
2023-12-06T09:00:00,19.507413864135742
2023-12-06T10:00:00,21.787360481593918
2023-12-06T11:00:00,26.733070539391555
2023-12-06T12:00:00,33.48039170970087
2023-12-06T13:00:00,46.08764615266219
2023-12-06T14:00:00,61.494003461754836
2023-12-06T15:00:00,75.22336279827616
2023-12-06T16:00:00,89.07049726403277
2023-12-06T17:00:00,101.46501624065895
2023-12-06T18:00:00,110.6219306614088
2023-12-06T19:00:00,116.33981024700661
2023-12-06T20:00:00,121.00170168669327
2023-12-06T21:00:00,124.49933325726052
2023-12-06T22:00:00,127.45472916312839
2023-12-06T23:00:00,129.2870742134426
2023-12-07T00:00:00,129.8057005509086
2023-12-07T01:00:00,128.23931486710256
2023-12-07T02:00:00,67.96331090512481
2023-12-07T03:00:00,34.697127300760016
2023-12-07T04:00:00,28.858167814171832
2023-12-07T05:00:00,26.35562465501868
2023-12-07T06:00:00,26.62362148450768
2023-12-07T07:00:00,29.177095164423402
2023-12-07T08:00:00,33.330516068831734
2023-12-07T09:00:00,39.78541946411132
2023-12-07T10:00:00,47.953771839971125
2023-12-07T11:00:00,60.24079513549804
2023-12-07T12:00:00,75.15492115850033
2023-12-07T13:00:00,91.78982179061227
2023-12-07T14:00:00,109.00320500912873
2023-12-07T15:00:00,123.733818385912
2023-12-07T16:00:00,131.96836421800697
2023-12-07T17:00:00,133.62301005487853
2023-12-07T18:00:00,135.9014547596807
2023-12-07T19:00:00,142.0561768904976
2023-12-07T20:00:00,148.59883117675778
2023-12-07T21:00:00,162.31835871157435
2023-12-07T22:00:00,176.75288192085597
2023-12-07T23:00:00,185.8521575927734
2023-12-08T00:00:00,201.82910620647925
2023-12-08T01:00:00,221.11331707498297
2023-12-08T02:00:00,214.91908396845275
2023-12-08T03:00:00,168.49732241423231
2023-12-08T04:00:00,87.50323784869649
2023-12-08T05:00:00,44.74062363997749
2023-12-08T06:00:00,31.888210545415458
2023-12-08T07:00:00,27.90510965430218
2023-12-08T08:00:00,28.63619746332583
2023-12-08T09:00:00,30.491517108419664
2023-12-08T10:00:00,33.628971099853516
2023-12-08T11:00:00,41.971425263778016
2023-12-08T12:00:00,54.54129409790038
2023-12-08T13:00:00,71.22462463378905
2023-12-08T14:00:00,87.36677584440811
2023-12-08T15:00:00,101.88102025571077
2023-12-08T16:00:00,114.86574322244394
2023-12-08T17:00:00,126.06575941002886
2023-12-08T18:00:00,135.2518542745839
2023-12-08T19:00:00,141.63865197223166
2023-12-08T20:00:00,147.33285456118375
2023-12-08T21:00:00,149.48677328358525
2023-12-08T22:00:00,134.93889783776322
2023-12-08T23:00:00,132.538458119268
2023-12-09T00:00:00,131.89709970225456
2023-12-09T01:00:00,129.70437124501103
2023-12-09T02:00:00,94.18792774366294
2023-12-09T03:00:00,54.03573674740998
2023-12-09T04:00:00,33.474439455115274
2023-12-09T05:00:00,23.71342688021452
2023-12-09T06:00:00,18.513034654700235
2023-12-09T07:00:00,15.512921706489895
2023-12-09T08:00:00,14.172662486200744
2023-12-09T09:00:00,13.599775480187457
2023-12-09T10:00:00,13.802469129147735
2023-12-09T11:00:00,15.502171599346658
2023-12-09T12:00:00,19.511361495308254
2023-12-09T13:00:00,22.960351446400516
2023-12-09T14:00:00,24.024952598240063
2023-12-09T15:00:00,25.30461435732634
2023-12-09T16:00:00,26.101574275804598
2023-12-09T17:00:00,29.319540355516516
2023-12-09T18:00:00,30.14235678963039
2023-12-09T19:00:00,32.06241690594217
2023-12-09T20:00:00,34.70953203284222
2023-12-09T21:00:00,42.01338942154594
2023-12-09T22:00:00,49.19430890290633
2023-12-09T23:00:00,53.33993795643682
2023-12-10T00:00:00,55.604005564814024
2023-12-10T01:00:00,56.88310822196628
2023-12-10T02:00:00,38.28958428424337
2023-12-10T03:00:00,21.508653391962465
2023-12-10T04:00:00,14.159528981084406
2023-12-10T05:00:00,10.922264845474905
2023-12-10T06:00:00,9.653476652891738
2023-12-10T07:00:00,9.218527524367621
2023-12-10T08:00:00,9.021727209505825
2023-12-10T09:00:00,10.129223574762758
2023-12-10T10:00:00,12.205195675725522
2023-12-10T11:00:00,16.412276143613067
2023-12-10T12:00:00,30.500761280889094
2023-12-10T13:00:00,45.16756306523861
2023-12-10T14:00:00,45.58085947451384
2023-12-10T15:00:00,44.747421098792024
2023-12-10T16:00:00,47.91679448666779
2023-12-10T17:00:00,48.809384055759594
2023-12-10T18:00:00,42.243184131124735
2023-12-10T19:00:00,39.43981535538383
2023-12-10T20:00:00,39.21860670006793
2023-12-10T21:00:00,39.19305859441342
2023-12-10T22:00:00,39.374357472295344
2023-12-10T23:00:00,44.71149195795473
2023-12-11T00:00:00,51.99606903739597
2023-12-11T01:00:00,58.57084075264308
2023-12-11T02:00:00,31.77262455484141
2023-12-11T03:00:00,17.33037363964578
2023-12-11T04:00:00,15.329398155212399
2023-12-11T05:00:00,14.020103620446244
2023-12-11T06:00:00,12.857347239618715
2023-12-11T07:00:00,11.971234819163445
2023-12-11T08:00:00,11.561455187590223
2023-12-11T09:00:00,11.908455019411832
2023-12-11T10:00:00,13.015245147373365
2023-12-11T11:00:00,14.425621032714842
2023-12-11T12:00:00,16.727394725965414
2023-12-11T13:00:00,19.902010378630266
2023-12-11T14:00:00,28.75747373829717
2023-12-11T15:00:00,38.892364501953125
2023-12-11T16:00:00,47.47674461033033
2023-12-11T17:00:00,55.4329256804093
2023-12-11T18:00:00,61.365582010020375
2023-12-11T19:00:00,65.28969607145889
2023-12-11T20:00:00,71.16289785633914
2023-12-11T21:00:00,87.08996946915335
2023-12-11T22:00:00,105.04425745425016
2023-12-11T23:00:00,112.45552394701085
2023-12-12T00:00:00,119.56754601520039
2023-12-12T01:00:00,127.43277077052905
2023-12-12T02:00:00,120.58706996751866
2023-12-12T03:00:00,103.56678042204483
2023-12-12T04:00:00,66.76822811624277
2023-12-12T05:00:00,40.54236337412958
2023-12-12T06:00:00,29.2664680480957
2023-12-12T07:00:00,22.49723202249278
2023-12-12T08:00:00,19.39281185813572
2023-12-12T09:00:00,20.185028905453887
2023-12-12T10:00:00,22.345276293547254
2023-12-12T11:00:00,26.05817960656207
2023-12-12T12:00:00,32.11374689185101
2023-12-12T13:00:00,39.41191383030103
2023-12-12T14:00:00,52.40849586155103
2023-12-12T15:00:00,64.05765102220617
2023-12-12T16:00:00,72.65134695301883
2023-12-12T17:00:00,76.88485187032947
2023-12-12T18:00:00,82.01735421885614
2023-12-12T19:00:00,86.94807533595873
2023-12-12T20:00:00,88.05117598823877
2023-12-12T21:00:00,91.61591272768767
2023-12-12T22:00:00,96.63817065695056
2023-12-12T23:00:00,98.04000887663467
2023-12-13T00:00:00,95.0281703783118
2023-12-13T01:00:00,92.37481390911599
2023-12-13T02:00:00,83.4611524498981
2023-12-13T03:00:00,61.476644598919414
2023-12-13T04:00:00,51.87148616624915
2023-12-13T05:00:00,45.36623697695525
2023-12-13T06:00:00,44.01649839981742
2023-12-13T07:00:00,47.57665236099906
2023-12-13T08:00:00,47.352238364841625
2023-12-13T09:00:00,47.01351198942765
2023-12-13T10:00:00,53.890191783075736
2023-12-13T11:00:00,57.001781629479446
2023-12-13T12:00:00,56.043853262196414
2023-12-13T13:00:00,55.33280977995499
2023-12-13T14:00:00,56.39315314914868
2023-12-13T15:00:00,57.57467303068741
2023-12-13T16:00:00,63.703439961309016
2023-12-13T17:00:00,75.83941086478855
2023-12-13T18:00:00,85.01072991412617
2023-12-13T19:00:00,93.87429312001103
2023-12-13T20:00:00,104.12647512684697
2023-12-13T21:00:00,103.00130728016728
2023-12-13T22:00:00,95.23052945344344
2023-12-13T23:00:00,93.03106755795685
2023-12-14T00:00:00,94.52472719938858
2023-12-14T01:00:00,98.0588332466457
2023-12-14T02:00:00,98.92159801980722
2023-12-14T03:00:00,93.93139946979024
2023-12-14T04:00:00,80.93191826861836
2023-12-14T05:00:00,50.096136839493454
2023-12-14T06:00:00,33.17131357607634
2023-12-14T07:00:00,29.892238782799755
2023-12-14T08:00:00,32.30550301593283
2023-12-14T09:00:00,39.33179258263629
2023-12-14T10:00:00,45.53919170213781
2023-12-14T11:00:00,37.34986313529636
2023-12-14T12:00:00,27.207570780878477
2023-12-14T13:00:00,23.73993334562882
2023-12-14T14:00:00,29.677458058232844
2023-12-14T15:00:00,43.93965895279594
2023-12-14T16:00:00,57.20940797225288
2023-12-14T17:00:00,68.28552677320397
2023-12-14T18:00:00,79.4525209509808
2023-12-14T19:00:00,72.2680380448051
2023-12-14T20:00:00,69.90662334276281
2023-12-14T21:00:00,69.9394360417905
2023-12-14T22:00:00,69.45511212556258
2023-12-14T23:00:00,70.59595522673233
2023-12-15T00:00:00,75.39985922108525
2023-12-15T01:00:00,77.34090904567552
2023-12-15T02:00:00,80.4770103122877
2023-12-15T03:00:00,72.2659567128057
2023-12-15T04:00:00,67.45324806545092
2023-12-15T05:00:00,59.78282381140667
2023-12-15T06:00:00,43.75263164354406
2023-12-15T07:00:00,30.31975348099418
2023-12-15T08:00:00,25.19089881233547
2023-12-15T09:00:00,25.197013937908668
2023-12-15T10:00:00,29.83127353502356
2023-12-15T11:00:00,40.454510730245836
2023-12-15T12:00:00,43.99166919874108
2023-12-15T13:00:00,37.68897827811863
2023-12-15T14:00:00,34.5279076617697
2023-12-15T15:00:00,33.50238576142684
2023-12-15T16:00:00,35.04810490815535
2023-12-15T17:00:00,42.557868294093915
2023-12-15T18:00:00,52.34421174422553
2023-12-15T19:00:00,59.65578245080035
2023-12-15T20:00:00,65.66280978658925
2023-12-15T21:00:00,70.87486333432405
2023-12-15T22:00:00,72.86716676794964
2023-12-15T23:00:00,72.86549543297808
2023-12-16T00:00:00,72.28226968516474
2023-12-16T01:00:00,69.31099020916483
2023-12-16T02:00:00,42.94858791517174
2023-12-16T03:00:00,19.5115909161775
2023-12-16T04:00:00,12.779183843861453
2023-12-16T05:00:00,10.197816019472867
2023-12-16T06:00:00,9.012933834739352
2023-12-16T07:00:00,8.084901934084684
2023-12-16T08:00:00,7.890468141307
2023-12-16T09:00:00,9.654194831848143
2023-12-16T10:00:00,11.929597274116846
2023-12-16T11:00:00,16.943167230357293
2023-12-16T12:00:00,30.301466900369395
2023-12-16T13:00:00,43.17654020889945
2023-12-16T14:00:00,55.01596998131793
2023-12-16T15:00:00,63.08454695991848
2023-12-16T16:00:00,67.92937469482422
2023-12-16T17:00:00,69.7566913107167
2023-12-16T18:00:00,70.14083746205205
2023-12-16T19:00:00,56.901589103367016
2023-12-16T20:00:00,51.14394925988238
2023-12-16T21:00:00,49.815470322318696
2023-12-16T22:00:00,51.18098283850628
2023-12-16T23:00:00,55.15937838347062
2023-12-17T00:00:00,58.50071052882981
2023-12-17T01:00:00,60.05806980962338
2023-12-17T02:00:00,32.924752028092094
2023-12-17T03:00:00,20.416961918706477
2023-12-17T04:00:00,15.708094845647395
2023-12-17T05:00:00,13.232640722523564
2023-12-17T06:00:00,12.13118312669837
2023-12-17T07:00:00,12.02924865225087
2023-12-17T08:00:00,11.631716147713039
2023-12-17T09:00:00,11.078523428543754
2023-12-17T10:00:00,11.617637426956838
2023-12-17T11:00:00,13.25872570535411
2023-12-17T12:00:00,17.473569787066914
2023-12-17T13:00:00,23.89638693436332
2023-12-17T14:00:00,28.706287715746004
2023-12-17T15:00:00,31.59906619528065
2023-12-17T16:00:00,32.98478632387907
2023-12-17T17:00:00,30.59653008502462
2023-12-17T18:00:00,24.701365926991336
2023-12-17T19:00:00,23.532237343166184
2023-12-17T20:00:00,26.300473918085512
2023-12-17T21:00:00,31.604227729465645
2023-12-17T22:00:00,36.478535527768344
2023-12-17T23:00:00,41.56699122553286
2023-12-18T00:00:00,45.85820222937542
2023-12-18T01:00:00,49.46271050494649
2023-12-18T02:00:00,30.320351559182868
2023-12-18T03:00:00,19.88844125167183
2023-12-18T04:00:00,16.19453206269637
2023-12-18T05:00:00,13.84971174986466
2023-12-18T06:00:00,12.871789310289465
2023-12-18T07:00:00,12.06907226728356
2023-12-18T08:00:00,11.592154171155846
2023-12-18T09:00:00,12.15396495487379
2023-12-18T10:00:00,14.377625506857166
2023-12-18T11:00:00,19.185501347417418
2023-12-18T12:00:00,27.084112250286598
2023-12-18T13:00:00,37.75671618917714
2023-12-18T14:00:00,43.395219222359025
2023-12-18T15:00:00,43.76993312006411
2023-12-18T16:00:00,43.64881357939347
2023-12-18T17:00:00,40.78846002661663
2023-12-18T18:00:00,35.25004162995712
2023-12-18T19:00:00,32.49579114499299
2023-12-18T20:00:00,31.998605562293
2023-12-18T21:00:00,32.50832458164381
2023-12-18T22:00:00,34.74794984900433
2023-12-18T23:00:00,37.140177353568696
2023-12-19T00:00:00,40.63235705831776
2023-12-19T01:00:00,42.06757072780443
2023-12-19T02:00:00,26.161747973898176
2023-12-19T03:00:00,15.950814661772355
2023-12-19T04:00:00,12.484369195025899
2023-12-19T05:00:00,10.700602075327996
2023-12-19T06:00:00,9.855699373328168
2023-12-19T07:00:00,9.40900416996168
2023-12-19T08:00:00,9.006294748057488
2023-12-19T09:00:00,9.194826789524242
2023-12-19T10:00:00,10.012693529543668
2023-12-19T11:00:00,12.715013918669325
2023-12-19T12:00:00,16.89644523288893
2023-12-19T13:00:00,19.98249286154042
2023-12-19T14:00:00,21.01126131804093
2023-12-19T15:00:00,22.337803467460294
2023-12-19T16:00:00,24.127233588177223
2023-12-19T17:00:00,26.69551675216011
2023-12-19T18:00:00,27.936901673026703
2023-12-19T19:00:00,27.629164322562836
2023-12-19T20:00:00,26.4976982448412
2023-12-19T21:00:00,25.50348265274711
2023-12-19T22:00:00,25.354591950126313
2023-12-19T23:00:00,25.56942666095236
2023-12-20T00:00:00,27.578448088272758
2023-12-20T01:00:00,30.30864682404891
2023-12-20T02:00:00,24.276201331097145
2023-12-20T03:00:00,14.594069107719088
2023-12-20T04:00:00,11.162738800048826
2023-12-20T05:00:00,9.506886813951574
2023-12-20T06:00:00,8.817614223646078
2023-12-20T07:00:00,8.666002708932627
2023-12-20T08:00:00,8.707654102988863
2023-12-20T09:00:00,9.13356063676917
2023-12-20T10:00:00,10.392685309700342
2023-12-20T11:00:00,12.847944798676863
2023-12-20T12:00:00,17.429736842279848
2023-12-20T13:00:00,24.50785462752632
2023-12-20T14:00:00,29.02808429883874
2023-12-20T15:00:00,29.507865656977113
2023-12-20T16:00:00,29.56057390959366
2023-12-20T17:00:00,29.994673687478763
2023-12-20T18:00:00,30.327987919683036
2023-12-20T19:00:00,30.4175560992697
2023-12-20T20:00:00,30.391083012456477
2023-12-20T21:00:00,31.835369275963824
2023-12-20T22:00:00,34.60060418170431
2023-12-20T23:00:00,37.36145848813264
2023-12-21T00:00:00,40.0507870549741
2023-12-21T01:00:00,45.1759854192319
2023-12-21T02:00:00,40.56868976095448
2023-12-21T03:00:00,25.986441239066743
2023-12-21T04:00:00,18.98570869279944
2023-12-21T05:00:00,14.652267953623895
2023-12-21T06:00:00,12.226635476817254
2023-12-21T07:00:00,11.132859437362006
2023-12-21T08:00:00,10.844186160875402
2023-12-21T09:00:00,11.092431109884508
2023-12-21T10:00:00,11.909045758454695
2023-12-21T11:00:00,14.301253028537914
2023-12-21T12:00:00,19.35238406969153
2023-12-21T13:00:00,24.105312513268508
2023-12-21T14:00:00,27.269200283548102
2023-12-21T15:00:00,28.60378091231636
2023-12-21T16:00:00,29.17461776733398
2023-12-21T17:00:00,32.426155753757634
2023-12-21T18:00:00,33.789444881936774
2023-12-21T19:00:00,29.55759827987007
2023-12-21T20:00:00,28.697114363960594
2023-12-21T21:00:00,29.87992203753927
2023-12-21T22:00:00,29.41531148164168
2023-12-21T23:00:00,28.26597520579462
2023-12-22T00:00:00,25.617572867352028
2023-12-22T01:00:00,24.498478765073024
2023-12-22T02:00:00,18.848830181619395
2023-12-22T03:00:00,13.370340554610541
2023-12-22T04:00:00,10.875385160031525
2023-12-22T05:00:00,9.471928015999172
2023-12-22T06:00:00,8.526884742405104
2023-12-22T07:00:00,7.900142068448274
2023-12-22T08:00:00,7.750129326530124
2023-12-22T09:00:00,7.944927028987718
2023-12-22T10:00:00,8.622767137444535
2023-12-22T11:00:00,10.932370807813559
2023-12-22T12:00:00,15.223246118296748
2023-12-22T13:00:00,18.034203156181
2023-12-22T14:00:00,21.3020950814952
2023-12-22T15:00:00,23.66632652282715
2023-12-22T16:00:00,24.57819134256114
2023-12-22T17:00:00,25.785318540490188
2023-12-22T18:00:00,23.63190476790718
2023-12-22T19:00:00,22.23700100442637
2023-12-22T20:00:00,22.704992460167926
2023-12-22T21:00:00,24.141895542974055
2023-12-22T22:00:00,24.684701007345446
2023-12-22T23:00:00,25.026630152826723
2023-12-23T00:00:00,25.48008661684782
2023-12-23T01:00:00,26.311551798944887
2023-12-23T02:00:00,20.920792869899582
2023-12-23T03:00:00,13.482404667398201
2023-12-23T04:00:00,11.674206775167713
2023-12-23T05:00:00,10.965434613435162
2023-12-23T06:00:00,10.442180384760318
2023-12-23T07:00:00,10.335060244021207
2023-12-23T08:00:00,10.457389541294264
2023-12-23T09:00:00,10.874367921248725
2023-12-23T10:00:00,11.419380644093387
2023-12-23T11:00:00,13.485576214997662
2023-12-23T12:00:00,20.09222495037576
2023-12-23T13:00:00,26.909013333527934
2023-12-23T14:00:00,32.99282596422278
2023-12-23T15:00:00,38.33323719190514
2023-12-23T16:00:00,44.39162610924762
2023-12-23T17:00:00,51.47974992835003
2023-12-23T18:00:00,58.01391502048658
2023-12-23T19:00:00,63.33576285320778
2023-12-23T20:00:00,66.42380075869353
2023-12-23T21:00:00,61.841124824855626
2023-12-23T22:00:00,53.02849595443062
2023-12-23T23:00:00,47.816188480543055
2023-12-24T00:00:00,44.013977382494055
2023-12-24T01:00:00,41.0378942074983
2023-12-24T02:00:00,28.90039195185122
2023-12-24T03:00:00,16.521673865940258
2023-12-24T04:00:00,11.965647241343621
2023-12-24T05:00:00,9.977123094641643
2023-12-24T06:00:00,9.019098986750063
2023-12-24T07:00:00,8.71160892818285
2023-12-24T08:00:00,9.041987377664316
2023-12-24T09:00:00,9.885039039280104
2023-12-24T10:00:00,11.394210027611772
2023-12-24T11:00:00,14.318430154219916
2023-12-24T12:00:00,19.15258432471234
2023-12-24T13:00:00,24.10590146935504
2023-12-24T14:00:00,28.323309939840563
2023-12-24T15:00:00,30.917683974556297
2023-12-24T16:00:00,31.519991003948704
2023-12-24T17:00:00,31.159081417581305
2023-12-24T18:00:00,32.16977277009383
2023-12-24T19:00:00,30.794269147126574
2023-12-24T20:00:00,34.303340414296024
2023-12-24T21:00:00,37.69800186157226
2023-12-24T22:00:00,37.750705553137735
2023-12-24T23:00:00,35.4554673899775
2023-12-25T00:00:00,36.86082027269446
2023-12-25T01:00:00,37.97837381777556
2023-12-25T02:00:00,25.08811088230299
2023-12-25T03:00:00,17.9388660762621
2023-12-25T04:00:00,14.731771095939303
2023-12-25T05:00:00,12.919001662212867
2023-12-25T06:00:00,12.098246491473652
2023-12-25T07:00:00,11.842907988506814
2023-12-25T08:00:00,12.168286945508873
2023-12-25T09:00:00,12.932804397914719
2023-12-25T10:00:00,14.153868965480639
2023-12-25T11:00:00,17.01690557728643
2023-12-25T12:00:00,21.726122648819633
2023-12-25T13:00:00,25.596330725628395
2023-12-25T14:00:00,29.27735768193784
2023-12-25T15:00:00,30.72388101660686
2023-12-25T16:00:00,32.54761405613112
2023-12-25T17:00:00,35.51881441862686
2023-12-25T18:00:00,39.58152290012525
2023-12-25T19:00:00,43.95781226780104
2023-12-25T20:00:00,43.07888047591499
2023-12-25T21:00:00,39.25726318359375
2023-12-25T22:00:00,37.66549616274626
2023-12-25T23:00:00,37.42782045447308
2023-12-26T00:00:00,38.23777837338655
2023-12-26T01:00:00,39.4610889268958
2023-12-26T02:00:00,27.12681040556534
2023-12-26T03:00:00,16.394338193147078
2023-12-26T04:00:00,13.039344911989955
2023-12-26T05:00:00,11.346324671869692
2023-12-26T06:00:00,10.356608846913213
2023-12-26T07:00:00,9.87298708376677
2023-12-26T08:00:00,9.820875250774879
2023-12-26T09:00:00,10.190935549528701
2023-12-26T10:00:00,11.389697157818338
2023-12-26T11:00:00,15.667221110800039
2023-12-26T12:00:00,22.195045471191406
2023-12-26T13:00:00,28.83494277622388
2023-12-26T14:00:00,35.564725461213484
2023-12-26T15:00:00,41.277073404063344
2023-12-26T16:00:00,45.256757155708634
2023-12-26T17:00:00,48.57298030023989
2023-12-26T18:00:00,51.22259189771569
2023-12-26T19:00:00,52.824498715608016
2023-12-26T20:00:00,53.97457205730935
2023-12-26T21:00:00,54.14660445503566
2023-12-26T22:00:00,53.400180153224774
2023-12-26T23:00:00,51.92999516362729
2023-12-27T00:00:00,49.649394325588055
2023-12-27T01:00:00,47.140710747760274
2023-12-27T02:00:00,33.355213828708806
2023-12-27T03:00:00,18.350075431492016
2023-12-27T04:00:00,13.641122320423953
2023-12-27T05:00:00,11.347230869790781
2023-12-27T06:00:00,10.315809498662531
2023-12-27T07:00:00,10.00502478558084
2023-12-27T08:00:00,10.115752012833305
2023-12-27T09:00:00,11.057501958764115
2023-12-27T10:00:00,13.099090534707772
2023-12-27T11:00:00,17.579441485197645
2023-12-27T12:00:00,22.99776458740234
2023-12-27T13:00:00,25.98989901335343
2023-12-27T14:00:00,28.658503159232758
2023-12-27T15:00:00,31.026525331580117
2023-12-27T16:00:00,31.218743448672086
2023-12-27T17:00:00,30.248444266941235
2023-12-27T18:00:00,28.936452699744176
2023-12-27T19:00:00,27.178713176561434
2023-12-27T20:00:00,25.73976483552352
2023-12-27T21:00:00,24.507804870605465
2023-12-27T22:00:00,24.876664451930832
2023-12-27T23:00:00,29.744342886883274
2023-12-28T00:00:00,41.41674738344938
2023-12-28T01:00:00,41.72824030337126
2023-12-28T02:00:00,28.791190935217813
2023-12-28T03:00:00,19.634753268697985
2023-12-28T04:00:00,21.79092631132706
2023-12-28T05:00:00,23.57435541567595
2023-12-28T06:00:00,17.017580364061438
2023-12-28T07:00:00,13.990702463232951
2023-12-28T08:00:00,13.694749832153319
2023-12-28T09:00:00,16.053242517554242
2023-12-28T10:00:00,17.510141206824258
2023-12-28T11:00:00,21.91355116471
2023-12-28T12:00:00,29.804632352746044
2023-12-28T13:00:00,33.96964910755987
2023-12-28T14:00:00,33.57994776186735
2023-12-28T15:00:00,34.65733569601307
2023-12-28T16:00:00,38.400044482687235
2023-12-28T17:00:00,39.965305162512735
2023-12-28T18:00:00,39.46459562882133
2023-12-28T19:00:00,37.22947576771611
2023-12-28T20:00:00,35.23998160984205
2023-12-28T21:00:00,35.054940928583555
2023-12-28T22:00:00,35.81965073295261
2023-12-28T23:00:00,34.853213102921195
2023-12-29T00:00:00,33.590581147567086
2023-12-29T01:00:00,33.68566695503566
2023-12-29T02:00:00,28.945624724678368
2023-12-29T03:00:00,18.12334230671758
2023-12-29T04:00:00,13.755574516628098
2023-12-29T05:00:00,11.461900462274965
2023-12-29T06:00:00,10.529346009959344
2023-12-29T07:00:00,10.313995278399922
2023-12-29T08:00:00,10.86637210845947
2023-12-29T09:00:00,11.676834935727326
2023-12-29T10:00:00,13.60752964019775
2023-12-29T11:00:00,17.820606978043266
2023-12-29T12:00:00,21.859874891198196
2023-12-29T13:00:00,23.458328578783117
2023-12-29T14:00:00,26.09861249509065
2023-12-29T15:00:00,29.977088928222653
2023-12-29T16:00:00,32.67348720716393
2023-12-29T17:00:00,34.123868361763336
2023-12-29T18:00:00,34.93241426219111
2023-12-29T19:00:00,33.543033019356095
2023-12-29T20:00:00,32.22464644390603
2023-12-29T21:00:00,31.572959070620325
2023-12-29T22:00:00,32.12309663192085
2023-12-29T23:00:00,33.391369363536
2023-12-30T00:00:00,35.01558353589928
2023-12-30T01:00:00,36.011342753534734
2023-12-30T02:00:00,34.876505644425094
2023-12-30T03:00:00,24.66707818404488
2023-12-30T04:00:00,18.29265436918839
2023-12-30T05:00:00,14.834875936093535
2023-12-30T06:00:00,12.894468017246412
2023-12-30T07:00:00,12.003399683081584
2023-12-30T08:00:00,11.711076985234799
2023-12-30T09:00:00,12.00918902521548
2023-12-30T10:00:00,13.260099576867145
2023-12-30T11:00:00,16.78576270393703
2023-12-30T12:00:00,22.60109412151834
2023-12-30T13:00:00,26.272595032401703
2023-12-30T14:00:00,29.17313252324643
2023-12-30T15:00:00,31.876465258391004
2023-12-30T16:00:00,33.93666358616041
2023-12-30T17:00:00,35.52510651298191
2023-12-30T18:00:00,35.59877362458602
2023-12-30T19:00:00,34.20817615674889
2023-12-30T20:00:00,34.021805307139516
2023-12-30T21:00:00,35.974126898724094
2023-12-30T22:00:00,36.61105811077615
2023-12-30T23:00:00,36.435796157173485
2023-12-31T00:00:00,36.28371280172597
2023-12-31T01:00:00,35.595363451086946
2023-12-31T02:00:00,21.758643440578293
2023-12-31T03:00:00,12.569222864897354
2023-12-31T04:00:00,9.603500034498131
2023-12-31T05:00:00,8.378609408502992
2023-12-31T06:00:00,7.776875433714493
2023-12-31T07:00:00,7.371451668117357
2023-12-31T08:00:00,7.2242285065028975
2023-12-31T09:00:00,7.613296301468559
2023-12-31T10:00:00,8.633164758267608
2023-12-31T11:00:00,11.957613945007322
2023-12-31T12:00:00,18.08560454327127
2023-12-31T13:00:00,22.264747122059696
2023-12-31T14:00:00,22.188388161037278
2023-12-31T15:00:00,23.60859331877335
2023-12-31T16:00:00,27.692399563996688
2023-12-31T17:00:00,35.30452794614045
2023-12-31T18:00:00,42.63210263459579
2023-12-31T19:00:00,49.094268964684524
2023-12-31T20:00:00,55.31890321814495
2023-12-31T21:00:00,61.88352037512737
2023-12-31T22:00:00,66.3778490812882
2023-12-31T23:00:00,69.10061910878056
