datetime,PM25_RH35_GCC
2019-01-01T00:00:00,54.61390603106955
2019-01-01T01:00:00,54.301801432733946
2019-01-01T02:00:00,37.243303050165586
2019-01-01T03:00:00,26.996330841727875
2019-01-01T04:00:00,21.718352856843364
2019-01-01T05:00:00,18.694261965544325
2019-01-01T06:00:00,17.394788327424422
2019-01-01T07:00:00,17.727643469105594
2019-01-01T08:00:00,19.37044691002887
2019-01-01T09:00:00,23.33967880580736
2019-01-01T10:00:00,29.539404993471887
2019-01-01T11:00:00,37.95167276133661
2019-01-01T12:00:00,47.24519049603005
2019-01-01T13:00:00,53.337218408999234
2019-01-01T14:00:00,56.29640164582625
2019-01-01T15:00:00,59.010021375573196
2019-01-01T16:00:00,61.382696732230805
2019-01-01T17:00:00,63.26504500015922
2019-01-01T18:00:00,67.99800342062244
2019-01-01T19:00:00,72.80655238939369
2019-01-01T20:00:00,78.28598553201427
2019-01-01T21:00:00,86.43776769223419
2019-01-01T22:00:00,93.7631019923998
2019-01-01T23:00:00,98.6959467348845
2019-01-02T00:00:00,101.63341489045516
2019-01-02T01:00:00,100.26557889191999
2019-01-02T02:00:00,70.85878388778022
2019-01-02T03:00:00,51.44576711240021
2019-01-02T04:00:00,41.282609193221376
2019-01-02T05:00:00,34.90659066905146
2019-01-02T06:00:00,31.532190239947777
2019-01-02T07:00:00,29.93383449056874
2019-01-02T08:00:00,29.909870230633278
2019-01-02T09:00:00,30.84438000554624
2019-01-02T10:00:00,33.69455768751061
2019-01-02T11:00:00,40.13172464785368
2019-01-02T12:00:00,51.142793738323704
2019-01-02T13:00:00,60.826181494671346
2019-01-02T14:00:00,68.66691854725713
2019-01-02T15:00:00,74.91285207997196
2019-01-02T16:00:00,79.24905594535495
2019-01-02T17:00:00,80.70121367081352
2019-01-02T18:00:00,81.14443969726561
2019-01-02T19:00:00,81.22422691013502
2019-01-02T20:00:00,79.02831268310547
2019-01-02T21:00:00,75.23200623885444
2019-01-02T22:00:00,71.43086242675781
2019-01-02T23:00:00,68.1515423318614
2019-01-03T00:00:00,64.75665183689283
2019-01-03T01:00:00,61.24482926078465
2019-01-03T02:00:00,40.31902197132939
2019-01-03T03:00:00,27.044867639956262
2019-01-03T04:00:00,23.234108551688816
2019-01-03T05:00:00,20.612625951352324
2019-01-03T06:00:00,18.76235339952552
2019-01-03T07:00:00,17.52989113849142
2019-01-03T08:00:00,16.881009723829184
2019-01-03T09:00:00,16.784302504166313
2019-01-03T10:00:00,17.427629968394406
2019-01-03T11:00:00,19.635838550070055
2019-01-03T12:00:00,25.259383906488832
2019-01-03T13:00:00,30.132599457450528
2019-01-03T14:00:00,33.73254021354343
2019-01-03T15:00:00,37.51766138491423
2019-01-03T16:00:00,40.869762586510696
2019-01-03T17:00:00,43.78880293472953
2019-01-03T18:00:00,46.87529024870499
2019-01-03T19:00:00,50.75972018034561
2019-01-03T20:00:00,52.902571802553915
2019-01-03T21:00:00,53.58606355086616
2019-01-03T22:00:00,53.64835357666015
2019-01-03T23:00:00,53.43812378593113
2019-01-04T00:00:00,52.97686784163765
2019-01-04T01:00:00,51.29618603250255
2019-01-04T02:00:00,31.18223712755286
2019-01-04T03:00:00,19.915138908054516
2019-01-04T04:00:00,17.448102038839583
2019-01-04T05:00:00,16.22643143197764
2019-01-04T06:00:00,15.086559668831201
2019-01-04T07:00:00,14.059182249981422
2019-01-04T08:00:00,13.324230152627694
2019-01-04T09:00:00,13.060697348221488
2019-01-04T10:00:00,13.416667399199111
2019-01-04T11:00:00,15.16608893353006
2019-01-04T12:00:00,20.184041728144106
2019-01-04T13:00:00,25.61482014863387
2019-01-04T14:00:00,30.740126153697133
2019-01-04T15:00:00,35.07744233504585
2019-01-04T16:00:00,38.14261013528574
2019-01-04T17:00:00,40.50668202275815
2019-01-04T18:00:00,42.428288335385524
2019-01-04T19:00:00,43.85875104821247
2019-01-04T20:00:00,45.22281149159306
2019-01-04T21:00:00,45.52609634399413
2019-01-04T22:00:00,47.78621325285538
2019-01-04T23:00:00,53.13211938609247
2019-01-05T00:00:00,56.41749008842136
2019-01-05T01:00:00,58.555648471998126
2019-01-05T02:00:00,32.90414868230405
2019-01-05T03:00:00,15.733415188996688
2019-01-05T04:00:00,12.93645435830821
2019-01-05T05:00:00,11.253847370976985
2019-01-05T06:00:00,9.741726833841074
2019-01-05T07:00:00,8.87841510772705
2019-01-05T08:00:00,8.644431549569834
2019-01-05T09:00:00,8.975126473799996
2019-01-05T10:00:00,10.03812022831129
2019-01-05T11:00:00,12.929272319959557
2019-01-05T12:00:00,18.146372090215266
2019-01-05T13:00:00,21.901857044385824
2019-01-05T14:00:00,24.69263690450917
2019-01-05T15:00:00,29.72481445644212
2019-01-05T16:00:00,37.18931463490361
2019-01-05T17:00:00,45.97998892742654
2019-01-05T18:00:00,54.10587659089462
2019-01-05T19:00:00,57.02510518613068
2019-01-05T20:00:00,56.61331292857294
2019-01-05T21:00:00,52.78387683370838
2019-01-05T22:00:00,49.770792090374485
2019-01-05T23:00:00,48.66501468160878
2019-01-06T00:00:00,50.283556730850876
2019-01-06T01:00:00,51.268367767333984
2019-01-06T02:00:00,40.22219417406165
2019-01-06T03:00:00,34.7678688712742
2019-01-06T04:00:00,33.344482090162195
2019-01-06T05:00:00,32.23138261877972
2019-01-06T06:00:00,31.55926886848781
2019-01-06T07:00:00,30.863629382589586
2019-01-06T08:00:00,30.575323353643
2019-01-06T09:00:00,30.35715318762737
2019-01-06T10:00:00,30.368601923403528
2019-01-06T11:00:00,31.511444174725074
2019-01-06T12:00:00,35.76610996412194
2019-01-06T13:00:00,39.29661045903744
2019-01-06T14:00:00,43.47846719493036
2019-01-06T15:00:00,49.59909803971
2019-01-06T16:00:00,55.42135371332583
2019-01-06T17:00:00,60.889579607092806
2019-01-06T18:00:00,65.52367367951767
2019-01-06T19:00:00,68.5559903020444
2019-01-06T20:00:00,70.26635310960852
2019-01-06T21:00:00,71.49557677559228
2019-01-06T22:00:00,73.31247877038042
2019-01-06T23:00:00,76.90090013586955
2019-01-07T00:00:00,81.23804440705672
2019-01-07T01:00:00,84.63616412618885
2019-01-07T02:00:00,61.5525550842285
2019-01-07T03:00:00,40.74700446750806
2019-01-07T04:00:00,29.884348413218625
2019-01-07T05:00:00,24.166531853053876
2019-01-07T06:00:00,21.09769182619841
2019-01-07T07:00:00,19.39460348046344
2019-01-07T08:00:00,18.546937030294668
2019-01-07T09:00:00,18.49216386546259
2019-01-07T10:00:00,19.155227661132812
2019-01-07T11:00:00,22.26173293072244
2019-01-07T12:00:00,30.58350720612899
2019-01-07T13:00:00,39.82708176322605
2019-01-07T14:00:00,45.37976754230001
2019-01-07T15:00:00,52.07794007011081
2019-01-07T16:00:00,61.52163530432659
2019-01-07T17:00:00,73.74729322350542
2019-01-07T18:00:00,80.70694301439367
2019-01-07T19:00:00,84.55018615722656
2019-01-07T20:00:00,85.6732940673828
2019-01-07T21:00:00,84.9845899498981
2019-01-07T22:00:00,82.78923532237177
2019-01-07T23:00:00,79.48901234502377
2019-01-08T00:00:00,76.61768473749575
2019-01-08T01:00:00,73.23351685897164
2019-01-08T02:00:00,45.08672067393427
2019-01-08T03:00:00,27.906879507977028
2019-01-08T04:00:00,21.2352413509203
2019-01-08T05:00:00,17.499850563381028
2019-01-08T06:00:00,15.829736046169112
2019-01-08T07:00:00,15.136846832607102
2019-01-08T08:00:00,15.124322518058445
2019-01-08T09:00:00,15.828756747038467
2019-01-08T10:00:00,17.116543064946708
2019-01-08T11:00:00,19.526799989783242
2019-01-08T12:00:00,27.77239210709281
2019-01-08T13:00:00,35.7664683798085
2019-01-08T14:00:00,40.17015672766644
2019-01-08T15:00:00,42.38113021850586
2019-01-08T16:00:00,44.787490181300946
2019-01-08T17:00:00,48.57629278431767
2019-01-08T18:00:00,56.11930432526962
2019-01-08T19:00:00,59.12858946427055
2019-01-08T20:00:00,59.76864889393682
2019-01-08T21:00:00,57.2764895895253
2019-01-08T22:00:00,55.02251600182574
2019-01-08T23:00:00,55.63833104009213
2019-01-09T00:00:00,56.63869708517323
2019-01-09T01:00:00,53.7590454764988
2019-01-09T02:00:00,38.698549519414485
2019-01-09T03:00:00,32.648243862649664
2019-01-09T04:00:00,26.06703003593113
2019-01-09T05:00:00,22.023512384165883
2019-01-09T06:00:00,20.905792319256324
2019-01-09T07:00:00,20.6953128317128
2019-01-09T08:00:00,20.696715562239934
2019-01-09T09:00:00,20.8956880154817
2019-01-09T10:00:00,22.668490948884383
2019-01-09T11:00:00,26.81551626454229
2019-01-09T12:00:00,33.543885272482164
2019-01-09T13:00:00,40.900824837062665
2019-01-09T14:00:00,49.08873417066491
2019-01-09T15:00:00,56.429782701575235
2019-01-09T16:00:00,61.66525218797765
2019-01-09T17:00:00,67.76043966542119
2019-01-09T18:00:00,69.68235115382981
2019-01-09T19:00:00,69.66440383247708
2019-01-09T20:00:00,71.33951469089675
2019-01-09T21:00:00,74.24836432415505
2019-01-09T22:00:00,77.41811138650645
2019-01-09T23:00:00,78.96476082179855
2019-01-10T00:00:00,79.33108553679094
2019-01-10T01:00:00,75.37649403447689
2019-01-10T02:00:00,48.54307755180027
2019-01-10T03:00:00,36.4897404546323
2019-01-10T04:00:00,28.260315438975454
2019-01-10T05:00:00,23.688594403474227
2019-01-10T06:00:00,21.15688141532566
2019-01-10T07:00:00,19.550612574038293
2019-01-10T08:00:00,18.718535713527512
2019-01-10T09:00:00,19.27451175192128
2019-01-10T10:00:00,21.791030220363453
2019-01-10T11:00:00,27.019193317579184
2019-01-10T12:00:00,34.19458837094514
2019-01-10T13:00:00,39.96171403967816
2019-01-10T14:00:00,45.39213346398394
2019-01-10T15:00:00,50.93399810791015
2019-01-10T16:00:00,56.684295820153274
2019-01-10T17:00:00,62.681408094323196
2019-01-10T18:00:00,68.32637720522673
2019-01-10T19:00:00,70.75888127865998
2019-01-10T20:00:00,71.95684283712635
2019-01-10T21:00:00,74.50640935483186
2019-01-10T22:00:00,79.1143749071204
2019-01-10T23:00:00,84.1458166371221
2019-01-11T00:00:00,87.45449099333389
2019-01-11T01:00:00,86.55968010943867
2019-01-11T02:00:00,52.204879429029376
2019-01-11T03:00:00,30.358609240988027
2019-01-11T04:00:00,20.68837439495584
2019-01-11T05:00:00,15.754377033399496
2019-01-11T06:00:00,13.73863477292268
2019-01-11T07:00:00,13.091285788494607
2019-01-11T08:00:00,13.399520334990127
2019-01-11T09:00:00,16.025963036910348
2019-01-11T10:00:00,19.712218823640242
2019-01-11T11:00:00,24.289165828538973
2019-01-11T12:00:00,26.95518211696459
2019-01-11T13:00:00,28.70594671498174
2019-01-11T14:00:00,34.831429688826844
2019-01-11T15:00:00,42.11976424507472
2019-01-11T16:00:00,48.17990045962125
2019-01-11T17:00:00,55.46664296025814
2019-01-11T18:00:00,63.69916368567425
2019-01-11T19:00:00,69.60603432033372
2019-01-11T20:00:00,72.98504240616508
2019-01-11T21:00:00,74.96798274828039
2019-01-11T22:00:00,76.15345001220702
2019-01-11T23:00:00,76.84173219100288
2019-01-12T00:00:00,77.66376495361328
2019-01-12T01:00:00,78.66189542024031
2019-01-12T02:00:00,74.01763285761292
2019-01-12T03:00:00,50.69194777115531
2019-01-12T04:00:00,31.95975345114003
2019-01-12T05:00:00,21.90299034118652
2019-01-12T06:00:00,16.88590261210566
2019-01-12T07:00:00,15.417122053063432
2019-01-12T08:00:00,15.095930762912916
2019-01-12T09:00:00,16.05459578140922
2019-01-12T10:00:00,18.872316194617227
2019-01-12T11:00:00,23.628717090772543
2019-01-12T12:00:00,26.46201747396718
2019-01-12T13:00:00,30.844662541928493
2019-01-12T14:00:00,37.81956399005392
2019-01-12T15:00:00,43.24441810276197
2019-01-12T16:00:00,50.770258198613696
2019-01-12T17:00:00,59.89575162141219
2019-01-12T18:00:00,67.89629463527514
2019-01-12T19:00:00,74.14134813391644
2019-01-12T20:00:00,77.57766922660495
2019-01-12T21:00:00,79.58303269096042
2019-01-12T22:00:00,82.31634421970533
2019-01-12T23:00:00,86.50900301725969
2019-01-13T00:00:00,87.40597865892492
2019-01-13T01:00:00,84.26224053424338
2019-01-13T02:00:00,53.11930565212083
2019-01-13T03:00:00,28.387328935706094
2019-01-13T04:00:00,17.939436788144317
2019-01-13T05:00:00,13.313096626945162
2019-01-13T06:00:00,10.627197555873703
2019-01-13T07:00:00,9.728293377420176
2019-01-13T08:00:00,9.87120134934135
2019-01-13T09:00:00,11.465622362883193
2019-01-13T10:00:00,14.270953178405762
2019-01-13T11:00:00,17.143255731333852
2019-01-13T12:00:00,20.413899960725203
2019-01-13T13:00:00,22.564334288887352
2019-01-13T14:00:00,26.77627546890922
2019-01-13T15:00:00,34.20814845872962
2019-01-13T16:00:00,38.67015589838443
2019-01-13T17:00:00,38.57170403521993
2019-01-13T18:00:00,38.855808092200235
2019-01-13T19:00:00,39.843858801800266
2019-01-13T20:00:00,40.721934774647586
2019-01-13T21:00:00,41.32714993020762
2019-01-13T22:00:00,41.98827080104661
2019-01-13T23:00:00,44.07859072477921
2019-01-14T00:00:00,47.059028625488274
2019-01-14T01:00:00,47.98266319606615
2019-01-14T02:00:00,26.826868720676586
2019-01-14T03:00:00,19.222102123758066
2019-01-14T04:00:00,15.7869700556216
2019-01-14T05:00:00,13.69752083653989
2019-01-14T06:00:00,12.781912264616592
2019-01-14T07:00:00,12.727294797482696
2019-01-14T08:00:00,13.247354465982188
2019-01-14T09:00:00,14.227088430653446
2019-01-14T10:00:00,17.304673982703168
2019-01-14T11:00:00,23.126492210056465
2019-01-14T12:00:00,31.185834304146137
2019-01-14T13:00:00,34.95057711393936
2019-01-14T14:00:00,40.519740229067594
2019-01-14T15:00:00,48.1202049255371
2019-01-14T16:00:00,57.42932643061098
2019-01-14T17:00:00,64.7374509728473
2019-01-14T18:00:00,70.19350997261378
2019-01-14T19:00:00,74.13169794497283
2019-01-14T20:00:00,78.3960312553074
2019-01-14T21:00:00,84.10217152471127
2019-01-14T22:00:00,88.26642310101053
2019-01-14T23:00:00,88.72281514043392
2019-01-15T00:00:00,89.09379179581352
2019-01-15T01:00:00,86.72764720087466
2019-01-15T02:00:00,51.65688058604364
2019-01-15T03:00:00,30.512758918430496
2019-01-15T04:00:00,21.594060897827145
2019-01-15T05:00:00,17.63592496125594
2019-01-15T06:00:00,15.766519919685694
2019-01-15T07:00:00,14.728921185369076
2019-01-15T08:00:00,14.25261418715767
2019-01-15T09:00:00,15.980812072753903
2019-01-15T10:00:00,20.326323550680407
2019-01-15T11:00:00,26.226480566936985
2019-01-15T12:00:00,32.545301022736915
2019-01-15T13:00:00,37.873652748439625
2019-01-15T14:00:00,43.5592274873153
2019-01-15T15:00:00,49.80618584674337
2019-01-15T16:00:00,56.637446859608524
2019-01-15T17:00:00,63.591930223547884
2019-01-15T18:00:00,69.66199758778447
2019-01-15T19:00:00,74.9047911270805
2019-01-15T20:00:00,78.1092423148777
2019-01-15T21:00:00,80.35371796981148
2019-01-15T22:00:00,79.82139388374658
2019-01-15T23:00:00,76.31158480436905
2019-01-16T00:00:00,72.71954445216966
2019-01-16T01:00:00,71.38848810610563
2019-01-16T02:00:00,58.53383735988451
2019-01-16T03:00:00,40.96373450237771
2019-01-16T04:00:00,30.157683331033457
2019-01-16T05:00:00,23.794161920962125
2019-01-16T06:00:00,21.303777031276535
2019-01-16T07:00:00,21.101003398065977
2019-01-16T08:00:00,22.01299708822499
2019-01-16T09:00:00,24.482790324998934
2019-01-16T10:00:00,28.465663826983906
2019-01-16T11:00:00,36.209516276483946
2019-01-16T12:00:00,46.6603426725968
2019-01-16T13:00:00,55.133637801460594
2019-01-16T14:00:00,62.90306655220363
2019-01-16T15:00:00,70.44556427001953
2019-01-16T16:00:00,75.51375712519106
2019-01-16T17:00:00,77.81233182160749
2019-01-16T18:00:00,77.78457840629245
2019-01-16T19:00:00,77.38040326989216
2019-01-16T20:00:00,77.31643477730128
2019-01-16T21:00:00,77.31362749182658
2019-01-16T22:00:00,76.58258653723675
2019-01-16T23:00:00,75.13117417045261
2019-01-17T00:00:00,73.0914548790973
2019-01-17T01:00:00,70.34546329664147
2019-01-17T02:00:00,55.37555959950323
2019-01-17T03:00:00,41.58905742479407
2019-01-17T04:00:00,33.57408573316491
2019-01-17T05:00:00,27.997666980909262
2019-01-17T06:00:00,24.611485937367316
2019-01-17T07:00:00,22.934415568476137
2019-01-17T08:00:00,22.373499994692594
2019-01-17T09:00:00,22.625750085581902
2019-01-17T10:00:00,24.90490382650624
2019-01-17T11:00:00,31.926530257515285
2019-01-17T12:00:00,41.61566012838612
2019-01-17T13:00:00,48.71474871428116
2019-01-17T14:00:00,56.90502332604449
2019-01-17T15:00:00,63.483456155528195
2019-01-17T16:00:00,67.03397137185802
2019-01-17T17:00:00,69.93816707445227
2019-01-17T18:00:00,75.22599427596383
2019-01-17T19:00:00,79.31055748980978
2019-01-17T20:00:00,82.68249279519786
2019-01-17T21:00:00,85.39018183169158
2019-01-17T22:00:00,86.7814835258152
2019-01-17T23:00:00,87.72395158850627
2019-01-18T00:00:00,88.88113071607505
2019-01-18T01:00:00,90.7183672034222
2019-01-18T02:00:00,71.12921341605808
2019-01-18T03:00:00,55.43989480060079
2019-01-18T04:00:00,47.46009926173998
2019-01-18T05:00:00,40.54032665750254
2019-01-18T06:00:00,34.86240304034689
2019-01-18T07:00:00,31.026266015094258
2019-01-18T08:00:00,28.675115336542543
2019-01-18T09:00:00,27.56556129455566
2019-01-18T10:00:00,27.795402112214457
2019-01-18T11:00:00,29.956591647604235
2019-01-18T12:00:00,37.919794828995414
2019-01-18T13:00:00,47.484422269074805
2019-01-18T14:00:00,56.43030647609544
2019-01-18T15:00:00,63.65225551439368
2019-01-18T16:00:00,69.232561857804
2019-01-18T17:00:00,74.38583937935206
2019-01-18T18:00:00,79.00749670940897
2019-01-18T19:00:00,81.75782709536344
2019-01-18T20:00:00,84.36142896569292
2019-01-18T21:00:00,86.15130847433338
2019-01-18T22:00:00,86.16953542958133
2019-01-18T23:00:00,84.57849950375763
2019-01-19T00:00:00,82.25492527173913
2019-01-19T01:00:00,78.19882268490997
2019-01-19T02:00:00,50.33198862490446
2019-01-19T03:00:00,33.53717140529466
2019-01-19T04:00:00,27.823410531748895
2019-01-19T05:00:00,24.948119951331094
2019-01-19T06:00:00,22.77927075261655
2019-01-19T07:00:00,21.139769098033074
2019-01-19T08:00:00,20.07624692502229
2019-01-19T09:00:00,19.45330130535623
2019-01-19T10:00:00,19.501134706580117
2019-01-19T11:00:00,20.45337983836298
2019-01-19T12:00:00,26.996544713559356
2019-01-19T13:00:00,34.55017222528872
2019-01-19T14:00:00,38.28634029885996
2019-01-19T15:00:00,38.87149246879246
2019-01-19T16:00:00,40.220745584239125
2019-01-19T17:00:00,42.492088152014695
2019-01-19T18:00:00,44.461409859035314
2019-01-19T19:00:00,46.39399520210598
2019-01-19T20:00:00,47.67493936289912
2019-01-19T21:00:00,47.70671131299889
2019-01-19T22:00:00,47.71667928281037
2019-01-19T23:00:00,47.895735865053915
2019-01-20T00:00:00,49.4313848744268
2019-01-20T01:00:00,48.00641250610351
2019-01-20T02:00:00,29.253085260805875
2019-01-20T03:00:00,20.130655620409094
2019-01-20T04:00:00,16.985975680143937
2019-01-20T05:00:00,15.327681707299273
2019-01-20T06:00:00,14.213862170343813
2019-01-20T07:00:00,13.328165220177691
2019-01-20T08:00:00,12.742370398148244
2019-01-20T09:00:00,12.560087867405102
2019-01-20T10:00:00,13.57292892621911
2019-01-20T11:00:00,18.137243436730422
2019-01-20T12:00:00,25.083373028299082
2019-01-20T13:00:00,33.704127933668055
2019-01-20T14:00:00,41.76288073995838
2019-01-20T15:00:00,48.620670982029125
2019-01-20T16:00:00,52.8518998519234
2019-01-20T17:00:00,57.30775534588357
2019-01-20T18:00:00,61.415134927500844
2019-01-20T19:00:00,65.6350452588952
2019-01-20T20:00:00,69.57090361221977
2019-01-20T21:00:00,72.79047692340352
2019-01-20T22:00:00,74.94449449622111
2019-01-20T23:00:00,76.42521700651749
2019-01-21T00:00:00,78.60658396845278
2019-01-21T01:00:00,78.72578795059867
2019-01-21T02:00:00,48.31177288552989
2019-01-21T03:00:00,29.629343281621516
2019-01-21T04:00:00,23.441683396049164
2019-01-21T05:00:00,20.02735676972762
2019-01-21T06:00:00,18.59261885933254
2019-01-21T07:00:00,17.94421594039253
2019-01-21T08:00:00,17.56176426099694
2019-01-21T09:00:00,17.62482634834621
2019-01-21T10:00:00,18.32575806327488
2019-01-21T11:00:00,20.61670734571374
2019-01-21T12:00:00,29.654642602671743
2019-01-21T13:00:00,41.13699092035707
2019-01-21T14:00:00,51.99281941289487
2019-01-21T15:00:00,61.30493296747621
2019-01-21T16:00:00,67.52519109974736
2019-01-21T17:00:00,72.46926249628481
2019-01-21T18:00:00,77.54778588336445
2019-01-21T19:00:00,82.04704583209494
2019-01-21T20:00:00,80.92002138884169
2019-01-21T21:00:00,79.46494160527767
2019-01-21T22:00:00,80.79589611551036
2019-01-21T23:00:00,82.12830518639606
2019-01-22T00:00:00,82.8156688524329
2019-01-22T01:00:00,81.3733202063519
2019-01-22T02:00:00,48.06529119740362
2019-01-22T03:00:00,32.78466315891432
2019-01-22T04:00:00,25.399486873460848
2019-01-22T05:00:00,21.80250665415888
2019-01-22T06:00:00,19.847104777460512
2019-01-22T07:00:00,18.68676616834557
2019-01-22T08:00:00,18.175224718840223
2019-01-22T09:00:00,18.29887439893639
2019-01-22T10:00:00,19.178007789280098
2019-01-22T11:00:00,20.464527959408965
2019-01-22T12:00:00,26.639411262843918
2019-01-22T13:00:00,32.84233275703762
2019-01-22T14:00:00,37.584788944410235
2019-01-22T15:00:00,39.9148128343665
2019-01-22T16:00:00,42.37321787295134
2019-01-22T17:00:00,47.27009565933891
2019-01-22T18:00:00,56.0080282791801
2019-01-22T19:00:00,66.65522898798402
2019-01-22T20:00:00,75.3042874543563
2019-01-22T21:00:00,80.84688568115234
2019-01-22T22:00:00,84.66141874893852
2019-01-22T23:00:00,87.383824887483
2019-01-23T00:00:00,89.16444728685461
2019-01-23T01:00:00,87.92908079727836
2019-01-23T02:00:00,48.90523081240446
2019-01-23T03:00:00,30.124124692833934
2019-01-23T04:00:00,23.37554425778596
2019-01-23T05:00:00,20.26859955165697
2019-01-23T06:00:00,18.38382157035496
2019-01-23T07:00:00,17.17132394210152
2019-01-23T08:00:00,16.83046826072361
2019-01-23T09:00:00,17.414027421370793
2019-01-23T10:00:00,18.778958362081774
2019-01-23T11:00:00,22.58058688951575
2019-01-23T12:00:00,30.86564777208411
2019-01-23T13:00:00,38.776528731636375
2019-01-23T14:00:00,44.99124842104705
2019-01-23T15:00:00,50.75077388597571
2019-01-23T16:00:00,52.69830919348675
2019-01-23T17:00:00,55.408068449600876
2019-01-23T18:00:00,56.20151387090268
2019-01-23T19:00:00,55.44933186406674
2019-01-23T20:00:00,52.44776651133662
2019-01-23T21:00:00,49.46764523050059
2019-01-23T22:00:00,48.7482041068699
2019-01-23T23:00:00,48.9535610364831
2019-01-24T00:00:00,49.85489704297935
2019-01-24T01:00:00,50.016178131103516
2019-01-24T02:00:00,39.87529456097146
2019-01-24T03:00:00,31.13183485943338
2019-01-24T04:00:00,25.339910009632934
2019-01-24T05:00:00,21.174726983775262
2019-01-24T06:00:00,18.394321358722188
2019-01-24T07:00:00,16.941137230914574
2019-01-24T08:00:00,16.410847083381984
2019-01-24T09:00:00,16.94944033415421
2019-01-24T10:00:00,18.72734028360118
2019-01-24T11:00:00,22.517186786817465
2019-01-24T12:00:00,28.99688165084175
2019-01-24T13:00:00,39.66906987065854
2019-01-24T14:00:00,44.206594384234876
2019-01-24T15:00:00,45.35848451697307
2019-01-24T16:00:00,47.29174390046493
2019-01-24T17:00:00,50.04408479773479
2019-01-24T18:00:00,52.29409226127292
2019-01-24T19:00:00,59.49940109252929
2019-01-24T20:00:00,67.02290775464928
2019-01-24T21:00:00,74.39165928052817
2019-01-24T22:00:00,79.79236072042713
2019-01-24T23:00:00,82.71867768660834
2019-01-25T00:00:00,84.16713548743205
2019-01-25T01:00:00,80.42306087328038
2019-01-25T02:00:00,43.81357524705969
2019-01-25T03:00:00,27.610399080359414
2019-01-25T04:00:00,20.879035617994223
2019-01-25T05:00:00,17.562852610712465
2019-01-25T06:00:00,15.916964779729428
2019-01-25T07:00:00,15.1207682982735
2019-01-25T08:00:00,14.216840951339057
2019-01-25T09:00:00,14.53874753869098
2019-01-25T10:00:00,15.65868340367856
2019-01-25T11:00:00,20.297459477963653
2019-01-25T12:00:00,25.724386132281754
2019-01-25T13:00:00,31.822295976721723
2019-01-25T14:00:00,38.88161883146866
2019-01-25T15:00:00,47.94412496815556
2019-01-25T16:00:00,55.31344836691151
2019-01-25T17:00:00,59.670692609704055
2019-01-25T18:00:00,62.37446312282396
2019-01-25T19:00:00,65.88303839642069
2019-01-25T20:00:00,69.3990486808445
2019-01-25T21:00:00,71.74625380142875
2019-01-25T22:00:00,71.03467659328294
2019-01-25T23:00:00,66.75130711431088
2019-01-26T00:00:00,68.3640655849291
2019-01-26T01:00:00,67.63364194787066
2019-01-26T02:00:00,42.199257726254665
2019-01-26T03:00:00,28.612085674120028
2019-01-26T04:00:00,22.4087322898533
2019-01-26T05:00:00,18.641713681428325
2019-01-26T06:00:00,16.293483070705246
2019-01-26T07:00:00,15.045804065206774
2019-01-26T08:00:00,14.558995122494904
2019-01-26T09:00:00,14.911838158317233
2019-01-26T10:00:00,16.954201905623723
2019-01-26T11:00:00,21.15825387705927
2019-01-26T12:00:00,28.517720181009043
2019-01-26T13:00:00,34.478697237761125
2019-01-26T14:00:00,39.79000589121942
2019-01-26T15:00:00,44.176825316055954
2019-01-26T16:00:00,44.87094398166822
2019-01-26T17:00:00,41.85552613631538
2019-01-26T18:00:00,42.278007341467806
2019-01-26T19:00:00,41.94771774955417
2019-01-26T20:00:00,43.39393748407778
2019-01-26T21:00:00,46.044686358907946
2019-01-26T22:00:00,48.697015347688094
2019-01-26T23:00:00,51.02836260588272
2019-01-27T00:00:00,53.32137398097826
2019-01-27T01:00:00,54.46261463994565
2019-01-27T02:00:00,36.2965840878694
2019-01-27T03:00:00,25.684340020884633
2019-01-27T04:00:00,20.651222146075703
2019-01-27T05:00:00,18.427926270858098
2019-01-27T06:00:00,17.6305920974068
2019-01-27T07:00:00,17.327936504198153
2019-01-27T08:00:00,17.213579343712848
2019-01-27T09:00:00,17.599879389223844
2019-01-27T10:00:00,18.567560030066446
2019-01-27T11:00:00,19.698165810626485
2019-01-27T12:00:00,23.106093033500336
2019-01-27T13:00:00,32.013313293457024
2019-01-27T14:00:00,40.95987635073454
2019-01-27T15:00:00,49.53124286817467
2019-01-27T16:00:00,56.67519179634425
2019-01-27T17:00:00,62.183544490648345
2019-01-27T18:00:00,65.99089348834494
2019-01-27T19:00:00,68.36133625196373
2019-01-27T20:00:00,67.73509166551672
2019-01-27T21:00:00,65.60485989114513
2019-01-27T22:00:00,63.99938467274541
2019-01-27T23:00:00,63.66258836829143
2019-01-28T00:00:00,64.53482171763544
2019-01-28T01:00:00,65.93002053965692
2019-01-28T02:00:00,54.16957705953847
2019-01-28T03:00:00,32.84258021479068
2019-01-28T04:00:00,27.6422176361084
2019-01-28T05:00:00,23.944476749586016
2019-01-28T06:00:00,21.161200813625168
2019-01-28T07:00:00,19.48664491072945
2019-01-28T08:00:00,18.65572398641835
2019-01-28T09:00:00,18.498170686804727
2019-01-28T10:00:00,19.187984549480934
2019-01-28T11:00:00,20.442219941512395
2019-01-28T12:00:00,28.449833330900773
2019-01-28T13:00:00,38.48833780703337
2019-01-28T14:00:00,45.584150894828454
2019-01-28T15:00:00,50.08703364496645
2019-01-28T16:00:00,52.249731312627375
2019-01-28T17:00:00,52.0190723253333
2019-01-28T18:00:00,49.78321937892748
2019-01-28T19:00:00,49.206482928732164
2019-01-28T20:00:00,43.29565977013629
2019-01-28T21:00:00,39.02890014648437
2019-01-28T22:00:00,36.351875636888586
2019-01-28T23:00:00,35.258150515349016
2019-01-29T00:00:00,34.82825743633768
2019-01-29T01:00:00,36.06851892885953
2019-01-29T02:00:00,26.55611776269
2019-01-29T03:00:00,20.128327991651453
2019-01-29T04:00:00,17.801938430122707
2019-01-29T05:00:00,16.432809041893996
2019-01-29T06:00:00,15.256766111954395
2019-01-29T07:00:00,14.251202085743778
2019-01-29T08:00:00,13.73583304363748
2019-01-29T09:00:00,13.70433823958687
2019-01-29T10:00:00,14.187894323597781
2019-01-29T11:00:00,16.085687305616293
2019-01-29T12:00:00,20.570011221844215
2019-01-29T13:00:00,21.859333204186477
2019-01-29T14:00:00,23.758184267126992
2019-01-29T15:00:00,28.472755597985305
2019-01-29T16:00:00,30.859084336653993
2019-01-29T17:00:00,35.278822525687836
2019-01-29T18:00:00,39.17219178572945
2019-01-29T19:00:00,43.83653740260912
2019-01-29T20:00:00,46.15854512090268
2019-01-29T21:00:00,47.52633650406547
2019-01-29T22:00:00,48.305141946543806
2019-01-29T23:00:00,47.95274966696034
2019-01-30T00:00:00,48.363944509755
2019-01-30T01:00:00,46.56851196289062
2019-01-30T02:00:00,27.793323765630305
2019-01-30T03:00:00,21.005306990250297
2019-01-30T04:00:00,17.02246160092561
2019-01-30T05:00:00,14.738838403121285
2019-01-30T06:00:00,14.024254135463547
2019-01-30T07:00:00,14.00379765552023
2019-01-30T08:00:00,14.510501322538955
2019-01-30T09:00:00,15.23696235988451
2019-01-30T10:00:00,15.915957658187203
2019-01-30T11:00:00,18.195663783861242
2019-01-30T12:00:00,22.750215115754497
2019-01-30T13:00:00,24.90482479593028
2019-01-30T14:00:00,26.3080706389054
2019-01-30T15:00:00,29.95764400648034
2019-01-30T16:00:00,34.69353634378184
2019-01-30T17:00:00,38.77030364326808
2019-01-30T18:00:00,39.234783006751016
2019-01-30T19:00:00,37.32390246183976
2019-01-30T20:00:00,36.964239037555195
2019-01-30T21:00:00,37.4279438516368
2019-01-30T22:00:00,37.7336371048637
2019-01-30T23:00:00,39.33303998864215
2019-01-31T00:00:00,42.68902969360351
2019-01-31T01:00:00,45.0472586258598
2019-01-31T02:00:00,38.4737084430197
2019-01-31T03:00:00,31.054416988206942
2019-01-31T04:00:00,25.679135198178493
2019-01-31T05:00:00,22.457889556884766
2019-01-31T06:00:00,21.5897915881613
2019-01-31T07:00:00,22.038574218749996
2019-01-31T08:00:00,22.917023368503735
2019-01-31T09:00:00,25.025901379792582
2019-01-31T10:00:00,28.090159208878223
2019-01-31T11:00:00,33.63331670346467
2019-01-31T12:00:00,42.41961786021356
2019-01-31T13:00:00,49.01247090878694
2019-01-31T14:00:00,51.75469522890837
2019-01-31T15:00:00,57.57945467078167
2019-01-31T16:00:00,65.14433885657267
2019-01-31T17:00:00,72.3854287188986
2019-01-31T18:00:00,77.50385218081266
2019-01-31T19:00:00,81.98634471064028
2019-01-31T20:00:00,82.92588806152342
2019-01-31T21:00:00,83.62473164434017
2019-01-31T22:00:00,85.04343613334323
2019-01-31T23:00:00,86.42292984672214
2019-02-01T00:00:00,88.16817673392917
2019-02-01T01:00:00,87.54573258109713
2019-02-01T02:00:00,59.40478814166525
2019-02-01T03:00:00,43.46769366057023
2019-02-01T04:00:00,32.36306696352751
2019-02-01T05:00:00,26.37749182659647
2019-02-01T06:00:00,23.553701234900434
2019-02-01T07:00:00,22.496616114740785
2019-02-01T08:00:00,22.759744395380434
2019-02-01T09:00:00,23.533050785893973
2019-02-01T10:00:00,24.524078534997027
2019-02-01T11:00:00,29.81018033234969
2019-02-01T12:00:00,41.233682051948875
2019-02-01T13:00:00,52.321839208188266
2019-02-01T14:00:00,57.72426688152811
2019-02-01T15:00:00,61.74550794518512
2019-02-01T16:00:00,65.4754588914954
2019-02-01T17:00:00,69.69389807659645
2019-02-01T18:00:00,70.3338749097741
2019-02-01T19:00:00,70.19382178265116
2019-02-01T20:00:00,72.5861003709876
2019-02-01T21:00:00,79.46257549783456
2019-02-01T22:00:00,86.43383523692255
2019-02-01T23:00:00,91.76472639000934
2019-02-02T00:00:00,95.88185285485308
2019-02-02T01:00:00,96.14870651908542
2019-02-02T02:00:00,54.63713256172511
2019-02-02T03:00:00,30.755534876947817
2019-02-02T04:00:00,21.20906887883725
2019-02-02T05:00:00,17.503356518952742
2019-02-02T06:00:00,15.821685459302817
2019-02-02T07:00:00,14.733803127122961
2019-02-02T08:00:00,14.444274280382238
2019-02-02T09:00:00,14.591963560684865
2019-02-02T10:00:00,16.336698200391684
2019-02-02T11:00:00,20.04135969410772
2019-02-02T12:00:00,25.43017354218856
2019-02-02T13:00:00,30.1060733795166
2019-02-02T14:00:00,29.05710875469705
2019-02-02T15:00:00,31.67062494029169
2019-02-02T16:00:00,38.16972516930622
2019-02-02T17:00:00,43.915435956872024
2019-02-02T18:00:00,50.041207520858094
2019-02-02T19:00:00,56.368797302246094
2019-02-02T20:00:00,60.23764154185419
2019-02-02T21:00:00,63.04812224014945
2019-02-02T22:00:00,60.44733097242271
2019-02-02T23:00:00,56.47323475713315
2019-02-03T00:00:00,54.08639509781546
2019-02-03T01:00:00,49.40984228382939
2019-02-03T02:00:00,25.71822995724885
2019-02-03T03:00:00,18.48048740884532
2019-02-03T04:00:00,14.82722713636315
2019-02-03T05:00:00,12.906792765078336
2019-02-03T06:00:00,11.880850957787553
2019-02-03T07:00:00,11.45251410940419
2019-02-03T08:00:00,11.31204140704611
2019-02-03T09:00:00,11.653160136678943
2019-02-03T10:00:00,13.360735768857209
2019-02-03T11:00:00,16.815944008205246
2019-02-03T12:00:00,21.792340071304984
2019-02-03T13:00:00,24.242473934007723
2019-02-03T14:00:00,23.93091525202212
2019-02-03T15:00:00,26.404361890709914
2019-02-03T16:00:00,32.05587702212126
2019-02-03T17:00:00,40.08423216446586
2019-02-03T18:00:00,48.254171454388164
2019-02-03T19:00:00,54.16681936512823
2019-02-03T20:00:00,55.78847122192382
2019-02-03T21:00:00,53.6575811634893
2019-02-03T22:00:00,51.04980352650518
2019-02-03T23:00:00,49.682900138523266
2019-02-04T00:00:00,51.690720765487
2019-02-04T01:00:00,54.041639410931126
2019-02-04T02:00:00,35.07403448353642
2019-02-04T03:00:00,22.569601473600965
2019-02-04T04:00:00,16.227757578310758
2019-02-04T05:00:00,12.65275764465332
2019-02-04T06:00:00,10.454890126767364
2019-02-04T07:00:00,10.466279320094895
2019-02-04T08:00:00,11.387833346491274
2019-02-04T09:00:00,12.927762031555174
2019-02-04T10:00:00,15.206512036530867
2019-02-04T11:00:00,19.17260294375212
2019-02-04T12:00:00,24.285831948985223
2019-02-04T13:00:00,26.974819017493203
2019-02-04T14:00:00,30.76216332808784
2019-02-04T15:00:00,37.017667355744734
2019-02-04T16:00:00,44.06267547607421
2019-02-04T17:00:00,49.453812143077016
2019-02-04T18:00:00,54.415270266325564
2019-02-04T19:00:00,58.32784453682277
2019-02-04T20:00:00,59.638508340586775
2019-02-04T21:00:00,59.02846991497537
2019-02-04T22:00:00,58.62509868455969
2019-02-04T23:00:00,59.68061994469683
2019-02-05T00:00:00,61.710640948751696
2019-02-05T01:00:00,60.90857679947562
2019-02-05T02:00:00,35.67459371815557
2019-02-05T03:00:00,23.55876872850501
2019-02-05T04:00:00,18.22014551577361
2019-02-05T05:00:00,15.147707358650537
2019-02-05T06:00:00,12.633429278498108
2019-02-05T07:00:00,11.455827713012695
2019-02-05T08:00:00,11.913842657338016
2019-02-05T09:00:00,13.850357926410176
2019-02-05T10:00:00,17.24883701490319
2019-02-05T11:00:00,23.257767469986625
2019-02-05T12:00:00,35.531089285145626
2019-02-05T13:00:00,41.39852872102156
2019-02-05T14:00:00,41.69739731498386
2019-02-05T15:00:00,45.37104581749957
2019-02-05T16:00:00,51.72669203385062
2019-02-05T17:00:00,58.95920247616975
2019-02-05T18:00:00,66.41557278840438
2019-02-05T19:00:00,72.70917311958644
2019-02-05T20:00:00,76.38416190769361
2019-02-05T21:00:00,78.60871986720873
2019-02-05T22:00:00,81.28198706585428
2019-02-05T23:00:00,84.28990670909052
2019-02-06T00:00:00,89.30764803679092
2019-02-06T01:00:00,89.51790851095448
2019-02-06T02:00:00,61.91294744740361
2019-02-06T03:00:00,43.911450925080665
2019-02-06T04:00:00,32.45908704011336
2019-02-06T05:00:00,26.62618122930112
2019-02-06T06:00:00,23.697764769844383
2019-02-06T07:00:00,21.867925478064492
2019-02-06T08:00:00,21.221321271813434
2019-02-06T09:00:00,21.921518159949258
2019-02-06T10:00:00,24.342322142227836
2019-02-06T11:00:00,29.559695699940555
2019-02-06T12:00:00,38.61221761288849
2019-02-06T13:00:00,46.26361083984374
2019-02-06T14:00:00,52.575263977050774
2019-02-06T15:00:00,61.37126391866932
2019-02-06T16:00:00,68.1767004261846
2019-02-06T17:00:00,67.07400678551714
2019-02-06T18:00:00,67.04071907375169
2019-02-06T19:00:00,67.38886061958644
2019-02-06T20:00:00,73.00136599333389
2019-02-06T21:00:00,82.38093865436055
2019-02-06T22:00:00,92.30246867304263
2019-02-06T23:00:00,101.42018757695736
2019-02-07T00:00:00,108.11980968972911
2019-02-07T01:00:00,103.13268081001611
2019-02-07T02:00:00,64.92092049640156
2019-02-07T03:00:00,46.02882866237474
2019-02-07T04:00:00,35.03519937266474
2019-02-07T05:00:00,29.87129402160644
2019-02-07T06:00:00,27.099579189134676
2019-02-07T07:00:00,25.541078733361285
2019-02-07T08:00:00,24.995341342428457
2019-02-07T09:00:00,25.314714017121684
2019-02-07T10:00:00,26.057155443274453
2019-02-07T11:00:00,27.75485345591669
2019-02-07T12:00:00,32.711793484895125
2019-02-07T13:00:00,39.82548207822053
2019-02-07T14:00:00,49.46563687531844
2019-02-07T15:00:00,62.256472711977736
2019-02-07T16:00:00,71.95384149966031
2019-02-07T17:00:00,78.2793617248535
2019-02-07T18:00:00,86.0591344418733
2019-02-07T19:00:00,93.19160461425781
2019-02-07T20:00:00,98.07888594917628
2019-02-07T21:00:00,102.04031239385188
2019-02-07T22:00:00,105.86413872760274
2019-02-07T23:00:00,111.50339839769445
2019-02-08T00:00:00,116.1311499554178
2019-02-08T01:00:00,103.38704747739045
2019-02-08T02:00:00,50.92825466653574
2019-02-08T03:00:00,33.08164679485818
2019-02-08T04:00:00,26.336389873338778
2019-02-08T05:00:00,23.511240088421363
2019-02-08T06:00:00,22.06571114581564
2019-02-08T07:00:00,22.095643831335977
2019-02-08T08:00:00,23.804970119310457
2019-02-08T09:00:00,27.204590424247407
2019-02-08T10:00:00,31.294621426126227
2019-02-08T11:00:00,36.01868687505307
2019-02-08T12:00:00,40.50139833533245
2019-02-08T13:00:00,45.1751770351244
2019-02-08T14:00:00,48.71585306913956
2019-02-08T15:00:00,52.306692455125884
2019-02-08T16:00:00,60.358570098876946
2019-02-08T17:00:00,74.08752441406249
2019-02-08T18:00:00,89.46850486423658
2019-02-08T19:00:00,105.54354261315386
2019-02-08T20:00:00,118.9480162910793
2019-02-08T21:00:00,125.84053304921025
2019-02-08T22:00:00,121.8257071453592
2019-02-08T23:00:00,97.23419255795686
2019-02-09T00:00:00,81.04717453666355
2019-02-09T01:00:00,78.38651408319888
2019-02-09T02:00:00,72.8641772062882
2019-02-09T03:00:00,38.215606440668516
2019-02-09T04:00:00,24.801698518835977
2019-02-09T05:00:00,20.598625348961868
2019-02-09T06:00:00,18.5952731008115
2019-02-09T07:00:00,17.93571086551832
2019-02-09T08:00:00,17.845127354497496
2019-02-09T09:00:00,17.665071280106254
2019-02-09T10:00:00,21.589774422023602
2019-02-09T11:00:00,28.755593175473418
2019-02-09T12:00:00,41.70308934087338
2019-02-09T13:00:00,60.54804014123004
2019-02-09T14:00:00,75.90563765816066
2019-02-09T15:00:00,85.80658456553583
2019-02-09T16:00:00,88.06418112049931
2019-02-09T17:00:00,81.85950071915336
2019-02-09T18:00:00,71.83757765396781
2019-02-09T19:00:00,64.8857770173446
2019-02-09T20:00:00,59.98734631745711
2019-02-09T21:00:00,47.547268908956774
2019-02-09T22:00:00,35.95666296585746
2019-02-09T23:00:00,39.28929751852284
2019-02-10T00:00:00,36.28231131512185
2019-02-10T01:00:00,37.70144686491592
2019-02-10T02:00:00,32.612844633019485
2019-02-10T03:00:00,11.592169015303902
2019-02-10T04:00:00,11.224512680717135
2019-02-10T05:00:00,12.17994457742442
2019-02-10T06:00:00,12.4209741509479
2019-02-10T07:00:00,12.472349249798317
2019-02-10T08:00:00,12.522829926532246
2019-02-10T09:00:00,12.583103428716244
2019-02-10T10:00:00,12.869774154994797
2019-02-10T11:00:00,13.777890744416608
2019-02-10T12:00:00,19.004464688508403
2019-02-10T13:00:00,25.168704240218453
2019-02-10T14:00:00,29.32838141399881
2019-02-10T15:00:00,32.32157715507175
2019-02-10T16:00:00,36.2431237593941
2019-02-10T17:00:00,39.01388881517493
2019-02-10T18:00:00,39.41830195551332
2019-02-10T19:00:00,38.71242108552352
2019-02-10T20:00:00,38.774955417798914
2019-02-10T21:00:00,39.86030711298403
2019-02-10T22:00:00,41.321478968081266
2019-02-10T23:00:00,42.465983846913204
2019-02-11T00:00:00,44.51849796461022
2019-02-11T01:00:00,46.0716439952021
2019-02-11T02:00:00,27.381278328273606
2019-02-11T03:00:00,19.796823004017707
2019-02-11T04:00:00,17.100847824760102
2019-02-11T05:00:00,15.806808927784793
2019-02-11T06:00:00,15.772211116293201
2019-02-11T07:00:00,16.136799853780992
2019-02-11T08:00:00,16.689294897991676
2019-02-11T09:00:00,17.446669454159938
2019-02-11T10:00:00,18.886788243832793
2019-02-11T11:00:00,22.61208277163298
2019-02-11T12:00:00,27.635126694389008
2019-02-11T13:00:00,30.305178600808848
2019-02-11T14:00:00,32.45622070975926
2019-02-11T15:00:00,36.72923195880392
2019-02-11T16:00:00,40.531899825386375
2019-02-11T17:00:00,42.1474785182787
2019-02-11T18:00:00,42.57630124299422
2019-02-11T19:00:00,42.754162498142406
2019-02-11T20:00:00,43.48772612861965
2019-02-11T21:00:00,44.83526213272758
2019-02-11T22:00:00,45.26349474036175
2019-02-11T23:00:00,44.87591005408245
2019-02-12T00:00:00,44.63458500737729
2019-02-12T01:00:00,44.015359298042625
2019-02-12T02:00:00,34.39308564559273
2019-02-12T03:00:00,26.62029639534328
2019-02-12T04:00:00,21.77138958806577
2019-02-12T05:00:00,18.248747701230254
2019-02-12T06:00:00,16.318728488424547
2019-02-12T07:00:00,15.58517140927522
2019-02-12T08:00:00,15.64743261751921
2019-02-12T09:00:00,16.388041537740953
2019-02-12T10:00:00,17.962193696395207
2019-02-12T11:00:00,20.941303004389223
2019-02-12T12:00:00,26.5777937847635
2019-02-12T13:00:00,31.942425686380133
2019-02-12T14:00:00,36.77333284460979
2019-02-12T15:00:00,42.043852598770805
2019-02-12T16:00:00,46.194431802500844
2019-02-12T17:00:00,51.126997906228766
2019-02-12T18:00:00,56.968448307203204
2019-02-12T19:00:00,60.7542729585067
2019-02-12T20:00:00,61.86817965300187
2019-02-12T21:00:00,60.211471225904376
2019-02-12T22:00:00,58.303014506464415
2019-02-12T23:00:00,57.33622094859248
2019-02-13T00:00:00,57.20690503327742
2019-02-13T01:00:00,56.662148351254665
2019-02-13T02:00:00,44.34984538866125
2019-02-13T03:00:00,31.032953428185504
2019-02-13T04:00:00,23.857669001040247
2019-02-13T05:00:00,20.184207999187965
2019-02-13T06:00:00,17.734469621077825
2019-02-13T07:00:00,16.23732736836309
2019-02-13T08:00:00,15.458654818327528
2019-02-13T09:00:00,15.70548169509224
2019-02-13T10:00:00,16.84045012100883
2019-02-13T11:00:00,19.1861514215884
2019-02-13T12:00:00,22.78208666262419
2019-02-13T13:00:00,26.633340835571286
2019-02-13T14:00:00,33.08177002616551
2019-02-13T15:00:00,43.22241443136463
2019-02-13T16:00:00,52.2263944874639
2019-02-13T17:00:00,56.70947331967561
2019-02-13T18:00:00,56.872153074845016
2019-02-13T19:00:00,57.19812177575152
2019-02-13T20:00:00,58.501000777534806
2019-02-13T21:00:00,58.54909250010614
2019-02-13T22:00:00,55.419146164603845
2019-02-13T23:00:00,51.98861561650814
2019-02-14T00:00:00,45.77141869586446
2019-02-14T01:00:00,38.491144429082446
2019-02-14T02:00:00,22.24807747550632
2019-02-14T03:00:00,15.889974718508512
2019-02-14T04:00:00,12.51125671552575
2019-02-14T05:00:00,10.26505772963814
2019-02-14T06:00:00,8.81188504592232
2019-02-14T07:00:00,8.044169529624607
2019-02-14T08:00:00,7.849553356999936
2019-02-14T09:00:00,8.084888541180154
2019-02-14T10:00:00,8.948905074078104
2019-02-14T11:00:00,11.638893707938815
2019-02-14T12:00:00,16.44419603762419
2019-02-14T13:00:00,20.65893347366996
2019-02-14T14:00:00,23.21280263817828
2019-02-14T15:00:00,24.373668421869688
2019-02-14T16:00:00,30.150582852570906
2019-02-14T17:00:00,36.70919036865234
2019-02-14T18:00:00,37.64540083512015
2019-02-14T19:00:00,40.62191706118376
2019-02-14T20:00:00,47.66290051004161
2019-02-14T21:00:00,54.51299882971722
2019-02-14T22:00:00,60.22112622468367
2019-02-14T23:00:00,63.4188706771187
2019-02-15T00:00:00,57.53687103934909
2019-02-15T01:00:00,49.44240122256071
2019-02-15T02:00:00,26.42659759521484
2019-02-15T03:00:00,15.471237638722293
2019-02-15T04:00:00,11.87610684270444
2019-02-15T05:00:00,10.291161412778107
2019-02-15T06:00:00,9.617362851681916
2019-02-15T07:00:00,9.328158088352367
2019-02-15T08:00:00,9.070621366086213
2019-02-15T09:00:00,9.605949070142664
2019-02-15T10:00:00,11.152369582134742
2019-02-15T11:00:00,14.084803622701891
2019-02-15T12:00:00,19.482331068619438
2019-02-15T13:00:00,26.94130383367124
2019-02-15T14:00:00,33.81137665458347
2019-02-15T15:00:00,39.457860697870665
2019-02-15T16:00:00,45.17232612941575
2019-02-15T17:00:00,53.57468066008194
2019-02-15T18:00:00,68.48158496359119
2019-02-15T19:00:00,88.67491780156674
2019-02-15T20:00:00,102.44695447838824
2019-02-15T21:00:00,111.27910945726477
2019-02-15T22:00:00,117.07882093346636
2019-02-15T23:00:00,121.64078024159306
2019-02-16T00:00:00,103.25650754182234
2019-02-16T01:00:00,93.53237915039061
2019-02-16T02:00:00,35.4695521644924
2019-02-16T03:00:00,22.795574519945227
2019-02-16T04:00:00,21.23104024970013
2019-02-16T05:00:00,20.61005588199781
2019-02-16T06:00:00,20.380292270494543
2019-02-16T07:00:00,20.8636242825052
2019-02-16T08:00:00,21.71569305917491
2019-02-16T09:00:00,24.099032111789864
2019-02-16T10:00:00,28.66743552166482
2019-02-16T11:00:00,34.52273360542629
2019-02-16T12:00:00,40.18731208469556
2019-02-16T13:00:00,45.51643354996391
2019-02-16T14:00:00,48.013768900995665
2019-02-16T15:00:00,51.44091697361157
2019-02-16T16:00:00,53.54110568502674
2019-02-16T17:00:00,58.15497837895932
2019-02-16T18:00:00,65.47072219848631
2019-02-16T19:00:00,67.49144114618716
2019-02-16T20:00:00,74.37553621375041
2019-02-16T21:00:00,82.38432776409645
2019-02-16T22:00:00,91.13288448167883
2019-02-16T23:00:00,102.30219335141388
2019-02-17T00:00:00,114.21209749968155
2019-02-17T01:00:00,96.75548420781672
2019-02-17T02:00:00,28.27514374774435
2019-02-17T03:00:00,22.555807362432063
2019-02-17T04:00:00,23.596266870913293
2019-02-17T05:00:00,24.239764089169707
2019-02-17T06:00:00,24.809158076410707
2019-02-17T07:00:00,25.141030187192168
2019-02-17T08:00:00,25.151682978091028
2019-02-17T09:00:00,24.66336631774902
2019-02-17T10:00:00,24.37570488971212
2019-02-17T11:00:00,24.151443066804305
2019-02-17T12:00:00,23.851965945699938
2019-02-17T13:00:00,31.098212117734157
2019-02-17T14:00:00,39.33751496024753
2019-02-17T15:00:00,46.64431712938391
2019-02-17T16:00:00,51.932597284731656
2019-02-17T17:00:00,58.88177390720533
2019-02-17T18:00:00,67.18075462009595
2019-02-17T19:00:00,75.53604490860648
2019-02-17T20:00:00,67.52086208177649
2019-02-17T21:00:00,63.58436103489087
2019-02-17T22:00:00,75.10924264659052
2019-02-17T23:00:00,89.24750286599863
2019-02-18T00:00:00,98.680001632027
2019-02-18T01:00:00,101.37212604025136
2019-02-18T02:00:00,48.24940457551374
2019-02-18T03:00:00,35.03539989305579
2019-02-18T04:00:00,34.278622337009594
2019-02-18T05:00:00,34.60566769475522
2019-02-18T06:00:00,35.30928056136421
2019-02-18T07:00:00,36.19951074019722
2019-02-18T08:00:00,37.253434803174876
2019-02-18T09:00:00,38.40920489767323
2019-02-18T10:00:00,39.43107837179432
2019-02-18T11:00:00,39.17008773140285
2019-02-18T12:00:00,40.86303959722104
2019-02-18T13:00:00,52.28402063120966
2019-02-18T14:00:00,67.48028149812117
2019-02-18T15:00:00,84.02661232326342
2019-02-18T16:00:00,102.5857693216075
2019-02-18T17:00:00,119.95900958517322
2019-02-18T18:00:00,136.0372380795686
2019-02-18T19:00:00,149.8037865680197
2019-02-18T20:00:00,154.35735619586444
2019-02-18T21:00:00,133.71163675059444
2019-02-18T22:00:00,132.2130422177522
2019-02-18T23:00:00,130.73118126910666
2019-02-19T00:00:00,127.37996341871177
2019-02-19T01:00:00,115.93944549560547
2019-02-19T02:00:00,59.43175191464631
2019-02-19T03:00:00,36.05320789503015
2019-02-19T04:00:00,30.100177101466965
2019-02-19T05:00:00,27.983773604683254
2019-02-19T06:00:00,26.76319188657014
2019-02-19T07:00:00,25.815110413924504
2019-02-19T08:00:00,25.063356316607926
2019-02-19T09:00:00,24.97991835552713
2019-02-19T10:00:00,25.70412362140158
2019-02-19T11:00:00,27.530759313832153
2019-02-19T12:00:00,34.52059687738833
2019-02-19T13:00:00,44.85493021425993
2019-02-19T14:00:00,52.7890276701554
2019-02-19T15:00:00,57.16178595501443
2019-02-19T16:00:00,57.43661499023437
2019-02-19T17:00:00,56.54364129771356
2019-02-19T18:00:00,56.171060147492774
2019-02-19T19:00:00,54.121492800505266
2019-02-19T20:00:00,51.42903153792671
2019-02-19T21:00:00,48.82315129819123
2019-02-19T22:00:00,46.72914505004882
2019-02-19T23:00:00,45.471054906430446
2019-02-20T00:00:00,44.53246771770974
2019-02-20T01:00:00,41.13520730060079
2019-02-20T02:00:00,29.509431838989254
2019-02-20T03:00:00,24.777701999830164
2019-02-20T04:00:00,22.381466824075446
2019-02-20T05:00:00,20.927517600681465
2019-02-20T06:00:00,19.76479571798573
2019-02-20T07:00:00,19.128306679103684
2019-02-20T08:00:00,18.6128339352815
2019-02-20T09:00:00,18.124223543250043
2019-02-20T10:00:00,17.958613437155016
2019-02-20T11:00:00,18.6325162804645
2019-02-20T12:00:00,22.600067221600074
2019-02-20T13:00:00,26.66434628030528
2019-02-20T14:00:00,29.221859807553493
2019-02-20T15:00:00,30.970183413961653
2019-02-20T16:00:00,32.62291402402131
2019-02-20T17:00:00,35.092811584472656
2019-02-20T18:00:00,38.730322796365485
2019-02-20T19:00:00,42.750607200290844
2019-02-20T20:00:00,48.39220892864725
2019-02-20T21:00:00,56.81903142514435
2019-02-20T22:00:00,62.55445049120032
2019-02-20T23:00:00,65.27676673557447
2019-02-21T00:00:00,65.87439528755519
2019-02-21T01:00:00,60.58069892551588
2019-02-21T02:00:00,24.22942435223123
2019-02-21T03:00:00,15.702004971711531
2019-02-21T04:00:00,14.00977798130201
2019-02-21T05:00:00,13.246342990709387
2019-02-21T06:00:00,12.810957576917565
2019-02-21T07:00:00,12.590773209281588
2019-02-21T08:00:00,12.420906896176545
2019-02-21T09:00:00,12.471464447353195
2019-02-21T10:00:00,12.84214061239491
2019-02-21T11:00:00,14.305847375289252
2019-02-21T12:00:00,17.795431468797762
2019-02-21T13:00:00,20.57799612957498
2019-02-21T14:00:00,25.070270040760867
2019-02-21T15:00:00,29.81084989464801
2019-02-21T16:00:00,32.17941400279169
2019-02-21T17:00:00,35.73834012902301
2019-02-21T18:00:00,39.034385681152344
2019-02-21T19:00:00,41.62961279827615
2019-02-21T20:00:00,43.214642732039735
2019-02-21T21:00:00,43.6865241009256
2019-02-21T22:00:00,43.19838664842688
2019-02-21T23:00:00,44.08879835709281
2019-02-22T00:00:00,45.31980829653532
2019-02-22T01:00:00,40.81783493705417
2019-02-22T02:00:00,21.138305332349695
2019-02-22T03:00:00,15.123995822408922
2019-02-22T04:00:00,12.424594008404274
2019-02-22T05:00:00,11.215279454770293
2019-02-22T06:00:00,11.23383791550346
2019-02-22T07:00:00,12.13095594489056
2019-02-22T08:00:00,13.459119133327315
2019-02-22T09:00:00,14.849968702896781
2019-02-22T10:00:00,16.45417080754819
2019-02-22T11:00:00,18.91726029437521
2019-02-22T12:00:00,23.31763109953507
2019-02-22T13:00:00,27.610179486482036
2019-02-22T14:00:00,31.899467965830922
2019-02-22T15:00:00,36.78411052538001
2019-02-22T16:00:00,41.964123435642406
2019-02-22T17:00:00,47.13209815647291
2019-02-22T18:00:00,50.854406771452524
2019-02-22T19:00:00,52.49892707492994
2019-02-22T20:00:00,54.14984711356784
2019-02-22T21:00:00,54.833144478175946
2019-02-22T22:00:00,55.695000026537016
2019-02-22T23:00:00,57.23460388183593
2019-02-23T00:00:00,59.28943086707073
2019-02-23T01:00:00,58.79597456558891
2019-02-23T02:00:00,40.287970169730805
2019-02-23T03:00:00,30.699246862660278
2019-02-23T04:00:00,26.292282021563985
2019-02-23T05:00:00,23.856696336165715
2019-02-23T06:00:00,22.120475686114766
2019-02-23T07:00:00,21.1019578187362
2019-02-23T08:00:00,20.66942720827849
2019-02-23T09:00:00,20.743387388146438
2019-02-23T10:00:00,21.34376923934273
2019-02-23T11:00:00,22.928763679836106
2019-02-23T12:00:00,28.08448675404424
2019-02-23T13:00:00,36.17767400326937
2019-02-23T14:00:00,44.656966167947516
2019-02-23T15:00:00,52.690761400305696
2019-02-23T16:00:00,59.70003774891729
2019-02-23T17:00:00,65.29456926428753
2019-02-23T18:00:00,68.43875171827233
2019-02-23T19:00:00,68.87058705868928
2019-02-23T20:00:00,67.62799287878948
2019-02-23T21:00:00,65.69123591547425
2019-02-23T22:00:00,63.64401079260784
2019-02-23T23:00:00,62.25022423785665
2019-02-24T00:00:00,61.52797898002292
2019-02-24T01:00:00,59.525834290877626
2019-02-24T02:00:00,38.50611910612687
2019-02-24T03:00:00,26.65957616723102
2019-02-24T04:00:00,22.721340511156164
2019-02-24T05:00:00,20.938188304071836
2019-02-24T06:00:00,19.839065302973207
2019-02-24T07:00:00,19.250920503035832
2019-02-24T08:00:00,19.052096988843832
2019-02-24T09:00:00,19.20229546920113
2019-02-24T10:00:00,19.82860532014266
2019-02-24T11:00:00,21.544266078783117
2019-02-24T12:00:00,27.42861996526303
2019-02-24T13:00:00,38.41042858621348
2019-02-24T14:00:00,49.6673243978749
2019-02-24T15:00:00,61.3729891569718
2019-02-24T16:00:00,72.55889594036599
2019-02-24T17:00:00,81.51723397296406
2019-02-24T18:00:00,87.02059156998342
2019-02-24T19:00:00,91.98271295298699
2019-02-24T20:00:00,96.66574461563772
2019-02-24T21:00:00,93.9543865038001
2019-02-24T22:00:00,85.55987515656844
2019-02-24T23:00:00,78.50666145656419
2019-02-25T00:00:00,75.68780981976053
2019-02-25T01:00:00,70.19494463049847
2019-02-25T02:00:00,37.14619810684867
2019-02-25T03:00:00,21.120170427405313
2019-02-25T04:00:00,16.433774865191914
2019-02-25T05:00:00,14.716713739478067
2019-02-25T06:00:00,13.807862447655717
2019-02-25T07:00:00,13.224948509879734
2019-02-25T08:00:00,12.90389695374862
2019-02-25T09:00:00,12.915422398111094
2019-02-25T10:00:00,13.333095923714014
2019-02-25T11:00:00,15.513874841772989
2019-02-25T12:00:00,18.26314826633619
2019-02-25T13:00:00,17.19357507125191
2019-02-25T14:00:00,20.462808443152383
2019-02-25T15:00:00,27.746849723484203
2019-02-25T16:00:00,40.03101929374363
2019-02-25T17:00:00,51.7952588952106
2019-02-25T18:00:00,63.04214577052903
2019-02-25T19:00:00,76.06267348579736
2019-02-25T20:00:00,87.837322069251
2019-02-25T21:00:00,101.19029302182403
2019-02-25T22:00:00,102.20829640264094
2019-02-25T23:00:00,90.79747307818869
2019-02-26T00:00:00,90.84741078252377
2019-02-26T01:00:00,78.83884628959323
2019-02-26T02:00:00,35.27596846870754
2019-02-26T03:00:00,20.683922228605848
2019-02-26T04:00:00,16.648909900499426
2019-02-26T05:00:00,14.893233091934865
2019-02-26T06:00:00,13.672114662502121
2019-02-26T07:00:00,12.942826561305832
2019-02-26T08:00:00,12.87024692867113
2019-02-26T09:00:00,13.311762560968813
2019-02-26T10:00:00,14.996249530626377
2019-02-26T11:00:00,18.571120967035704
2019-02-26T12:00:00,24.184793389361836
2019-02-26T13:00:00,30.97232395669688
2019-02-26T14:00:00,34.30480625318444
2019-02-26T15:00:00,37.908056507939875
2019-02-26T16:00:00,43.865677875021234
2019-02-26T17:00:00,50.00497685308041
2019-02-26T18:00:00,59.031743920367695
2019-02-26T19:00:00,68.26966293998386
2019-02-26T20:00:00,76.85869067648183
2019-02-26T21:00:00,83.57774021314538
2019-02-26T22:00:00,86.69741987145466
2019-02-26T23:00:00,86.5034766819166
2019-02-27T00:00:00,83.70933466372281
2019-02-27T01:00:00,78.0964123269786
2019-02-27T02:00:00,49.707731329876445
2019-02-27T03:00:00,31.599138176959485
2019-02-27T04:00:00,21.715427813322645
2019-02-27T05:00:00,18.265865035679028
2019-02-27T06:00:00,16.627216173254922
2019-02-27T07:00:00,15.636692337367844
2019-02-27T08:00:00,14.70932632943858
2019-02-27T09:00:00,14.56738990286122
2019-02-27T10:00:00,15.782130075537639
2019-02-27T11:00:00,17.45100991622261
2019-02-27T12:00:00,25.626717194266938
2019-02-27T13:00:00,41.755673118259594
2019-02-27T14:00:00,59.55117831022843
2019-02-27T15:00:00,75.43293430494225
2019-02-27T16:00:00,95.51731972072434
2019-02-27T17:00:00,120.8897078140922
2019-02-27T18:00:00,146.42548270847485
2019-02-27T19:00:00,170.3986418350883
2019-02-27T20:00:00,193.52384285304856
2019-02-27T21:00:00,215.29978345788038
2019-02-27T22:00:00,234.4496380349864
2019-02-27T23:00:00,254.3945339037024
2019-02-28T00:00:00,268.0180040442425
2019-02-28T01:00:00,239.5395056683084
2019-02-28T02:00:00,103.6953884622325
2019-02-28T03:00:00,68.6672718213952
2019-02-28T04:00:00,55.1613948656165
2019-02-28T05:00:00,45.1602670420771
2019-02-28T06:00:00,39.24318114570949
2019-02-28T07:00:00,36.5605704266092
2019-02-28T08:00:00,35.20031323640242
2019-02-28T09:00:00,35.71381112803583
2019-02-28T10:00:00,37.03554418812627
2019-02-28T11:00:00,40.71593591441278
2019-02-28T12:00:00,47.81157103828762
2019-02-28T13:00:00,56.62907343325407
2019-02-28T14:00:00,65.14583073491634
2019-02-28T15:00:00,71.241420911706
2019-02-28T16:00:00,76.05108692335044
2019-02-28T17:00:00,81.22237081113069
2019-02-28T18:00:00,86.61627329950747
2019-02-28T19:00:00,86.83119898257047
2019-02-28T20:00:00,82.02535314145294
2019-02-28T21:00:00,89.59879004436989
2019-02-28T22:00:00,98.99075052012567
2019-02-28T23:00:00,107.49267312754755
2019-03-01T00:00:00,115.11018603780994
2019-03-01T01:00:00,111.23396533468494
2019-03-01T02:00:00,66.23693947170091
2019-03-01T03:00:00,47.76922624007514
2019-03-01T04:00:00,40.2198083297066
2019-03-01T05:00:00,35.7369623598845
2019-03-01T06:00:00,33.74939636562181
2019-03-01T07:00:00,32.76695442199707
2019-03-01T08:00:00,31.336624311364215
2019-03-01T09:00:00,29.510122050409727
2019-03-01T10:00:00,28.651232512100883
2019-03-01T11:00:00,30.049577795940895
2019-03-01T12:00:00,38.95542526245117
2019-03-01T13:00:00,50.00644534567128
2019-03-01T14:00:00,61.3168421206267
2019-03-01T15:00:00,72.55478867240573
2019-03-01T16:00:00,81.52070352305536
2019-03-01T17:00:00,86.85260756119436
2019-03-01T18:00:00,88.07513394563092
2019-03-01T19:00:00,84.47789532205331
2019-03-01T20:00:00,77.29369254734205
2019-03-01T21:00:00,68.94489752728005
2019-03-01T22:00:00,58.94204280687415
2019-03-01T23:00:00,51.95128349635912
2019-03-02T00:00:00,51.214032546333634
2019-03-02T01:00:00,47.83026123046874
2019-03-02T02:00:00,25.781747569208555
2019-03-02T03:00:00,17.641095617543094
2019-03-02T04:00:00,14.926234742869498
2019-03-02T05:00:00,13.593260350434674
2019-03-02T06:00:00,12.611301090406334
2019-03-02T07:00:00,11.856013837067975
2019-03-02T08:00:00,11.349626955778701
2019-03-02T09:00:00,11.210355219633682
2019-03-02T10:00:00,11.458447456359862
2019-03-02T11:00:00,12.6456415756889
2019-03-02T12:00:00,17.828176664269485
2019-03-02T13:00:00,26.28760652956755
2019-03-02T14:00:00,33.01297055120054
2019-03-02T15:00:00,37.76689944059952
2019-03-02T16:00:00,41.15892858090608
2019-03-02T17:00:00,43.230141515317165
2019-03-02T18:00:00,44.98992521866508
2019-03-02T19:00:00,46.96668425850246
2019-03-02T20:00:00,47.58783025326936
2019-03-02T21:00:00,47.695052105447516
2019-03-02T22:00:00,50.535281637440555
2019-03-02T23:00:00,52.22217874941618
2019-03-03T00:00:00,52.72182895826257
2019-03-03T01:00:00,45.32471217279848
2019-03-03T02:00:00,23.660126229991082
2019-03-03T03:00:00,18.268800237904422
2019-03-03T04:00:00,15.076009874758512
2019-03-03T05:00:00,13.35231946862262
2019-03-03T06:00:00,12.199052064315131
2019-03-03T07:00:00,11.672191827193547
2019-03-03T08:00:00,11.781742261803668
2019-03-03T09:00:00,12.268700516742209
2019-03-03T10:00:00,13.192838959071945
2019-03-03T11:00:00,15.137406556502631
2019-03-03T12:00:00,17.862816603287403
2019-03-03T13:00:00,18.060062325519063
2019-03-03T14:00:00,22.51510139133619
2019-03-03T15:00:00,30.53632039609162
2019-03-03T16:00:00,39.969513437022336
2019-03-03T17:00:00,48.05223680579144
2019-03-03T18:00:00,50.89050176869267
2019-03-03T19:00:00,51.291888527248204
2019-03-03T20:00:00,54.64345683222231
2019-03-03T21:00:00,60.003815692404025
2019-03-03T22:00:00,67.05173343160877
2019-03-03T23:00:00,72.19303230617356
2019-03-04T00:00:00,74.04975725256878
2019-03-04T01:00:00,67.394601241402
2019-03-04T02:00:00,36.004463029944375
2019-03-04T03:00:00,24.248064206994098
2019-03-04T04:00:00,19.540221919184145
2019-03-04T05:00:00,17.27588591368302
2019-03-04T06:00:00,16.125701448191766
2019-03-04T07:00:00,15.352538979571799
2019-03-04T08:00:00,14.277752129927924
2019-03-04T09:00:00,13.834559730861496
2019-03-04T10:00:00,14.695273896922235
2019-03-04T11:00:00,16.30041292439336
2019-03-04T12:00:00,25.329447290171746
2019-03-04T13:00:00,42.54456495202105
2019-03-04T14:00:00,55.41608462126358
2019-03-04T15:00:00,50.2628120754076
2019-03-04T16:00:00,49.952827287756875
2019-03-04T17:00:00,57.55816849418308
2019-03-04T18:00:00,65.37074213442594
2019-03-04T19:00:00,69.21746411530867
2019-03-04T20:00:00,81.95376819113025
2019-03-04T21:00:00,95.2984682166058
2019-03-04T22:00:00,108.10693193518595
2019-03-04T23:00:00,119.33489857549252
2019-03-05T00:00:00,126.8704260121221
2019-03-05T01:00:00,122.74632196841031
2019-03-05T02:00:00,59.8415124312691
2019-03-05T03:00:00,33.341026554936946
2019-03-05T04:00:00,27.89906244692595
2019-03-05T05:00:00,25.334787368774414
2019-03-05T06:00:00,24.333072662353512
2019-03-05T07:00:00,24.174802116725754
2019-03-05T08:00:00,24.41139959252399
2019-03-05T09:00:00,25.55062750111455
2019-03-05T10:00:00,26.952119827270504
2019-03-05T11:00:00,28.71779931109884
2019-03-05T12:00:00,30.911239624023434
2019-03-05T13:00:00,36.991598129272454
2019-03-05T14:00:00,48.33212752964185
2019-03-05T15:00:00,61.353459731392235
2019-03-05T16:00:00,73.07638715661089
2019-03-05T17:00:00,82.98935981418774
2019-03-05T18:00:00,94.21678360648777
2019-03-05T19:00:00,110.82457633640455
2019-03-05T20:00:00,126.41926209822944
2019-03-05T21:00:00,138.79296145231825
2019-03-05T22:00:00,146.79955855659816
2019-03-05T23:00:00,153.30122707201085
2019-03-06T00:00:00,159.13763427734375
2019-03-06T01:00:00,151.9428724206012
2019-03-06T02:00:00,81.47447668987772
2019-03-06T03:00:00,49.16677574489427
2019-03-06T04:00:00,38.71583358101223
2019-03-06T05:00:00,35.37012946087381
2019-03-06T06:00:00,34.24168959907863
2019-03-06T07:00:00,34.11015751050866
2019-03-06T08:00:00,34.3881019923998
2019-03-06T09:00:00,34.60920516304348
2019-03-06T10:00:00,35.3878173828125
2019-03-06T11:00:00,36.47962653118631
2019-03-06T12:00:00,42.343165522036344
2019-03-06T13:00:00,56.3920201840608
2019-03-06T14:00:00,59.457856385604195
2019-03-06T15:00:00,73.32651917830758
2019-03-06T16:00:00,82.56987895136294
2019-03-06T17:00:00,91.13460043202275
2019-03-06T18:00:00,98.56047422989555
2019-03-06T19:00:00,107.54747606360394
2019-03-06T20:00:00,113.79496599280316
2019-03-06T21:00:00,117.64486561650814
2019-03-06T22:00:00,120.14248192828633
2019-03-06T23:00:00,120.8912121316661
2019-03-07T00:00:00,120.084624580715
2019-03-07T01:00:00,117.44441886570141
2019-03-07T02:00:00,89.53181789232336
2019-03-07T03:00:00,41.656156622845195
2019-03-07T04:00:00,35.402803338092305
2019-03-07T05:00:00,33.238466511601985
2019-03-07T06:00:00,32.165508767832875
2019-03-07T07:00:00,31.539592494135317
2019-03-07T08:00:00,31.31495566990064
2019-03-07T09:00:00,31.697197458018426
2019-03-07T10:00:00,32.77076986561651
2019-03-07T11:00:00,34.42864940477453
2019-03-07T12:00:00,41.66037534630817
2019-03-07T13:00:00,53.80196579642917
2019-03-07T14:00:00,65.93075395667033
2019-03-07T15:00:00,83.38896444569463
2019-03-07T16:00:00,103.03023827594258
2019-03-07T17:00:00,123.74045861285666
2019-03-07T18:00:00,141.88613559888753
2019-03-07T19:00:00,156.24403779403022
2019-03-07T20:00:00,169.41764897885528
2019-03-07T21:00:00,178.98816647736922
2019-03-07T22:00:00,182.61438983419666
2019-03-07T23:00:00,182.0436082922894
2019-03-08T00:00:00,175.57458960491675
2019-03-08T01:00:00,158.3467918064283
2019-03-08T02:00:00,94.22490227740742
2019-03-08T03:00:00,46.35402861885402
2019-03-08T04:00:00,37.96504360696543
2019-03-08T05:00:00,34.11328058657438
2019-03-08T06:00:00,31.847573819367778
2019-03-08T07:00:00,30.552683457084324
2019-03-08T08:00:00,29.93866787786069
2019-03-08T09:00:00,29.805507659912106
2019-03-08T10:00:00,30.27189661108929
2019-03-08T11:00:00,31.042552284572434
2019-03-08T12:00:00,36.44699478149414
2019-03-08T13:00:00,48.71898568194845
2019-03-08T14:00:00,65.09080538542375
2019-03-08T15:00:00,84.30592810589333
2019-03-08T16:00:00,104.8205513332201
2019-03-08T17:00:00,123.94411767047383
2019-03-08T18:00:00,141.6978069802989
2019-03-08T19:00:00,125.40660227899964
2019-03-08T20:00:00,132.45867986264437
2019-03-08T21:00:00,144.8806517227836
2019-03-08T22:00:00,160.58560180664062
2019-03-08T23:00:00,170.55201654848844
2019-03-09T00:00:00,173.73673812202784
2019-03-09T01:00:00,150.28537053647247
2019-03-09T02:00:00,72.22439575195312
2019-03-09T03:00:00,49.258063606593915
2019-03-09T04:00:00,41.35258351201596
2019-03-09T05:00:00,37.74667142785113
2019-03-09T06:00:00,35.85925724195397
2019-03-09T07:00:00,34.3738375124724
2019-03-09T08:00:00,33.0503860971202
2019-03-09T09:00:00,31.84251735521399
2019-03-09T10:00:00,30.84550160947053
2019-03-09T11:00:00,29.439154417618457
2019-03-09T12:00:00,27.685688599296235
2019-03-09T13:00:00,28.326588423355762
2019-03-09T14:00:00,31.57057936295218
2019-03-09T15:00:00,42.63352054098378
2019-03-09T16:00:00,53.7560690174932
2019-03-09T17:00:00,65.34211764128311
2019-03-09T18:00:00,76.68580859640369
2019-03-09T19:00:00,87.1969402147376
2019-03-09T20:00:00,95.48402238928753
2019-03-09T21:00:00,102.45022583007811
2019-03-09T22:00:00,108.8749193937882
2019-03-09T23:00:00,112.75611711585002
2019-03-10T00:00:00,111.78509919539741
2019-03-10T01:00:00,102.6635045590608
2019-03-10T02:00:00,51.16514637159264
2019-03-10T03:00:00,36.47938603940217
2019-03-10T04:00:00,34.42984357087508
2019-03-10T05:00:00,30.12292463883109
2019-03-10T06:00:00,26.183316272238024
2019-03-10T07:00:00,23.595238229502797
2019-03-10T08:00:00,22.207624103711996
2019-03-10T09:00:00,21.895692991173785
2019-03-10T10:00:00,22.303586462269656
2019-03-10T11:00:00,22.84388840716818
2019-03-10T12:00:00,29.13867137743079
2019-03-10T13:00:00,38.49412005880605
2019-03-10T14:00:00,48.75837326049805
2019-03-10T15:00:00,59.885590926460594
2019-03-10T16:00:00,71.11589730304219
2019-03-10T17:00:00,80.24011114369266
2019-03-10T18:00:00,85.60325688901155
2019-03-10T19:00:00,87.00970724354619
2019-03-10T20:00:00,85.50734080439028
2019-03-10T21:00:00,81.29220415198283
2019-03-10T22:00:00,75.48250911546789
2019-03-10T23:00:00,70.15504870207413
2019-03-11T00:00:00,67.7909920733908
2019-03-11T01:00:00,66.71033726567806
2019-03-11T02:00:00,37.9725169306216
2019-03-11T03:00:00,24.287431053493332
2019-03-11T04:00:00,20.941762260768723
2019-03-11T05:00:00,19.577643435934313
2019-03-11T06:00:00,18.72347765383513
2019-03-11T07:00:00,18.220943450927734
2019-03-11T08:00:00,17.932232898214586
2019-03-11T09:00:00,17.994260373322856
2019-03-11T10:00:00,18.621658408123512
2019-03-11T11:00:00,20.11331226514733
2019-03-11T12:00:00,25.599702420441997
2019-03-11T13:00:00,33.891793292501696
2019-03-11T14:00:00,43.62841100278108
2019-03-11T15:00:00,54.717554672904626
2019-03-11T16:00:00,65.4865497091542
2019-03-11T17:00:00,74.18142368482505
2019-03-11T18:00:00,79.42489026940386
2019-03-11T19:00:00,80.62001601509425
2019-03-11T20:00:00,78.95046200959578
2019-03-11T21:00:00,77.6890583867612
2019-03-11T22:00:00,76.61287987750508
2019-03-11T23:00:00,75.10141521951427
2019-03-12T00:00:00,73.79095359470531
2019-03-12T01:00:00,67.29025169040845
2019-03-12T02:00:00,33.2840577830439
2019-03-12T03:00:00,24.289907123731528
2019-03-12T04:00:00,21.16935580709706
2019-03-12T05:00:00,19.465306738148563
2019-03-12T06:00:00,18.236427307128903
2019-03-12T07:00:00,17.445365656977113
2019-03-12T08:00:00,17.206214904785153
2019-03-12T09:00:00,17.596210811449133
2019-03-12T10:00:00,18.74047735463018
2019-03-12T11:00:00,20.632459474646524
2019-03-12T12:00:00,27.7094263823136
2019-03-12T13:00:00,38.23696716972019
2019-03-12T14:00:00,47.44545861949091
2019-03-12T15:00:00,55.87753146627674
2019-03-12T16:00:00,63.63103849991508
2019-03-12T17:00:00,70.2660612023395
2019-03-12T18:00:00,74.70072937011719
2019-03-12T19:00:00,76.13141996964163
2019-03-12T20:00:00,76.05571448284645
2019-03-12T21:00:00,75.5014200625212
2019-03-12T22:00:00,74.51990641718324
2019-03-12T23:00:00,73.87105394446331
2019-03-13T00:00:00,73.5153871619183
2019-03-13T01:00:00,70.38577635391897
2019-03-13T02:00:00,51.917740365733266
2019-03-13T03:00:00,44.19623532502547
2019-03-13T04:00:00,39.758322010869556
2019-03-13T05:00:00,36.55023375801418
2019-03-13T06:00:00,34.417641349460766
2019-03-13T07:00:00,33.19897726307744
2019-03-13T08:00:00,32.69195672740106
2019-03-13T09:00:00,33.106991311778195
2019-03-13T10:00:00,34.54949602873429
2019-03-13T11:00:00,37.44092874941618
2019-03-13T12:00:00,46.179303874140196
2019-03-13T13:00:00,58.588624042013414
2019-03-13T14:00:00,67.63129226021144
2019-03-13T15:00:00,75.19457941469938
2019-03-13T16:00:00,83.03081114395805
2019-03-13T17:00:00,88.08961719015369
2019-03-13T18:00:00,93.52676524286684
2019-03-13T19:00:00,95.75557808254075
2019-03-13T20:00:00,96.31371042002802
2019-03-13T21:00:00,99.1484315291695
2019-03-13T22:00:00,103.88686503534731
2019-03-13T23:00:00,106.61463961393936
2019-03-14T00:00:00,107.75309819760528
2019-03-14T01:00:00,98.98012310525645
2019-03-14T02:00:00,64.4337388743525
2019-03-14T03:00:00,48.45070863806683
2019-03-14T04:00:00,39.13708197552224
2019-03-14T05:00:00,33.72901037464971
2019-03-14T06:00:00,30.15087741354237
2019-03-14T07:00:00,27.913090498551075
2019-03-14T08:00:00,26.51743540556534
2019-03-14T09:00:00,25.853042104969852
2019-03-14T10:00:00,25.88160531417183
2019-03-14T11:00:00,26.36799041084621
2019-03-14T12:00:00,32.52719049868376
2019-03-14T13:00:00,42.49497670712678
2019-03-14T14:00:00,52.00277162634807
2019-03-14T15:00:00,61.87093336685844
2019-03-14T16:00:00,71.11653701118802
2019-03-14T17:00:00,78.36361229938008
2019-03-14T18:00:00,82.88764024817424
2019-03-14T19:00:00,84.12398595395294
2019-03-14T20:00:00,82.81389816947605
2019-03-14T21:00:00,80.61525527290675
2019-03-14T22:00:00,78.73342431109883
2019-03-14T23:00:00,77.69418301789655
2019-03-15T00:00:00,78.07570880392322
2019-03-15T01:00:00,77.64753358260445
2019-03-15T02:00:00,56.084137128747024
2019-03-15T03:00:00,43.27187745467476
2019-03-15T04:00:00,36.911347098972485
2019-03-15T05:00:00,32.669529458750844
2019-03-15T06:00:00,30.208823328432825
2019-03-15T07:00:00,28.741658335146692
2019-03-15T08:00:00,28.21513292063837
2019-03-15T09:00:00,28.378559775974438
2019-03-15T10:00:00,29.35192373524541
2019-03-15T11:00:00,31.70029208971106
2019-03-15T12:00:00,39.436843706213914
2019-03-15T13:00:00,51.30675357321034
2019-03-15T14:00:00,63.069654547649876
2019-03-15T15:00:00,74.62199833082116
2019-03-15T16:00:00,84.09898774520211
2019-03-15T17:00:00,91.16996035368545
2019-03-15T18:00:00,93.42476687224014
2019-03-15T19:00:00,89.03328439463739
2019-03-15T20:00:00,76.37878716510274
2019-03-15T21:00:00,68.13033327849013
2019-03-15T22:00:00,60.217151144276485
2019-03-15T23:00:00,55.600656758184016
2019-03-16T00:00:00,54.874796494193696
2019-03-16T01:00:00,52.172586523968235
2019-03-16T02:00:00,41.22789167321246
2019-03-16T03:00:00,32.55143903649371
2019-03-16T04:00:00,26.17234321262525
2019-03-16T05:00:00,22.783645298170004
2019-03-16T06:00:00,20.75929724651834
2019-03-16T07:00:00,19.544538166211996
2019-03-16T08:00:00,18.794007923292078
2019-03-16T09:00:00,18.400888691777766
2019-03-16T10:00:00,18.518697904503863
2019-03-16T11:00:00,20.09724467733632
2019-03-16T12:00:00,21.48510485110075
2019-03-16T13:00:00,25.668265632961106
2019-03-16T14:00:00,33.41700810971467
2019-03-16T15:00:00,38.78445102857506
2019-03-16T16:00:00,44.802852133046024
2019-03-16T17:00:00,51.23958786674167
2019-03-16T18:00:00,61.56914586606232
2019-03-16T19:00:00,69.54147770093834
2019-03-16T20:00:00,73.24808336340863
2019-03-16T21:00:00,75.53809522545856
2019-03-16T22:00:00,82.91164796248725
2019-03-16T23:00:00,87.4101575768512
2019-03-17T00:00:00,89.59677621592644
2019-03-17T01:00:00,73.87611687701681
2019-03-17T02:00:00,31.19186111118482
2019-03-17T03:00:00,19.497922565626062
2019-03-17T04:00:00,15.507807275523307
2019-03-17T05:00:00,13.556570882382598
2019-03-17T06:00:00,12.505840757618778
2019-03-17T07:00:00,12.534519029700236
2019-03-17T08:00:00,13.949319258980127
2019-03-17T09:00:00,15.957648608995518
2019-03-17T10:00:00,17.970999261607293
2019-03-17T11:00:00,20.882340058036473
2019-03-17T12:00:00,26.324339576389473
2019-03-17T13:00:00,33.19596796450407
2019-03-17T14:00:00,37.28233702286429
2019-03-17T15:00:00,39.186766748842984
2019-03-17T16:00:00,41.16223393315854
2019-03-17T17:00:00,43.986156629479446
2019-03-17T18:00:00,46.25349094556725
2019-03-17T19:00:00,49.428366619607665
2019-03-17T20:00:00,54.89647641389266
2019-03-17T21:00:00,60.524645266325564
2019-03-17T22:00:00,64.7541684689729
2019-03-17T23:00:00,68.29716392185377
2019-03-18T00:00:00,74.18079674762227
2019-03-18T01:00:00,68.2445937446926
2019-03-18T02:00:00,36.839025912077524
2019-03-18T03:00:00,25.503102592799973
2019-03-18T04:00:00,20.462971314139985
2019-03-18T05:00:00,17.59623104593028
2019-03-18T06:00:00,15.864156515701957
2019-03-18T07:00:00,14.933793109396227
2019-03-18T08:00:00,15.715422671774158
2019-03-18T09:00:00,17.140173538871434
2019-03-18T10:00:00,19.4648090030836
2019-03-18T11:00:00,22.8168887262759
2019-03-18T12:00:00,28.22846479001252
2019-03-18T13:00:00,34.325932875923485
2019-03-18T14:00:00,36.70656336908755
2019-03-18T15:00:00,37.24839600272801
2019-03-18T16:00:00,39.00381685339886
2019-03-18T17:00:00,44.007081073263414
2019-03-18T18:00:00,48.04597655586574
2019-03-18T19:00:00,51.553847769032345
2019-03-18T20:00:00,57.29208042310631
2019-03-18T21:00:00,61.89742892721425
2019-03-18T22:00:00,66.08028677235478
2019-03-18T23:00:00,67.25544473399286
2019-03-19T00:00:00,68.03532210640284
2019-03-19T01:00:00,61.7125947371773
2019-03-19T02:00:00,38.14489530480426
2019-03-19T03:00:00,28.805210611094594
2019-03-19T04:00:00,23.721644774727196
2019-03-19T05:00:00,21.12164372983186
2019-03-19T06:00:00,19.74578351559846
2019-03-19T07:00:00,19.129052037778106
2019-03-19T08:00:00,19.085117257159688
2019-03-19T09:00:00,19.60914222053859
2019-03-19T10:00:00,20.716554310010824
2019-03-19T11:00:00,22.480473808620285
2019-03-19T12:00:00,28.815254460210383
2019-03-19T13:00:00,41.5599773241126
2019-03-19T14:00:00,55.46812389207922
2019-03-19T15:00:00,69.90634404058042
2019-03-19T16:00:00,84.40540015179177
2019-03-19T17:00:00,96.53995480744733
2019-03-19T18:00:00,103.43030216382896
2019-03-19T19:00:00,105.34008855405061
2019-03-19T20:00:00,103.26831817626952
2019-03-19T21:00:00,99.24497985839842
2019-03-19T22:00:00,94.10896948109502
2019-03-19T23:00:00,86.52482405952784
2019-03-20T00:00:00,76.41014646447222
2019-03-20T01:00:00,68.1549078899881
2019-03-20T02:00:00,44.032632910686985
2019-03-20T03:00:00,25.03384731126868
2019-03-20T04:00:00,21.34724442855171
2019-03-20T05:00:00,19.916218799093492
2019-03-20T06:00:00,19.596243153447688
2019-03-20T07:00:00,19.752163845559824
2019-03-20T08:00:00,20.14874657340672
2019-03-20T09:00:00,20.723807873933207
2019-03-20T10:00:00,21.70654711516007
2019-03-20T11:00:00,23.154465882674504
2019-03-20T12:00:00,30.144978564718492
2019-03-20T13:00:00,43.798709537671954
2019-03-20T14:00:00,59.24165991078252
2019-03-20T15:00:00,76.0806654225225
2019-03-20T16:00:00,91.68551105001697
2019-03-20T17:00:00,104.48795318603514
2019-03-20T18:00:00,112.42745739480722
2019-03-20T19:00:00,114.7341593866763
2019-03-20T20:00:00,113.44892352560291
2019-03-20T21:00:00,111.99814174486241
2019-03-20T22:00:00,109.23597684113875
2019-03-20T23:00:00,105.56291397758152
2019-03-21T00:00:00,95.90005360478939
2019-03-21T01:00:00,78.8514991428541
2019-03-21T02:00:00,42.4752784397291
2019-03-21T03:00:00,26.846208821172294
2019-03-21T04:00:00,22.334339888199512
2019-03-21T05:00:00,20.20555380116338
2019-03-21T06:00:00,19.11190621749214
2019-03-21T07:00:00,18.541107841159985
2019-03-21T08:00:00,18.518381367559016
2019-03-21T09:00:00,18.90990763125212
2019-03-21T10:00:00,20.102277175239895
2019-03-21T11:00:00,22.144286694733992
2019-03-21T12:00:00,23.6001789258874
2019-03-21T13:00:00,26.296223350193188
2019-03-21T14:00:00,30.020247915516727
2019-03-21T15:00:00,34.471017588739805
2019-03-21T16:00:00,40.0085741126019
2019-03-21T17:00:00,49.10694702811863
2019-03-21T18:00:00,58.21030840666397
2019-03-21T19:00:00,65.37801228398862
2019-03-21T20:00:00,72.55707185164742
2019-03-21T21:00:00,79.76371400252631
2019-03-21T22:00:00,87.69222259521484
2019-03-21T23:00:00,94.16508682914402
2019-03-22T00:00:00,99.90843134341033
2019-03-22T01:00:00,87.64210410740064
2019-03-22T02:00:00,40.687220200248376
2019-03-22T03:00:00,23.744512392126992
2019-03-22T04:00:00,18.81260929936948
2019-03-22T05:00:00,16.440360483915907
2019-03-22T06:00:00,15.126702267190682
2019-03-22T07:00:00,14.369768889054006
2019-03-22T08:00:00,14.015182370724885
2019-03-22T09:00:00,14.229559981304664
2019-03-22T10:00:00,15.074776566546893
2019-03-22T11:00:00,16.003250909888223
2019-03-22T12:00:00,17.95312707320503
2019-03-22T13:00:00,22.74552643817404
2019-03-22T14:00:00,27.365094226339586
2019-03-22T15:00:00,32.0521187160326
2019-03-22T16:00:00,38.141745774642274
2019-03-22T17:00:00,44.26694903166397
2019-03-22T18:00:00,45.33722355054772
2019-03-22T19:00:00,51.26286597873853
2019-03-22T20:00:00,56.58947173408839
2019-03-22T21:00:00,59.922202732252025
2019-03-22T22:00:00,62.14233431608779
2019-03-22T23:00:00,65.88718397721
2019-03-23T00:00:00,71.36323431263799
2019-03-23T01:00:00,62.178387351658024
2019-03-23T02:00:00,29.543486304905098
2019-03-23T03:00:00,17.85634360106095
2019-03-23T04:00:00,14.309675465459406
2019-03-23T05:00:00,12.982510525247323
2019-03-23T06:00:00,12.648966001427691
2019-03-23T07:00:00,12.870996060578719
2019-03-23T08:00:00,13.561597782632578
2019-03-23T09:00:00,14.776392190352729
2019-03-23T10:00:00,16.222738556239914
2019-03-23T11:00:00,18.62237922005031
2019-03-23T12:00:00,19.94515112172002
2019-03-23T13:00:00,22.46881924504819
2019-03-23T14:00:00,26.20097093996794
2019-03-23T15:00:00,30.382107859072477
2019-03-23T16:00:00,35.024285109146774
2019-03-23T17:00:00,46.197123154349946
2019-03-23T18:00:00,60.212470842444375
2019-03-23T19:00:00,71.77218893299931
2019-03-23T20:00:00,78.65686698581861
2019-03-23T21:00:00,86.66478132164994
2019-03-23T22:00:00,91.73137963336445
2019-03-23T23:00:00,92.71856954823369
2019-03-24T00:00:00,88.9916590815005
2019-03-24T01:00:00,79.8784289152726
2019-03-24T02:00:00,49.438795172649876
2019-03-24T03:00:00,21.750811950020164
2019-03-24T04:00:00,17.165552056354024
2019-03-24T05:00:00,15.409578198971953
2019-03-24T06:00:00,14.588626446931258
2019-03-24T07:00:00,14.160192572552225
2019-03-24T08:00:00,14.115447127300758
2019-03-24T09:00:00,14.428671297819717
2019-03-24T10:00:00,15.070883253346317
2019-03-24T11:00:00,15.966090202331541
2019-03-24T12:00:00,23.330616329027258
2019-03-24T13:00:00,35.51668133942977
2019-03-24T14:00:00,49.212627245032266
2019-03-24T15:00:00,63.35682230410369
2019-03-24T16:00:00,76.98306937839673
2019-03-24T17:00:00,87.43435254304303
2019-03-24T18:00:00,90.14458565090013
2019-03-24T19:00:00,86.94777596515156
2019-03-24T20:00:00,79.37874454000722
2019-03-24T21:00:00,69.12751836362091
2019-03-24T22:00:00,59.51368547522503
2019-03-24T23:00:00,53.4968263377314
2019-03-25T00:00:00,52.13740755164104
2019-03-25T01:00:00,52.460780931555696
2019-03-25T02:00:00,41.73393664152725
2019-03-25T03:00:00,30.35144192239512
2019-03-25T04:00:00,29.849870267121684
2019-03-25T05:00:00,28.64239037555197
2019-03-25T06:00:00,27.754214162411895
2019-03-25T07:00:00,28.43009053105893
2019-03-25T08:00:00,29.91787943632706
2019-03-25T09:00:00,31.71066848091457
2019-03-25T10:00:00,33.57428459499193
2019-03-25T11:00:00,36.20557768448539
2019-03-25T12:00:00,44.563750723133914
2019-03-25T13:00:00,55.64091209743333
2019-03-25T14:00:00,67.42282767917798
2019-03-25T15:00:00,80.36006695291269
2019-03-25T16:00:00,92.78178007706352
2019-03-25T17:00:00,101.61534914763077
2019-03-25T18:00:00,105.84460183848505
2019-03-25T19:00:00,105.61133343240489
2019-03-25T20:00:00,103.19786270805027
2019-03-25T21:00:00,101.22548675537108
2019-03-25T22:00:00,99.9504517264988
2019-03-25T23:00:00,98.60616833230723
2019-03-26T00:00:00,97.60295370350711
2019-03-26T01:00:00,94.22700002919072
2019-03-26T02:00:00,64.59082528819208
2019-03-26T03:00:00,46.627907462742016
2019-03-26T04:00:00,38.964291779891305
2019-03-26T05:00:00,35.2623642631199
2019-03-26T06:00:00,33.06978341807489
2019-03-26T07:00:00,32.01296831213909
2019-03-26T08:00:00,31.657147283139434
2019-03-26T09:00:00,32.049666363260016
2019-03-26T10:00:00,33.099185943603516
2019-03-26T11:00:00,34.761294821034305
2019-03-26T12:00:00,43.03030130137567
2019-03-26T13:00:00,59.23847016044284
2019-03-26T14:00:00,78.48671755583389
2019-03-26T15:00:00,100.54517696214756
2019-03-26T16:00:00,122.10130409572434
2019-03-26T17:00:00,140.29473711096722
2019-03-26T18:00:00,151.46842790686563
2019-03-26T19:00:00,154.07781451681385
2019-03-26T20:00:00,149.14384493620497
2019-03-26T21:00:00,139.20690652598503
2019-03-26T22:00:00,125.26112796949302
2019-03-26T23:00:00,109.25009055759594
2019-03-27T00:00:00,94.25563646399455
2019-03-27T01:00:00,82.11695662788722
2019-03-27T02:00:00,52.20365491120711
2019-03-27T03:00:00,35.76534793687903
2019-03-27T04:00:00,27.226817670075786
2019-03-27T05:00:00,22.744870476100754
2019-03-27T06:00:00,20.62507704029912
2019-03-27T07:00:00,19.75087439495584
2019-03-27T08:00:00,19.642718605373215
2019-03-27T09:00:00,20.047383515731145
2019-03-27T10:00:00,21.167736551036004
2019-03-27T11:00:00,23.259577129198153
2019-03-27T12:00:00,34.08548670229705
2019-03-27T13:00:00,53.750121241030484
2019-03-27T14:00:00,75.81657874065895
2019-03-27T15:00:00,99.63135362708047
2019-03-27T16:00:00,123.19216288690981
2019-03-27T17:00:00,143.39535389775813
2019-03-27T18:00:00,158.08129617442253
2019-03-27T19:00:00,164.51356539518937
2019-03-27T20:00:00,162.6283197817595
2019-03-27T21:00:00,153.55000338347062
2019-03-27T22:00:00,138.96266273830247
2019-03-27T23:00:00,121.80366283914316
2019-03-28T00:00:00,105.72684080704398
2019-03-28T01:00:00,92.199312624724
2019-03-28T02:00:00,50.219127820885696
2019-03-28T03:00:00,29.59835649573284
2019-03-28T04:00:00,24.349663112474524
2019-03-28T05:00:00,21.15391565405804
2019-03-28T06:00:00,18.71796653581702
2019-03-28T07:00:00,17.239069814267364
2019-03-28T08:00:00,16.908485910166863
2019-03-28T09:00:00,17.491879421731696
2019-03-28T10:00:00,18.75107881297236
2019-03-28T11:00:00,20.03331433171811
2019-03-28T12:00:00,29.18936148933742
2019-03-28T13:00:00,45.58026023533033
2019-03-28T14:00:00,63.384157927139945
2019-03-28T15:00:00,82.49774667491083
2019-03-28T16:00:00,99.36597376284392
2019-03-28T17:00:00,110.54250733748725
2019-03-28T18:00:00,115.53076370902683
2019-03-28T19:00:00,115.43255615234374
2019-03-28T20:00:00,110.87291087274964
2019-03-28T21:00:00,105.43321228027344
2019-03-28T22:00:00,102.06531458315641
2019-03-28T23:00:00,98.85845499453336
2019-03-29T00:00:00,92.57439621635105
2019-03-29T01:00:00,83.21408644966456
2019-03-29T02:00:00,47.65930905549422
2019-03-29T03:00:00,24.833881544030227
2019-03-29T04:00:00,18.908730797145676
2019-03-29T05:00:00,16.85055405160655
2019-03-29T06:00:00,16.282836955526598
2019-03-29T07:00:00,16.507341550744094
2019-03-29T08:00:00,17.16673361736795
2019-03-29T09:00:00,18.217847741168477
2019-03-29T10:00:00,19.81126901377802
2019-03-29T11:00:00,22.220379456229832
2019-03-29T12:00:00,34.68297004699706
2019-03-29T13:00:00,55.305051223091446
2019-03-29T14:00:00,78.93079674762228
2019-03-29T15:00:00,105.61012798806894
2019-03-29T16:00:00,134.02213386867356
2019-03-29T17:00:00,163.1095328952955
2019-03-29T18:00:00,187.76867012355638
2019-03-29T19:00:00,202.7008587381114
2019-03-29T20:00:00,207.3057702105978
2019-03-29T21:00:00,203.90324534540588
2019-03-29T22:00:00,192.8419494628906
2019-03-29T23:00:00,174.12905950131622
2019-03-30T00:00:00,152.85732037088144
2019-03-30T01:00:00,130.78848664656928
2019-03-30T02:00:00,72.85978466531505
2019-03-30T03:00:00,43.51336487479831
2019-03-30T04:00:00,37.05484290744947
2019-03-30T05:00:00,33.15227856843367
2019-03-30T06:00:00,30.114492001740825
2019-03-30T07:00:00,27.645934063455332
2019-03-30T08:00:00,26.11633010532545
2019-03-30T09:00:00,25.307699618132215
2019-03-30T10:00:00,25.542355993519656
2019-03-30T11:00:00,27.082453603329864
2019-03-30T12:00:00,35.47560177678647
2019-03-30T13:00:00,51.30388939898947
2019-03-30T14:00:00,63.53611888056215
2019-03-30T15:00:00,81.09159851074217
2019-03-30T16:00:00,100.07859271505603
2019-03-30T17:00:00,117.76319984767746
2019-03-30T18:00:00,135.17396213697347
2019-03-30T19:00:00,149.22818789274794
2019-03-30T20:00:00,158.2041294263757
2019-03-30T21:00:00,163.68158158012056
2019-03-30T22:00:00,163.37554002844766
2019-03-30T23:00:00,160.40868278171703
2019-03-31T00:00:00,152.60479271930194
2019-03-31T01:00:00,132.79148267663044
2019-03-31T02:00:00,80.6398351918096
2019-03-31T03:00:00,39.7417519610861
2019-03-31T04:00:00,33.27556112538213
2019-03-31T05:00:00,31.128857654073965
2019-03-31T06:00:00,30.54036181905995
2019-03-31T07:00:00,30.852352888687797
2019-03-31T08:00:00,31.838605714880895
2019-03-31T09:00:00,33.49119526406993
2019-03-31T10:00:00,35.96413040161132
2019-03-31T11:00:00,38.94699959132982
2019-03-31T12:00:00,45.429661294688344
2019-03-31T13:00:00,57.765445377515704
2019-03-31T14:00:00,73.26831917140794
2019-03-31T15:00:00,91.6342882902726
2019-03-31T16:00:00,109.85446697732677
2019-03-31T17:00:00,123.60357002590013
2019-03-31T18:00:00,112.17566083825153
2019-03-31T19:00:00,116.22530630360478
2019-03-31T20:00:00,124.74371470575745
2019-03-31T21:00:00,138.25365348484203
2019-03-31T22:00:00,152.8514304783033
2019-03-31T23:00:00,167.4710414720618
2019-04-01T00:00:00,179.04873060143512
2019-04-01T01:00:00,159.9746272874915
2019-04-01T02:00:00,85.50379247250764
2019-04-01T03:00:00,61.71903859014096
2019-04-01T04:00:00,54.785083770751946
2019-04-01T05:00:00,51.52579349020253
2019-04-01T06:00:00,49.739977795144775
2019-04-01T07:00:00,48.961856510328204
2019-04-01T08:00:00,49.145943683126696
2019-04-01T09:00:00,50.168401303498634
2019-04-01T10:00:00,52.25262517514435
2019-04-01T11:00:00,53.43045723956564
2019-04-01T12:00:00,60.01383673626444
2019-04-01T13:00:00,73.67438407566236
2019-04-01T14:00:00,82.06068088697349
2019-04-01T15:00:00,78.21949502696161
2019-04-01T16:00:00,84.58616605012314
2019-04-01T17:00:00,90.8497440503991
2019-04-01T18:00:00,99.06903507398522
2019-04-01T19:00:00,106.2572840815005
2019-04-01T20:00:00,113.0845841117527
2019-04-01T21:00:00,119.98315263831095
2019-04-01T22:00:00,127.74599324101986
2019-04-01T23:00:00,137.9530696039614
2019-04-02T00:00:00,146.58349609374997
2019-04-02T01:00:00,129.26814966616422
2019-04-02T02:00:00,71.6602670420771
2019-04-02T03:00:00,54.45739480723505
2019-04-02T04:00:00,46.928537285846204
2019-04-02T05:00:00,42.25353821464206
2019-04-02T06:00:00,38.67470334923785
2019-04-02T07:00:00,35.997084907863446
2019-04-02T08:00:00,34.360860824584954
2019-04-02T09:00:00,33.647849124410875
2019-04-02T10:00:00,33.82184252531632
2019-04-02T11:00:00,35.474673229715094
2019-04-02T12:00:00,41.895052536674164
2019-04-02T13:00:00,53.15904136326001
2019-04-02T14:00:00,67.31222501008406
2019-04-02T15:00:00,83.14959351912788
2019-04-02T16:00:00,98.71423107644785
2019-04-02T17:00:00,114.50952347465183
2019-04-02T18:00:00,131.69334146250847
2019-04-02T19:00:00,150.93419614045516
2019-04-02T20:00:00,173.34306866189706
2019-04-02T21:00:00,196.23878279976222
2019-04-02T22:00:00,215.49774501634678
2019-04-02T23:00:00,230.16953708814538
2019-04-03T00:00:00,239.04836969790253
2019-04-03T01:00:00,197.449811189071
2019-04-03T02:00:00,89.9822825556216
2019-04-03T03:00:00,58.53954613727072
2019-04-03T04:00:00,44.539977198061734
2019-04-03T05:00:00,36.24823147317637
2019-04-03T06:00:00,30.165858393130094
2019-04-03T07:00:00,25.75242896701978
2019-04-03T08:00:00,22.339216978653617
2019-04-03T09:00:00,20.222678143045176
2019-04-03T10:00:00,19.55319595336914
2019-04-03T11:00:00,20.37809206091839
2019-04-03T12:00:00,28.22619172801142
2019-04-03T13:00:00,44.07857629527216
2019-04-03T14:00:00,59.97964776080587
2019-04-03T15:00:00,70.16939975904381
2019-04-03T16:00:00,86.67494898257047
2019-04-03T17:00:00,103.86415929379669
2019-04-03T18:00:00,120.81053957731824
2019-04-03T19:00:00,135.22246252972144
2019-04-03T20:00:00,145.7859284774117
2019-04-03T21:00:00,154.08045959472653
2019-04-03T22:00:00,157.77698151961616
2019-04-03T23:00:00,154.4602229906165
2019-04-04T00:00:00,145.6994449781335
2019-04-04T01:00:00,124.84555849821669
2019-04-04T02:00:00,72.17616471000339
2019-04-04T03:00:00,34.767887778904125
2019-04-04T04:00:00,23.267318145088524
2019-04-04T05:00:00,17.45877037877622
2019-04-04T06:00:00,14.155715693598205
2019-04-04T07:00:00,12.081730966982633
2019-04-04T08:00:00,11.131509656491485
2019-04-04T09:00:00,11.036960435950236
2019-04-04T10:00:00,11.730751783951467
2019-04-04T11:00:00,13.387963170590606
2019-04-04T12:00:00,23.410140410713524
2019-04-04T13:00:00,40.537786566692844
2019-04-04T14:00:00,61.72444086489469
2019-04-04T15:00:00,87.28794031557828
2019-04-04T16:00:00,114.28381015943442
2019-04-04T17:00:00,140.6002203899881
2019-04-04T18:00:00,164.9502132249915
2019-04-04T19:00:00,169.65074821140453
2019-04-04T20:00:00,174.09694970172384
2019-04-04T21:00:00,182.097727899966
2019-04-04T22:00:00,186.81699603536853
2019-04-04T23:00:00,189.38634855850881
2019-04-05T00:00:00,187.2026188062585
2019-04-05T01:00:00,148.98771468452784
2019-04-05T02:00:00,75.75731493079142
2019-04-05T03:00:00,46.39904022216797
2019-04-05T04:00:00,36.1421190344769
2019-04-05T05:00:00,32.26692315806513
2019-04-05T06:00:00,30.388311220251996
2019-04-05T07:00:00,29.572589625482973
2019-04-05T08:00:00,29.411001454228938
2019-04-05T09:00:00,29.351596749347188
2019-04-05T10:00:00,29.96938158118206
2019-04-05T11:00:00,30.64764918451724
2019-04-05T12:00:00,36.77095413208007
2019-04-05T13:00:00,47.76496124267578
2019-04-05T14:00:00,56.82088586558466
2019-04-05T15:00:00,62.118766784667955
2019-04-05T16:00:00,65.68111552362856
2019-04-05T17:00:00,70.48533962083899
2019-04-05T18:00:00,76.46401247770889
2019-04-05T19:00:00,81.24876005753227
2019-04-05T20:00:00,85.199114592179
2019-04-05T21:00:00,90.30725329855214
2019-04-05T22:00:00,95.70549541970956
2019-04-05T23:00:00,97.23770738684613
2019-04-06T00:00:00,92.54470526653786
2019-04-06T01:00:00,74.20689425261124
2019-04-06T02:00:00,25.31090918831203
2019-04-06T03:00:00,19.48339163738748
2019-04-06T04:00:00,17.30407267031462
2019-04-06T05:00:00,15.794092468593432
2019-04-06T06:00:00,14.71872279954993
2019-04-06T07:00:00,14.108410171840498
2019-04-06T08:00:00,13.861682477204695
2019-04-06T09:00:00,14.312499046325682
2019-04-06T10:00:00,15.716598552206287
2019-04-06T11:00:00,18.11432469409445
2019-04-06T12:00:00,24.768327298371684
2019-04-06T13:00:00,30.36326209358547
2019-04-06T14:00:00,31.7656426637069
2019-04-06T15:00:00,30.156495218691614
2019-04-06T16:00:00,32.51352973606275
2019-04-06T17:00:00,35.49057935631793
2019-04-06T18:00:00,39.89317943738855
2019-04-06T19:00:00,45.36885684469471
2019-04-06T20:00:00,51.174728061841876
2019-04-06T21:00:00,59.4907347637674
2019-04-06T22:00:00,71.23891465560249
2019-04-06T23:00:00,85.25257243280825
2019-04-07T00:00:00,98.22622249437414
2019-04-07T01:00:00,83.90421228823453
2019-04-07T02:00:00,50.97337042767068
2019-04-07T03:00:00,37.90849635912024
2019-04-07T04:00:00,32.94092758842136
2019-04-07T05:00:00,30.33329756363578
2019-04-07T06:00:00,28.659044348675266
2019-04-07T07:00:00,27.618798712025512
2019-04-07T08:00:00,26.97884294261103
2019-04-07T09:00:00,26.63451526475989
2019-04-07T10:00:00,27.41208731609842
2019-04-07T11:00:00,29.485843990160067
2019-04-07T12:00:00,32.627175040867016
2019-04-07T13:00:00,35.61719670503035
2019-04-07T14:00:00,39.80461170362389
2019-04-07T15:00:00,44.71226551221764
2019-04-07T16:00:00,51.16073127414869
2019-04-07T17:00:00,59.002301423445985
2019-04-07T18:00:00,68.33626108584197
2019-04-07T19:00:00,80.20319233769955
2019-04-07T20:00:00,92.40705506697944
2019-04-07T21:00:00,104.20474143650219
2019-04-07T22:00:00,115.66863151218578
2019-04-07T23:00:00,132.909505761188
2019-04-08T00:00:00,150.42247672702953
2019-04-08T01:00:00,113.05716373609458
2019-04-08T02:00:00,50.5347494042438
2019-04-08T03:00:00,40.88282726121985
2019-04-08T04:00:00,37.0046559209409
2019-04-08T05:00:00,34.80635120557702
2019-04-08T06:00:00,34.40778732299805
2019-04-08T07:00:00,34.726652891739555
2019-04-08T08:00:00,36.56372003969938
2019-04-08T09:00:00,37.309809975002125
2019-04-08T10:00:00,37.33451826676078
2019-04-08T11:00:00,37.78334310780401
2019-04-08T12:00:00,41.883226643437915
2019-04-08T13:00:00,50.01499408224354
2019-04-08T14:00:00,58.786433510158375
2019-04-08T15:00:00,66.95272644706394
2019-04-08T16:00:00,73.239583886188
2019-04-08T17:00:00,79.39183409317678
2019-04-08T18:00:00,84.66312308933422
2019-04-08T19:00:00,87.05927475639011
2019-04-08T20:00:00,79.82522052267322
2019-04-08T21:00:00,56.803054146144696
2019-04-08T22:00:00,41.118752189304516
2019-04-08T23:00:00,32.64941107708474
2019-04-09T00:00:00,30.404260054878563
2019-04-09T01:00:00,27.113376451575235
2019-04-09T02:00:00,20.199981274812117
2019-04-09T03:00:00,15.540874564129373
2019-04-09T04:00:00,14.78437680783479
2019-04-09T05:00:00,15.669878005981445
2019-04-09T06:00:00,16.47553029267684
2019-04-09T07:00:00,17.162694682245668
2019-04-09T08:00:00,17.974922594816785
2019-04-09T09:00:00,19.165645433508832
2019-04-09T10:00:00,21.140283584594723
2019-04-09T11:00:00,22.880613492882766
2019-04-09T12:00:00,30.44903083469556
2019-04-09T13:00:00,40.379728400188945
2019-04-09T14:00:00,46.91433748991593
2019-04-09T15:00:00,39.86744789455248
2019-04-09T16:00:00,45.083971769913376
2019-04-09T17:00:00,50.71264167453931
2019-04-09T18:00:00,56.183738376783275
2019-04-09T19:00:00,63.156108524488346
2019-04-09T20:00:00,75.5843976891559
2019-04-09T21:00:00,88.36190364671789
2019-04-09T22:00:00,100.57021829356319
2019-04-09T23:00:00,112.46472532852835
2019-04-10T00:00:00,122.29207876454227
2019-04-10T01:00:00,88.23336858334747
2019-04-10T02:00:00,31.970209121704098
2019-04-10T03:00:00,23.514578529026195
2019-04-10T04:00:00,20.064981502035387
2019-04-10T05:00:00,17.62506887187128
2019-04-10T06:00:00,16.174721386121664
2019-04-10T07:00:00,15.247147394263223
2019-04-10T08:00:00,15.133023925449534
2019-04-10T09:00:00,15.760972810828166
2019-04-10T10:00:00,17.06964040839154
2019-04-10T11:00:00,18.62940846318784
2019-04-10T12:00:00,19.126599726469617
2019-04-10T13:00:00,22.157737068507977
2019-04-10T14:00:00,25.616064818009086
2019-04-10T15:00:00,29.22809045211128
2019-04-10T16:00:00,33.54196042599885
2019-04-10T17:00:00,38.22069516389266
2019-04-10T18:00:00,44.904216268788204
2019-04-10T19:00:00,51.937700354534634
2019-04-10T20:00:00,59.52419645889945
2019-04-10T21:00:00,70.10041659811267
2019-04-10T22:00:00,84.87762019945227
2019-04-10T23:00:00,98.66006867781928
2019-04-11T00:00:00,113.36323514192
2019-04-11T01:00:00,84.95317309835683
2019-04-11T02:00:00,33.77487224081288
2019-04-11T03:00:00,26.332422588182528
2019-04-11T04:00:00,24.969175504601516
2019-04-11T05:00:00,24.221252607262652
2019-04-11T06:00:00,24.052893845931344
2019-04-11T07:00:00,23.868949226711102
2019-04-11T08:00:00,24.74448013305664
2019-04-11T09:00:00,26.52858891694442
2019-04-11T10:00:00,28.153216818104614
2019-04-11T11:00:00,28.395912170410153
2019-04-11T12:00:00,30.55047988891601
2019-04-11T13:00:00,34.198608896006704
2019-04-11T14:00:00,38.51759678384532
2019-04-11T15:00:00,43.48931279389754
2019-04-11T16:00:00,48.340450701506235
2019-04-11T17:00:00,53.17728772370712
2019-04-11T18:00:00,59.862175651218564
2019-04-11T19:00:00,71.42171411928922
2019-04-11T20:00:00,83.2904520449431
2019-04-11T21:00:00,91.43864341404127
2019-04-11T22:00:00,95.03927545962125
2019-04-11T23:00:00,98.74487072488536
2019-04-12T00:00:00,105.34788314155908
2019-04-12T01:00:00,87.9527995897376
2019-04-12T02:00:00,47.28740360425866
2019-04-12T03:00:00,34.31421379421068
2019-04-12T04:00:00,30.74156835804815
2019-04-12T05:00:00,28.49238403983738
2019-04-12T06:00:00,27.154993223107375
2019-04-12T07:00:00,26.369716063789696
2019-04-12T08:00:00,25.86032344983971
2019-04-12T09:00:00,26.065225186555278
2019-04-12T10:00:00,27.640439904254414
2019-04-12T11:00:00,29.722275111986242
2019-04-12T12:00:00,34.73329618702764
2019-04-12T13:00:00,46.50292172639266
2019-04-12T14:00:00,59.19676440695057
2019-04-12T15:00:00,73.09482508120328
2019-04-12T16:00:00,88.58563995361327
2019-04-12T17:00:00,105.60252413542375
2019-04-12T18:00:00,122.9239283022673
2019-04-12T19:00:00,138.13140272057575
2019-04-12T20:00:00,148.37166230574897
2019-04-12T21:00:00,153.77500782842222
2019-04-12T22:00:00,153.39529020889944
2019-04-12T23:00:00,147.89184172257131
2019-04-13T00:00:00,139.90359629755432
2019-04-13T01:00:00,111.81980862824813
2019-04-13T02:00:00,54.04989972321883
2019-04-13T03:00:00,34.186727855516516
2019-04-13T04:00:00,26.073714629463524
2019-04-13T05:00:00,20.87887092258619
2019-04-13T06:00:00,17.290560680886973
2019-04-13T07:00:00,14.875803574271822
2019-04-13T08:00:00,13.551820589148479
2019-04-13T09:00:00,12.915810709414274
2019-04-13T10:00:00,14.095641467882237
2019-04-13T11:00:00,16.629770942356274
2019-04-13T12:00:00,19.88529379471488
2019-04-13T13:00:00,32.85686244135317
2019-04-13T14:00:00,47.003654148267664
2019-04-13T15:00:00,59.55511093139648
2019-04-13T16:00:00,71.71259341032608
2019-04-13T17:00:00,84.08741528054942
2019-04-13T18:00:00,91.39735047713567
2019-04-13T19:00:00,99.69811746348505
2019-04-13T20:00:00,107.46115377674931
2019-04-13T21:00:00,112.87851283861242
2019-04-13T22:00:00,118.15238057012141
2019-04-13T23:00:00,121.06894385296364
2019-04-14T00:00:00,120.83524820078974
2019-04-14T01:00:00,101.85597262175186
2019-04-14T02:00:00,37.75455939251442
2019-04-14T03:00:00,23.404351607612938
2019-04-14T04:00:00,19.77353469185207
2019-04-14T05:00:00,17.91112219769022
2019-04-14T06:00:00,16.844974020253055
2019-04-14T07:00:00,16.334890614385188
2019-04-14T08:00:00,16.28322348387345
2019-04-14T09:00:00,16.559789325879965
2019-04-14T10:00:00,17.725400427113406
2019-04-14T11:00:00,20.343163780544113
2019-04-14T12:00:00,26.587707353674844
2019-04-14T13:00:00,38.12748535819675
2019-04-14T14:00:00,51.54906629479449
2019-04-14T15:00:00,64.2439833931301
2019-04-14T16:00:00,76.4308617633322
2019-04-14T17:00:00,88.77201710576597
2019-04-14T18:00:00,101.63138912035069
2019-04-14T19:00:00,115.28842030400813
2019-04-14T20:00:00,130.99704443890116
2019-04-14T21:00:00,145.99822268278703
2019-04-14T22:00:00,159.16564543350881
2019-04-14T23:00:00,169.00833925993544
2019-04-15T00:00:00,173.568719615107
2019-04-15T01:00:00,141.80781953231147
2019-04-15T02:00:00,59.53843921163807
2019-04-15T03:00:00,37.66055148580799
2019-04-15T04:00:00,31.116152804830797
2019-04-15T05:00:00,27.38811791461447
2019-04-15T06:00:00,24.618837024854574
2019-04-15T07:00:00,22.47954816403596
2019-04-15T08:00:00,21.0076382678488
2019-04-15T09:00:00,20.30121571084727
2019-04-15T10:00:00,20.909315026324723
2019-04-15T11:00:00,23.06688242373259
2019-04-15T12:00:00,27.294414686120074
2019-04-15T13:00:00,39.27522510030995
2019-04-15T14:00:00,55.82894350134807
2019-04-15T15:00:00,60.34158059825068
2019-04-15T16:00:00,60.02858601445737
2019-04-15T17:00:00,67.48124047984247
2019-04-15T18:00:00,77.79905866539995
2019-04-15T19:00:00,87.99512282661769
2019-04-15T20:00:00,92.59848287831181
2019-04-15T21:00:00,106.85918890911599
2019-04-15T22:00:00,125.83773538340691
2019-04-15T23:00:00,145.46786499023438
2019-04-16T00:00:00,161.86565697711447
2019-04-16T01:00:00,147.38854051672894
2019-04-16T02:00:00,87.70483365266219
2019-04-16T03:00:00,65.86407503874405
2019-04-16T04:00:00,55.72456741333007
2019-04-16T05:00:00,50.451297262440555
2019-04-16T06:00:00,47.564748681109876
2019-04-16T07:00:00,45.45824266516644
2019-04-16T08:00:00,44.61415763523267
2019-04-16T09:00:00,45.02697223165761
2019-04-16T10:00:00,46.62866774849269
2019-04-16T11:00:00,48.77312054841414
2019-04-16T12:00:00,52.8802609650985
2019-04-16T13:00:00,57.628419627314024
2019-04-16T14:00:00,62.20410089907439
2019-04-16T15:00:00,66.33114673780356
2019-04-16T16:00:00,68.32578460029933
2019-04-16T17:00:00,68.55688194606614
2019-04-16T18:00:00,67.68024792878522
2019-04-16T19:00:00,66.79033710645592
2019-04-16T20:00:00,71.73705474190089
2019-04-16T21:00:00,83.42873780623725
2019-04-16T22:00:00,97.37681115191916
2019-04-16T23:00:00,111.26535631262736
2019-04-17T00:00:00,126.17414524244226
2019-04-17T01:00:00,105.52906434432319
2019-04-17T02:00:00,46.824574180271306
2019-04-17T03:00:00,32.63149054154105
2019-04-17T04:00:00,23.009364874466602
2019-04-17T05:00:00,18.867517388385274
2019-04-17T06:00:00,16.165558483289633
2019-04-17T07:00:00,14.590724281642746
2019-04-17T08:00:00,15.625730597454565
2019-04-17T09:00:00,17.433290813280188
2019-04-17T10:00:00,19.98934704324473
2019-04-17T11:00:00,24.86643260458241
2019-04-17T12:00:00,33.28104773811671
2019-04-17T13:00:00,42.80867767333984
2019-04-17T14:00:00,49.06233795829441
2019-04-17T15:00:00,53.2774429321289
2019-04-17T16:00:00,55.98105273039444
2019-04-17T17:00:00,59.65236680403999
2019-04-17T18:00:00,60.20257734215777
2019-04-17T19:00:00,59.22228639022164
2019-04-17T20:00:00,58.23795102990191
2019-04-17T21:00:00,63.67620750095533
2019-04-17T22:00:00,70.75821752133575
2019-04-17T23:00:00,79.20816504436989
2019-04-18T00:00:00,88.55246369735053
2019-04-18T01:00:00,74.0042956808339
2019-04-18T02:00:00,26.866678154986836
2019-04-18T03:00:00,21.15994594408118
2019-04-18T04:00:00,19.684461593627926
2019-04-18T05:00:00,19.19232948966648
2019-04-18T06:00:00,19.118541883385696
2019-04-18T07:00:00,19.83204986738122
2019-04-18T08:00:00,20.88777061130689
2019-04-18T09:00:00,22.690807425457496
2019-04-18T10:00:00,24.21033486076023
2019-04-18T11:00:00,26.211439049762223
2019-04-18T12:00:00,31.385444972826082
2019-04-18T13:00:00,39.38488529039466
2019-04-18T14:00:00,49.32045563407566
2019-04-18T15:00:00,61.79128713193147
2019-04-18T16:00:00,75.31305462381114
2019-04-18T17:00:00,88.81475946177606
2019-04-18T18:00:00,110.16307930324388
2019-04-18T19:00:00,129.7074230028235
2019-04-18T20:00:00,144.91837675675103
2019-04-18T21:00:00,156.24331930409306
2019-04-18T22:00:00,158.70814713187838
2019-04-18T23:00:00,160.09710162618885
2019-04-19T00:00:00,159.70526322074556
2019-04-19T01:00:00,130.15940458878225
2019-04-19T02:00:00,55.62669040845787
2019-04-19T03:00:00,31.181070078974184
2019-04-19T04:00:00,24.094804680865742
2019-04-19T05:00:00,21.11944944962211
2019-04-19T06:00:00,20.527700341266133
2019-04-19T07:00:00,20.81309957089631
2019-04-19T08:00:00,21.798685488493543
2019-04-19T09:00:00,23.5049122520115
2019-04-19T10:00:00,25.714754768039867
2019-04-19T11:00:00,28.107742724211313
2019-04-19T12:00:00,34.51192955348802
2019-04-19T13:00:00,45.57076993195906
2019-04-19T14:00:00,58.348226132600196
2019-04-19T15:00:00,73.29640711908755
2019-04-19T16:00:00,94.58824920654297
2019-04-19T17:00:00,113.68148737368375
2019-04-19T18:00:00,132.48623192828634
2019-04-19T19:00:00,143.82898944357166
2019-04-19T20:00:00,152.28346650496772
2019-04-19T21:00:00,156.3915060292119
2019-04-19T22:00:00,156.6294310196586
2019-04-19T23:00:00,154.69094052522075
2019-04-20T00:00:00,149.73349131708557
2019-04-20T01:00:00,97.0881297899329
2019-04-20T02:00:00,36.298777041227915
2019-04-20T03:00:00,27.156096416970954
2019-04-20T04:00:00,25.112757392551586
2019-04-20T05:00:00,24.170626267142914
2019-04-20T06:00:00,23.974571642668348
2019-04-20T07:00:00,24.3239688044009
2019-04-20T08:00:00,26.249570514844805
2019-04-20T09:00:00,29.011189087577485
2019-04-20T10:00:00,33.581782133682914
2019-04-20T11:00:00,41.38494358892025
2019-04-20T12:00:00,52.395233320153274
2019-04-20T13:00:00,60.77698168547257
2019-04-20T14:00:00,63.65458679199218
2019-04-20T15:00:00,63.95939569887908
2019-04-20T16:00:00,66.68746251645294
2019-04-20T17:00:00,71.82868625806725
2019-04-20T18:00:00,77.62278249989383
2019-04-20T19:00:00,85.11301156748895
2019-04-20T20:00:00,93.17759406048319
2019-04-20T21:00:00,96.16673975405486
2019-04-20T22:00:00,96.45451620350713
2019-04-20T23:00:00,97.23097295346466
2019-04-21T00:00:00,97.41112451967986
2019-04-21T01:00:00,70.27217533277428
2019-04-21T02:00:00,24.89254810499108
2019-04-21T03:00:00,21.267930238143254
2019-04-21T04:00:00,21.903621756512184
2019-04-21T05:00:00,22.50857129304305
2019-04-21T06:00:00,23.166891346807066
2019-04-21T07:00:00,23.456631701925524
2019-04-21T08:00:00,25.287060447361153
2019-04-21T09:00:00,27.849857827891473
2019-04-21T10:00:00,30.49023512135381
2019-04-21T11:00:00,33.90151994124703
2019-04-21T12:00:00,36.585219010062836
2019-04-21T13:00:00,40.63287950598675
2019-04-21T14:00:00,45.6921330327573
2019-04-21T15:00:00,51.14858096578846
2019-04-21T16:00:00,56.508517555568524
2019-04-21T17:00:00,62.09555617622706
2019-04-21T18:00:00,68.45945175834323
2019-04-21T19:00:00,74.6103744506836
2019-04-21T20:00:00,80.3113088193147
2019-04-21T21:00:00,87.53984434708305
2019-04-21T22:00:00,98.12148052713144
2019-04-21T23:00:00,108.07785730776578
2019-04-22T00:00:00,116.49104574452275
2019-04-22T01:00:00,89.52302882982336
2019-04-22T02:00:00,45.549695388130516
2019-04-22T03:00:00,37.83725439983865
2019-04-22T04:00:00,33.387396439262055
2019-04-22T05:00:00,29.62567553312882
2019-04-22T06:00:00,26.705637061077613
2019-04-22T07:00:00,24.50488015879755
2019-04-22T08:00:00,22.712588351705797
2019-04-22T09:00:00,22.196683966595188
2019-04-22T10:00:00,21.913765036541477
2019-04-22T11:00:00,18.811053358990215
2019-04-22T12:00:00,20.79158368317977
2019-04-22T13:00:00,28.413840915845785
2019-04-22T14:00:00,37.59312074080758
2019-04-22T15:00:00,47.6387823353643
2019-04-22T16:00:00,59.21485403309698
2019-04-22T17:00:00,73.67708521303922
2019-04-22T18:00:00,90.63935453995414
2019-04-22T19:00:00,89.57415240743885
2019-04-22T20:00:00,76.48222865229066
2019-04-22T21:00:00,86.83127859364384
2019-04-22T22:00:00,101.31176757812499
2019-04-22T23:00:00,120.25542781663978
2019-04-23T00:00:00,136.42163085937497
2019-04-23T01:00:00,126.38339996337889
2019-04-23T02:00:00,61.31197523034137
2019-04-23T03:00:00,41.84446318253226
2019-04-23T04:00:00,37.97887171869692
2019-04-23T05:00:00,37.74136501809825
2019-04-23T06:00:00,37.43244585783585
2019-04-23T07:00:00,36.371002363122024
2019-04-23T08:00:00,34.70905569325323
2019-04-23T09:00:00,33.00613104778787
2019-04-23T10:00:00,31.829707353011415
2019-04-23T11:00:00,30.399697345236067
2019-04-23T12:00:00,35.15052811995797
2019-04-23T13:00:00,51.49429536902385
2019-04-23T14:00:00,66.03371727984884
2019-04-23T15:00:00,80.33291393777597
2019-04-23T16:00:00,94.90429090416949
2019-04-23T17:00:00,108.91049625562584
2019-04-23T18:00:00,112.81391375997792
2019-04-23T19:00:00,112.90453504479449
2019-04-23T20:00:00,110.06481402853261
2019-04-23T21:00:00,105.10457412056299
2019-04-23T22:00:00,102.56286587922469
2019-04-23T23:00:00,103.25858671768852
2019-04-24T00:00:00,102.23416701607081
2019-04-24T01:00:00,92.87027309251867
2019-04-24T02:00:00,49.12617708289105
2019-04-24T03:00:00,33.49928432962168
2019-04-24T04:00:00,26.024801337200657
2019-04-24T05:00:00,22.357248803843618
2019-04-24T06:00:00,20.504125263379965
2019-04-24T07:00:00,19.898517028145168
2019-04-24T08:00:00,20.31045233685037
2019-04-24T09:00:00,21.57600776008937
2019-04-24T10:00:00,23.470358226610262
2019-04-24T11:00:00,24.13371135877526
2019-04-24T12:00:00,30.602587907210637
2019-04-24T13:00:00,45.36894060217816
2019-04-24T14:00:00,62.167313285495915
2019-04-24T15:00:00,72.78155185865319
2019-04-24T16:00:00,85.41577347465183
2019-04-24T17:00:00,102.94320678710936
2019-04-24T18:00:00,121.30750506857166
2019-04-24T19:00:00,141.43757364024285
2019-04-24T20:00:00,149.93807718028194
2019-04-24T21:00:00,141.38508738642153
2019-04-24T22:00:00,157.3879102623981
2019-04-24T23:00:00,177.57707214355466
2019-04-25T00:00:00,198.28606580651322
2019-04-25T01:00:00,194.48005477241847
2019-04-25T02:00:00,118.2398104460343
2019-04-25T03:00:00,87.15610670006792
2019-04-25T04:00:00,67.37668211563773
2019-04-25T05:00:00,57.39956316740616
2019-04-25T06:00:00,52.702743696129836
2019-04-25T07:00:00,50.68230670431385
2019-04-25T08:00:00,50.15059197467306
2019-04-25T09:00:00,50.00220108032226
2019-04-25T10:00:00,50.69395330677861
2019-04-25T11:00:00,48.33491433185079
2019-04-25T12:00:00,47.824221569558844
2019-04-25T13:00:00,49.1621330924656
2019-04-25T14:00:00,53.514747122059696
2019-04-25T15:00:00,64.12958294412364
2019-04-25T16:00:00,77.28365027386208
2019-04-25T17:00:00,86.52877243705417
2019-04-25T18:00:00,87.25062959090522
2019-04-25T19:00:00,86.40209397025728
2019-04-25T20:00:00,90.63652967370074
2019-04-25T21:00:00,95.76321576989214
2019-04-25T22:00:00,99.03467261272927
2019-04-25T23:00:00,102.27412348208217
2019-04-26T00:00:00,109.24279652471127
2019-04-26T01:00:00,97.18036651611327
2019-04-26T02:00:00,57.25558156552521
2019-04-26T03:00:00,46.68666474715522
2019-04-26T04:00:00,47.63832639611285
2019-04-26T05:00:00,47.944564985192336
2019-04-26T06:00:00,47.199369015900984
2019-04-26T07:00:00,45.89290784752886
2019-04-26T08:00:00,44.735152866529376
2019-04-26T09:00:00,44.02619237485139
2019-04-26T10:00:00,43.93018589849057
2019-04-26T11:00:00,47.204971811045766
2019-04-26T12:00:00,53.689164534859025
2019-04-26T13:00:00,60.276309137759
2019-04-26T14:00:00,68.4503124071204
2019-04-26T15:00:00,77.7225169306216
2019-04-26T16:00:00,87.45258596669072
2019-04-26T17:00:00,100.23438860022503
2019-04-26T18:00:00,112.11422563635784
2019-04-26T19:00:00,122.71463808806044
2019-04-26T20:00:00,134.7720376719599
2019-04-26T21:00:00,143.55606543499488
2019-04-26T22:00:00,151.39343394403872
2019-04-26T23:00:00,156.4460270093835
2019-04-27T00:00:00,153.9968042788298
2019-04-27T01:00:00,141.51022206182066
2019-04-27T02:00:00,77.25592074186905
2019-04-27T03:00:00,58.17254240616507
2019-04-27T04:00:00,50.390272886856735
2019-04-27T05:00:00,46.968269845713735
2019-04-27T06:00:00,45.54021006045134
2019-04-27T07:00:00,44.522237363068946
2019-04-27T08:00:00,43.28956786445949
2019-04-27T09:00:00,42.967692499575406
2019-04-27T10:00:00,42.57235087519107
2019-04-27T11:00:00,43.71434833692467
2019-04-27T12:00:00,45.74176506374193
2019-04-27T13:00:00,50.11259924847146
2019-04-27T14:00:00,55.291034035060704
2019-04-27T15:00:00,61.21786167310631
2019-04-27T16:00:00,66.54231378306513
2019-04-27T17:00:00,64.28855199399202
2019-04-27T18:00:00,66.28666073343027
2019-04-27T19:00:00,69.46645239125127
2019-04-27T20:00:00,73.94863526717474
2019-04-27T21:00:00,78.38390615712039
2019-04-27T22:00:00,82.22257299008575
2019-04-27T23:00:00,87.26585288669752
2019-04-28T00:00:00,92.33623040240742
2019-04-28T01:00:00,90.99375517471975
2019-04-28T02:00:00,64.12367115850034
2019-04-28T03:00:00,50.38406770125678
2019-04-28T04:00:00,43.911653601604954
2019-04-28T05:00:00,39.173001330831774
2019-04-28T06:00:00,35.97077800916588
2019-04-28T07:00:00,33.97654151916504
2019-04-28T08:00:00,32.93722484422767
2019-04-28T09:00:00,33.512545710024625
2019-04-28T10:00:00,34.88852625307829
2019-04-28T11:00:00,38.065197488536
2019-04-28T12:00:00,43.724398239799164
2019-04-28T13:00:00,53.39566122967263
2019-04-28T14:00:00,67.48731447302775
2019-04-28T15:00:00,87.2146181852921
2019-04-28T16:00:00,107.34436366869055
2019-04-28T17:00:00,126.47214508056639
2019-04-28T18:00:00,143.6464200227157
2019-04-28T19:00:00,152.66913571565044
2019-04-28T20:00:00,147.62524215034816
2019-04-28T21:00:00,134.31074523925778
2019-04-28T22:00:00,126.035588140073
2019-04-28T23:00:00,123.97008083177649
2019-04-29T00:00:00,124.93170431385869
2019-04-29T01:00:00,117.69937432330588
2019-04-29T02:00:00,80.13801077137822
2019-04-29T03:00:00,45.66265089615531
2019-04-29T04:00:00,33.39666416334069
2019-04-29T05:00:00,28.74215043109396
2019-04-29T06:00:00,25.05312579611073
2019-04-29T07:00:00,21.978746580040973
2019-04-29T08:00:00,20.001853279445484
2019-04-29T09:00:00,19.15050805133322
2019-04-29T10:00:00,19.113634441209875
2019-04-29T11:00:00,21.118933304496434
2019-04-29T12:00:00,24.272120683089543
2019-04-29T13:00:00,29.050089960512906
2019-04-29T14:00:00,35.91159505429474
2019-04-29T15:00:00,45.085936670717984
2019-04-29T16:00:00,61.207113017206595
2019-04-29T17:00:00,77.01293580428413
2019-04-29T18:00:00,88.72409123959748
2019-04-29T19:00:00,95.95155865213144
2019-04-29T20:00:00,98.27178357995075
2019-04-29T21:00:00,96.7496172034222
2019-04-29T22:00:00,92.7655095639436
2019-04-29T23:00:00,83.89070029880689
2019-04-30T00:00:00,75.03153162417203
2019-04-30T01:00:00,68.58932296089503
2019-04-30T02:00:00,42.04146410071331
2019-04-30T03:00:00,29.209723016490102
2019-04-30T04:00:00,25.179251878157903
2019-04-30T05:00:00,23.653828330661938
2019-04-30T06:00:00,23.31245239921238
2019-04-30T07:00:00,23.620865531589672
2019-04-30T08:00:00,23.87548139820928
2019-04-30T09:00:00,24.31984801914381
2019-04-30T10:00:00,25.454317590464715
2019-04-30T11:00:00,28.79313701132069
2019-04-30T12:00:00,36.420356584631875
2019-04-30T13:00:00,41.824080591616415
2019-04-30T14:00:00,42.81832537443741
2019-04-30T15:00:00,43.92314015264096
2019-04-30T16:00:00,43.84871010158373
2019-04-30T17:00:00,46.15296637493631
2019-04-30T18:00:00,49.08289536185886
2019-04-30T19:00:00,49.9250081933063
2019-04-30T20:00:00,48.32994908871857
2019-04-30T21:00:00,45.75681603473165
2019-04-30T22:00:00,43.60094816788383
2019-04-30T23:00:00,42.08189591117527
2019-05-01T00:00:00,41.668951615043305
2019-05-01T01:00:00,39.89377411552096
2019-05-01T02:00:00,32.694178954414696
2019-05-01T03:00:00,28.4247291399085
2019-05-01T04:00:00,26.856664657592773
2019-05-01T05:00:00,25.87810881241508
2019-05-01T06:00:00,25.82210598821225
2019-05-01T07:00:00,26.351774132770036
2019-05-01T08:00:00,27.11873842322308
2019-05-01T09:00:00,27.821925453517743
2019-05-01T10:00:00,28.226064599078633
2019-05-01T11:00:00,30.31663620990255
2019-05-01T12:00:00,37.35002501114555
2019-05-01T13:00:00,46.000866267992095
2019-05-01T14:00:00,52.04154188736625
2019-05-01T15:00:00,54.05782964955205
2019-05-01T16:00:00,55.01970855049464
2019-05-01T17:00:00,54.937506468399704
2019-05-01T18:00:00,54.14563419507897
2019-05-01T19:00:00,52.27350931582243
2019-05-01T20:00:00,50.97893109528914
2019-05-01T21:00:00,50.82213111545728
2019-05-01T22:00:00,50.97129888119905
2019-05-01T23:00:00,51.623204438582704
2019-05-02T00:00:00,52.269890163255766
2019-05-02T01:00:00,52.12022764786429
2019-05-02T02:00:00,40.52657998126485
2019-05-02T03:00:00,29.045300276383106
2019-05-02T04:00:00,25.20785290261973
2019-05-02T05:00:00,23.682468746019445
2019-05-02T06:00:00,23.325596602066703
2019-05-02T07:00:00,23.399525020433508
2019-05-02T08:00:00,23.573815718941066
2019-05-02T09:00:00,24.173634404721465
2019-05-02T10:00:00,25.82298469543457
2019-05-02T11:00:00,30.11555497542671
2019-05-02T12:00:00,38.18456102454143
2019-05-02T13:00:00,44.86654994798743
2019-05-02T14:00:00,49.70823934803838
2019-05-02T15:00:00,53.314400714376696
2019-05-02T16:00:00,55.84651980192764
2019-05-02T17:00:00,56.52742020980171
2019-05-02T18:00:00,55.49823080975076
2019-05-02T19:00:00,54.2083333886188
2019-05-02T20:00:00,54.006906924040415
2019-05-02T21:00:00,53.40539434681767
2019-05-02T22:00:00,51.588074062181555
2019-05-02T23:00:00,49.35379111248513
2019-05-03T00:00:00,48.671209418255344
2019-05-03T01:00:00,49.374895510466196
2019-05-03T02:00:00,47.683746006177806
2019-05-03T03:00:00,36.723424662714415
2019-05-03T04:00:00,29.10928966688073
2019-05-03T05:00:00,25.870194144870922
2019-05-03T06:00:00,24.06603000475012
2019-05-03T07:00:00,23.715472511623215
2019-05-03T08:00:00,24.43217078499172
2019-05-03T09:00:00,25.93456583437712
2019-05-03T10:00:00,28.62261515078337
2019-05-03T11:00:00,37.4942454462466
2019-05-03T12:00:00,48.865556633990735
2019-05-03T13:00:00,56.81473889558211
2019-05-03T14:00:00,62.329629317573875
2019-05-03T15:00:00,66.80478502356486
2019-05-03T16:00:00,70.59539595894191
2019-05-03T17:00:00,73.2691945615022
2019-05-03T18:00:00,75.23064754320227
2019-05-03T19:00:00,75.68365976084833
2019-05-03T20:00:00,74.27401136315386
2019-05-03T21:00:00,72.15938999341881
2019-05-03T22:00:00,70.18293729035749
2019-05-03T23:00:00,67.63475666875424
2019-05-04T00:00:00,64.9844166299571
2019-05-04T01:00:00,64.58785645858102
2019-05-04T02:00:00,55.01181478085725
2019-05-04T03:00:00,39.453647447668985
2019-05-04T04:00:00,31.571708845055618
2019-05-04T05:00:00,28.056774471117098
2019-05-04T06:00:00,26.20941012838612
2019-05-04T07:00:00,24.689377577408496
2019-05-04T08:00:00,23.987359834753946
2019-05-04T09:00:00,24.533311180446457
2019-05-04T10:00:00,25.82070549674656
2019-05-04T11:00:00,30.66617833013119
2019-05-04T12:00:00,38.67788198719854
2019-05-04T13:00:00,45.983848737633735
2019-05-04T14:00:00,53.43524982618249
2019-05-04T15:00:00,59.996100715968915
2019-05-04T16:00:00,65.19770779817
2019-05-04T17:00:00,70.1526170813519
2019-05-04T18:00:00,74.63394762122111
2019-05-04T19:00:00,77.25670457922892
2019-05-04T20:00:00,77.93495377250339
2019-05-04T21:00:00,77.44002997356912
2019-05-04T22:00:00,76.56101691204567
2019-05-04T23:00:00,75.58928945790166
2019-05-05T00:00:00,74.99862737240997
2019-05-05T01:00:00,73.28633781101392
2019-05-05T02:00:00,55.887250153914735
2019-05-05T03:00:00,36.72079252160113
2019-05-05T04:00:00,27.606809616088864
2019-05-05T05:00:00,23.69184601825216
2019-05-05T06:00:00,21.894615256268043
2019-05-05T07:00:00,21.474351634149965
2019-05-05T08:00:00,21.305757605511207
2019-05-05T09:00:00,21.256862225739848
2019-05-05T10:00:00,21.222592229428496
2019-05-05T11:00:00,22.382513460905653
2019-05-05T12:00:00,25.64259918876316
2019-05-05T13:00:00,30.105538243832793
2019-05-05T14:00:00,35.784939392753266
2019-05-05T15:00:00,39.43997341653574
2019-05-05T16:00:00,47.782030188519016
2019-05-05T17:00:00,45.47218637881071
2019-05-05T18:00:00,53.53080931953762
2019-05-05T19:00:00,60.301171178403095
2019-05-05T20:00:00,64.50881659466286
2019-05-05T21:00:00,66.92174397344174
2019-05-05T22:00:00,68.14639016856316
2019-05-05T23:00:00,69.07671886941661
2019-05-06T00:00:00,70.44056701660156
2019-05-06T01:00:00,66.39575195312499
2019-05-06T02:00:00,44.77879250567892
2019-05-06T03:00:00,32.97609262881071
2019-05-06T04:00:00,28.600582703300145
2019-05-06T05:00:00,27.13094512276027
2019-05-06T06:00:00,27.108573913574215
2019-05-06T07:00:00,27.724193987639055
2019-05-06T08:00:00,28.698490723319672
2019-05-06T09:00:00,29.995473447053328
2019-05-06T10:00:00,32.029056051503055
2019-05-06T11:00:00,36.01248517243758
2019-05-06T12:00:00,43.268283678137735
2019-05-06T13:00:00,48.47204490329908
2019-05-06T14:00:00,54.781059596849516
2019-05-06T15:00:00,60.956571993620486
2019-05-06T16:00:00,70.00439320439877
2019-05-06T17:00:00,75.90907221255094
2019-05-06T18:00:00,79.17458310334577
2019-05-06T19:00:00,78.16695105511208
2019-05-06T20:00:00,75.75037350861922
2019-05-06T21:00:00,73.13448997165844
2019-05-06T22:00:00,70.09091252865997
2019-05-06T23:00:00,68.44074945864469
2019-05-07T00:00:00,68.475365680197
2019-05-07T01:00:00,59.786737856657595
2019-05-07T02:00:00,33.65034567791482
2019-05-07T03:00:00,25.62640861842943
2019-05-07T04:00:00,22.132385668547254
2019-05-07T05:00:00,20.688373233961023
2019-05-07T06:00:00,20.27176541867463
2019-05-07T07:00:00,20.281395953634508
2019-05-07T08:00:00,20.51920277139415
2019-05-07T09:00:00,20.773880917093024
2019-05-07T10:00:00,21.273726338925567
2019-05-07T11:00:00,23.676743880562157
2019-05-07T12:00:00,30.504620842311688
2019-05-07T13:00:00,38.37392690907354
2019-05-07T14:00:00,44.66761879298998
2019-05-07T15:00:00,50.79401364533797
2019-05-07T16:00:00,59.4588105574898
2019-05-07T17:00:00,67.7700832201087
2019-05-07T18:00:00,72.17889072584069
2019-05-07T19:00:00,72.71641540527342
2019-05-07T20:00:00,70.32535519807234
2019-05-07T21:00:00,66.39726622208303
2019-05-07T22:00:00,61.41529613992442
2019-05-07T23:00:00,59.57271924226179
2019-05-08T00:00:00,60.71051788330077
2019-05-08T01:00:00,57.638046098792024
2019-05-08T02:00:00,34.897344008735985
2019-05-08T03:00:00,25.462909864342727
2019-05-08T04:00:00,21.73254195503566
2019-05-08T05:00:00,20.545440590899922
2019-05-08T06:00:00,20.463496664296024
2019-05-08T07:00:00,21.126668515412703
2019-05-08T08:00:00,22.06940808503524
2019-05-08T09:00:00,23.23071189548658
2019-05-08T10:00:00,24.764351720395293
2019-05-08T11:00:00,27.045975560727324
2019-05-08T12:00:00,31.317298889160156
2019-05-08T13:00:00,38.44032984194547
2019-05-08T14:00:00,45.565599524456516
2019-05-08T15:00:00,49.625230872112766
2019-05-08T16:00:00,50.74570266060207
2019-05-08T17:00:00,51.882641667905055
2019-05-08T18:00:00,53.22065486078676
2019-05-08T19:00:00,53.42192873747452
2019-05-08T20:00:00,54.071442479672626
2019-05-08T21:00:00,55.98618482506793
2019-05-08T22:00:00,58.51514152858567
2019-05-08T23:00:00,61.144579845926025
2019-05-09T00:00:00,63.76877113010572
2019-05-09T01:00:00,60.34547822371773
2019-05-09T02:00:00,44.59755856057872
2019-05-09T03:00:00,38.299658899721884
2019-05-09T04:00:00,35.63502718054729
2019-05-09T05:00:00,34.80363895582116
2019-05-09T06:00:00,34.82450070588485
2019-05-09T07:00:00,35.03670650979747
2019-05-09T08:00:00,35.07161679475203
2019-05-09T09:00:00,35.01018490998641
2019-05-09T10:00:00,34.79665922081988
2019-05-09T11:00:00,35.378063533617095
2019-05-09T12:00:00,40.38893857209578
2019-05-09T13:00:00,50.70311703889266
2019-05-09T14:00:00,65.29420023379119
2019-05-09T15:00:00,78.57759558636208
2019-05-09T16:00:00,88.28710804814877
2019-05-09T17:00:00,89.13301650337549
2019-05-09T18:00:00,88.32021763013756
2019-05-09T19:00:00,88.69419031557828
2019-05-09T20:00:00,88.36604342253311
2019-05-09T21:00:00,86.353655607804
2019-05-09T22:00:00,85.80172895348589
2019-05-09T23:00:00,84.92860843824302
2019-05-10T00:00:00,78.33419269064198
2019-05-10T01:00:00,66.2124081487241
2019-05-10T02:00:00,41.91939577849014
2019-05-10T03:00:00,35.24675170235012
2019-05-10T04:00:00,35.137756181799844
2019-05-10T05:00:00,36.48794058094853
2019-05-10T06:00:00,37.49260728255562
2019-05-10T07:00:00,38.13674478945524
2019-05-10T08:00:00,38.611918242081344
2019-05-10T09:00:00,39.65394691798998
2019-05-10T10:00:00,41.21694415548573
2019-05-10T11:00:00,43.08924583766771
2019-05-10T12:00:00,46.757792763088055
2019-05-10T13:00:00,53.60157394409179
2019-05-10T14:00:00,61.534909455672555
2019-05-10T15:00:00,72.94364099917203
2019-05-10T16:00:00,84.04927726413892
2019-05-10T17:00:00,90.96422809103261
2019-05-10T18:00:00,84.86271700651749
2019-05-10T19:00:00,78.95998880137567
2019-05-10T20:00:00,74.94575467317
2019-05-10T21:00:00,72.3222603175951
2019-05-10T22:00:00,70.77076090937075
2019-05-10T23:00:00,70.1389223181683
2019-05-11T00:00:00,69.77447144881538
2019-05-11T01:00:00,55.993264073910915
2019-05-11T02:00:00,31.079504261846125
2019-05-11T03:00:00,27.7347590405008
2019-05-11T04:00:00,27.829746329266086
2019-05-11T05:00:00,27.365020917809524
2019-05-11T06:00:00,26.534619455752164
2019-05-11T07:00:00,25.831291364586868
2019-05-11T08:00:00,25.311903414518934
2019-05-11T09:00:00,24.9342101553212
2019-05-11T10:00:00,24.900094571320906
2019-05-11T11:00:00,25.24106871563455
2019-05-11T12:00:00,29.026408236959703
2019-05-11T13:00:00,36.49715523097826
2019-05-11T14:00:00,44.16888361391813
2019-05-11T15:00:00,45.08872372171153
2019-05-11T16:00:00,48.61553523851477
2019-05-11T17:00:00,51.50136931046195
2019-05-11T18:00:00,52.98314152593198
2019-05-11T19:00:00,55.135547803795845
2019-05-11T20:00:00,61.050257973048986
2019-05-11T21:00:00,64.37749066560164
2019-05-11T22:00:00,67.44822676285453
2019-05-11T23:00:00,68.27254154371178
2019-05-12T00:00:00,68.46307936958644
2019-05-12T01:00:00,57.179954362952195
2019-05-12T02:00:00,29.241029739379883
2019-05-12T03:00:00,19.85860600678817
2019-05-12T04:00:00,17.04567357768183
2019-05-12T05:00:00,16.140581794407055
2019-05-12T06:00:00,16.175380458002504
2019-05-12T07:00:00,16.413714823515516
2019-05-12T08:00:00,16.447146954743754
2019-05-12T09:00:00,16.241360125334364
2019-05-12T10:00:00,16.2580393915591
2019-05-12T11:00:00,17.959311609682825
2019-05-12T12:00:00,24.91575191331946
2019-05-12T13:00:00,36.28310211845065
2019-05-12T14:00:00,40.53145168138587
2019-05-12T15:00:00,41.10973723038382
2019-05-12T16:00:00,44.179818360701844
2019-05-12T17:00:00,47.375853165336274
2019-05-12T18:00:00,51.89718661100967
2019-05-12T19:00:00,56.22413834281589
2019-05-12T20:00:00,59.43855965655782
2019-05-12T21:00:00,59.4386339602263
2019-05-12T22:00:00,56.09120758720066
2019-05-12T23:00:00,49.147502235744305
2019-05-13T00:00:00,47.11176034678583
2019-05-13T01:00:00,43.30132542485776
2019-05-13T02:00:00,27.000336522641387
2019-05-13T03:00:00,19.551392845485523
2019-05-13T04:00:00,16.972338634988535
2019-05-13T05:00:00,15.938509941101074
2019-05-13T06:00:00,15.341050935828166
2019-05-13T07:00:00,15.366318744161855
2019-05-13T08:00:00,15.510382776675014
2019-05-13T09:00:00,15.667574716650918
2019-05-13T10:00:00,16.08832330289094
2019-05-13T11:00:00,17.411046069601305
2019-05-13T12:00:00,23.401560658993922
2019-05-13T13:00:00,33.11780564681342
2019-05-13T14:00:00,43.8750232198964
2019-05-13T15:00:00,54.17634847889775
2019-05-13T16:00:00,61.113955290421195
2019-05-13T17:00:00,63.94051526940387
2019-05-13T18:00:00,66.04183910204016
2019-05-13T19:00:00,70.78190579621688
2019-05-13T20:00:00,73.30452993641728
2019-05-13T21:00:00,74.22409920070483
2019-05-13T22:00:00,75.36667765741761
2019-05-13T23:00:00,76.00341697361158
2019-05-14T00:00:00,77.3069713426673
2019-05-14T01:00:00,67.52638576341711
2019-05-14T02:00:00,34.053021804146134
2019-05-14T03:00:00,22.161793169767957
2019-05-14T04:00:00,18.418293579764985
2019-05-14T05:00:00,17.06216463835343
2019-05-14T06:00:00,16.243134249811582
2019-05-14T07:00:00,16.096788613692574
2019-05-14T08:00:00,16.509758990743883
2019-05-14T09:00:00,17.03866029822308
2019-05-14T10:00:00,17.93673225071119
2019-05-14T11:00:00,20.280338536138117
2019-05-14T12:00:00,26.921388874883235
2019-05-14T13:00:00,36.49759276016898
2019-05-14T14:00:00,47.15815917305324
2019-05-14T15:00:00,56.576625989831
2019-05-14T16:00:00,63.19221629267153
2019-05-14T17:00:00,69.13109091053838
2019-05-14T18:00:00,73.38183991805366
2019-05-14T19:00:00,74.47759080969769
2019-05-14T20:00:00,72.37174357538636
2019-05-14T21:00:00,71.02551966128141
2019-05-14T22:00:00,64.28305468351944
2019-05-14T23:00:00,59.869160030199126
2019-05-15T00:00:00,60.26322074558423
2019-05-15T01:00:00,58.89376980325449
2019-05-15T02:00:00,41.3698617686396
2019-05-15T03:00:00,29.650242017663043
2019-05-15T04:00:00,25.934626371964164
2019-05-15T05:00:00,25.06026284591011
2019-05-15T06:00:00,24.784123959748637
2019-05-15T07:00:00,24.496538162231445
2019-05-15T08:00:00,24.436580077461574
2019-05-15T09:00:00,24.78581702190896
2019-05-15T10:00:00,25.594730543053668
2019-05-15T11:00:00,27.879426624463946
2019-05-15T12:00:00,34.197212716807485
2019-05-15T13:00:00,43.80990998641304
2019-05-15T14:00:00,51.57004066135572
2019-05-15T15:00:00,59.02868221117102
2019-05-15T16:00:00,68.03267371136208
2019-05-15T17:00:00,74.74429686173148
2019-05-15T18:00:00,77.85460729184358
2019-05-15T19:00:00,78.79171189017917
2019-05-15T20:00:00,75.16255387015964
2019-05-15T21:00:00,70.76430411960767
2019-05-15T22:00:00,69.17672746077827
2019-05-15T23:00:00,69.95780215056044
2019-05-16T00:00:00,71.6009299236795
2019-05-16T01:00:00,65.38820067695949
2019-05-16T02:00:00,42.153423806895375
2019-05-16T03:00:00,32.83045478489088
2019-05-16T04:00:00,28.738405559373934
2019-05-16T05:00:00,27.106212698894996
2019-05-16T06:00:00,26.162395311438516
2019-05-16T07:00:00,25.66990860648777
2019-05-16T08:00:00,25.17239379882812
2019-05-16T09:00:00,24.828444771144696
2019-05-16T10:00:00,24.84273412953252
2019-05-16T11:00:00,26.71776929108993
2019-05-16T12:00:00,35.931380893873126
2019-05-16T13:00:00,46.34307148145592
2019-05-16T14:00:00,57.934772325598665
2019-05-16T15:00:00,69.05886525693147
2019-05-16T16:00:00,77.82552603016727
2019-05-16T17:00:00,84.51324595575745
2019-05-16T18:00:00,89.03899051832116
2019-05-16T19:00:00,87.21589428445567
2019-05-16T20:00:00,86.92310266909392
2019-05-16T21:00:00,85.7300852899966
2019-05-16T22:00:00,83.4596305515455
2019-05-16T23:00:00,84.82589721679686
2019-05-17T00:00:00,92.21391827127208
2019-05-17T01:00:00,96.89676798944886
2019-05-17T02:00:00,59.319734988005266
2019-05-17T03:00:00,37.734896784243375
2019-05-17T04:00:00,29.072971675706945
2019-05-17T05:00:00,24.958075813625168
2019-05-17T06:00:00,22.586321042931594
2019-05-17T07:00:00,21.199258721393086
2019-05-17T08:00:00,20.298702405846637
2019-05-17T09:00:00,20.0765439738398
2019-05-17T10:00:00,21.37123588893724
2019-05-17T11:00:00,24.83423514988111
2019-05-17T12:00:00,34.70271500297215
2019-05-17T13:00:00,47.01159667968749
2019-05-17T14:00:00,56.26872651473335
2019-05-17T15:00:00,62.56215485282566
2019-05-17T16:00:00,66.52137026579483
2019-05-17T17:00:00,69.91111689028531
2019-05-17T18:00:00,71.03736048159391
2019-05-17T19:00:00,70.02588554050611
2019-05-17T20:00:00,69.6022776728091
2019-05-17T21:00:00,69.32849253778872
2019-05-17T22:00:00,68.89445976589036
2019-05-17T23:00:00,68.84982813959536
2019-05-18T00:00:00,69.57639180059019
2019-05-18T01:00:00,66.80729028452997
2019-05-18T02:00:00,46.31591631018596
2019-05-18T03:00:00,31.05260019717009
2019-05-18T04:00:00,24.973700481912363
2019-05-18T05:00:00,22.58315219049868
2019-05-18T06:00:00,21.43540407263714
2019-05-18T07:00:00,20.842851224152938
2019-05-18T08:00:00,20.482670991317082
2019-05-18T09:00:00,20.659638943879497
2019-05-18T10:00:00,21.638071972390875
2019-05-18T11:00:00,25.030190758083176
2019-05-18T12:00:00,33.52849429586659
2019-05-18T13:00:00,48.2048513992973
2019-05-18T14:00:00,65.58731311300525
2019-05-18T15:00:00,84.12392226509425
2019-05-18T16:00:00,102.53233470087466
2019-05-18T17:00:00,115.66109101668646
2019-05-18T18:00:00,120.32422604768172
2019-05-18T19:00:00,116.7845226785411
2019-05-18T20:00:00,107.07784503439197
2019-05-18T21:00:00,97.77903117304261
2019-05-18T22:00:00,89.3273872707201
2019-05-18T23:00:00,81.43084650454313
2019-05-19T00:00:00,73.203102775242
2019-05-19T01:00:00,58.79619764245074
2019-05-19T02:00:00,29.644863792087715
2019-05-19T03:00:00,17.015173290086825
2019-05-19T04:00:00,13.804270744323729
2019-05-19T05:00:00,13.085813439410664
2019-05-19T06:00:00,13.153123233629309
2019-05-19T07:00:00,13.5407832187155
2019-05-19T08:00:00,14.411660111468768
2019-05-19T09:00:00,15.555538426274838
2019-05-19T10:00:00,17.337616464366082
2019-05-19T11:00:00,20.998515419338055
2019-05-19T12:00:00,27.973828274270762
2019-05-19T13:00:00,37.78239241890285
2019-05-19T14:00:00,47.166093245796525
2019-05-19T15:00:00,52.40088968691618
2019-05-19T16:00:00,59.80629680467688
2019-05-19T17:00:00,69.34079477061395
2019-05-19T18:00:00,73.00954768968664
2019-05-19T19:00:00,72.74167931598164
2019-05-19T20:00:00,72.93685846743375
2019-05-19T21:00:00,74.67072959568189
2019-05-19T22:00:00,78.3967169056768
2019-05-19T23:00:00,82.52688731317934
2019-05-20T00:00:00,86.89573802118716
2019-05-20T01:00:00,72.62894539211106
2019-05-20T02:00:00,32.83506343675696
2019-05-20T03:00:00,25.279800000398055
2019-05-20T04:00:00,22.490747451782223
2019-05-20T05:00:00,21.231951837954313
2019-05-20T06:00:00,20.327184511267617
2019-05-20T07:00:00,20.321773197339926
2019-05-20T08:00:00,20.742800256480336
2019-05-20T09:00:00,21.771062104598332
2019-05-20T10:00:00,23.003285200699516
2019-05-20T11:00:00,27.476917349773903
2019-05-20T12:00:00,38.854374097741164
2019-05-20T13:00:00,56.61227201378863
2019-05-20T14:00:00,72.46004983653192
2019-05-20T15:00:00,73.46464538574219
2019-05-20T16:00:00,76.4683788133704
2019-05-20T17:00:00,79.68835913616677
2019-05-20T18:00:00,75.40441529647164
2019-05-20T19:00:00,72.96901470681895
2019-05-20T20:00:00,70.84437162979789
2019-05-20T21:00:00,68.49986598802649
2019-05-20T22:00:00,67.34768942128056
2019-05-20T23:00:00,68.23236614724863
2019-05-21T00:00:00,69.9887698629628
2019-05-21T01:00:00,52.85943387902301
2019-05-21T02:00:00,27.280298979386036
2019-05-21T03:00:00,19.889357027800184
2019-05-21T04:00:00,17.966313486513883
2019-05-21T05:00:00,17.140820461770762
2019-05-21T06:00:00,16.510683308476985
2019-05-21T07:00:00,16.148974957673442
2019-05-21T08:00:00,16.314080196878184
2019-05-21T09:00:00,17.165970429130223
2019-05-21T10:00:00,18.83620038239852
2019-05-21T11:00:00,22.81669417671535
2019-05-21T12:00:00,32.44481542836065
2019-05-21T13:00:00,47.50023899907651
2019-05-21T14:00:00,63.1569310063901
2019-05-21T15:00:00,71.7213244230851
2019-05-21T16:00:00,79.77956589408542
2019-05-21T17:00:00,84.94944796354874
2019-05-21T18:00:00,86.55369037130603
2019-05-21T19:00:00,83.93140378205672
2019-05-21T20:00:00,79.32699850331183
2019-05-21T21:00:00,74.08008840809697
2019-05-21T22:00:00,69.25920469864555
2019-05-21T23:00:00,64.43589334902555
2019-05-22T00:00:00,60.948773425558336
2019-05-22T01:00:00,50.630106718643844
2019-05-22T02:00:00,26.821380283521567
2019-05-22T03:00:00,15.137488613957942
2019-05-22T04:00:00,13.161567397739574
2019-05-22T05:00:00,13.118701727493947
2019-05-22T06:00:00,13.544586388961127
2019-05-22T07:00:00,14.210474553315533
2019-05-22T08:00:00,15.073479279227877
2019-05-22T09:00:00,15.787112484807553
2019-05-22T10:00:00,16.384995501974352
2019-05-22T11:00:00,17.279250601063602
2019-05-22T12:00:00,21.40956007915994
2019-05-22T13:00:00,28.049274278723672
2019-05-22T14:00:00,35.1975509809411
2019-05-22T15:00:00,41.793355029562235
2019-05-22T16:00:00,45.577872400698446
2019-05-22T17:00:00,48.90677211595617
2019-05-22T18:00:00,51.74795250270677
2019-05-22T19:00:00,54.005628171174415
2019-05-22T20:00:00,59.37100982666015
2019-05-22T21:00:00,77.71497494241464
2019-05-22T22:00:00,101.41351782757302
2019-05-22T23:00:00,121.96172133735986
2019-05-23T00:00:00,138.3243819527004
2019-05-23T01:00:00,141.88413139011547
2019-05-23T02:00:00,89.3869111434273
2019-05-23T03:00:00,52.373176574707024
2019-05-23T04:00:00,35.28597209764563
2019-05-23T05:00:00,27.193321393883746
2019-05-23T06:00:00,23.573632198831305
2019-05-23T07:00:00,21.849779294884723
2019-05-23T08:00:00,21.831835871157438
2019-05-23T09:00:00,22.248495101928707
2019-05-23T10:00:00,23.738837366518762
2019-05-23T11:00:00,30.16923871247664
2019-05-23T12:00:00,39.55713139409605
2019-05-23T13:00:00,44.10758690212083
2019-05-23T14:00:00,49.324421260667876
2019-05-23T15:00:00,58.291053440259844
2019-05-23T16:00:00,67.16912393984586
2019-05-23T17:00:00,74.9000008624533
2019-05-23T18:00:00,77.74727000360902
2019-05-23T19:00:00,75.9260837720788
2019-05-23T20:00:00,71.07166323454483
2019-05-23T21:00:00,63.94645127006199
2019-05-23T22:00:00,58.275902457859196
2019-05-23T23:00:00,56.68533972035283
2019-05-24T00:00:00,56.543713611105204
2019-05-24T01:00:00,54.11694584722104
2019-05-24T02:00:00,32.24131683681322
2019-05-24T03:00:00,19.545657862787657
2019-05-24T04:00:00,14.913076317828635
2019-05-24T05:00:00,13.210223446721614
2019-05-24T06:00:00,12.53400881394096
2019-05-24T07:00:00,11.996737521627672
2019-05-24T08:00:00,12.055398899575938
2019-05-24T09:00:00,12.847515272057574
2019-05-24T10:00:00,14.539641338845957
2019-05-24T11:00:00,18.22204357644786
2019-05-24T12:00:00,26.712685294773266
2019-05-24T13:00:00,34.87648590751316
2019-05-24T14:00:00,40.078052769536555
2019-05-24T15:00:00,45.46434850278107
2019-05-24T16:00:00,50.1809843312139
2019-05-24T17:00:00,55.84572933031164
2019-05-24T18:00:00,59.2146586542544
2019-05-24T19:00:00,59.610779803732164
2019-05-24T20:00:00,56.89223911451257
2019-05-24T21:00:00,55.38850071119225
2019-05-24T22:00:00,54.27563294120456
2019-05-24T23:00:00,52.21196299013883
2019-05-25T00:00:00,49.80986901988154
2019-05-25T01:00:00,42.644817849864125
2019-05-25T02:00:00,21.745840072631832
2019-05-25T03:00:00,14.708933581476623
2019-05-25T04:00:00,12.644601946291715
2019-05-25T05:00:00,12.185127590013586
2019-05-25T06:00:00,12.055678948112154
2019-05-25T07:00:00,12.155699522598928
2019-05-25T08:00:00,12.268417151077932
2019-05-25T09:00:00,12.393494066984754
2019-05-25T10:00:00,13.00614659682564
2019-05-25T11:00:00,14.6342252233754
2019-05-25T12:00:00,19.735596781191614
2019-05-25T13:00:00,27.092241204303242
2019-05-25T14:00:00,34.10281114992888
2019-05-25T15:00:00,43.725904547649876
2019-05-25T16:00:00,51.357468480649196
2019-05-25T17:00:00,55.55024569967518
2019-05-25T18:00:00,57.28526903235394
2019-05-25T19:00:00,57.94686342322308
2019-05-25T20:00:00,57.50316155475119
2019-05-25T21:00:00,57.83959579467773
2019-05-25T22:00:00,60.498788750689954
2019-05-25T23:00:00,61.28711484826129
2019-05-26T00:00:00,59.269129379935876
2019-05-26T01:00:00,48.30450671652088
2019-05-26T02:00:00,23.508813360463016
2019-05-26T03:00:00,15.983625411987305
2019-05-26T04:00:00,13.540841724561606
2019-05-26T05:00:00,12.676261860391367
2019-05-26T06:00:00,12.34255148016888
2019-05-26T07:00:00,12.275896279708197
2019-05-26T08:00:00,12.259509667106295
2019-05-26T09:00:00,12.52859468045442
2019-05-26T10:00:00,13.067302538001018
2019-05-26T11:00:00,14.315518503603727
2019-05-26T12:00:00,19.6764788420304
2019-05-26T13:00:00,28.723491254060164
2019-05-26T14:00:00,39.021085822063945
2019-05-26T15:00:00,48.10429365738578
2019-05-26T16:00:00,55.53811230866805
2019-05-26T17:00:00,63.96851000578507
2019-05-26T18:00:00,71.03787695843239
2019-05-26T19:00:00,75.94000774881114
2019-05-26T20:00:00,77.40443619437839
2019-05-26T21:00:00,76.98159889552903
2019-05-26T22:00:00,77.27164392885955
2019-05-26T23:00:00,78.30984231700067
2019-05-27T00:00:00,78.89220826522164
2019-05-27T01:00:00,65.33740433402683
2019-05-27T02:00:00,30.36599814373514
2019-05-27T03:00:00,18.532139819601305
2019-05-27T04:00:00,15.584709208944567
2019-05-27T05:00:00,14.792518201081648
2019-05-27T06:00:00,14.587691804637078
2019-05-27T07:00:00,14.991940912993055
2019-05-27T08:00:00,15.83191320170527
2019-05-27T09:00:00,16.469871106355086
2019-05-27T10:00:00,17.135436762934148
2019-05-27T11:00:00,19.473792698072348
2019-05-27T12:00:00,26.621533684108563
2019-05-27T13:00:00,38.89712657099184
2019-05-27T14:00:00,50.43397604900857
2019-05-27T15:00:00,59.73802251401153
2019-05-27T16:00:00,65.29082704626994
2019-05-27T17:00:00,69.50888426407522
2019-05-27T18:00:00,71.15614982273266
2019-05-27T19:00:00,71.7537317690642
2019-05-27T20:00:00,74.42984207816745
2019-05-27T21:00:00,79.29939203676969
2019-05-27T22:00:00,85.61111251167628
2019-05-27T23:00:00,92.09025839100711
2019-05-28T00:00:00,96.30445032534391
2019-05-28T01:00:00,89.83253976573113
2019-05-28T02:00:00,49.90838888417119
2019-05-28T03:00:00,29.27578536323879
2019-05-28T04:00:00,23.317794965661086
2019-05-28T05:00:00,21.29923165362814
2019-05-28T06:00:00,20.757362614507258
2019-05-28T07:00:00,21.057757087375805
2019-05-28T08:00:00,21.658139104428496
2019-05-28T09:00:00,22.898453422214672
2019-05-28T10:00:00,24.435093091881793
2019-05-28T11:00:00,27.787132014398985
2019-05-28T12:00:00,36.129736361296274
2019-05-28T13:00:00,53.54120055488917
2019-05-28T14:00:00,70.39613740340522
2019-05-28T15:00:00,79.72333825152853
2019-05-28T16:00:00,87.86128301205841
2019-05-28T17:00:00,94.92132236646569
2019-05-28T18:00:00,106.6670396224312
2019-05-28T19:00:00,115.3838892397673
2019-05-28T20:00:00,117.35289797575577
2019-05-28T21:00:00,116.47929415495499
2019-05-28T22:00:00,115.5063536270805
2019-05-28T23:00:00,113.66539664890453
2019-05-29T00:00:00,112.14942036504328
2019-05-29T01:00:00,104.74706334653106
2019-05-29T02:00:00,66.90452708368716
2019-05-29T03:00:00,46.32882159689198
2019-05-29T04:00:00,36.26319984767748
2019-05-29T05:00:00,29.678146279376485
2019-05-29T06:00:00,25.508297298265536
2019-05-29T07:00:00,22.235276429549504
2019-05-29T08:00:00,20.148610488228172
2019-05-29T09:00:00,20.143470764160156
2019-05-29T10:00:00,22.233547791190766
2019-05-29T11:00:00,30.903043332307238
2019-05-29T12:00:00,44.837841199791946
2019-05-29T13:00:00,55.32774137414019
2019-05-29T14:00:00,67.62238411281419
2019-05-29T15:00:00,80.16503076967984
2019-05-29T16:00:00,92.27429099704906
2019-05-29T17:00:00,104.14943860924762
2019-05-29T18:00:00,106.91845404583474
2019-05-29T19:00:00,92.04917874543563
2019-05-29T20:00:00,62.85222028649371
2019-05-29T21:00:00,42.377994537353516
2019-05-29T22:00:00,42.007534358812414
2019-05-29T23:00:00,42.687947812287696
2019-05-30T00:00:00,45.19593960305919
2019-05-30T01:00:00,53.09247539354406
2019-05-30T02:00:00,52.345969822095775
2019-05-30T03:00:00,38.96362205173658
2019-05-30T04:00:00,25.545396556024965
2019-05-30T05:00:00,19.341382316921067
2019-05-30T06:00:00,15.924846317457115
2019-05-30T07:00:00,13.879208564758297
2019-05-30T08:00:00,13.033834125684653
2019-05-30T09:00:00,14.083233211351477
2019-05-30T10:00:00,15.821900616521418
2019-05-30T11:00:00,19.517783869867735
2019-05-30T12:00:00,29.170082423997957
2019-05-30T13:00:00,40.60969642970873
2019-05-30T14:00:00,49.93006233547044
2019-05-30T15:00:00,56.425145024838656
2019-05-30T16:00:00,60.20946270486582
2019-05-30T17:00:00,61.255353181258485
2019-05-30T18:00:00,59.67220123954441
2019-05-30T19:00:00,56.49254309612772
2019-05-30T20:00:00,54.66427031807277
2019-05-30T21:00:00,52.66948136039401
2019-05-30T22:00:00,50.86283708655315
2019-05-30T23:00:00,50.68623335465141
2019-05-31T00:00:00,52.23374640423318
2019-05-31T01:00:00,46.540342413860806
2019-05-31T02:00:00,24.146221492601473
2019-05-31T03:00:00,16.22925103229025
2019-05-31T04:00:00,13.304257144098695
2019-05-31T05:00:00,11.615281146505604
2019-05-31T06:00:00,10.533735565517258
2019-05-31T07:00:00,10.065395023511805
2019-05-31T08:00:00,9.843621502751887
2019-05-31T09:00:00,9.860096889993418
2019-05-31T10:00:00,10.35571181255838
2019-05-31T11:00:00,11.794235768525494
2019-05-31T12:00:00,16.423307087110437
2019-05-31T13:00:00,23.615716685419496
2019-05-31T14:00:00,28.157409004543137
2019-05-31T15:00:00,29.30056356347125
2019-05-31T16:00:00,28.19828821265179
2019-05-31T17:00:00,26.48290285856827
2019-05-31T18:00:00,25.21953076901643
2019-05-31T19:00:00,24.00072164120881
2019-05-31T20:00:00,22.799876917963438
2019-05-31T21:00:00,22.80159610250721
2019-05-31T22:00:00,23.43760424074919
2019-05-31T23:00:00,24.495123407115106
2019-06-01T00:00:00,26.29214237047278
2019-06-01T01:00:00,23.60963207742442
2019-06-01T02:00:00,13.729754862578016
2019-06-01T03:00:00,10.967635030331818
2019-06-01T04:00:00,10.15695812391198
2019-06-01T05:00:00,9.7736585036568
2019-06-01T06:00:00,9.427595428798508
2019-06-01T07:00:00,9.358522290768828
2019-06-01T08:00:00,9.455860428188158
2019-06-01T09:00:00,9.73023684128471
2019-06-01T10:00:00,10.251791290614914
2019-06-01T11:00:00,11.599154513815172
2019-06-01T12:00:00,15.041608934817107
2019-06-01T13:00:00,20.369664316592008
2019-06-01T14:00:00,24.71851655711298
2019-06-01T15:00:00,27.482331732045047
2019-06-01T16:00:00,27.934993578040082
2019-06-01T17:00:00,27.320690237957496
2019-06-01T18:00:00,26.29803367283033
2019-06-01T19:00:00,25.38530557051949
2019-06-01T20:00:00,24.48132473489512
2019-06-01T21:00:00,24.034023948337715
2019-06-01T22:00:00,23.94621865645699
2019-06-01T23:00:00,24.648147417151407
2019-06-02T00:00:00,25.945283226344895
2019-06-02T01:00:00,25.71204625005307
2019-06-02T02:00:00,16.861769759136696
2019-06-02T03:00:00,12.146024330802586
2019-06-02T04:00:00,10.517177125682002
2019-06-02T05:00:00,9.918682844742484
2019-06-02T06:00:00,9.764100240624469
2019-06-02T07:00:00,10.091301752173381
2019-06-02T08:00:00,10.339734823807424
2019-06-02T09:00:00,10.388851621876592
2019-06-02T10:00:00,10.66218790800675
2019-06-02T11:00:00,12.1274123813795
2019-06-02T12:00:00,17.170237333878227
2019-06-02T13:00:00,24.232559618742567
2019-06-02T14:00:00,29.421234379643977
2019-06-02T15:00:00,32.853500283282735
2019-06-02T16:00:00,34.346537963203765
2019-06-02T17:00:00,34.99578318388565
2019-06-02T18:00:00,33.717888707699984
2019-06-02T19:00:00,32.23411186881687
2019-06-02T20:00:00,31.681715094524876
2019-06-02T21:00:00,30.83971736742102
2019-06-02T22:00:00,31.01948373214058
2019-06-02T23:00:00,32.134371633115016
2019-06-03T00:00:00,34.92767474962317
2019-06-03T01:00:00,36.43363745316214
2019-06-03T02:00:00,22.034295704053793
2019-06-03T03:00:00,14.848928202753479
2019-06-03T04:00:00,12.43288181139075
2019-06-03T05:00:00,11.833945564601732
2019-06-03T06:00:00,12.09558636209239
2019-06-03T07:00:00,12.092254514279572
2019-06-03T08:00:00,12.446338487708049
2019-06-03T09:00:00,12.946203895237135
2019-06-03T10:00:00,13.867572038070014
2019-06-03T11:00:00,17.470204146012012
2019-06-03T12:00:00,25.608058680658754
2019-06-03T13:00:00,35.09798630424168
2019-06-03T14:00:00,41.73216081702191
2019-06-03T15:00:00,44.14455579674761
2019-06-03T16:00:00,44.019908075747274
2019-06-03T17:00:00,43.68398533696713
2019-06-03T18:00:00,43.20140108854874
2019-06-03T19:00:00,43.304608552352235
2019-06-03T20:00:00,41.44942507536515
2019-06-03T21:00:00,36.92317697276239
2019-06-03T22:00:00,33.53725375299868
2019-06-03T23:00:00,30.72870262809421
2019-06-04T00:00:00,30.39117456519085
2019-06-04T01:00:00,30.780997732411254
2019-06-04T02:00:00,23.507021282030184
2019-06-04T03:00:00,20.479897623476774
2019-06-04T04:00:00,19.633071650629457
2019-06-04T05:00:00,19.223302509473715
2019-06-04T06:00:00,18.75684132783309
2019-06-04T07:00:00,18.019965379134465
2019-06-04T08:00:00,17.284135320912235
2019-06-04T09:00:00,17.257633375084914
2019-06-04T10:00:00,17.93082345050314
2019-06-04T11:00:00,19.996409623519234
2019-06-04T12:00:00,26.090103066485856
2019-06-04T13:00:00,34.973790044369906
2019-06-04T14:00:00,43.951312189516806
2019-06-04T15:00:00,50.15629527879797
2019-06-04T16:00:00,51.7590449789296
2019-06-04T17:00:00,49.25202958480171
2019-06-04T18:00:00,49.23326724508534
2019-06-04T19:00:00,48.920568880827524
2019-06-04T20:00:00,49.885200832201086
2019-06-04T21:00:00,52.68015538091244
2019-06-04T22:00:00,54.080968608026915
2019-06-04T23:00:00,52.998429505721376
2019-06-05T00:00:00,54.88640478382939
2019-06-05T01:00:00,49.970456994098164
2019-06-05T02:00:00,26.13568380604619
2019-06-05T03:00:00,22.032230294269063
2019-06-05T04:00:00,20.112275082132086
2019-06-05T05:00:00,18.37425729502802
2019-06-05T06:00:00,16.72811392079229
2019-06-05T07:00:00,15.678191889887268
2019-06-05T08:00:00,15.470360424207604
2019-06-05T09:00:00,16.18547306890073
2019-06-05T10:00:00,18.873956680297848
2019-06-05T11:00:00,27.76993544205375
2019-06-05T12:00:00,42.96301584658415
2019-06-05T13:00:00,54.892684107241415
2019-06-05T14:00:00,62.97662187659221
2019-06-05T15:00:00,70.21556323507558
2019-06-05T16:00:00,69.89945154604705
2019-06-05T17:00:00,55.13164586606232
2019-06-05T18:00:00,40.89533548769743
2019-06-05T19:00:00,39.207253165867016
2019-06-05T20:00:00,36.54621124267578
2019-06-05T21:00:00,28.684805828592047
2019-06-05T22:00:00,22.110351479571797
2019-06-05T23:00:00,19.730455232703168
2019-06-06T00:00:00,20.60415566485861
2019-06-06T01:00:00,24.1548260398533
2019-06-06T02:00:00,24.30863206282906
2019-06-06T03:00:00,18.88574861443561
2019-06-06T04:00:00,15.530462513799252
2019-06-06T05:00:00,13.35731493908426
2019-06-06T06:00:00,11.776027181874149
2019-06-06T07:00:00,11.06220585366954
2019-06-06T08:00:00,10.976196330526598
2019-06-06T09:00:00,11.524056807808252
2019-06-06T10:00:00,12.621280794558317
2019-06-06T11:00:00,15.646246993023414
2019-06-06T12:00:00,22.217849897301715
2019-06-06T13:00:00,29.39405242256496
2019-06-06T14:00:00,34.938625501549765
2019-06-06T15:00:00,40.88254829075026
2019-06-06T16:00:00,48.14944010195524
2019-06-06T17:00:00,53.81461732283882
2019-06-06T18:00:00,50.66476788728133
2019-06-06T19:00:00,36.108484682829484
2019-06-06T20:00:00,24.917521518209707
2019-06-06T21:00:00,25.005071225373637
2019-06-06T22:00:00,31.857937439628266
2019-06-06T23:00:00,36.871814727783196
2019-06-07T00:00:00,33.54486813752548
2019-06-07T01:00:00,32.076823193094
2019-06-07T02:00:00,27.118876581606656
2019-06-07T03:00:00,15.119279944378398
2019-06-07T04:00:00,11.113051041312838
2019-06-07T05:00:00,10.681314509847889
2019-06-07T06:00:00,10.831824219745137
2019-06-07T07:00:00,11.03514123999554
2019-06-07T08:00:00,10.780476735985797
2019-06-07T09:00:00,10.707448917886483
2019-06-07T10:00:00,11.274043124655016
2019-06-07T11:00:00,13.718903417172637
2019-06-07T12:00:00,20.819525428440258
2019-06-07T13:00:00,28.866171049035113
2019-06-07T14:00:00,30.4401914347773
2019-06-07T15:00:00,31.009230406387992
2019-06-07T16:00:00,33.7065666032874
2019-06-07T17:00:00,37.38387497611667
2019-06-07T18:00:00,39.92971138332201
2019-06-07T19:00:00,38.36130739294964
2019-06-07T20:00:00,35.887794660485305
2019-06-07T21:00:00,35.208958667257555
2019-06-07T22:00:00,35.43218596085258
2019-06-07T23:00:00,34.4335300611413
2019-06-08T00:00:00,30.4565952964451
2019-06-08T01:00:00,25.065744482952613
2019-06-08T02:00:00,18.437107956927754
2019-06-08T03:00:00,13.971458186273987
2019-06-08T04:00:00,12.418549164481783
2019-06-08T05:00:00,11.787828943003777
2019-06-08T06:00:00,11.568042589270549
2019-06-08T07:00:00,11.303953004919963
2019-06-08T08:00:00,11.059579185817551
2019-06-08T09:00:00,11.226066796675969
2019-06-08T10:00:00,12.18717740929645
2019-06-08T11:00:00,14.139781703119692
2019-06-08T12:00:00,17.842937552410625
2019-06-08T13:00:00,21.43575991754946
2019-06-08T14:00:00,23.87099274345066
2019-06-08T15:00:00,25.279298865276832
2019-06-08T16:00:00,26.103593577509336
2019-06-08T17:00:00,28.25031537595002
2019-06-08T18:00:00,30.68754138117251
2019-06-08T19:00:00,32.115998226663336
2019-06-08T20:00:00,31.539310869963266
2019-06-08T21:00:00,31.007513212121044
2019-06-08T22:00:00,31.024583567743715
2019-06-08T23:00:00,31.62937238942021
2019-06-09T00:00:00,32.46373218038808
2019-06-09T01:00:00,29.518080752828844
2019-06-09T02:00:00,18.5841707975968
2019-06-09T03:00:00,13.020518137061076
2019-06-09T04:00:00,11.173987761787744
2019-06-09T05:00:00,10.24686518959377
2019-06-09T06:00:00,9.500155780626379
2019-06-09T07:00:00,9.008089646049166
2019-06-09T08:00:00,8.848642224850861
2019-06-09T09:00:00,9.115833904432215
2019-06-09T10:00:00,10.448094409445059
2019-06-09T11:00:00,12.644280848295791
2019-06-09T12:00:00,17.446736460146695
2019-06-09T13:00:00,22.945219371629797
2019-06-09T14:00:00,25.481299524721887
2019-06-09T15:00:00,25.165099683015242
2019-06-09T16:00:00,24.77833333222762
2019-06-09T17:00:00,24.6985853443975
2019-06-09T18:00:00,23.66122088224991
2019-06-09T19:00:00,23.14640492978303
2019-06-09T20:00:00,23.315471897954524
2019-06-09T21:00:00,23.48243439715841
2019-06-09T22:00:00,23.121481024700664
2019-06-09T23:00:00,22.408050702965777
2019-06-10T00:00:00,22.410225163335383
2019-06-10T01:00:00,22.63782227557638
2019-06-10T02:00:00,18.38622134664784
2019-06-10T03:00:00,13.987413199051565
2019-06-10T04:00:00,12.472662096438198
2019-06-10T05:00:00,12.12356314451798
2019-06-10T06:00:00,11.938603525576383
2019-06-10T07:00:00,11.864481843036152
2019-06-10T08:00:00,12.016337602034858
2019-06-10T09:00:00,12.326209939044455
2019-06-10T10:00:00,12.950875572536301
2019-06-10T11:00:00,15.554780089336893
2019-06-10T12:00:00,21.66847187539805
2019-06-10T13:00:00,29.152892485908836
2019-06-10T14:00:00,33.77998086680536
2019-06-10T15:00:00,34.77595860025157
2019-06-10T16:00:00,36.75694341244905
2019-06-10T17:00:00,39.94592169056768
2019-06-10T18:00:00,40.621346681014344
2019-06-10T19:00:00,37.50952927962593
2019-06-10T20:00:00,33.539668539296024
2019-06-10T21:00:00,31.158365332561985
2019-06-10T22:00:00,31.07421095474906
2019-06-10T23:00:00,32.25391736237899
2019-06-11T00:00:00,34.39593414638353
2019-06-11T01:00:00,36.04694631825323
2019-06-11T02:00:00,31.79459132318911
2019-06-11T03:00:00,23.888552375461742
2019-06-11T04:00:00,20.00241893270741
2019-06-11T05:00:00,17.78793127640434
2019-06-11T06:00:00,16.605459710826043
2019-06-11T07:00:00,15.452184635659922
2019-06-11T08:00:00,14.171336008154826
2019-06-11T09:00:00,13.525670673536215
2019-06-11T10:00:00,14.10439574200174
2019-06-11T11:00:00,16.62031787374745
2019-06-11T12:00:00,22.64428603130838
2019-06-11T13:00:00,28.98028224447499
2019-06-11T14:00:00,33.276251088018
2019-06-11T15:00:00,35.99029507844344
2019-06-11T16:00:00,37.117207153983735
2019-06-11T17:00:00,37.039512883061946
2019-06-11T18:00:00,37.68611509903617
2019-06-11T19:00:00,38.653401001639985
2019-06-11T20:00:00,39.13059839995011
2019-06-11T21:00:00,38.63673873569654
2019-06-11T22:00:00,38.24209561555281
2019-06-11T23:00:00,37.64110316400942
2019-06-12T00:00:00,37.82833480834961
2019-06-12T01:00:00,35.53750593765922
2019-06-12T02:00:00,24.71231933262037
2019-06-12T03:00:00,19.4692673890487
2019-06-12T04:00:00,16.908021263454266
2019-06-12T05:00:00,15.548290916111155
2019-06-12T06:00:00,14.292735265648883
2019-06-12T07:00:00,13.293150653009828
2019-06-12T08:00:00,12.81420728434687
2019-06-12T09:00:00,12.646728515624998
2019-06-12T10:00:00,13.047198834626569
2019-06-12T11:00:00,15.670101995053498
2019-06-12T12:00:00,21.604101927384082
2019-06-12T13:00:00,28.552432682203207
2019-06-12T14:00:00,32.084081235139266
2019-06-12T15:00:00,34.56366331680961
2019-06-12T16:00:00,37.651788462763236
2019-06-12T17:00:00,40.71027025969131
2019-06-12T18:00:00,41.735031957211696
2019-06-12T19:00:00,42.57918565169624
2019-06-12T20:00:00,42.70776134988536
2019-06-12T21:00:00,40.820755004882805
2019-06-12T22:00:00,39.18257240627123
2019-06-12T23:00:00,38.258915610935375
2019-06-13T00:00:00,38.34378864454186
2019-06-13T01:00:00,35.35116262021272
2019-06-13T02:00:00,24.172410550324813
2019-06-13T03:00:00,19.60547969652259
2019-06-13T04:00:00,17.98241507488748
2019-06-13T05:00:00,16.207225592240043
2019-06-13T06:00:00,14.474317923836084
2019-06-13T07:00:00,13.545993100041926
2019-06-13T08:00:00,12.975680143936819
2019-06-13T09:00:00,12.993589567101518
2019-06-13T10:00:00,13.307404103486432
2019-06-13T11:00:00,14.5956799880318
2019-06-13T12:00:00,18.269681101259977
2019-06-13T13:00:00,23.57163072668987
2019-06-13T14:00:00,27.164226283197813
2019-06-13T15:00:00,29.24292083408521
2019-06-13T16:00:00,30.00854060960852
2019-06-13T17:00:00,30.659870396489676
2019-06-13T18:00:00,31.955174902211063
2019-06-13T19:00:00,32.47757016057553
2019-06-13T20:00:00,31.33903063898501
2019-06-13T21:00:00,28.286091514255688
2019-06-13T22:00:00,25.562840669051457
2019-06-13T23:00:00,24.99079156958538
2019-06-14T00:00:00,25.45703771839971
2019-06-14T01:00:00,25.837670201840606
2019-06-14T02:00:00,21.06064439856487
2019-06-14T03:00:00,15.651061845862348
2019-06-14T04:00:00,13.83863992276399
2019-06-14T05:00:00,13.18362472368323
2019-06-14T06:00:00,12.979704649552053
2019-06-14T07:00:00,12.97803497314453
2019-06-14T08:00:00,12.828361884407373
2019-06-14T09:00:00,12.47047179678212
2019-06-14T10:00:00,12.601886707803477
2019-06-14T11:00:00,14.331554288449492
2019-06-14T12:00:00,18.201114737469215
2019-06-14T13:00:00,21.810519342837125
2019-06-14T14:00:00,28.316489509914227
2019-06-14T15:00:00,36.06605662470278
2019-06-14T16:00:00,41.832554361094594
2019-06-14T17:00:00,45.94888338835343
2019-06-14T18:00:00,47.94167842035708
2019-06-14T19:00:00,45.022748698358946
2019-06-14T20:00:00,38.50304164057192
2019-06-14T21:00:00,32.41381902280061
2019-06-14T22:00:00,28.71069991070291
2019-06-14T23:00:00,27.029961046965223
2019-06-15T00:00:00,26.907625695933465
2019-06-15T01:00:00,25.481550299603004
2019-06-15T02:00:00,16.896342236062754
2019-06-15T03:00:00,13.54789116071618
2019-06-15T04:00:00,12.70940996252972
2019-06-15T05:00:00,12.54923866106116
2019-06-15T06:00:00,12.684241626573643
2019-06-15T07:00:00,12.77541566931683
2019-06-15T08:00:00,13.031054828477941
2019-06-15T09:00:00,13.487082854561182
2019-06-15T10:00:00,14.243428354677945
2019-06-15T11:00:00,15.978260247603705
2019-06-15T12:00:00,20.89378614011018
2019-06-15T13:00:00,28.709164412125293
2019-06-15T14:00:00,33.0526299683944
2019-06-15T15:00:00,34.40883876966394
2019-06-15T16:00:00,41.173152260158375
2019-06-15T17:00:00,43.56235338293987
2019-06-15T18:00:00,42.90142457381538
2019-06-15T19:00:00,40.66140531456988
2019-06-15T20:00:00,39.211007491402
2019-06-15T21:00:00,38.51821385259213
2019-06-15T22:00:00,38.36913117118503
2019-06-15T23:00:00,39.28162151834239
2019-06-16T00:00:00,39.879404316777766
2019-06-16T01:00:00,38.72714266569718
2019-06-16T02:00:00,23.629213581914485
2019-06-16T03:00:00,16.49347114562988
2019-06-16T04:00:00,14.377068851305088
2019-06-16T05:00:00,13.449439048767088
2019-06-16T06:00:00,12.918760092362113
2019-06-16T07:00:00,12.464903997338336
2019-06-16T08:00:00,11.971925113512121
2019-06-16T09:00:00,11.80599088254182
2019-06-16T10:00:00,12.48864692190419
2019-06-16T11:00:00,14.847222991611646
2019-06-16T12:00:00,20.5812870523204
2019-06-16T13:00:00,26.595113754272457
2019-06-16T14:00:00,29.672970813253645
2019-06-16T15:00:00,31.7827966938848
2019-06-16T16:00:00,34.55896178535793
2019-06-16T17:00:00,37.851329305897586
2019-06-16T18:00:00,40.30137103536854
2019-06-16T19:00:00,40.29111182171365
2019-06-16T20:00:00,40.90497257398522
2019-06-16T21:00:00,42.80116354900857
2019-06-16T22:00:00,45.05993635758109
2019-06-16T23:00:00,46.10630864682405
2019-06-17T00:00:00,46.47934407773224
2019-06-17T01:00:00,45.26426215793775
2019-06-17T02:00:00,34.63022182298742
2019-06-17T03:00:00,24.61109517968219
2019-06-17T04:00:00,19.80309088333793
2019-06-17T05:00:00,17.09993420476499
2019-06-17T06:00:00,16.34804132710332
2019-06-17T07:00:00,16.188384595124614
2019-06-17T08:00:00,15.970083900119945
2019-06-17T09:00:00,16.422318500021227
2019-06-17T10:00:00,17.854601155156672
2019-06-17T11:00:00,21.464962586112645
2019-06-17T12:00:00,26.89645369156547
2019-06-17T13:00:00,30.515110347581942
2019-06-17T14:00:00,34.010882750801414
2019-06-17T15:00:00,37.4877991054369
2019-06-17T16:00:00,39.825757565705665
2019-06-17T17:00:00,40.95572430154551
2019-06-17T18:00:00,39.702763930610985
2019-06-17T19:00:00,37.54982998060144
2019-06-17T20:00:00,37.691508832185164
2019-06-17T21:00:00,38.811273823613696
2019-06-17T22:00:00,38.843180614969
2019-06-17T23:00:00,37.72809269117272
2019-06-18T00:00:00,37.18390871130901
2019-06-18T01:00:00,38.24588228308636
2019-06-18T02:00:00,37.97933379463527
2019-06-18T03:00:00,30.119375892307445
2019-06-18T04:00:00,23.998334552930746
2019-06-18T05:00:00,21.42473801322605
2019-06-18T06:00:00,18.78263067162555
2019-06-18T07:00:00,15.866800391155738
2019-06-18T08:00:00,14.410243739252504
2019-06-18T09:00:00,14.141437240268873
2019-06-18T10:00:00,15.024066800656524
2019-06-18T11:00:00,19.000700992086657
2019-06-18T12:00:00,28.9040759542714
2019-06-18T13:00:00,39.60021640943443
2019-06-18T14:00:00,44.37216534821882
2019-06-18T15:00:00,42.99178015667459
2019-06-18T16:00:00,41.17402085014011
2019-06-18T17:00:00,41.177459219227664
2019-06-18T18:00:00,40.20754507313604
2019-06-18T19:00:00,39.8481042281441
2019-06-18T20:00:00,38.820674730383836
2019-06-18T21:00:00,36.451536759086274
2019-06-18T22:00:00,36.78500299868376
2019-06-18T23:00:00,38.7196165997049
2019-06-19T00:00:00,40.47747388093367
2019-06-19T01:00:00,38.33529464058253
2019-06-19T02:00:00,26.63659875289253
2019-06-19T03:00:00,18.733674422554348
2019-06-19T04:00:00,15.92446061839228
2019-06-19T05:00:00,14.83500916024913
2019-06-19T06:00:00,14.088222793910811
2019-06-19T07:00:00,13.561890021614404
2019-06-19T08:00:00,13.443324586619498
2019-06-19T09:00:00,13.640649919924527
2019-06-19T10:00:00,14.432236381199047
2019-06-19T11:00:00,17.87911846326745
2019-06-19T12:00:00,26.781556253847864
2019-06-19T13:00:00,33.33017025823178
2019-06-19T14:00:00,33.16435382677161
2019-06-19T15:00:00,32.23949515301248
2019-06-19T16:00:00,33.94425765327785
2019-06-19T17:00:00,36.65093645842179
2019-06-19T18:00:00,34.32383860712466
2019-06-19T19:00:00,30.956413020258363
2019-06-19T20:00:00,28.73682867962381
2019-06-19T21:00:00,26.11886248381241
2019-06-19T22:00:00,24.48659150496773
2019-06-19T23:00:00,23.980038352634594
2019-06-20T00:00:00,23.895448270051375
2019-06-20T01:00:00,23.97703295168669
2019-06-20T02:00:00,23.795918257340137
2019-06-20T03:00:00,20.853590675022293
2019-06-20T04:00:00,18.38137809089992
2019-06-20T05:00:00,17.262665458347485
2019-06-20T06:00:00,16.52279173809549
2019-06-20T07:00:00,16.222588414731234
2019-06-20T08:00:00,16.082108456155527
2019-06-20T09:00:00,16.26607223179029
2019-06-20T10:00:00,17.077479984449305
2019-06-20T11:00:00,19.60610290195631
2019-06-20T12:00:00,24.032739722210422
2019-06-20T13:00:00,28.850671353547465
2019-06-20T14:00:00,32.52398192364236
2019-06-20T15:00:00,36.48304483164912
2019-06-20T16:00:00,40.2880806300951
2019-06-20T17:00:00,40.409877445386805
2019-06-20T18:00:00,40.07242352029551
2019-06-20T19:00:00,43.714853203814954
2019-06-20T20:00:00,45.874026091202445
2019-06-20T21:00:00,41.31760058195694
2019-06-20T22:00:00,34.18957420017408
2019-06-20T23:00:00,34.09993130227793
2019-06-21T00:00:00,39.86562065456224
2019-06-21T01:00:00,39.20728069802989
2019-06-21T02:00:00,27.607446090034816
2019-06-21T03:00:00,19.63517437810483
2019-06-21T04:00:00,16.91852884707243
2019-06-21T05:00:00,15.174184218696926
2019-06-21T06:00:00,14.992709491563879
2019-06-21T07:00:00,16.381265515866485
2019-06-21T08:00:00,17.791833794635274
2019-06-21T09:00:00,18.903768456500504
2019-06-21T10:00:00,20.026385017063305
2019-06-21T11:00:00,22.676715850830075
2019-06-21T12:00:00,29.657215947690215
2019-06-21T13:00:00,37.98567050436268
2019-06-21T14:00:00,41.775279169497274
2019-06-21T15:00:00,35.23466707312542
2019-06-21T16:00:00,32.38835442584494
2019-06-21T17:00:00,36.11298876223356
2019-06-21T18:00:00,44.675653043000594
2019-06-21T19:00:00,42.42046074245287
2019-06-21T20:00:00,33.222875180451766
2019-06-21T21:00:00,32.93132914667544
2019-06-21T22:00:00,36.07710564654806
2019-06-21T23:00:00,34.82847528872282
2019-06-22T00:00:00,30.74617419035538
2019-06-22T01:00:00,30.041421309761372
2019-06-22T02:00:00,25.848166009654168
2019-06-22T03:00:00,19.361139214557145
2019-06-22T04:00:00,17.9394765107528
2019-06-22T05:00:00,17.858868972114895
2019-06-22T06:00:00,17.12662099755328
2019-06-22T07:00:00,15.35814915532651
2019-06-22T08:00:00,15.00328723244045
2019-06-22T09:00:00,16.259437146394145
2019-06-22T10:00:00,18.092859516973082
2019-06-22T11:00:00,20.4724531588347
2019-06-22T12:00:00,24.11278417836065
2019-06-22T13:00:00,28.142526046089504
2019-06-22T14:00:00,30.248027221016258
2019-06-22T15:00:00,30.900612789651618
2019-06-22T16:00:00,31.543428255164102
2019-06-22T17:00:00,31.33939734749172
2019-06-22T18:00:00,32.38808192377505
2019-06-22T19:00:00,33.75301029371178
2019-06-22T20:00:00,33.21266763106636
2019-06-22T21:00:00,33.093568138454266
2019-06-22T22:00:00,32.98327006464419
2019-06-22T23:00:00,33.98472462529721
2019-06-23T00:00:00,36.74896024621051
2019-06-23T01:00:00,35.80578497181767
2019-06-23T02:00:00,24.374042676842727
2019-06-23T03:00:00,19.038970035055407
2019-06-23T04:00:00,16.817878474359926
2019-06-23T05:00:00,15.693689636562182
2019-06-23T06:00:00,15.097446234329887
2019-06-23T07:00:00,14.97780542788298
2019-06-23T08:00:00,15.17349288774573
2019-06-23T09:00:00,15.507229183031164
2019-06-23T10:00:00,16.09495838828709
2019-06-23T11:00:00,17.980417417443313
2019-06-23T12:00:00,22.362251530522883
2019-06-23T13:00:00,26.88552483268406
2019-06-23T14:00:00,30.133036903713055
2019-06-23T15:00:00,35.15242692698603
2019-06-23T16:00:00,43.6272206513778
2019-06-23T17:00:00,49.30649964705757
2019-06-23T18:00:00,47.63966933540676
2019-06-23T19:00:00,43.18575933705205
2019-06-23T20:00:00,42.27132581627887
2019-06-23T21:00:00,44.49758645762568
2019-06-23T22:00:00,47.301133031430446
2019-06-23T23:00:00,51.7646663499915
2019-06-24T00:00:00,54.926613683285915
2019-06-24T01:00:00,54.16659263942552
2019-06-24T02:00:00,36.23396782253099
2019-06-24T03:00:00,27.913786266161043
2019-06-24T04:00:00,25.433351682580035
2019-06-24T05:00:00,24.34919904625934
2019-06-24T06:00:00,24.218039554098375
2019-06-24T07:00:00,24.56537279875382
2019-06-24T08:00:00,25.074112518973966
2019-06-24T09:00:00,25.520232739655867
2019-06-24T10:00:00,27.189479744952656
2019-06-24T11:00:00,31.107389781786047
2019-06-24T12:00:00,38.479074395221204
2019-06-24T13:00:00,45.882462708846376
2019-06-24T14:00:00,50.404639368471884
2019-06-24T15:00:00,54.0821357395338
2019-06-24T16:00:00,58.57575093144955
2019-06-24T17:00:00,61.85697339928667
2019-06-24T18:00:00,61.83349344004755
2019-06-24T19:00:00,56.72399670144786
2019-06-24T20:00:00,53.85177131321119
2019-06-24T21:00:00,51.53844849959663
2019-06-24T22:00:00,49.71795654296874
2019-06-24T23:00:00,48.99103993954865
2019-06-25T00:00:00,48.73341950126316
2019-06-25T01:00:00,46.501734360404626
2019-06-25T02:00:00,32.89992415386697
2019-06-25T03:00:00,24.208492527837333
2019-06-25T04:00:00,20.707141378651492
2019-06-25T05:00:00,19.431550482045047
2019-06-25T06:00:00,19.77582367606785
2019-06-25T07:00:00,21.306770407635227
2019-06-25T08:00:00,22.315496030061137
2019-06-25T09:00:00,23.432114476742953
2019-06-25T10:00:00,26.22514152526855
2019-06-25T11:00:00,32.949523594068445
2019-06-25T12:00:00,41.288052600363024
2019-06-25T13:00:00,48.74670177957285
2019-06-25T14:00:00,55.29097349747367
2019-06-25T15:00:00,61.928389176078454
2019-06-25T16:00:00,66.37580921338952
2019-06-25T17:00:00,68.21439660113789
2019-06-25T18:00:00,66.43902422034222
2019-06-25T19:00:00,65.5457828355872
2019-06-25T20:00:00,63.73492365298063
2019-06-25T21:00:00,62.119170313296095
2019-06-25T22:00:00,61.79648789115574
2019-06-25T23:00:00,62.75380225803541
2019-06-26T00:00:00,63.838273753290586
2019-06-26T01:00:00,62.702907728112265
2019-06-26T02:00:00,48.24895079239554
2019-06-26T03:00:00,33.81703882632048
2019-06-26T04:00:00,28.953649106233012
2019-06-26T05:00:00,26.765684293664016
2019-06-26T06:00:00,25.54936425582222
2019-06-26T07:00:00,25.033094157343324
2019-06-26T08:00:00,24.61160079292629
2019-06-26T09:00:00,24.488403817881704
2019-06-26T10:00:00,25.308509163234543
2019-06-26T11:00:00,27.374094092327613
2019-06-26T12:00:00,32.50711457625679
2019-06-26T13:00:00,37.189030522885524
2019-06-26T14:00:00,39.60056487373683
2019-06-26T15:00:00,41.207225965416946
2019-06-26T16:00:00,42.73698358950407
2019-06-26T17:00:00,44.444424670675524
2019-06-26T18:00:00,45.866539664890446
2019-06-26T19:00:00,46.01899321182914
2019-06-26T20:00:00,46.34780402805494
2019-06-26T21:00:00,46.112330726955236
2019-06-26T22:00:00,44.60587227862814
2019-06-26T23:00:00,43.221427088198446
2019-06-27T00:00:00,41.207519862962805
2019-06-27T01:00:00,38.02788767607315
2019-06-27T02:00:00,28.187613196994945
2019-06-27T03:00:00,24.985748622728426
2019-06-27T04:00:00,24.644227815710977
2019-06-27T05:00:00,24.931683747664742
2019-06-27T06:00:00,25.380071557086445
2019-06-27T07:00:00,25.207660840905227
2019-06-27T08:00:00,25.288677215576172
2019-06-27T09:00:00,25.481218503869094
2019-06-27T10:00:00,25.700989018315852
2019-06-27T11:00:00,26.79254498689071
2019-06-27T12:00:00,31.50712469349736
2019-06-27T13:00:00,38.21221724800441
2019-06-27T14:00:00,44.25428274403448
2019-06-27T15:00:00,49.42732205598251
2019-06-27T16:00:00,51.14833732273267
2019-06-27T17:00:00,52.700670988663376
2019-06-27T18:00:00,54.83391720315684
2019-06-27T19:00:00,54.74526678997537
2019-06-27T20:00:00,54.16185047315514
2019-06-27T21:00:00,52.34219658893087
2019-06-27T22:00:00,52.13281996353812
2019-06-27T23:00:00,54.455824478812836
2019-06-28T00:00:00,57.7610447095788
2019-06-28T01:00:00,58.141215117081344
2019-06-28T02:00:00,40.71522803928541
2019-06-28T03:00:00,29.24981482132621
2019-06-28T04:00:00,26.55932343524435
2019-06-28T05:00:00,26.02395546954611
2019-06-28T06:00:00,25.907102584838864
2019-06-28T07:00:00,25.8250386611275
2019-06-28T08:00:00,25.667764497839883
2019-06-28T09:00:00,25.80052624578061
2019-06-28T10:00:00,26.427014724068016
2019-06-28T11:00:00,27.592295439346973
2019-06-28T12:00:00,30.86304963153341
2019-06-28T13:00:00,37.12868765126103
2019-06-28T14:00:00,42.49571228027343
2019-06-28T15:00:00,45.75039042597231
2019-06-28T16:00:00,47.61023678986922
2019-06-28T17:00:00,49.3525042326554
2019-06-28T18:00:00,50.81735229492187
2019-06-28T19:00:00,48.520064312478766
2019-06-28T20:00:00,46.47993917050568
2019-06-28T21:00:00,46.68905755747919
2019-06-28T22:00:00,47.286546790081516
2019-06-28T23:00:00,49.051941913107164
2019-06-29T00:00:00,51.652471459430195
2019-06-29T01:00:00,52.85635724275008
2019-06-29T02:00:00,40.172266421110734
2019-06-29T03:00:00,29.164067061051075
2019-06-29T04:00:00,26.673347058503523
2019-06-29T05:00:00,25.562677051710043
2019-06-29T06:00:00,24.780695210332453
2019-06-29T07:00:00,24.352972528208856
2019-06-29T08:00:00,23.9099995156993
2019-06-29T09:00:00,23.749011578767192
2019-06-29T10:00:00,23.855978509654168
2019-06-29T11:00:00,24.62342535931131
2019-06-29T12:00:00,28.290671390035875
2019-06-29T13:00:00,34.29190726902174
2019-06-29T14:00:00,38.467202559761375
2019-06-29T15:00:00,42.16429668924082
2019-06-29T16:00:00,46.40814208984374
2019-06-29T17:00:00,48.60435767795728
2019-06-29T18:00:00,50.336763962455414
2019-06-29T19:00:00,48.749305227528446
2019-06-29T20:00:00,45.131551991338306
2019-06-29T21:00:00,43.71938854715098
2019-06-29T22:00:00,41.27688864003057
2019-06-29T23:00:00,39.69905969370966
2019-06-30T00:00:00,40.13147337540336
2019-06-30T01:00:00,38.776371168053664
2019-06-30T02:00:00,26.2685373555059
2019-06-30T03:00:00,20.735727724821672
2019-06-30T04:00:00,19.387274120164953
2019-06-30T05:00:00,18.710764594700024
2019-06-30T06:00:00,18.014516830444336
2019-06-30T07:00:00,17.874184732851774
2019-06-30T08:00:00,18.338129458220106
2019-06-30T09:00:00,18.78411541814389
2019-06-30T10:00:00,19.212478388910707
2019-06-30T11:00:00,21.14139125658118
2019-06-30T12:00:00,25.55542141458262
2019-06-30T13:00:00,31.4140685537587
2019-06-30T14:00:00,36.58234670887822
2019-06-30T15:00:00,39.56014848792034
2019-06-30T16:00:00,40.60223687213399
2019-06-30T17:00:00,41.82519647349482
2019-06-30T18:00:00,43.29848032412321
2019-06-30T19:00:00,44.61655492367951
2019-06-30T20:00:00,43.31073711229406
2019-06-30T21:00:00,41.1947374758513
2019-06-30T22:00:00,39.43993725983992
2019-06-30T23:00:00,38.314044620679766
2019-07-01T00:00:00,37.947761369788125
2019-07-01T01:00:00,34.36277978316597
2019-07-01T02:00:00,23.251780385556426
2019-07-01T03:00:00,19.90442732106084
2019-07-01T04:00:00,19.39638195867124
2019-07-01T05:00:00,19.75276076275369
2019-07-01T06:00:00,20.58749008178711
2019-07-01T07:00:00,21.526961036350414
2019-07-01T08:00:00,21.951570262079652
2019-07-01T09:00:00,21.736369257387906
2019-07-01T10:00:00,21.46697301449983
2019-07-01T11:00:00,21.964385322902512
2019-07-01T12:00:00,25.193035955014434
2019-07-01T13:00:00,31.435999911764394
2019-07-01T14:00:00,35.42051290429156
2019-07-01T15:00:00,36.244422415028446
2019-07-01T16:00:00,35.3154940397843
2019-07-01T17:00:00,33.15062713623047
2019-07-01T18:00:00,31.307053109873895
2019-07-01T19:00:00,30.59601344232974
2019-07-01T20:00:00,30.437912070232883
2019-07-01T21:00:00,31.804218375164528
2019-07-01T22:00:00,32.097313176030696
2019-07-01T23:00:00,31.49007788948391
2019-07-02T00:00:00,30.90849544691003
2019-07-02T01:00:00,29.335841137429938
2019-07-02T02:00:00,23.538245740144145
2019-07-02T03:00:00,20.150353224381153
2019-07-02T04:00:00,19.467338064442508
2019-07-02T05:00:00,19.21185427126677
2019-07-02T06:00:00,19.498119851817254
2019-07-02T07:00:00,19.9671923595926
2019-07-02T08:00:00,20.29279683983844
2019-07-02T09:00:00,20.556954342385996
2019-07-02T10:00:00,21.270848149838653
2019-07-02T11:00:00,23.321052551269528
2019-07-02T12:00:00,28.16109980707583
2019-07-02T13:00:00,32.15384085282035
2019-07-02T14:00:00,34.3832076528798
2019-07-02T15:00:00,36.62728666222613
2019-07-02T16:00:00,40.27449251257854
2019-07-02T17:00:00,43.74024996550186
2019-07-02T18:00:00,44.81463556704313
2019-07-02T19:00:00,46.550392316735305
2019-07-02T20:00:00,48.10779704218324
2019-07-02T21:00:00,48.685896997866415
2019-07-02T22:00:00,48.465942216956094
2019-07-02T23:00:00,49.480097729226806
2019-07-03T00:00:00,49.668664849322774
2019-07-03T01:00:00,48.06449624766474
2019-07-03T02:00:00,38.24168230139691
2019-07-03T03:00:00,29.214805851811942
2019-07-03T04:00:00,25.499385004458215
2019-07-03T05:00:00,22.749246846074644
2019-07-03T06:00:00,21.414527727210004
2019-07-03T07:00:00,20.788222437319547
2019-07-03T08:00:00,20.622773709504497
2019-07-03T09:00:00,20.4850146252176
2019-07-03T10:00:00,20.74781401261039
2019-07-03T11:00:00,22.486609334531035
2019-07-03T12:00:00,29.27979510763417
2019-07-03T13:00:00,37.00176338527513
2019-07-03T14:00:00,43.7169076670771
2019-07-03T15:00:00,48.40693681136421
2019-07-03T16:00:00,51.314343328061305
2019-07-03T17:00:00,54.177626900050946
2019-07-03T18:00:00,57.14017221202021
2019-07-03T19:00:00,56.07107991757599
2019-07-03T20:00:00,54.75880797012992
2019-07-03T21:00:00,54.923329063083806
2019-07-03T22:00:00,55.4994884988536
2019-07-03T23:00:00,54.1359111951745
2019-07-04T00:00:00,51.95199966430663
2019-07-04T01:00:00,48.63418446416439
2019-07-04T02:00:00,34.72587726427161
2019-07-04T03:00:00,22.372565393862512
2019-07-04T04:00:00,18.94048367375913
2019-07-04T05:00:00,18.138977216637652
2019-07-04T06:00:00,17.872937990271527
2019-07-04T07:00:00,17.748186609019406
2019-07-04T08:00:00,17.86314615995987
2019-07-04T09:00:00,18.30488122027853
2019-07-04T10:00:00,19.383961470230766
2019-07-04T11:00:00,22.411106690116547
2019-07-04T12:00:00,29.334928761357848
2019-07-04T13:00:00,37.92538916546365
2019-07-04T14:00:00,43.28079903644064
2019-07-04T15:00:00,46.02561602385147
2019-07-04T16:00:00,46.29835974651834
2019-07-04T17:00:00,45.81583271855892
2019-07-04T18:00:00,43.35075063290803
2019-07-04T19:00:00,43.86342587678328
2019-07-04T20:00:00,43.791597449261204
2019-07-04T21:00:00,43.981651969577946
2019-07-04T22:00:00,43.137954711914055
2019-07-04T23:00:00,41.724091239597485
2019-07-05T00:00:00,41.72318848319675
2019-07-05T01:00:00,41.073455976403274
2019-07-05T02:00:00,28.77767123346743
2019-07-05T03:00:00,19.322042962779165
2019-07-05T04:00:00,15.890326665795367
2019-07-05T05:00:00,14.670053233271057
2019-07-05T06:00:00,14.099603445633596
2019-07-05T07:00:00,13.882780779962953
2019-07-05T08:00:00,13.766395568847654
2019-07-05T09:00:00,14.114551419797149
2019-07-05T10:00:00,15.279286716295323
2019-07-05T11:00:00,17.520680220230762
2019-07-05T12:00:00,23.18206704181173
2019-07-05T13:00:00,30.500318941862687
2019-07-05T14:00:00,34.39685290792713
2019-07-05T15:00:00,36.66654843869416
2019-07-05T16:00:00,39.939640211022414
2019-07-05T17:00:00,43.00593600065811
2019-07-05T18:00:00,45.19590676349142
2019-07-05T19:00:00,44.87619184411089
2019-07-05T20:00:00,44.212469183880344
2019-07-05T21:00:00,44.38982689898947
2019-07-05T22:00:00,42.838243567425266
2019-07-05T23:00:00,40.760539179262906
2019-07-06T00:00:00,39.469396839971125
2019-07-06T01:00:00,35.99299480604088
2019-07-06T02:00:00,21.374868144159727
2019-07-06T03:00:00,15.612884065379266
2019-07-06T04:00:00,13.511428335438604
2019-07-06T05:00:00,13.088298175645908
2019-07-06T06:00:00,12.066108537756877
2019-07-06T07:00:00,11.41697962387748
2019-07-06T08:00:00,11.324143492657203
2019-07-06T09:00:00,11.446344168289848
2019-07-06T10:00:00,12.512220714403234
2019-07-06T11:00:00,15.306722143422002
2019-07-06T12:00:00,20.07018644913383
2019-07-06T13:00:00,26.54990702090056
2019-07-06T14:00:00,32.24412602963655
2019-07-06T15:00:00,34.05110807004182
2019-07-06T16:00:00,34.65674010567043
2019-07-06T17:00:00,35.71967862999957
2019-07-06T18:00:00,35.985574971074634
2019-07-06T19:00:00,33.42602903946586
2019-07-06T20:00:00,30.190886953602664
2019-07-06T21:00:00,27.683915013852324
2019-07-06T22:00:00,25.923430069633152
2019-07-06T23:00:00,25.537489849588145
2019-07-07T00:00:00,25.646158715952993
2019-07-07T01:00:00,24.15073884051779
2019-07-07T02:00:00,17.0204438748567
2019-07-07T03:00:00,13.415268068728238
2019-07-07T04:00:00,11.89214515686035
2019-07-07T05:00:00,11.581538158914316
2019-07-07T06:00:00,11.686259808747664
2019-07-07T07:00:00,12.08377112513003
2019-07-07T08:00:00,12.369721039481783
2019-07-07T09:00:00,12.812201251154358
2019-07-07T10:00:00,13.44895031141198
2019-07-07T11:00:00,14.752826068712315
2019-07-07T12:00:00,18.629364345384676
2019-07-07T13:00:00,25.417082910952356
2019-07-07T14:00:00,32.27009623983631
2019-07-07T15:00:00,38.86337147588315
2019-07-07T16:00:00,40.99235534667969
2019-07-07T17:00:00,40.14976186337678
2019-07-07T18:00:00,39.4484574691109
2019-07-07T19:00:00,38.35527784928031
2019-07-07T20:00:00,36.45483630636463
2019-07-07T21:00:00,34.132731064506196
2019-07-07T22:00:00,32.68733198746391
2019-07-07T23:00:00,32.60082958055579
2019-07-08T00:00:00,34.756409188975454
2019-07-08T01:00:00,33.188622267349906
2019-07-08T02:00:00,18.725630387015965
2019-07-08T03:00:00,13.949221735415248
2019-07-08T04:00:00,12.591324640356975
2019-07-08T05:00:00,12.390832154647162
2019-07-08T06:00:00,12.7005267765211
2019-07-08T07:00:00,13.151224343673041
2019-07-08T08:00:00,13.54030306442924
2019-07-08T09:00:00,14.080181868179984
2019-07-08T10:00:00,15.497759238533353
2019-07-08T11:00:00,18.97362128548
2019-07-08T12:00:00,25.62151568868886
2019-07-08T13:00:00,33.41028080815854
2019-07-08T14:00:00,39.42722221042799
2019-07-08T15:00:00,40.188580056895375
2019-07-08T16:00:00,40.57490605893342
2019-07-08T17:00:00,42.23034667968749
2019-07-08T18:00:00,44.38921422543733
2019-07-08T19:00:00,45.46070430589758
2019-07-08T20:00:00,45.6641907069994
2019-07-08T21:00:00,45.94032055398692
2019-07-08T22:00:00,46.09943986975628
2019-07-08T23:00:00,46.13513598234756
2019-07-09T00:00:00,46.90053110537321
2019-07-09T01:00:00,46.43140908946162
2019-07-09T02:00:00,32.52311980206033
2019-07-09T03:00:00,27.764133038728133
2019-07-09T04:00:00,26.737720821214754
2019-07-09T05:00:00,26.015877682229746
2019-07-09T06:00:00,25.625451378200367
2019-07-09T07:00:00,25.796137768289313
2019-07-09T08:00:00,26.142160747362215
2019-07-09T09:00:00,26.59981992970342
2019-07-09T10:00:00,28.270887789518934
2019-07-09T11:00:00,34.91933789460555
2019-07-09T12:00:00,52.646073051120915
2019-07-09T13:00:00,74.18975365680195
2019-07-09T14:00:00,89.07283086362092
2019-07-09T15:00:00,94.11511893894361
2019-07-09T16:00:00,97.82610652757727
2019-07-09T17:00:00,93.4536089689835
2019-07-09T18:00:00,82.89557349163552
2019-07-09T19:00:00,74.11587159529975
2019-07-09T20:00:00,62.25842583697774
2019-07-09T21:00:00,52.90123699022375
2019-07-09T22:00:00,45.222980167554766
2019-07-09T23:00:00,41.660440693730884
2019-07-10T00:00:00,41.08733434262483
2019-07-10T01:00:00,40.116233825683594
2019-07-10T02:00:00,32.92633056640624
2019-07-10T03:00:00,21.28411774013353
2019-07-10T04:00:00,18.543815529864766
2019-07-10T05:00:00,19.28813668955927
2019-07-10T06:00:00,20.135751724243164
2019-07-10T07:00:00,20.870261150857672
2019-07-10T08:00:00,21.75485270956288
2019-07-10T09:00:00,22.749980511872664
2019-07-10T10:00:00,24.21852004009744
2019-07-10T11:00:00,27.029260303663165
2019-07-10T12:00:00,33.29905219700025
2019-07-10T13:00:00,43.37961644711701
2019-07-10T14:00:00,54.92104737654975
2019-07-10T15:00:00,63.22308266681172
2019-07-10T16:00:00,69.93476171078889
2019-07-10T17:00:00,74.72473807956861
2019-07-10T18:00:00,76.21607340937075
2019-07-10T19:00:00,73.24109317945397
2019-07-10T20:00:00,65.8589799300484
2019-07-10T21:00:00,62.94619419263756
2019-07-10T22:00:00,62.177195673403524
2019-07-10T23:00:00,63.81542935578719
2019-07-11T00:00:00,65.96346880042033
2019-07-11T01:00:00,61.776501531186305
2019-07-11T02:00:00,42.62129360696544
2019-07-11T03:00:00,34.46898999421492
2019-07-11T04:00:00,29.05610291854195
2019-07-11T05:00:00,26.843506771585215
2019-07-11T06:00:00,25.39578189020571
2019-07-11T07:00:00,24.946072702822473
2019-07-11T08:00:00,25.574488847152043
2019-07-11T09:00:00,27.041970460311223
2019-07-11T10:00:00,29.303486036217727
2019-07-11T11:00:00,32.24527259494947
2019-07-11T12:00:00,37.97328550919242
2019-07-11T13:00:00,44.9609549149223
2019-07-11T14:00:00,56.64391658617102
2019-07-11T15:00:00,75.02165686565897
2019-07-11T16:00:00,87.33597398840863
2019-07-11T17:00:00,98.41181680430535
2019-07-11T18:00:00,104.70943285071331
2019-07-11T19:00:00,105.24140067722485
2019-07-11T20:00:00,97.56067193072775
2019-07-11T21:00:00,73.4720293127972
2019-07-11T22:00:00,78.30281863005264
2019-07-11T23:00:00,79.61177726413891
2019-07-12T00:00:00,79.20977882716966
2019-07-12T01:00:00,74.1779788473378
2019-07-12T02:00:00,41.62974863467009
2019-07-12T03:00:00,33.23424546614937
2019-07-12T04:00:00,33.484462240467906
2019-07-12T05:00:00,34.95549724413001
2019-07-12T06:00:00,35.80871167390242
2019-07-12T07:00:00,36.92828385726265
2019-07-12T08:00:00,38.1537802323051
2019-07-12T09:00:00,39.461925009022586
2019-07-12T10:00:00,41.2714672917905
2019-07-12T11:00:00,44.567338694696836
2019-07-12T12:00:00,53.505455514659054
2019-07-12T13:00:00,65.46135413128395
2019-07-12T14:00:00,77.69825545601222
2019-07-12T15:00:00,88.54634094238281
2019-07-12T16:00:00,91.8124240377675
2019-07-12T17:00:00,91.18673739225967
2019-07-12T18:00:00,85.28499072530995
2019-07-12T19:00:00,76.67178344726562
2019-07-12T20:00:00,68.9597811491593
2019-07-12T21:00:00,63.36438253651494
2019-07-12T22:00:00,61.53439214955205
2019-07-12T23:00:00,61.38256155926248
2019-07-13T00:00:00,61.07389085189156
2019-07-13T01:00:00,56.83015508237092
2019-07-13T02:00:00,30.685538250467047
2019-07-13T03:00:00,19.88866548952849
2019-07-13T04:00:00,16.292475202809207
2019-07-13T05:00:00,14.82920161537502
2019-07-13T06:00:00,14.01905063960863
2019-07-13T07:00:00,13.660730403402576
2019-07-13T08:00:00,13.709109679512354
2019-07-13T09:00:00,13.961864927540654
2019-07-13T10:00:00,14.315324866253395
2019-07-13T11:00:00,15.887131649514902
2019-07-13T12:00:00,21.856012344360348
2019-07-13T13:00:00,31.01234883847444
2019-07-13T14:00:00,40.21023012244182
2019-07-13T15:00:00,48.04045237665591
2019-07-13T16:00:00,53.95955508688221
2019-07-13T17:00:00,57.227876082710594
2019-07-13T18:00:00,58.91837310791015
2019-07-13T19:00:00,59.46027341096296
2019-07-13T20:00:00,60.9862994318423
2019-07-13T21:00:00,61.5805032149605
2019-07-13T22:00:00,61.88132825105086
2019-07-13T23:00:00,63.230116802713134
2019-07-14T00:00:00,64.10517916472061
2019-07-14T01:00:00,56.19637762981912
2019-07-14T02:00:00,30.902010793271266
2019-07-14T03:00:00,23.356079433275305
2019-07-14T04:00:00,20.82279105808424
2019-07-14T05:00:00,19.906915167103637
2019-07-14T06:00:00,19.53645971547002
2019-07-14T07:00:00,19.09431532154912
2019-07-14T08:00:00,19.357381488965903
2019-07-14T09:00:00,20.215979866359543
2019-07-14T10:00:00,21.684661201808762
2019-07-14T11:00:00,24.397522387297258
2019-07-14T12:00:00,31.0603840040124
2019-07-14T13:00:00,41.77473300436268
2019-07-14T14:00:00,52.8506736755371
2019-07-14T15:00:00,63.02854471621306
2019-07-14T16:00:00,64.59691304745881
2019-07-14T17:00:00,65.1658243925675
2019-07-14T18:00:00,64.97571165665335
2019-07-14T19:00:00,63.22736856211786
2019-07-14T20:00:00,62.10988749628482
2019-07-14T21:00:00,60.55202882186225
2019-07-14T22:00:00,59.99385817154593
2019-07-14T23:00:00,56.13371708082116
2019-07-15T00:00:00,52.63122857135274
2019-07-15T01:00:00,49.071106454600454
2019-07-15T02:00:00,33.09009875421938
2019-07-15T03:00:00,23.631334138953164
2019-07-15T04:00:00,18.844903697138246
2019-07-15T05:00:00,16.65244956638502
2019-07-15T06:00:00,15.447439110797385
2019-07-15T07:00:00,15.177929380665654
2019-07-15T08:00:00,15.915255422177522
2019-07-15T09:00:00,16.958266050919242
2019-07-15T10:00:00,18.425888144451637
2019-07-15T11:00:00,24.078468322753903
2019-07-15T12:00:00,37.02606284100076
2019-07-15T13:00:00,49.54932536249574
2019-07-15T14:00:00,57.58746420818826
2019-07-15T15:00:00,61.89383349211319
2019-07-15T16:00:00,62.69715682319973
2019-07-15T17:00:00,61.403030063795
2019-07-15T18:00:00,61.49006205019743
2019-07-15T19:00:00,58.784799990446665
2019-07-15T20:00:00,55.9405925584876
2019-07-15T21:00:00,54.71069899849269
2019-07-15T22:00:00,54.502028257950485
2019-07-15T23:00:00,53.548846866773516
2019-07-16T00:00:00,50.24781169062075
2019-07-16T01:00:00,45.60722185217816
2019-07-16T02:00:00,41.03126459536345
2019-07-16T03:00:00,28.153669523156204
2019-07-16T04:00:00,20.249182576718535
2019-07-16T05:00:00,16.772499913754668
2019-07-16T06:00:00,14.418977156929348
2019-07-16T07:00:00,12.865231431048848
2019-07-16T08:00:00,12.334358920221742
2019-07-16T09:00:00,12.474604896877121
2019-07-16T10:00:00,13.065114892047383
2019-07-16T11:00:00,17.04481979038404
2019-07-16T12:00:00,28.902888256570563
2019-07-16T13:00:00,44.540656877600625
2019-07-16T14:00:00,55.29910411005434
2019-07-16T15:00:00,58.16258604630179
2019-07-16T16:00:00,54.105556322180696
2019-07-16T17:00:00,53.31306855574897
2019-07-16T18:00:00,52.52685364432956
2019-07-16T19:00:00,48.53742566316024
2019-07-16T20:00:00,42.49050521850585
2019-07-16T21:00:00,38.167272982390024
2019-07-16T22:00:00,35.55039123866869
2019-07-16T23:00:00,33.580704896346376
2019-07-17T00:00:00,32.23666257443635
2019-07-17T01:00:00,30.21706390380859
2019-07-17T02:00:00,19.826823276022203
2019-07-17T03:00:00,13.810131446174951
2019-07-17T04:00:00,12.333611405414082
2019-07-17T05:00:00,11.950471629267152
2019-07-17T06:00:00,11.472295305003291
2019-07-17T07:00:00,11.177523820296576
2019-07-17T08:00:00,10.864907430565875
2019-07-17T09:00:00,10.721541819365125
2019-07-17T10:00:00,10.794789272805918
2019-07-17T11:00:00,12.158588119175121
2019-07-17T12:00:00,16.46237928971
2019-07-17T13:00:00,20.892163898633875
2019-07-17T14:00:00,24.055102472719938
2019-07-17T15:00:00,28.268586614857547
2019-07-17T16:00:00,33.17043793719748
2019-07-17T17:00:00,34.197643445885696
2019-07-17T18:00:00,32.90915364804474
2019-07-17T19:00:00,32.375938000886336
2019-07-17T20:00:00,32.42861158951469
2019-07-17T21:00:00,32.017184381899625
2019-07-17T22:00:00,30.50222413436226
2019-07-17T23:00:00,29.034916089928664
2019-07-18T00:00:00,29.032156073528785
2019-07-18T01:00:00,30.091753752335258
2019-07-18T02:00:00,27.751551503720485
2019-07-18T03:00:00,21.760908541472062
2019-07-18T04:00:00,17.53328406292459
2019-07-18T05:00:00,16.133690585260805
2019-07-18T06:00:00,15.613504036613131
2019-07-18T07:00:00,15.848384027895719
2019-07-18T08:00:00,16.788232430167817
2019-07-18T09:00:00,17.57968106477157
2019-07-18T10:00:00,18.263022878895633
2019-07-18T11:00:00,20.763456427532695
2019-07-18T12:00:00,29.309353869894274
2019-07-18T13:00:00,37.45724752674932
2019-07-18T14:00:00,41.59725985319717
2019-07-18T15:00:00,45.15289323226265
2019-07-18T16:00:00,45.81526399695354
2019-07-18T17:00:00,42.62096985526706
2019-07-18T18:00:00,39.110516092051625
2019-07-18T19:00:00,37.00411439978557
2019-07-18T20:00:00,40.17752008852751
2019-07-18T21:00:00,48.42422535108482
2019-07-18T22:00:00,44.419452998949126
2019-07-18T23:00:00,30.586824500042457
2019-07-19T00:00:00,25.65447293157163
2019-07-19T01:00:00,28.523842355479363
2019-07-19T02:00:00,30.081517924433165
2019-07-19T03:00:00,27.823448429936946
2019-07-19T04:00:00,24.89697000254755
2019-07-19T05:00:00,22.397492533144742
2019-07-19T06:00:00,19.583680857782777
2019-07-19T07:00:00,17.786014639812965
2019-07-19T08:00:00,17.44593512493631
2019-07-19T09:00:00,18.9213870504628
2019-07-19T10:00:00,20.584696313609246
2019-07-19T11:00:00,23.60510030000106
2019-07-19T12:00:00,28.31072558527407
2019-07-19T13:00:00,33.30592238384744
2019-07-19T14:00:00,40.306001746136204
2019-07-19T15:00:00,41.933178777280055
2019-07-19T16:00:00,41.793074732241415
2019-07-19T17:00:00,48.01276746003524
2019-07-19T18:00:00,49.43250838569972
2019-07-19T19:00:00,36.694678762684696
2019-07-19T20:00:00,32.93809617084005
2019-07-19T21:00:00,35.822703983472735
2019-07-19T22:00:00,35.02541102533754
2019-07-19T23:00:00,32.40992280711298
2019-07-20T00:00:00,30.73469336136527
2019-07-20T01:00:00,31.490055664725926
2019-07-20T02:00:00,28.2280100946841
2019-07-20T03:00:00,23.61381232220193
2019-07-20T04:00:00,22.25976628842561
2019-07-20T05:00:00,23.01563984414805
2019-07-20T06:00:00,23.243118037348207
2019-07-20T07:00:00,21.648654025533922
2019-07-20T08:00:00,21.452959309453547
2019-07-20T09:00:00,22.056120333464246
2019-07-20T10:00:00,23.600283332492992
2019-07-20T11:00:00,27.375520623248555
2019-07-20T12:00:00,31.942945563274883
2019-07-20T13:00:00,37.06704463129458
2019-07-20T14:00:00,40.14364524509596
2019-07-20T15:00:00,40.20831199314283
2019-07-20T16:00:00,40.74061169831649
2019-07-20T17:00:00,42.519919353982665
2019-07-20T18:00:00,44.54387233568274
2019-07-20T19:00:00,44.50818766718325
2019-07-20T20:00:00,43.89938387663467
2019-07-20T21:00:00,44.13145695561948
2019-07-20T22:00:00,42.39345185653023
2019-07-20T23:00:00,41.59001574308976
2019-07-21T00:00:00,44.17788646532141
2019-07-21T01:00:00,43.62885135153065
2019-07-21T02:00:00,30.999377457991883
2019-07-21T03:00:00,24.30790171415909
2019-07-21T04:00:00,22.000636225161344
2019-07-21T05:00:00,20.078008154164188
2019-07-21T06:00:00,17.841038164885145
2019-07-21T07:00:00,16.427879001783285
2019-07-21T08:00:00,18.187377183333687
2019-07-21T09:00:00,20.329239223314367
2019-07-21T10:00:00,20.377391898113746
2019-07-21T11:00:00,20.890495632005774
2019-07-21T12:00:00,24.795282032178793
2019-07-21T13:00:00,29.692876981652297
2019-07-21T14:00:00,32.257319491842516
2019-07-21T15:00:00,32.843350866566524
2019-07-21T16:00:00,34.66691539598548
2019-07-21T17:00:00,38.31331253051758
2019-07-21T18:00:00,40.85887245509935
2019-07-21T19:00:00,38.054930313773774
2019-07-21T20:00:00,34.86053068741507
2019-07-21T21:00:00,34.67177183731742
2019-07-21T22:00:00,35.72286995597508
2019-07-21T23:00:00,37.62298600570015
2019-07-22T00:00:00,39.500413480012305
2019-07-22T01:00:00,38.00218864109205
2019-07-22T02:00:00,30.532637969307274
2019-07-22T03:00:00,26.859503953353215
2019-07-22T04:00:00,25.935976857724395
2019-07-22T05:00:00,25.001196819802985
2019-07-22T06:00:00,24.081515021946117
2019-07-22T07:00:00,23.668544022933293
2019-07-22T08:00:00,24.325463502303414
2019-07-22T09:00:00,26.793304940928582
2019-07-22T10:00:00,30.136639138926625
2019-07-22T11:00:00,35.970599796461016
2019-07-22T12:00:00,45.462779501210086
2019-07-22T13:00:00,55.08678386522375
2019-07-22T14:00:00,62.82359960804814
2019-07-22T15:00:00,66.44646536785622
2019-07-22T16:00:00,62.040056643278696
2019-07-22T17:00:00,60.517457547395125
2019-07-22T18:00:00,60.740901615308665
2019-07-22T19:00:00,60.496219800866164
2019-07-22T20:00:00,59.146542258884594
2019-07-22T21:00:00,55.52219457211701
2019-07-22T22:00:00,51.81988940031631
2019-07-22T23:00:00,51.02370005068571
2019-07-23T00:00:00,52.37654379139775
2019-07-23T01:00:00,52.72402904344641
2019-07-23T02:00:00,43.18565235967221
2019-07-23T03:00:00,34.37965907221255
2019-07-23T04:00:00,31.172577816507086
2019-07-23T05:00:00,29.62279311470363
2019-07-23T06:00:00,27.418612355771266
2019-07-23T07:00:00,25.397516001825743
2019-07-23T08:00:00,24.38215827941894
2019-07-23T09:00:00,24.436158885126524
2019-07-23T10:00:00,25.292917915012524
2019-07-23T11:00:00,26.53186408333156
2019-07-23T12:00:00,29.739154483961023
2019-07-23T13:00:00,34.983394125233524
2019-07-23T14:00:00,39.49418225495712
2019-07-23T15:00:00,43.210270093834914
2019-07-23T16:00:00,42.345558498216704
2019-07-23T17:00:00,43.10322239087975
2019-07-23T18:00:00,42.66684407773225
2019-07-23T19:00:00,40.52230486662491
2019-07-23T20:00:00,38.79617011028787
2019-07-23T21:00:00,38.77305254728897
2019-07-23T22:00:00,41.64276769886846
2019-07-23T23:00:00,44.821824281112
2019-07-24T00:00:00,50.27447542936905
2019-07-24T01:00:00,45.588273919146985
2019-07-24T02:00:00,33.857622561247446
2019-07-24T03:00:00,31.56279903909434
2019-07-24T04:00:00,30.164210360983144
2019-07-24T05:00:00,29.095543073571243
2019-07-24T06:00:00,27.696344624394953
2019-07-24T07:00:00,26.278383255004883
2019-07-24T08:00:00,25.348960378895637
2019-07-24T09:00:00,24.777751176253606
2019-07-24T10:00:00,24.380308234173317
2019-07-24T11:00:00,25.213990418807317
2019-07-24T12:00:00,30.543941083161727
2019-07-24T13:00:00,37.676405533500336
2019-07-24T14:00:00,41.998543283213735
2019-07-24T15:00:00,45.00965848176375
2019-07-24T16:00:00,47.08220025767451
2019-07-24T17:00:00,46.87771175218665
2019-07-24T18:00:00,46.08419534434442
2019-07-24T19:00:00,44.03156147832455
2019-07-24T20:00:00,41.47319893215013
2019-07-24T21:00:00,38.49662399291992
2019-07-24T22:00:00,36.65237227730129
2019-07-24T23:00:00,35.413797461468235
2019-07-25T00:00:00,35.14474122420601
2019-07-25T01:00:00,33.23433817987856
2019-07-25T02:00:00,25.013277053833008
2019-07-25T03:00:00,21.686361727507215
2019-07-25T04:00:00,20.347688591998555
2019-07-25T05:00:00,19.33388676850692
2019-07-25T06:00:00,18.479506948719852
2019-07-25T07:00:00,17.774572206580117
2019-07-25T08:00:00,17.38448723502781
2019-07-25T09:00:00,18.07480314503545
2019-07-25T10:00:00,18.84971295232358
2019-07-25T11:00:00,20.64368654334027
2019-07-25T12:00:00,29.545031589010488
2019-07-25T13:00:00,40.042065496030055
2019-07-25T14:00:00,47.24782562255859
2019-07-25T15:00:00,51.60887991863748
2019-07-25T16:00:00,54.452824965767235
2019-07-25T17:00:00,56.75543328990106
2019-07-25T18:00:00,57.08008592025093
2019-07-25T19:00:00,55.54984631745711
2019-07-25T20:00:00,53.80013888815174
2019-07-25T21:00:00,51.78824947191321
2019-07-25T22:00:00,50.19664266835088
2019-07-25T23:00:00,48.90044966987941
2019-07-26T00:00:00,48.502755538277
2019-07-26T01:00:00,45.97386003577191
2019-07-26T02:00:00,31.865205018416695
2019-07-26T03:00:00,26.060570509537403
2019-07-26T04:00:00,24.25098734316618
2019-07-26T05:00:00,23.05079941127611
2019-07-26T06:00:00,21.941917502361793
2019-07-26T07:00:00,21.685231499049973
2019-07-26T08:00:00,22.029654212619945
2019-07-26T09:00:00,22.867423928302266
2019-07-26T10:00:00,24.272698609725285
2019-07-26T11:00:00,26.755668805993118
2019-07-26T12:00:00,33.93762406058933
2019-07-26T13:00:00,43.92987309331479
2019-07-26T14:00:00,52.71308202328889
2019-07-26T15:00:00,61.20976572451384
2019-07-26T16:00:00,69.58180800728175
2019-07-26T17:00:00,76.91852038839589
2019-07-26T18:00:00,80.61952342157778
2019-07-26T19:00:00,80.63988926099694
2019-07-26T20:00:00,78.62930961277173
2019-07-26T21:00:00,75.25276084568188
2019-07-26T22:00:00,71.44218477995499
2019-07-26T23:00:00,67.37462682309356
2019-07-27T00:00:00,64.60818182903786
2019-07-27T01:00:00,57.16627867325492
2019-07-27T02:00:00,31.899389598680575
2019-07-27T03:00:00,24.1249360623567
2019-07-27T04:00:00,22.048656463623043
2019-07-27T05:00:00,22.051268950752586
2019-07-27T06:00:00,22.91370118182638
2019-07-27T07:00:00,23.12790588710619
2019-07-27T08:00:00,23.259293100108266
2019-07-27T09:00:00,24.028763729593024
2019-07-27T10:00:00,25.901478062505305
2019-07-27T11:00:00,28.70539101310398
2019-07-27T12:00:00,34.27870907990829
2019-07-27T13:00:00,43.82805699887483
2019-07-27T14:00:00,52.72437651261039
2019-07-27T15:00:00,57.50381768268087
2019-07-27T16:00:00,57.91665898198666
2019-07-27T17:00:00,58.55811973240064
2019-07-27T18:00:00,58.550211699112594
2019-07-27T19:00:00,57.9346927145253
2019-07-27T20:00:00,56.72805520762567
2019-07-27T21:00:00,52.20598552538
2019-07-27T22:00:00,49.08466289354407
2019-07-27T23:00:00,44.98018380869989
2019-07-28T00:00:00,44.19475853961447
2019-07-28T01:00:00,39.59703544948412
2019-07-28T02:00:00,29.494646901669707
2019-07-28T03:00:00,26.764047539752458
2019-07-28T04:00:00,23.63159154809039
2019-07-28T05:00:00,21.928904906563137
2019-07-28T06:00:00,21.093908475792922
2019-07-28T07:00:00,21.041842502096426
2019-07-28T08:00:00,21.311389923095703
2019-07-28T09:00:00,21.90202124222465
2019-07-28T10:00:00,23.122349282969598
2019-07-28T11:00:00,25.669687436974566
2019-07-28T12:00:00,30.93441614897354
2019-07-28T13:00:00,38.32678123142408
2019-07-28T14:00:00,46.06618632440981
2019-07-28T15:00:00,52.187384232230805
2019-07-28T16:00:00,55.473745428997525
2019-07-28T17:00:00,56.35849347321883
2019-07-28T18:00:00,55.35986046169114
2019-07-28T19:00:00,53.8297936812691
2019-07-28T20:00:00,50.36032204006029
2019-07-28T21:00:00,47.500598907470696
2019-07-28T22:00:00,46.669297093930446
2019-07-28T23:00:00,45.55414548127547
2019-07-29T00:00:00,45.69286462535029
2019-07-29T01:00:00,43.63216532831607
2019-07-29T02:00:00,32.21089305048403
2019-07-29T03:00:00,27.43874624501104
2019-07-29T04:00:00,27.56643701636273
2019-07-29T05:00:00,29.00124690843665
2019-07-29T06:00:00,29.921854931375258
2019-07-29T07:00:00,30.62889148878014
2019-07-29T08:00:00,30.97929191589355
2019-07-29T09:00:00,31.35960006713867
2019-07-29T10:00:00,32.10563311369522
2019-07-29T11:00:00,34.02302202971085
2019-07-29T12:00:00,39.15686333697775
2019-07-29T13:00:00,46.64780061141304
2019-07-29T14:00:00,53.660360087519095
2019-07-29T15:00:00,59.35984868588654
2019-07-29T16:00:00,63.847865229067594
2019-07-29T17:00:00,66.3634676725968
2019-07-29T18:00:00,67.06493775740913
2019-07-29T19:00:00,68.1232157168181
2019-07-29T20:00:00,69.47395125679348
2019-07-29T21:00:00,69.85659856381622
2019-07-29T22:00:00,70.4490329908288
2019-07-29T23:00:00,71.32504007090692
2019-07-30T00:00:00,71.56261410920516
2019-07-30T01:00:00,66.01708188264266
2019-07-30T02:00:00,40.791518501613446
2019-07-30T03:00:00,31.521307655002758
2019-07-30T04:00:00,29.642121771107544
2019-07-30T05:00:00,29.59500039142111
2019-07-30T06:00:00,29.894807981408157
2019-07-30T07:00:00,30.27547612397567
2019-07-30T08:00:00,30.308098834493887
2019-07-30T09:00:00,30.57630995045537
2019-07-30T10:00:00,31.572948041169536
2019-07-30T11:00:00,34.02840207970661
2019-07-30T12:00:00,39.20336035023564
2019-07-30T13:00:00,43.95174922113833
2019-07-30T14:00:00,49.66439620308253
2019-07-30T15:00:00,56.6793387039848
2019-07-30T16:00:00,64.33268721207327
2019-07-30T17:00:00,74.62499601944633
2019-07-30T18:00:00,86.03743677553922
2019-07-30T19:00:00,101.25465260381284
2019-07-30T20:00:00,108.92319189983864
2019-07-30T21:00:00,109.49401954982591
2019-07-30T22:00:00,105.2445307192595
2019-07-30T23:00:00,97.14866041100542
2019-07-31T00:00:00,87.90862705396567
2019-07-31T01:00:00,76.68628924825916
2019-07-31T02:00:00,44.890021116837204
2019-07-31T03:00:00,29.059115285458766
2019-07-31T04:00:00,24.3025019272514
2019-07-31T05:00:00,25.46858447530995
2019-07-31T06:00:00,27.463246967481524
2019-07-31T07:00:00,29.300381536069118
2019-07-31T08:00:00,30.79874884563943
2019-07-31T09:00:00,32.77700274923573
2019-07-31T10:00:00,36.40534641431725
2019-07-31T11:00:00,42.88390864496645
2019-07-31T12:00:00,54.84463550733483
2019-07-31T13:00:00,70.71937859576681
2019-07-31T14:00:00,86.29799851127291
2019-07-31T15:00:00,81.70380666981572
2019-07-31T16:00:00,72.5006868113642
2019-07-31T17:00:00,83.65115256931469
2019-07-31T18:00:00,78.74921516750169
2019-07-31T19:00:00,60.72389785103175
2019-07-31T20:00:00,59.7531101392663
2019-07-31T21:00:00,69.36624742590863
2019-07-31T22:00:00,70.99399400793988
2019-07-31T23:00:00,67.14121379023013
2019-08-01T00:00:00,62.08207337752632
2019-08-01T01:00:00,56.77902006066363
2019-08-01T02:00:00,38.22549372134001
2019-08-01T03:00:00,29.838830118593958
2019-08-01T04:00:00,27.46175616720448
2019-08-01T05:00:00,26.949339659317676
2019-08-01T06:00:00,26.329743924348247
2019-08-01T07:00:00,25.646349284959875
2019-08-01T08:00:00,25.360586995663848
2019-08-01T09:00:00,25.69283858589504
2019-08-01T10:00:00,26.49680427882982
2019-08-01T11:00:00,29.281647806582242
2019-08-01T12:00:00,34.86802772853685
2019-08-01T13:00:00,38.79387117468792
2019-08-01T14:00:00,41.65573949399201
2019-08-01T15:00:00,42.499005690864884
2019-08-01T16:00:00,41.185040847114884
2019-08-01T17:00:00,39.55961360102114
2019-08-01T18:00:00,38.59496124931003
2019-08-01T19:00:00,36.879693570344344
2019-08-01T20:00:00,33.80930038120435
2019-08-01T21:00:00,33.06339172694994
2019-08-01T22:00:00,32.49086247319761
2019-08-01T23:00:00,30.000892141590942
2019-08-02T00:00:00,30.866527308588438
2019-08-02T01:00:00,28.344099791153617
2019-08-02T02:00:00,28.151850327201508
2019-08-02T03:00:00,24.11799090841542
2019-08-02T04:00:00,19.198198484337848
2019-08-02T05:00:00,17.888796101445735
2019-08-02T06:00:00,17.600684622059696
2019-08-02T07:00:00,17.682235634845235
2019-08-02T08:00:00,19.16339766460916
2019-08-02T09:00:00,19.52148105787194
2019-08-02T10:00:00,22.49914111261782
2019-08-02T11:00:00,26.100936475007426
2019-08-02T12:00:00,31.803380219832707
2019-08-02T13:00:00,32.87672689686651
2019-08-02T14:00:00,31.78152084350586
2019-08-02T15:00:00,33.56217939957328
2019-08-02T16:00:00,35.485964070195735
2019-08-02T17:00:00,36.37184756735096
2019-08-02T18:00:00,36.31586821182914
2019-08-02T19:00:00,35.36354529339334
2019-08-02T20:00:00,34.55183493572733
2019-08-02T21:00:00,34.202832595161766
2019-08-02T22:00:00,33.298648336659305
2019-08-02T23:00:00,35.803739796514094
2019-08-03T00:00:00,38.20752732650093
2019-08-03T01:00:00,38.29731186576511
2019-08-03T02:00:00,27.075838171917454
2019-08-03T03:00:00,18.555915003237516
2019-08-03T04:00:00,15.484746103701385
2019-08-03T05:00:00,14.019917778346848
2019-08-03T06:00:00,13.408315617105234
2019-08-03T07:00:00,13.423923119254734
2019-08-03T08:00:00,13.287901214931322
2019-08-03T09:00:00,13.332844112230383
2019-08-03T10:00:00,14.022438754206117
2019-08-03T11:00:00,17.167098916095235
2019-08-03T12:00:00,24.019492024960723
2019-08-03T13:00:00,30.77818414439325
2019-08-03T14:00:00,36.04463162629501
2019-08-03T15:00:00,40.6982831540315
2019-08-03T16:00:00,42.27156995690386
2019-08-03T17:00:00,43.296948308530055
2019-08-03T18:00:00,43.160043633502454
2019-08-03T19:00:00,43.70868699446967
2019-08-03T20:00:00,42.170317940090015
2019-08-03T21:00:00,40.71447272922681
2019-08-03T22:00:00,40.460905987283454
2019-08-03T23:00:00,41.579812588899024
2019-08-04T00:00:00,42.80545276144276
2019-08-04T01:00:00,40.10778642737347
2019-08-04T02:00:00,24.13950571806534
2019-08-04T03:00:00,16.369249675584875
2019-08-04T04:00:00,13.132515036541482
2019-08-04T05:00:00,12.073568841685418
2019-08-04T06:00:00,11.903255130933678
2019-08-04T07:00:00,11.829549665036408
2019-08-04T08:00:00,11.391703771508258
2019-08-04T09:00:00,11.097704389820926
2019-08-04T10:00:00,11.629769988681959
2019-08-04T11:00:00,14.13064562756082
2019-08-04T12:00:00,18.655809236609418
2019-08-04T13:00:00,23.261413491290543
2019-08-04T14:00:00,27.27032478995945
2019-08-04T15:00:00,28.957816994708516
2019-08-04T16:00:00,29.594307940939196
2019-08-04T17:00:00,31.229919433593743
2019-08-04T18:00:00,31.849527276080583
2019-08-04T19:00:00,31.825407194054645
2019-08-04T20:00:00,31.978847420733903
2019-08-04T21:00:00,32.12803036233653
2019-08-04T22:00:00,31.928496236386504
2019-08-04T23:00:00,32.32142216226329
2019-08-05T00:00:00,35.24165228138799
2019-08-05T01:00:00,36.960314543350876
2019-08-05T02:00:00,30.364929779716153
2019-08-05T03:00:00,18.365008229794707
2019-08-05T04:00:00,14.50073884881061
2019-08-05T05:00:00,12.335496819537617
2019-08-05T06:00:00,10.521009030549422
2019-08-05T07:00:00,10.349938641423764
2019-08-05T08:00:00,10.686303594838016
2019-08-05T09:00:00,10.895689632581627
2019-08-05T10:00:00,12.000622749328612
2019-08-05T11:00:00,15.707260214764137
2019-08-05T12:00:00,24.08121026080587
2019-08-05T13:00:00,31.530304618503735
2019-08-05T14:00:00,36.04348207556683
2019-08-05T15:00:00,38.376748458198875
2019-08-05T16:00:00,35.83060422150985
2019-08-05T17:00:00,30.750318444293477
2019-08-05T18:00:00,29.23726488196331
2019-08-05T19:00:00,28.85340591098951
2019-08-05T20:00:00,27.479560354481574
2019-08-05T21:00:00,25.384164312611453
2019-08-05T22:00:00,23.922026592752204
2019-08-05T23:00:00,22.88699108621348
2019-08-06T00:00:00,22.682799546614937
2019-08-06T01:00:00,23.11698134049125
2019-08-06T02:00:00,23.237002414205797
2019-08-06T03:00:00,18.420145283574637
2019-08-06T04:00:00,14.562114300935162
2019-08-06T05:00:00,12.902060301407522
2019-08-06T06:00:00,11.645399342412531
2019-08-06T07:00:00,11.279362761456033
2019-08-06T08:00:00,11.810977023580799
2019-08-06T09:00:00,13.124830660612686
2019-08-06T10:00:00,15.9336112478505
2019-08-06T11:00:00,20.933007862256922
2019-08-06T12:00:00,26.15444349206012
2019-08-06T13:00:00,28.242377903150476
2019-08-06T14:00:00,29.189222004102625
2019-08-06T15:00:00,30.562015782231867
2019-08-06T16:00:00,32.21965010269828
2019-08-06T17:00:00,33.55413337375806
2019-08-06T18:00:00,33.56424696549125
2019-08-06T19:00:00,32.43290362150773
2019-08-06T20:00:00,30.415337023527723
2019-08-06T21:00:00,28.934430163839586
2019-08-06T22:00:00,27.147135858950403
2019-08-06T23:00:00,26.545872480972953
2019-08-07T00:00:00,26.89470050645911
2019-08-07T01:00:00,26.917735390041184
2019-08-07T02:00:00,20.586761059968364
2019-08-07T03:00:00,13.743286381597102
2019-08-07T04:00:00,11.398862755816914
2019-08-07T05:00:00,10.177975530209748
2019-08-07T06:00:00,9.67543709796408
2019-08-07T07:00:00,9.380664991295856
2019-08-07T08:00:00,9.191951254139775
2019-08-07T09:00:00,9.346610442451809
2019-08-07T10:00:00,10.007003245146377
2019-08-07T11:00:00,11.706544254137121
2019-08-07T12:00:00,14.88715532551641
2019-08-07T13:00:00,17.733857445094895
2019-08-07T14:00:00,18.73850258536961
2019-08-07T15:00:00,19.853627412215523
2019-08-07T16:00:00,21.373695622319755
2019-08-07T17:00:00,23.151402929554813
2019-08-07T18:00:00,25.110202706378438
2019-08-07T19:00:00,25.93045558100161
2019-08-07T20:00:00,25.376397671906844
2019-08-07T21:00:00,24.890212929767106
2019-08-07T22:00:00,24.661974367888075
2019-08-07T23:00:00,24.659623850946836
2019-08-08T00:00:00,25.639228820800778
2019-08-08T01:00:00,26.191197519717004
2019-08-08T02:00:00,16.93595500614332
2019-08-08T03:00:00,10.501458002173381
2019-08-08T04:00:00,9.474483780238938
2019-08-08T05:00:00,9.331938080165695
2019-08-08T06:00:00,9.31329465949017
2019-08-08T07:00:00,9.75034991554592
2019-08-08T08:00:00,10.32381484819495
2019-08-08T09:00:00,11.131952327230701
2019-08-08T10:00:00,12.85698832636294
2019-08-08T11:00:00,15.30159568786621
2019-08-08T12:00:00,18.438436425250508
2019-08-08T13:00:00,21.547519269196883
2019-08-08T14:00:00,22.990514423536215
2019-08-08T15:00:00,24.911897576373555
2019-08-08T16:00:00,26.92008167764415
2019-08-08T17:00:00,27.56630872643512
2019-08-08T18:00:00,27.664518770964246
2019-08-08T19:00:00,27.29966312906016
2019-08-08T20:00:00,27.179502487182614
2019-08-08T21:00:00,27.284263444983438
2019-08-08T22:00:00,27.341925081999403
2019-08-08T23:00:00,26.82625737397567
2019-08-09T00:00:00,24.737790646760356
2019-08-09T01:00:00,22.516606206479278
2019-08-09T02:00:00,21.418066190636672
2019-08-09T03:00:00,19.67396644923998
2019-08-09T04:00:00,17.393839960512906
2019-08-09T05:00:00,16.908864850583285
2019-08-09T06:00:00,14.979011784429133
2019-08-09T07:00:00,13.493005959883979
2019-08-09T08:00:00,13.065976267275603
2019-08-09T09:00:00,13.985211869944695
2019-08-09T10:00:00,15.242201929507045
2019-08-09T11:00:00,18.500058215597402
2019-08-09T12:00:00,23.677082227623977
2019-08-09T13:00:00,29.071646317191743
2019-08-09T14:00:00,34.01894602568253
2019-08-09T15:00:00,39.225445954695985
2019-08-09T16:00:00,44.53230136373769
2019-08-09T17:00:00,48.46399655549422
2019-08-09T18:00:00,51.20127553525178
2019-08-09T19:00:00,51.71702293727708
2019-08-09T20:00:00,48.99078136941661
2019-08-09T21:00:00,46.615666928498634
2019-08-09T22:00:00,44.34566481217094
2019-08-09T23:00:00,42.92733913919199
2019-08-10T00:00:00,42.075304114300266
2019-08-10T01:00:00,39.12975626406462
2019-08-10T02:00:00,26.218458092730973
2019-08-10T03:00:00,18.955229137254793
2019-08-10T04:00:00,16.19143618708071
2019-08-10T05:00:00,14.357079754705012
2019-08-10T06:00:00,12.832341899042541
2019-08-10T07:00:00,12.175605856853982
2019-08-10T08:00:00,13.0145206036775
2019-08-10T09:00:00,14.675343845201574
2019-08-10T10:00:00,16.881933626921278
2019-08-10T11:00:00,20.325240674226176
2019-08-10T12:00:00,25.2963984116264
2019-08-10T13:00:00,28.837273141612176
2019-08-10T14:00:00,32.4822997217593
2019-08-10T15:00:00,36.18936870409094
2019-08-10T16:00:00,38.585717408553414
2019-08-10T17:00:00,39.73526034147843
2019-08-10T18:00:00,42.00631149955417
2019-08-10T19:00:00,42.046903195588484
2019-08-10T20:00:00,39.80770542310631
2019-08-10T21:00:00,38.592482193656586
2019-08-10T22:00:00,39.142622408659555
2019-08-10T23:00:00,38.31234409498131
2019-08-11T00:00:00,38.086513187574305
2019-08-11T01:00:00,36.34665912130604
2019-08-11T02:00:00,30.556722226350203
2019-08-11T03:00:00,26.769460761028785
2019-08-11T04:00:00,27.33916556316873
2019-08-11T05:00:00,28.33424261341924
2019-08-11T06:00:00,27.89074765080991
2019-08-11T07:00:00,26.97744734390922
2019-08-11T08:00:00,26.285597262175184
2019-08-11T09:00:00,25.549218550972313
2019-08-11T10:00:00,25.860229492187496
2019-08-11T11:00:00,29.25588906329611
2019-08-11T12:00:00,35.817301874575406
2019-08-11T13:00:00,40.97262805441151
2019-08-11T14:00:00,41.19279264367144
2019-08-11T15:00:00,39.2025382000467
2019-08-11T16:00:00,39.377589350161344
2019-08-11T17:00:00,43.03605635269828
2019-08-11T18:00:00,43.9589381010636
2019-08-11T19:00:00,38.152895222539485
2019-08-11T20:00:00,32.02886034094769
2019-08-11T21:00:00,35.18081930409306
2019-08-11T22:00:00,46.43060435419497
2019-08-11T23:00:00,50.7969625721807
2019-08-12T00:00:00,40.98608000382132
2019-08-12T01:00:00,33.60547223298446
2019-08-12T02:00:00,28.627505675606102
2019-08-12T03:00:00,27.762243519658625
2019-08-12T04:00:00,27.410894476849094
2019-08-12T05:00:00,25.6909586864969
2019-08-12T06:00:00,22.20344319550887
2019-08-12T07:00:00,18.952788974927817
2019-08-12T08:00:00,17.045095692510188
2019-08-12T09:00:00,16.837654030841332
2019-08-12T10:00:00,18.370007224704906
2019-08-12T11:00:00,22.889698691990063
2019-08-12T12:00:00,34.29419973622198
2019-08-12T13:00:00,46.31357989103897
2019-08-12T14:00:00,48.283875672713556
2019-08-12T15:00:00,45.10651132334833
2019-08-12T16:00:00,43.41798002823539
2019-08-12T17:00:00,45.573568095331595
2019-08-12T18:00:00,49.07673678190811
2019-08-12T19:00:00,44.544279347295344
2019-08-12T20:00:00,36.38020590077275
2019-08-12T21:00:00,33.9647279822308
2019-08-12T22:00:00,35.85064780193826
2019-08-12T23:00:00,40.23954126109247
2019-08-13T00:00:00,40.14521076368249
2019-08-13T01:00:00,36.372788802437164
2019-08-13T02:00:00,27.293346736742098
2019-08-13T03:00:00,23.425328379092008
2019-08-13T04:00:00,22.10741656759511
2019-08-13T05:00:00,21.07569296463676
2019-08-13T06:00:00,19.951879335486367
2019-08-13T07:00:00,18.63237787329632
2019-08-13T08:00:00,18.209939210311223
2019-08-13T09:00:00,20.087619698565934
2019-08-13T10:00:00,22.484114688375723
2019-08-13T11:00:00,25.646280205768086
2019-08-13T12:00:00,35.41006685339886
2019-08-13T13:00:00,47.319376738175094
2019-08-13T14:00:00,53.25918612272842
2019-08-13T15:00:00,51.430398360542625
2019-08-13T16:00:00,51.702942226244055
2019-08-13T17:00:00,53.94790914784306
2019-08-13T18:00:00,57.569596663765275
2019-08-13T19:00:00,60.81701444542926
2019-08-13T20:00:00,61.95262262095575
2019-08-13T21:00:00,61.46826735786769
2019-08-13T22:00:00,60.539470175038204
2019-08-13T23:00:00,60.56877401600713
2019-08-14T00:00:00,60.543563511060626
2019-08-14T01:00:00,56.05048619145931
2019-08-14T02:00:00,44.821047741433844
2019-08-14T03:00:00,29.92390035546344
2019-08-14T04:00:00,23.36055457073709
2019-08-14T05:00:00,20.855379685111668
2019-08-14T06:00:00,20.007718376491376
2019-08-14T07:00:00,17.46359609520953
2019-08-14T08:00:00,16.415301447329313
2019-08-14T09:00:00,16.34761627860691
2019-08-14T10:00:00,16.566954405411426
2019-08-14T11:00:00,18.306461914725926
2019-08-14T12:00:00,25.23350052211595
2019-08-14T13:00:00,33.01465838888417
2019-08-14T14:00:00,38.47116420579993
2019-08-14T15:00:00,42.82497687961743
2019-08-14T16:00:00,43.0965518122134
2019-08-14T17:00:00,38.34847043908161
2019-08-14T18:00:00,33.61014084194017
2019-08-14T19:00:00,34.25640636941661
2019-08-14T20:00:00,37.42150663292926
2019-08-14T21:00:00,41.082927538001016
2019-08-14T22:00:00,45.37453908505647
2019-08-14T23:00:00,49.20877058609672
2019-08-15T00:00:00,52.43218546328337
2019-08-15T01:00:00,53.17983942446501
2019-08-15T02:00:00,42.13693983658501
2019-08-15T03:00:00,34.98205367378566
2019-08-15T04:00:00,33.05782401043436
2019-08-15T05:00:00,32.69072690217391
2019-08-15T06:00:00,32.52198293934698
2019-08-15T07:00:00,33.702083587646484
2019-08-15T08:00:00,35.69583113297172
2019-08-15T09:00:00,37.8582999187967
2019-08-15T10:00:00,40.20284403925356
2019-08-15T11:00:00,43.18942874410878
2019-08-15T12:00:00,49.50955830449643
2019-08-15T13:00:00,58.65968621295431
2019-08-15T14:00:00,68.1276102480681
2019-08-15T15:00:00,73.93663754670514
2019-08-15T16:00:00,76.89948936130689
2019-08-15T17:00:00,78.11862016760784
2019-08-15T18:00:00,80.21514162809952
2019-08-15T19:00:00,81.26685731307319
2019-08-15T20:00:00,80.53624658999234
2019-08-15T21:00:00,78.23869157874066
2019-08-15T22:00:00,76.4453708814538
2019-08-15T23:00:00,75.48817775560461
2019-08-16T00:00:00,73.42231949515964
2019-08-16T01:00:00,71.74959663722825
2019-08-16T02:00:00,54.06256833283797
2019-08-16T03:00:00,38.57637405395507
2019-08-16T04:00:00,34.73334204632303
2019-08-16T05:00:00,34.660029867421024
2019-08-16T06:00:00,35.49099466075067
2019-08-16T07:00:00,36.83354468967603
2019-08-16T08:00:00,38.364203743312665
2019-08-16T09:00:00,40.08186323746391
2019-08-16T10:00:00,41.89492034912109
2019-08-16T11:00:00,45.218384120775305
2019-08-16T12:00:00,53.19386026133661
2019-08-16T13:00:00,62.592785379161
2019-08-16T14:00:00,61.29108627982761
2019-08-16T15:00:00,61.159616387408704
2019-08-16T16:00:00,64.24484352443528
2019-08-16T17:00:00,71.56089152460511
2019-08-16T18:00:00,73.18828881305197
2019-08-16T19:00:00,74.43365412173064
2019-08-16T20:00:00,69.85410076638927
2019-08-16T21:00:00,54.743164560069204
2019-08-16T22:00:00,51.67402300627335
2019-08-16T23:00:00,47.3033973030422
2019-08-17T00:00:00,39.69935823523479
2019-08-17T01:00:00,34.13925270412279
2019-08-17T02:00:00,28.47243848054305
2019-08-17T03:00:00,24.586244085560672
2019-08-17T04:00:00,25.31224283964737
2019-08-17T05:00:00,27.95173835754394
2019-08-17T06:00:00,30.782713931539778
2019-08-17T07:00:00,32.95317840576172
2019-08-17T08:00:00,34.72725345777428
2019-08-17T09:00:00,37.01756800775942
2019-08-17T10:00:00,40.7933177118716
2019-08-17T11:00:00,48.436796437139094
2019-08-17T12:00:00,58.76801548833432
2019-08-17T13:00:00,65.21050262451172
2019-08-17T14:00:00,67.2202964451002
2019-08-17T15:00:00,65.897775069527
2019-08-17T16:00:00,59.53173794953719
2019-08-17T17:00:00,50.95564120748769
2019-08-17T18:00:00,46.67512047809103
2019-08-17T19:00:00,45.11916666445524
2019-08-17T20:00:00,42.480537746263586
2019-08-17T21:00:00,38.8057105022928
2019-08-17T22:00:00,35.97159095432447
2019-08-17T23:00:00,35.476335276728086
2019-08-18T00:00:00,36.70039351090141
2019-08-18T01:00:00,39.086308852485985
2019-08-18T02:00:00,39.55326279349949
2019-08-18T03:00:00,36.267312423042625
2019-08-18T04:00:00,30.77712399026622
2019-08-18T05:00:00,28.080240249633782
2019-08-18T06:00:00,26.85153239706288
2019-08-18T07:00:00,25.911106441331945
2019-08-18T08:00:00,24.38222039264181
2019-08-18T09:00:00,23.411550438922383
2019-08-18T10:00:00,23.411551765773606
2019-08-18T11:00:00,25.069573029227875
2019-08-18T12:00:00,31.853965095851727
2019-08-18T13:00:00,42.46489118493121
2019-08-18T14:00:00,54.15191816247027
2019-08-18T15:00:00,63.026929440705665
2019-08-18T16:00:00,69.7545938906462
2019-08-18T17:00:00,75.31619992463484
2019-08-18T18:00:00,78.14503346318783
2019-08-18T19:00:00,79.57222980001697
2019-08-18T20:00:00,81.86685247006622
2019-08-18T21:00:00,81.70967367421025
2019-08-18T22:00:00,79.46653515359628
2019-08-18T23:00:00,77.72544661812158
2019-08-19T00:00:00,77.47001946490744
2019-08-19T01:00:00,70.9504573656165
2019-08-19T02:00:00,44.216551905092984
2019-08-19T03:00:00,35.19279314124066
2019-08-19T04:00:00,32.290236099906586
2019-08-19T05:00:00,30.558017399000075
2019-08-19T06:00:00,28.931350459223207
2019-08-19T07:00:00,28.242535715517786
2019-08-19T08:00:00,27.859852085942805
2019-08-19T09:00:00,27.797513795935586
2019-08-19T10:00:00,28.079685128253438
2019-08-19T11:00:00,30.49319458007812
2019-08-19T12:00:00,38.716686912204906
2019-08-19T13:00:00,46.40272837099821
2019-08-19T14:00:00,48.276781330937915
2019-08-19T15:00:00,49.76891807887865
2019-08-19T16:00:00,49.36340116417926
2019-08-19T17:00:00,48.7783786939538
2019-08-19T18:00:00,49.9319371762483
2019-08-19T19:00:00,51.336004174273945
2019-08-19T20:00:00,53.15511006894318
2019-08-19T21:00:00,55.20937778638756
2019-08-19T22:00:00,56.59662959886633
2019-08-19T23:00:00,56.982983630636454
2019-08-20T00:00:00,56.9540727034859
2019-08-20T01:00:00,52.96588068423063
2019-08-20T02:00:00,31.175345296445098
2019-08-20T03:00:00,22.869951745738152
2019-08-20T04:00:00,19.548789646314535
2019-08-20T05:00:00,17.962714319643766
2019-08-20T06:00:00,17.622680498206094
2019-08-20T07:00:00,17.512951643570606
2019-08-20T08:00:00,17.660646355670433
2019-08-20T09:00:00,17.906746988711145
2019-08-20T10:00:00,18.632119386092473
2019-08-20T11:00:00,21.135627083156415
2019-08-20T12:00:00,27.434810970140536
2019-08-20T13:00:00,36.08195246820864
2019-08-20T14:00:00,39.04700785097868
2019-08-20T15:00:00,39.69756167867909
2019-08-20T16:00:00,40.30410600745159
2019-08-20T17:00:00,41.542763088060454
2019-08-20T18:00:00,43.2027534816576
2019-08-20T19:00:00,43.504591236943774
2019-08-20T20:00:00,40.33477667103643
2019-08-20T21:00:00,36.48045033993928
2019-08-20T22:00:00,33.85461898471998
2019-08-20T23:00:00,32.07330969105596
2019-08-21T00:00:00,31.988402325174086
2019-08-21T01:00:00,31.01600389895232
2019-08-21T02:00:00,22.509023666381832
2019-08-21T03:00:00,16.704175451527473
2019-08-21T04:00:00,14.925279783165973
2019-08-21T05:00:00,14.12859199358069
2019-08-21T06:00:00,13.722704431285026
2019-08-21T07:00:00,14.266642072926397
2019-08-21T08:00:00,14.808300350023352
2019-08-21T09:00:00,15.043663688327955
2019-08-21T10:00:00,15.236505301102346
2019-08-21T11:00:00,16.511575076891024
2019-08-21T12:00:00,22.1513730754023
2019-08-21T13:00:00,28.27590768233589
2019-08-21T14:00:00,30.99032592773437
2019-08-21T15:00:00,31.666063059931215
2019-08-21T16:00:00,30.281050640603773
2019-08-21T17:00:00,27.950296401977536
2019-08-21T18:00:00,26.12547028583029
2019-08-21T19:00:00,24.864185582036555
2019-08-21T20:00:00,23.840504770693567
2019-08-21T21:00:00,23.638400533924926
2019-08-21T22:00:00,24.029210795526915
2019-08-21T23:00:00,24.159972481105637
2019-08-22T00:00:00,23.933204485022504
2019-08-22T01:00:00,23.358978520268977
2019-08-22T02:00:00,22.383019903431766
2019-08-22T03:00:00,18.786993026733395
2019-08-22T04:00:00,15.849864379219383
2019-08-22T05:00:00,15.34911354728367
2019-08-22T06:00:00,15.86608202561088
2019-08-22T07:00:00,16.476678433625594
2019-08-22T08:00:00,16.538503895635188
2019-08-22T09:00:00,17.40685288802437
2019-08-22T10:00:00,18.778460958729617
2019-08-22T11:00:00,21.447615250297215
2019-08-22T12:00:00,24.276057118954867
2019-08-22T13:00:00,26.41011843474015
2019-08-22T14:00:00,28.50418953273607
2019-08-22T15:00:00,31.1992362478505
2019-08-22T16:00:00,34.459488827249274
2019-08-22T17:00:00,38.138180276621945
2019-08-22T18:00:00,37.893683723781415
2019-08-22T19:00:00,32.956756343012266
2019-08-22T20:00:00,28.391358334085215
2019-08-22T21:00:00,27.13030906345533
2019-08-22T22:00:00,28.021793365478516
2019-08-22T23:00:00,29.066903902136758
2019-08-23T00:00:00,29.97342308707859
2019-08-23T01:00:00,28.716434644616168
2019-08-23T02:00:00,22.93399437614109
2019-08-23T03:00:00,19.199551706728727
2019-08-23T04:00:00,17.339924024498977
2019-08-23T05:00:00,16.54970417851987
2019-08-23T06:00:00,15.77487564086914
2019-08-23T07:00:00,15.021760194197944
2019-08-23T08:00:00,14.73820636583411
2019-08-23T09:00:00,15.30063484026038
2019-08-23T10:00:00,15.702504862909729
2019-08-23T11:00:00,16.07938716722571
2019-08-23T12:00:00,20.181838491688602
2019-08-23T13:00:00,25.695036266161047
2019-08-23T14:00:00,28.04118952543839
2019-08-23T15:00:00,28.152869514797043
2019-08-23T16:00:00,29.015730152959403
2019-08-23T17:00:00,32.71995685411535
2019-08-23T18:00:00,36.55776131671408
2019-08-23T19:00:00,37.14676699431046
2019-08-23T20:00:00,36.17601676609205
2019-08-23T21:00:00,35.97677156199579
2019-08-23T22:00:00,36.681613756262735
2019-08-23T23:00:00,36.69884756337041
2019-08-24T00:00:00,35.36561999113663
2019-08-24T01:00:00,29.650864891383957
2019-08-24T02:00:00,19.30669635275136
2019-08-24T03:00:00,16.390926609868586
2019-08-24T04:00:00,16.084761992744777
2019-08-24T05:00:00,15.97455538874087
2019-08-24T06:00:00,15.30989476908808
2019-08-24T07:00:00,14.11656392138937
2019-08-24T08:00:00,12.970632594564684
2019-08-24T09:00:00,12.356632274130115
2019-08-24T10:00:00,12.616857114045516
2019-08-24T11:00:00,14.497455555459725
2019-08-24T12:00:00,18.80895539988642
2019-08-24T13:00:00,23.3100412617559
2019-08-24T14:00:00,26.065673745196797
2019-08-24T15:00:00,26.765887136044704
2019-08-24T16:00:00,27.64198071023692
2019-08-24T17:00:00,28.348213610441785
2019-08-24T18:00:00,26.816214851711106
2019-08-24T19:00:00,24.51265542403511
2019-08-24T20:00:00,22.48319202920665
2019-08-24T21:00:00,22.14250149934188
2019-08-24T22:00:00,22.341056740802262
2019-08-24T23:00:00,22.459574823794156
2019-08-25T00:00:00,22.478785390439242
2019-08-25T01:00:00,21.895954546721082
2019-08-25T02:00:00,17.645986971647844
2019-08-25T03:00:00,14.551542986994201
2019-08-25T04:00:00,12.979092432105022
2019-08-25T05:00:00,12.05536879663882
2019-08-25T06:00:00,11.493742030599842
2019-08-25T07:00:00,10.966634584509807
2019-08-25T08:00:00,10.789939631586488
2019-08-25T09:00:00,10.999373643294623
2019-08-25T10:00:00,11.368909296782121
2019-08-25T11:00:00,12.90471603559411
2019-08-25T12:00:00,16.35878969275433
2019-08-25T13:00:00,20.69434812794561
2019-08-25T14:00:00,23.147551660952356
2019-08-25T15:00:00,24.369926286780316
2019-08-25T16:00:00,25.98720384680706
2019-08-25T17:00:00,27.85365054918372
2019-08-25T18:00:00,29.479389605314832
2019-08-25T19:00:00,30.209973210873805
2019-08-25T20:00:00,30.086700771165926
2019-08-25T21:00:00,29.013107465661086
2019-08-25T22:00:00,26.554823419322133
2019-08-25T23:00:00,24.240974260413125
2019-08-26T00:00:00,22.82185255962869
2019-08-26T01:00:00,21.2251385398533
2019-08-26T02:00:00,15.237889870353364
2019-08-26T03:00:00,12.477570906929346
2019-08-26T04:00:00,11.779542342476221
2019-08-26T05:00:00,11.820990769759467
2019-08-26T06:00:00,11.980154617972994
2019-08-26T07:00:00,12.072993237039316
2019-08-26T08:00:00,12.064238962919815
2019-08-26T09:00:00,12.078233470087465
2019-08-26T10:00:00,12.449808784153149
2019-08-26T11:00:00,13.94671469149382
2019-08-26T12:00:00,18.678242559018344
2019-08-26T13:00:00,24.44516803907311
2019-08-26T14:00:00,27.21426101352857
2019-08-26T15:00:00,28.184167364369266
2019-08-26T16:00:00,29.41672764653745
2019-08-26T17:00:00,31.215457999187965
2019-08-26T18:00:00,33.056292907051414
2019-08-26T19:00:00,33.587318088697344
2019-08-26T20:00:00,35.608785214631446
2019-08-26T21:00:00,39.2754143424656
2019-08-26T22:00:00,42.23072698841924
2019-08-26T23:00:00,45.050583051598586
2019-08-27T00:00:00,47.6571627077849
2019-08-27T01:00:00,48.85767878656801
2019-08-27T02:00:00,30.654636217200235
2019-08-27T03:00:00,18.318604013194207
2019-08-27T04:00:00,14.65557877913765
2019-08-27T05:00:00,13.503014066944951
2019-08-27T06:00:00,12.65226600481116
2019-08-27T07:00:00,11.47614761020826
2019-08-27T08:00:00,10.842433224553647
2019-08-27T09:00:00,10.885132126186205
2019-08-27T10:00:00,11.81868146813434
2019-08-27T11:00:00,14.2926027049189
2019-08-27T12:00:00,20.71361831996752
2019-08-27T13:00:00,28.390562140423317
2019-08-27T14:00:00,37.25841522216796
2019-08-27T15:00:00,40.9862412162449
2019-08-27T16:00:00,37.5625873233961
2019-08-27T17:00:00,36.00118802941363
2019-08-27T18:00:00,35.17245392177416
2019-08-27T19:00:00,34.01645776499873
2019-08-27T20:00:00,33.315195332402766
2019-08-27T21:00:00,32.16258695851201
2019-08-27T22:00:00,31.79149221337359
2019-08-27T23:00:00,31.934912723043688
2019-08-28T00:00:00,32.17744138966436
2019-08-28T01:00:00,31.126405301301375
2019-08-28T02:00:00,20.092158773671024
2019-08-28T03:00:00,15.860523431197455
2019-08-28T04:00:00,14.116317790487535
2019-08-28T05:00:00,12.89259852533755
2019-08-28T06:00:00,11.901885281438412
2019-08-28T07:00:00,11.339192556298295
2019-08-28T08:00:00,11.509806384211
2019-08-28T09:00:00,11.678239200426184
2019-08-28T10:00:00,11.971723224805748
2019-08-28T11:00:00,14.120791932810906
2019-08-28T12:00:00,20.90883445739746
2019-08-28T13:00:00,29.702572615250293
2019-08-28T14:00:00,34.70870258497155
2019-08-28T15:00:00,37.54734835417374
2019-08-28T16:00:00,40.145587589429766
2019-08-28T17:00:00,41.04085540771484
2019-08-28T18:00:00,39.797395125679344
2019-08-28T19:00:00,37.73939074640688
2019-08-28T20:00:00,35.14834943025008
2019-08-28T21:00:00,33.61116898578146
2019-08-28T22:00:00,30.990723402603813
2019-08-28T23:00:00,27.700012704600454
2019-08-29T00:00:00,25.921291185461957
2019-08-29T01:00:00,25.1639055998429
2019-08-29T02:00:00,22.43049099134362
2019-08-29T03:00:00,17.311152209406313
2019-08-29T04:00:00,14.431942234868588
2019-08-29T05:00:00,12.950641341831373
2019-08-29T06:00:00,12.133986431619393
2019-08-29T07:00:00,11.779289909031078
2019-08-29T08:00:00,11.208247972571332
2019-08-29T09:00:00,11.117280586906102
2019-08-29T10:00:00,11.829441485197645
2019-08-29T11:00:00,14.126153780066446
2019-08-29T12:00:00,21.430575080539867
2019-08-29T13:00:00,28.965693929921024
2019-08-29T14:00:00,34.50945514181386
2019-08-29T15:00:00,39.67473154482634
2019-08-29T16:00:00,41.35994139961574
2019-08-29T17:00:00,38.07730981577997
2019-08-29T18:00:00,36.402790898862094
2019-08-29T19:00:00,34.682046060976774
2019-08-29T20:00:00,33.05454046829886
2019-08-29T21:00:00,32.4295422097911
2019-08-29T22:00:00,31.318708336871598
2019-08-29T23:00:00,30.516472443290375
2019-08-30T00:00:00,31.461454225623083
2019-08-30T01:00:00,31.42202584639839
2019-08-30T02:00:00,21.009509211001188
2019-08-30T03:00:00,17.696291301561438
2019-08-30T04:00:00,17.219980405724566
2019-08-30T05:00:00,16.227033283399496
2019-08-30T06:00:00,14.626158258189324
2019-08-30T07:00:00,13.273804996324621
2019-08-30T08:00:00,12.752612362737242
2019-08-30T09:00:00,13.093291863151217
2019-08-30T10:00:00,14.222155197806979
2019-08-30T11:00:00,16.538804095724355
2019-08-30T12:00:00,20.558984258900516
2019-08-30T13:00:00,25.41903479202934
2019-08-30T14:00:00,29.49105138364045
2019-08-30T15:00:00,31.93110855765964
2019-08-30T16:00:00,33.15768756037173
2019-08-30T17:00:00,34.3121630627176
2019-08-30T18:00:00,35.030514178068735
2019-08-30T19:00:00,34.523050391155735
2019-08-30T20:00:00,33.090126866879665
2019-08-30T21:00:00,31.20350962099821
2019-08-30T22:00:00,30.741082813428797
2019-08-30T23:00:00,31.367182109666906
2019-08-31T00:00:00,31.896120817764942
2019-08-31T01:00:00,32.04585846610691
2019-08-31T02:00:00,30.13900848056959
2019-08-31T03:00:00,24.12545245626698
2019-08-31T04:00:00,20.81760282101838
2019-08-31T05:00:00,18.837357811305832
2019-08-31T06:00:00,16.892254290373426
2019-08-31T07:00:00,15.727555192035176
2019-08-31T08:00:00,15.28654081925102
2019-08-31T09:00:00,15.338978725930914
2019-08-31T10:00:00,15.967332798501717
2019-08-31T11:00:00,18.130178700322688
2019-08-31T12:00:00,23.578589646712587
2019-08-31T13:00:00,30.322976153829817
2019-08-31T14:00:00,34.05028401250424
2019-08-31T15:00:00,35.442507702371344
2019-08-31T16:00:00,35.399002075195305
2019-08-31T17:00:00,34.99317998471467
2019-08-31T18:00:00,34.425569866014555
2019-08-31T19:00:00,33.177924944006875
2019-08-31T20:00:00,32.783379181571625
2019-08-31T21:00:00,32.274994974550985
2019-08-31T22:00:00,29.92593118418818
2019-08-31T23:00:00,28.985379343447473
2019-09-01T00:00:00,29.448398258375082
2019-09-01T01:00:00,30.330557947573453
2019-09-01T02:00:00,26.83602838930876
2019-09-01T03:00:00,19.80466204104216
2019-09-01T04:00:00,16.49057695140009
2019-09-01T05:00:00,15.49324657606042
2019-09-01T06:00:00,15.38841964887536
2019-09-01T07:00:00,15.230345228443976
2019-09-01T08:00:00,15.296327756798787
2019-09-01T09:00:00,16.183675517206606
2019-09-01T10:00:00,17.564065103945524
2019-09-01T11:00:00,21.260861687038254
2019-09-01T12:00:00,28.95702735237453
2019-09-01T13:00:00,35.78682244342306
2019-09-01T14:00:00,37.42835948778235
2019-09-01T15:00:00,36.33824174300484
2019-09-01T16:00:00,34.789903391962454
2019-09-01T17:00:00,34.4622573852539
2019-09-01T18:00:00,33.661955791970954
2019-09-01T19:00:00,30.926993411520247
2019-09-01T20:00:00,28.904038719508957
2019-09-01T21:00:00,27.646231278129243
2019-09-01T22:00:00,26.677677735038422
2019-09-01T23:00:00,26.48075327665909
2019-09-02T00:00:00,26.808025857676625
2019-09-02T01:00:00,26.10343311143958
2019-09-02T02:00:00,18.167864011681594
2019-09-02T03:00:00,16.208966296652086
2019-09-02T04:00:00,16.881941505100414
2019-09-02T05:00:00,17.94769295402195
2019-09-02T06:00:00,18.80414995939835
2019-09-02T07:00:00,19.180561397386633
2019-09-02T08:00:00,19.205360578454055
2019-09-02T09:00:00,19.38310109014096
2019-09-02T10:00:00,19.77071206466011
2019-09-02T11:00:00,20.820186614990234
2019-09-02T12:00:00,24.25906347191852
2019-09-02T13:00:00,29.376698452493418
2019-09-02T14:00:00,31.735397421795387
2019-09-02T15:00:00,34.52235329669455
2019-09-02T16:00:00,37.08046390699303
2019-09-02T17:00:00,38.81434896717901
2019-09-02T18:00:00,40.21515572589376
2019-09-02T19:00:00,39.34559150364087
2019-09-02T20:00:00,37.74326241534689
2019-09-02T21:00:00,35.51991371486498
2019-09-02T22:00:00,33.98029858133067
2019-09-02T23:00:00,33.47856919661812
2019-09-03T00:00:00,33.66827923318614
2019-09-03T01:00:00,32.352630781090774
2019-09-03T02:00:00,23.855663465416946
2019-09-03T03:00:00,20.875802247420598
2019-09-03T04:00:00,20.983260196188223
2019-09-03T05:00:00,21.270274535469387
2019-09-03T06:00:00,20.460266444994055
2019-09-03T07:00:00,20.053496899812117
2019-09-03T08:00:00,20.183199923971426
2019-09-03T09:00:00,21.069627678912617
2019-09-03T10:00:00,22.486224630604617
2019-09-03T11:00:00,23.904605450837504
2019-09-03T12:00:00,29.2111353666886
2019-09-03T13:00:00,35.78918224832286
2019-09-03T14:00:00,40.11860325025475
2019-09-03T15:00:00,42.015568608823024
2019-09-03T16:00:00,43.984535383141555
2019-09-03T17:00:00,43.46016278474227
2019-09-03T18:00:00,41.15851194962211
2019-09-03T19:00:00,38.606110945991844
2019-09-03T20:00:00,37.08466173254925
2019-09-03T21:00:00,35.78614749079165
2019-09-03T22:00:00,36.30724616672681
2019-09-03T23:00:00,37.262764640476384
2019-09-04T00:00:00,35.91191980113154
2019-09-04T01:00:00,34.37063183991805
2019-09-04T02:00:00,24.551790983780567
2019-09-04T03:00:00,18.536353152731188
2019-09-04T04:00:00,16.440970130588695
2019-09-04T05:00:00,15.536957409070885
2019-09-04T06:00:00,15.011982420216432
2019-09-04T07:00:00,14.60253562097964
2019-09-04T08:00:00,14.27819658362347
2019-09-04T09:00:00,14.582058823626973
2019-09-04T10:00:00,15.550067238185717
2019-09-04T11:00:00,18.06600836048955
2019-09-04T12:00:00,23.96103328207264
2019-09-04T13:00:00,30.1251225678817
2019-09-04T14:00:00,34.248678207397454
2019-09-04T15:00:00,37.35429382324219
2019-09-04T16:00:00,39.541968138321586
2019-09-04T17:00:00,43.22418594360351
2019-09-04T18:00:00,46.71289792268173
2019-09-04T19:00:00,47.4489052813986
2019-09-04T20:00:00,46.663076815397844
2019-09-04T21:00:00,44.89643412050993
2019-09-04T22:00:00,43.17975616455078
2019-09-04T23:00:00,41.64302626900051
2019-09-05T00:00:00,41.78090236497961
2019-09-05T01:00:00,43.27594823422639
2019-09-05T02:00:00,37.70834416928498
2019-09-05T03:00:00,29.865052098813262
2019-09-05T04:00:00,28.41388420436693
2019-09-05T05:00:00,26.479582247526746
2019-09-05T06:00:00,25.366102550340734
2019-09-05T07:00:00,23.72535713859226
2019-09-05T08:00:00,23.620369952657946
2019-09-05T09:00:00,25.108645978181258
2019-09-05T10:00:00,26.46216832036557
2019-09-05T11:00:00,28.44691823876422
2019-09-05T12:00:00,34.54646085656207
2019-09-05T13:00:00,40.91472509632939
2019-09-05T14:00:00,44.0303547071374
2019-09-05T15:00:00,44.11662076867144
2019-09-05T16:00:00,43.86327262546705
2019-09-05T17:00:00,43.363012065058165
2019-09-05T18:00:00,42.4913626961086
2019-09-05T19:00:00,40.45724338033925
2019-09-05T20:00:00,39.0658310599949
2019-09-05T21:00:00,38.32389168117357
2019-09-05T22:00:00,37.7531975455906
2019-09-05T23:00:00,38.2573709902556
2019-09-06T00:00:00,41.74282521786896
2019-09-06T01:00:00,41.55235871024754
2019-09-06T02:00:00,28.079842857692547
2019-09-06T03:00:00,23.988564201023266
2019-09-06T04:00:00,23.100330767424207
2019-09-06T05:00:00,22.859438523002293
2019-09-06T06:00:00,22.627694751905352
2019-09-06T07:00:00,22.199497057043985
2019-09-06T08:00:00,21.964079649552055
2019-09-06T09:00:00,22.848341900369395
2019-09-06T10:00:00,24.61270448435907
2019-09-06T11:00:00,27.653814398724098
2019-09-06T12:00:00,34.84473684559698
2019-09-06T13:00:00,40.10918078215226
2019-09-06T14:00:00,40.82138393236243
2019-09-06T15:00:00,40.75021163277003
2019-09-06T16:00:00,41.12389174751613
2019-09-06T17:00:00,41.62007572339929
2019-09-06T18:00:00,41.72544744740361
2019-09-06T19:00:00,41.86910297559655
2019-09-06T20:00:00,41.975436169168226
2019-09-06T21:00:00,41.80767241768215
2019-09-06T22:00:00,40.76997226217518
2019-09-06T23:00:00,39.56206064638884
2019-09-07T00:00:00,38.166656659997024
2019-09-07T01:00:00,33.94490424446437
2019-09-07T02:00:00,22.97988468667735
2019-09-07T03:00:00,18.002691351849098
2019-09-07T04:00:00,15.923408922941785
2019-09-07T05:00:00,14.60504278929337
2019-09-07T06:00:00,13.741320236869479
2019-09-07T07:00:00,13.374411375626272
2019-09-07T08:00:00,13.66559600830078
2019-09-07T09:00:00,13.920054311337676
2019-09-07T10:00:00,13.965746547864828
2019-09-07T11:00:00,14.678018528482188
2019-09-07T12:00:00,19.086410854173742
2019-09-07T13:00:00,25.012837783150047
2019-09-07T14:00:00,27.48322702490765
2019-09-07T15:00:00,27.95513874551524
2019-09-07T16:00:00,28.583268124124274
2019-09-07T17:00:00,29.319234930950657
2019-09-07T18:00:00,29.947895132977028
2019-09-07T19:00:00,29.812126823093575
2019-09-07T20:00:00,29.680427468341325
2019-09-07T21:00:00,30.686286511628523
2019-09-07T22:00:00,31.565570250801414
2019-09-07T23:00:00,31.03790888578995
2019-09-08T00:00:00,28.083073491635528
2019-09-08T01:00:00,25.973984345145848
2019-09-08T02:00:00,16.93253649836001
2019-09-08T03:00:00,12.911231289739193
2019-09-08T04:00:00,12.06176645859428
2019-09-08T05:00:00,11.652798611184824
2019-09-08T06:00:00,10.61704623180887
2019-09-08T07:00:00,9.999430532040803
2019-09-08T08:00:00,9.654688918072242
2019-09-08T09:00:00,9.775027192157246
2019-09-08T10:00:00,10.447633370109227
2019-09-08T11:00:00,12.613746477210002
2019-09-08T12:00:00,18.19442666095236
2019-09-08T13:00:00,24.196381112803582
2019-09-08T14:00:00,28.812298816183333
2019-09-08T15:00:00,31.82028247999108
2019-09-08T16:00:00,32.382992951766305
2019-09-08T17:00:00,35.89812444603961
2019-09-08T18:00:00,38.91155922931173
2019-09-08T19:00:00,37.338379320891
2019-09-08T20:00:00,36.30934425022291
2019-09-08T21:00:00,36.315714960512906
2019-09-08T22:00:00,36.139364740122915
2019-09-08T23:00:00,35.894260986991554
2019-09-09T00:00:00,35.17024612426758
2019-09-09T01:00:00,31.12166703265646
2019-09-09T02:00:00,21.044986061427903
2019-09-09T03:00:00,17.736961447674293
2019-09-09T04:00:00,16.699623107910156
2019-09-09T05:00:00,16.54843023548955
2019-09-09T06:00:00,16.20138425412385
2019-09-09T07:00:00,15.753642621247662
2019-09-09T08:00:00,15.631802517434824
2019-09-09T09:00:00,15.907134346340012
2019-09-09T10:00:00,16.567153764807657
2019-09-09T11:00:00,18.185028407884676
2019-09-09T12:00:00,23.609790884930153
2019-09-09T13:00:00,32.16624317998471
2019-09-09T14:00:00,41.62057710730511
2019-09-09T15:00:00,50.1044228595236
2019-09-09T16:00:00,55.87371411530867
2019-09-09T17:00:00,59.20037078857421
2019-09-09T18:00:00,62.87926930966584
2019-09-09T19:00:00,66.30076035209323
2019-09-09T20:00:00,68.17087488589078
2019-09-09T21:00:00,68.12905983302903
2019-09-09T22:00:00,64.01749552851138
2019-09-09T23:00:00,56.271331952965774
2019-09-10T00:00:00,52.81798669566278
2019-09-10T01:00:00,48.094159831171446
2019-09-10T02:00:00,29.414373314898945
2019-09-10T03:00:00,22.595662904822305
2019-09-10T04:00:00,21.41295358409052
2019-09-10T05:00:00,20.536070367564324
2019-09-10T06:00:00,19.34475691422172
2019-09-10T07:00:00,18.58078094150709
2019-09-10T08:00:00,18.29403139197308
2019-09-10T09:00:00,18.35495086338209
2019-09-10T10:00:00,19.211398332015328
2019-09-10T11:00:00,22.629743658978004
2019-09-10T12:00:00,30.71065239284349
2019-09-10T13:00:00,38.741997594418734
2019-09-10T14:00:00,45.22480541726817
2019-09-10T15:00:00,49.16047933827275
2019-09-10T16:00:00,48.98574115919029
2019-09-10T17:00:00,50.73583536562712
2019-09-10T18:00:00,53.69556261145549
2019-09-10T19:00:00,58.35487995976987
2019-09-10T20:00:00,59.95578334642492
2019-09-10T21:00:00,59.708694126295
2019-09-10T22:00:00,60.522261080534555
2019-09-10T23:00:00,58.06370494676672
2019-09-11T00:00:00,55.63743060568104
2019-09-11T01:00:00,49.795786981997274
2019-09-11T02:00:00,32.524796942005985
2019-09-11T03:00:00,25.08880407913871
2019-09-11T04:00:00,22.345465784487516
2019-09-11T05:00:00,20.92256620655889
2019-09-11T06:00:00,20.044334494549293
2019-09-11T07:00:00,19.882276452105977
2019-09-11T08:00:00,19.591811221578848
2019-09-11T09:00:00,20.558763172315516
2019-09-11T10:00:00,23.040681175563645
2019-09-11T11:00:00,32.61134736434273
2019-09-11T12:00:00,49.69114734815514
2019-09-11T13:00:00,64.06022892827572
2019-09-11T14:00:00,74.40063310706095
2019-09-11T15:00:00,84.83111771293306
2019-09-11T16:00:00,85.36647564431894
2019-09-11T17:00:00,76.19295932935631
2019-09-11T18:00:00,62.213779117750086
2019-09-11T19:00:00,57.47342549199643
2019-09-11T20:00:00,59.47786845331606
2019-09-11T21:00:00,56.94550522514011
2019-09-11T22:00:00,48.654156892195985
2019-09-11T23:00:00,43.217657669730805
2019-09-12T00:00:00,42.920368526292876
2019-09-12T01:00:00,44.17131224922511
2019-09-12T02:00:00,36.31075121008831
2019-09-12T03:00:00,26.015359629755434
2019-09-12T04:00:00,22.493211082790207
2019-09-12T05:00:00,21.36975984988005
2019-09-12T06:00:00,21.280854598335594
2019-09-12T07:00:00,21.976713429326594
2019-09-12T08:00:00,22.989751069442082
2019-09-12T09:00:00,24.11388513316279
2019-09-12T10:00:00,26.09602057415506
2019-09-12T11:00:00,30.91606305993121
2019-09-12T12:00:00,41.18969560706097
2019-09-12T13:00:00,53.20945109491762
2019-09-12T14:00:00,59.87234878540038
2019-09-12T15:00:00,55.22310671599014
2019-09-12T16:00:00,58.642828568168305
2019-09-12T17:00:00,65.05491074271823
2019-09-12T18:00:00,72.45028421153192
2019-09-12T19:00:00,74.06939166525136
2019-09-12T20:00:00,68.89803712264352
2019-09-12T21:00:00,48.85443297676417
2019-09-12T22:00:00,48.72264646447223
2019-09-12T23:00:00,53.49126633353855
2019-09-13T00:00:00,57.31712059352708
2019-09-13T01:00:00,55.298313638438344
2019-09-13T02:00:00,32.26787368110988
2019-09-13T03:00:00,22.54359154079271
2019-09-13T04:00:00,19.82804854019828
2019-09-13T05:00:00,20.253040479577102
2019-09-13T06:00:00,19.976228962773856
2019-09-13T07:00:00,17.30730438232422
2019-09-13T08:00:00,15.912964115972102
2019-09-13T09:00:00,15.313875239828358
2019-09-13T10:00:00,15.450296319049334
2019-09-13T11:00:00,16.225571715313453
2019-09-13T12:00:00,19.68234236344047
2019-09-13T13:00:00,25.76649947788404
2019-09-13T14:00:00,30.361735468325406
2019-09-13T15:00:00,38.61209404986837
2019-09-13T16:00:00,49.50172756029211
2019-09-13T17:00:00,64.18692812712295
2019-09-13T18:00:00,75.11468140975289
2019-09-13T19:00:00,82.89810810918394
2019-09-13T20:00:00,84.76054216467816
2019-09-13T21:00:00,81.23794091266134
2019-09-13T22:00:00,75.68314792798913
2019-09-13T23:00:00,68.32802382759425
2019-09-14T00:00:00,56.13010572350543
2019-09-14T01:00:00,52.43724126401155
2019-09-14T02:00:00,43.17093177463697
2019-09-14T03:00:00,31.09339896492336
2019-09-14T04:00:00,28.278428865515664
2019-09-14T05:00:00,27.328313993371047
2019-09-14T06:00:00,27.961439464403234
2019-09-14T07:00:00,28.09135859945546
2019-09-14T08:00:00,26.629724419635274
2019-09-14T09:00:00,24.912758454032566
2019-09-14T10:00:00,23.67290256334387
2019-09-14T11:00:00,24.653109591940172
2019-09-14T12:00:00,30.90842736285666
2019-09-14T13:00:00,37.98958604232124
2019-09-14T14:00:00,43.2804422793181
2019-09-14T15:00:00,47.3393499954887
2019-09-14T16:00:00,50.38914804873259
2019-09-14T17:00:00,52.87159115335215
2019-09-14T18:00:00,54.57367391171662
2019-09-14T19:00:00,54.4833986033564
2019-09-14T20:00:00,53.80878995812457
2019-09-14T21:00:00,53.70117502627165
2019-09-14T22:00:00,54.396438101063595
2019-09-14T23:00:00,54.69936934761379
2019-09-15T00:00:00,53.88517810987389
2019-09-15T01:00:00,51.63758518384849
2019-09-15T02:00:00,35.70284702466881
2019-09-15T03:00:00,23.02164019709048
2019-09-15T04:00:00,18.568434176237687
2019-09-15T05:00:00,16.778534474580184
2019-09-15T06:00:00,16.55233441228452
2019-09-15T07:00:00,17.9336810733961
2019-09-15T08:00:00,19.34710577259893
2019-09-15T09:00:00,19.83590797756029
2019-09-15T10:00:00,20.250167266182274
2019-09-15T11:00:00,24.226861124453336
2019-09-15T12:00:00,36.219683108122446
2019-09-15T13:00:00,48.09714624156122
2019-09-15T14:00:00,53.674303801163376
2019-09-15T15:00:00,57.14372070975925
2019-09-15T16:00:00,59.26360387387482
2019-09-15T17:00:00,57.8704722860585
2019-09-15T18:00:00,55.102699279785156
2019-09-15T19:00:00,55.82070773580799
2019-09-15T20:00:00,56.01149268772291
2019-09-15T21:00:00,53.90273898580799
2019-09-15T22:00:00,52.35009268055791
2019-09-15T23:00:00,53.21702044943104
2019-09-16T00:00:00,49.262829490329906
2019-09-16T01:00:00,40.610113724418305
2019-09-16T02:00:00,29.1745722397514
2019-09-16T03:00:00,18.80002668629522
2019-09-16T04:00:00,15.644488624904465
2019-09-16T05:00:00,15.727480349333389
2019-09-16T06:00:00,16.393752554188605
2019-09-16T07:00:00,16.753180794093918
2019-09-16T08:00:00,16.502703956935715
2019-09-16T09:00:00,16.793248715608016
2019-09-16T10:00:00,17.762134717858352
2019-09-16T11:00:00,21.189077377319332
2019-09-16T12:00:00,28.567108237225074
2019-09-16T13:00:00,36.75885855633279
2019-09-16T14:00:00,43.67689812701681
2019-09-16T15:00:00,46.758610601010524
2019-09-16T16:00:00,47.54149776956309
2019-09-16T17:00:00,49.65313206548275
2019-09-16T18:00:00,49.799134959345274
2019-09-16T19:00:00,48.67348264611285
2019-09-16T20:00:00,47.67826130079185
2019-09-16T21:00:00,47.06337937064792
2019-09-16T22:00:00,47.157702238663376
2019-09-16T23:00:00,45.68156366762908
2019-09-17T00:00:00,44.072183857793384
2019-09-17T01:00:00,41.483838620393165
2019-09-17T02:00:00,27.99070142663043
2019-09-17T03:00:00,22.376377105712887
2019-09-17T04:00:00,22.166975270146906
2019-09-17T05:00:00,21.493862152099606
2019-09-17T06:00:00,19.855672670447305
2019-09-17T07:00:00,19.29570886363154
2019-09-17T08:00:00,19.890395869379457
2019-09-17T09:00:00,22.09513166676397
2019-09-17T10:00:00,23.06130931688391
2019-09-17T11:00:00,24.329485520072602
2019-09-17T12:00:00,30.52224681688391
2019-09-17T13:00:00,36.134030549422555
2019-09-17T14:00:00,42.67073888364045
2019-09-17T15:00:00,48.04168634829313
2019-09-17T16:00:00,50.577588454536766
2019-09-17T17:00:00,50.8466738825259
2019-09-17T18:00:00,49.51460548069166
2019-09-17T19:00:00,46.43220254649286
2019-09-17T20:00:00,43.26891625445822
2019-09-17T21:00:00,40.8712272644043
2019-09-17T22:00:00,39.540634984555446
2019-09-17T23:00:00,38.840992637302556
2019-09-18T00:00:00,38.22920840719472
2019-09-18T01:00:00,35.02459285570227
2019-09-18T02:00:00,22.58855521160623
2019-09-18T03:00:00,16.792084362195883
2019-09-18T04:00:00,14.954271772633428
2019-09-18T05:00:00,14.29504867221998
2019-09-18T06:00:00,14.033767409946607
2019-09-18T07:00:00,14.123497838559357
2019-09-18T08:00:00,14.572357094806172
2019-09-18T09:00:00,15.29806841974673
2019-09-18T10:00:00,16.41180660413659
2019-09-18T11:00:00,18.54238128662109
2019-09-18T12:00:00,22.236820386803664
2019-09-18T13:00:00,27.414546966552734
2019-09-18T14:00:00,31.05684064782184
2019-09-18T15:00:00,31.741585772970442
2019-09-18T16:00:00,31.50248651919157
2019-09-18T17:00:00,31.555601119995114
2019-09-18T18:00:00,31.186451372892957
2019-09-18T19:00:00,29.764407779859454
2019-09-18T20:00:00,29.3338680267334
2019-09-18T21:00:00,29.752672527147368
2019-09-18T22:00:00,30.355356382287066
2019-09-18T23:00:00,31.111603031987723
2019-09-19T00:00:00,32.332753388778016
2019-09-19T01:00:00,33.07531315347423
2019-09-19T02:00:00,25.379270138947856
2019-09-19T03:00:00,16.81431077874225
2019-09-19T04:00:00,14.352048251939856
2019-09-19T05:00:00,13.503586354462996
2019-09-19T06:00:00,13.244984336521313
2019-09-19T07:00:00,13.392900674239447
2019-09-19T08:00:00,13.229770411615785
2019-09-19T09:00:00,13.668230139690897
2019-09-19T10:00:00,14.566668137260104
2019-09-19T11:00:00,18.14541684026303
2019-09-19T12:00:00,26.47018706280252
2019-09-19T13:00:00,35.03808560578719
2019-09-19T14:00:00,34.092601278553836
2019-09-19T15:00:00,28.437964314999785
2019-09-19T16:00:00,25.622968839562454
2019-09-19T17:00:00,21.33530940180239
2019-09-19T18:00:00,16.45643441573433
2019-09-19T19:00:00,15.315181359000828
2019-09-19T20:00:00,16.88432038348654
2019-09-19T21:00:00,19.22173276154891
2019-09-19T22:00:00,21.271518043849778
2019-09-19T23:00:00,22.771872727767278
2019-09-20T00:00:00,23.577049670012098
2019-09-20T01:00:00,23.482308429220446
2019-09-20T02:00:00,22.8981296705163
2019-09-20T03:00:00,19.3612408016039
2019-09-20T04:00:00,13.64484923818837
2019-09-20T05:00:00,12.584682215815004
2019-09-20T06:00:00,12.667054342186967
2019-09-20T07:00:00,12.230185342871623
2019-09-20T08:00:00,12.915511545927627
2019-09-20T09:00:00,15.177813488504158
2019-09-20T10:00:00,18.41899498649265
2019-09-20T11:00:00,25.06099676049274
2019-09-20T12:00:00,35.457897352135696
2019-09-20T13:00:00,45.2262259773586
2019-09-20T14:00:00,52.48156655353048
2019-09-20T15:00:00,57.317531253980555
2019-09-20T16:00:00,60.92996315334153
2019-09-20T17:00:00,63.9177541318147
2019-09-20T18:00:00,66.15610371465267
2019-09-20T19:00:00,65.12554732612941
2019-09-20T20:00:00,62.47350311279296
2019-09-20T21:00:00,61.81122423254924
2019-09-20T22:00:00,59.91885011092476
2019-09-20T23:00:00,56.51943936555281
2019-09-21T00:00:00,52.76351630169411
2019-09-21T01:00:00,48.299862405528195
2019-09-21T02:00:00,30.072871166726813
2019-09-21T03:00:00,20.302551767100457
2019-09-21T04:00:00,16.499695943749465
2019-09-21T05:00:00,14.391954048820162
2019-09-21T06:00:00,12.975109183269996
2019-09-21T07:00:00,12.545018569282862
2019-09-21T08:00:00,12.767009113145908
2019-09-21T09:00:00,13.117952968763268
2019-09-21T10:00:00,14.302206827246625
2019-09-21T11:00:00,19.26170954496964
2019-09-21T12:00:00,28.004800879436992
2019-09-21T13:00:00,38.45394748190174
2019-09-21T14:00:00,48.75035426927649
2019-09-21T15:00:00,53.13825706813647
2019-09-21T16:00:00,56.70722065801205
2019-09-21T17:00:00,58.40423484470533
2019-09-21T18:00:00,58.28655823417331
2019-09-21T19:00:00,56.869454757027
2019-09-21T20:00:00,56.682127745255166
2019-09-21T21:00:00,57.59939160554305
2019-09-21T22:00:00,59.18557739257812
2019-09-21T23:00:00,59.800379711648674
2019-09-22T00:00:00,60.18445719843325
2019-09-22T01:00:00,56.685895339302384
2019-09-22T02:00:00,28.821130752563473
2019-09-22T03:00:00,16.84200332475745
2019-09-22T04:00:00,14.5766950275587
2019-09-22T05:00:00,14.101769032685652
2019-09-22T06:00:00,14.682504695394764
2019-09-22T07:00:00,15.893981601880942
2019-09-22T08:00:00,17.516875142636504
2019-09-22T09:00:00,20.46519818513289
2019-09-22T10:00:00,25.113946334175438
2019-09-22T11:00:00,33.42910584159519
2019-09-22T12:00:00,42.55404464058254
2019-09-22T13:00:00,52.79817630933678
2019-09-22T14:00:00,65.8076928180197
2019-09-22T15:00:00,80.67891361402428
2019-09-22T16:00:00,92.63660762621008
2019-09-22T17:00:00,91.2511400969132
2019-09-22T18:00:00,66.54410984205163
2019-09-22T19:00:00,43.60039055865743
2019-09-22T20:00:00,50.21520133640455
2019-09-22T21:00:00,59.293689064357594
2019-09-22T22:00:00,63.31015578560207
2019-09-22T23:00:00,61.0065572987432
2019-09-23T00:00:00,57.750114109205164
2019-09-23T01:00:00,57.97835839313009
2019-09-23T02:00:00,41.183116415272586
2019-09-23T03:00:00,22.30535324760105
2019-09-23T04:00:00,17.614514060642406
2019-09-23T05:00:00,16.880853404169496
2019-09-23T06:00:00,17.729513582975965
2019-09-23T07:00:00,19.044944514398985
2019-09-23T08:00:00,21.699166256448496
2019-09-23T09:00:00,23.971728698067043
2019-09-23T10:00:00,28.544811497563902
2019-09-23T11:00:00,38.94912421185037
2019-09-23T12:00:00,48.031666962996766
2019-09-23T13:00:00,52.20446976371433
2019-09-23T14:00:00,52.66809198130731
2019-09-23T15:00:00,54.62120968362559
2019-09-23T16:00:00,54.48194371099057
2019-09-23T17:00:00,49.941500788149625
2019-09-23T18:00:00,40.86406342879586
2019-09-23T19:00:00,36.5877569447393
2019-09-23T20:00:00,31.992318858271055
2019-09-23T21:00:00,27.937301304029383
2019-09-23T22:00:00,25.915513163027555
2019-09-23T23:00:00,26.446162348208215
2019-09-24T00:00:00,26.44165578095809
2019-09-24T01:00:00,23.373066943624742
2019-09-24T02:00:00,17.902349223261293
2019-09-24T03:00:00,13.22096364394478
2019-09-24T04:00:00,11.409882255222485
2019-09-24T05:00:00,11.14812643631645
2019-09-24T06:00:00,11.28683164845342
2019-09-24T07:00:00,11.597997789797576
2019-09-24T08:00:00,12.196621189946713
2019-09-24T09:00:00,13.151726142219875
2019-09-24T10:00:00,14.693807228751803
2019-09-24T11:00:00,19.53509480020274
2019-09-24T12:00:00,25.281604269276492
2019-09-24T13:00:00,29.17655347741168
2019-09-24T14:00:00,34.156370743461274
2019-09-24T15:00:00,39.94914063163426
2019-09-24T16:00:00,46.20193166318146
2019-09-24T17:00:00,51.82251673159391
2019-09-24T18:00:00,57.142043569813595
2019-09-24T19:00:00,61.94133178047512
2019-09-24T20:00:00,69.00763005795685
2019-09-24T21:00:00,79.13732478929602
2019-09-24T22:00:00,89.46245807150135
2019-09-24T23:00:00,98.8232136601987
2019-09-25T00:00:00,108.71254962423573
2019-09-25T01:00:00,101.38370082689367
2019-09-25T02:00:00,49.56219416079313
2019-09-25T03:00:00,29.556339098059606
2019-09-25T04:00:00,21.835190814474352
2019-09-25T05:00:00,20.12301992333453
2019-09-25T06:00:00,20.224498831707493
2019-09-25T07:00:00,21.291268804798953
2019-09-25T08:00:00,22.90185969808827
2019-09-25T09:00:00,25.68300214021102
2019-09-25T10:00:00,32.23055706853452
2019-09-25T11:00:00,41.13947893225628
2019-09-25T12:00:00,54.48343177463697
2019-09-25T13:00:00,69.65126402481741
2019-09-25T14:00:00,80.29930280602495
2019-09-25T15:00:00,87.71122476328974
2019-09-25T16:00:00,93.34617880116338
2019-09-25T17:00:00,95.5010180266007
2019-09-25T18:00:00,96.34258535633914
2019-09-25T19:00:00,95.16995405114214
2019-09-25T20:00:00,90.72178152333133
2019-09-25T21:00:00,89.67868473218834
2019-09-25T22:00:00,89.95045438020125
2019-09-25T23:00:00,90.11447442096211
2019-09-26T00:00:00,89.94903531281842
2019-09-26T01:00:00,69.29676984704058
2019-09-26T02:00:00,23.19612577687139
2019-09-26T03:00:00,17.449716733849566
2019-09-26T04:00:00,16.54056748099949
2019-09-26T05:00:00,16.47572849107825
2019-09-26T06:00:00,17.703595202902086
2019-09-26T07:00:00,20.00474747367527
2019-09-26T08:00:00,22.065044651860777
2019-09-26T09:00:00,24.129098477570903
2019-09-26T10:00:00,27.368764877319332
2019-09-26T11:00:00,32.75429899796195
2019-09-26T12:00:00,42.44392378433891
2019-09-26T13:00:00,55.44383554873259
2019-09-26T14:00:00,73.3167910368546
2019-09-26T15:00:00,91.66841788913892
2019-09-26T16:00:00,109.31895645805027
2019-09-26T17:00:00,125.38067693295683
2019-09-26T18:00:00,139.7593891309655
2019-09-26T19:00:00,150.85980755349863
2019-09-26T20:00:00,160.30770276940387
2019-09-26T21:00:00,167.5758408256199
2019-09-26T22:00:00,168.28224049443781
2019-09-26T23:00:00,159.8479461669922
2019-09-27T00:00:00,135.35961615520975
2019-09-27T01:00:00,112.01308109449303
2019-09-27T02:00:00,62.585121154785156
2019-09-27T03:00:00,29.674877166748043
2019-09-27T04:00:00,19.197581166806426
2019-09-27T05:00:00,13.425246280172594
2019-09-27T06:00:00,11.465343081432838
2019-09-27T07:00:00,11.770292738209598
2019-09-27T08:00:00,12.229057685188625
2019-09-27T09:00:00,12.83587016230044
2019-09-27T10:00:00,13.636333548504373
2019-09-27T11:00:00,15.782748222351072
2019-09-27T12:00:00,19.266288757324215
2019-09-27T13:00:00,24.579249008842133
2019-09-27T14:00:00,30.381252869315766
2019-09-27T15:00:00,35.51767067287279
2019-09-27T16:00:00,39.73658511949622
2019-09-27T17:00:00,43.03284255318019
2019-09-27T18:00:00,44.56596415975819
2019-09-27T19:00:00,45.06012460459833
2019-09-27T20:00:00,49.91665151844853
2019-09-27T21:00:00,53.5141024382218
2019-09-27T22:00:00,55.353051558784806
2019-09-27T23:00:00,57.52166582190472
2019-09-28T00:00:00,58.674312757409126
2019-09-28T01:00:00,58.24084240457285
2019-09-28T02:00:00,31.366583119267997
2019-09-28T03:00:00,17.123708807903782
2019-09-28T04:00:00,12.593214822852092
2019-09-28T05:00:00,10.637222124182658
2019-09-28T06:00:00,9.601002319999361
2019-09-28T07:00:00,9.20013093948364
2019-09-28T08:00:00,9.086333855338717
2019-09-28T09:00:00,9.506988193677818
2019-09-28T10:00:00,10.705774224322775
2019-09-28T11:00:00,12.66017776986827
2019-09-28T12:00:00,15.807030968044113
2019-09-28T13:00:00,21.713858231254243
2019-09-28T14:00:00,27.526811516803242
2019-09-28T15:00:00,32.06202847024669
2019-09-28T16:00:00,29.660938428795852
2019-09-28T17:00:00,33.59408204451851
2019-09-28T18:00:00,37.87826504914656
2019-09-28T19:00:00,49.156437086022414
2019-09-28T20:00:00,65.49941585374914
2019-09-28T21:00:00,78.17063306725542
2019-09-28T22:00:00,88.16976331627887
2019-09-28T23:00:00,95.5779976222826
2019-09-29T00:00:00,99.26658232315725
2019-09-29T01:00:00,94.71762350331181
2019-09-29T02:00:00,43.699246448019274
2019-09-29T03:00:00,23.86920356750488
2019-09-29T04:00:00,19.296525789343793
2019-09-29T05:00:00,17.095169896664824
2019-09-29T06:00:00,15.636056526847508
2019-09-29T07:00:00,14.284658888111943
2019-09-29T08:00:00,13.836837436841881
2019-09-29T09:00:00,14.65634656989056
2019-09-29T10:00:00,15.90021510746168
2019-09-29T11:00:00,18.00387216650921
2019-09-29T12:00:00,22.376426282136336
2019-09-29T13:00:00,28.82908854277237
2019-09-29T14:00:00,36.53126293679942
2019-09-29T15:00:00,42.76572045035984
2019-09-29T16:00:00,49.57701475723929
2019-09-29T17:00:00,56.290418707806126
2019-09-29T18:00:00,61.68886897874914
2019-09-29T19:00:00,60.44036649621051
2019-09-29T20:00:00,58.46910742054814
2019-09-29T21:00:00,63.86611739448878
2019-09-29T22:00:00,72.95172085969345
2019-09-29T23:00:00,81.28928010360053
2019-09-30T00:00:00,83.73584548286769
2019-09-30T01:00:00,80.10708104009214
2019-09-30T02:00:00,37.08608370241911
2019-09-30T03:00:00,15.293375388435695
2019-09-30T04:00:00,13.690171739329461
2019-09-30T05:00:00,13.908335312553072
2019-09-30T06:00:00,14.501660968946371
2019-09-30T07:00:00,15.106825828552243
2019-09-30T08:00:00,15.653453909832495
2019-09-30T09:00:00,15.774724960327148
2019-09-30T10:00:00,16.544088695360266
2019-09-30T11:00:00,16.900380632151727
2019-09-30T12:00:00,22.593015421991762
2019-09-30T13:00:00,31.174502828846805
2019-09-30T14:00:00,30.79104166445525
2019-09-30T15:00:00,40.257792099662446
2019-09-30T16:00:00,54.716936940732204
2019-09-30T17:00:00,71.75129782635231
2019-09-30T18:00:00,93.00481630408245
2019-09-30T19:00:00,116.55162877621856
2019-09-30T20:00:00,141.09271140720534
2019-09-30T21:00:00,167.17241569187328
2019-09-30T22:00:00,189.7928254500679
2019-09-30T23:00:00,214.83854542607844
2019-10-01T00:00:00,242.5959883980129
2019-10-01T01:00:00,180.71337160856825
2019-10-01T02:00:00,70.89555342301077
2019-10-01T03:00:00,49.24595227448836
2019-10-01T04:00:00,39.316739123800524
2019-10-01T05:00:00,32.681544179501735
2019-10-01T06:00:00,27.36323605413022
2019-10-01T07:00:00,23.241196673849352
2019-10-01T08:00:00,20.518618583679196
2019-10-01T09:00:00,19.396200511766516
2019-10-01T10:00:00,19.514474122420598
2019-10-01T11:00:00,20.310042505678922
2019-10-01T12:00:00,23.266878252444055
2019-10-01T13:00:00,28.567897796630856
2019-10-01T14:00:00,36.21771538775899
2019-10-01T15:00:00,43.108674671338946
2019-10-01T16:00:00,50.31292915344237
2019-10-01T17:00:00,62.03973604285198
2019-10-01T18:00:00,74.38520381761633
2019-10-01T19:00:00,86.49754399838653
2019-10-01T20:00:00,96.36518494979192
2019-10-01T21:00:00,104.43047465448794
2019-10-01T22:00:00,111.77430957296619
2019-10-01T23:00:00,118.817988851796
2019-10-02T00:00:00,123.07711228080416
2019-10-02T01:00:00,113.58479010540505
2019-10-02T02:00:00,56.97973516713017
2019-10-02T03:00:00,30.365632015725836
2019-10-02T04:00:00,21.743911660235856
2019-10-02T05:00:00,17.184386958246645
2019-10-02T06:00:00,14.5085333533909
2019-10-02T07:00:00,13.027095545893129
2019-10-02T08:00:00,12.44470575581426
2019-10-02T09:00:00,12.691506676051926
2019-10-02T10:00:00,13.442281391309654
2019-10-02T11:00:00,12.91684988270635
2019-10-02T12:00:00,18.375699914020043
2019-10-02T13:00:00,29.259776571522586
2019-10-02T14:00:00,43.22338999872622
2019-10-02T15:00:00,59.40536366338314
2019-10-02T16:00:00,76.730504574983
2019-10-02T17:00:00,93.65789164667542
2019-10-02T18:00:00,107.48943627398945
2019-10-02T19:00:00,118.59358646558677
2019-10-02T20:00:00,127.23560366423233
2019-10-02T21:00:00,131.28063400931978
2019-10-02T22:00:00,139.66757600203803
2019-10-02T23:00:00,144.84729003906247
2019-10-03T00:00:00,144.23392254373297
2019-10-03T01:00:00,114.15922413701595
2019-10-03T02:00:00,45.688477060069204
2019-10-03T03:00:00,27.795896613079567
2019-10-03T04:00:00,22.908308319423508
2019-10-03T05:00:00,20.75932291279668
2019-10-03T06:00:00,19.98923086083453
2019-10-03T07:00:00,20.604024596836254
2019-10-03T08:00:00,21.71222649449887
2019-10-03T09:00:00,25.840614318847653
2019-10-03T10:00:00,33.23589275194251
2019-10-03T11:00:00,40.02841244573178
2019-10-03T12:00:00,43.236709345941954
2019-10-03T13:00:00,43.870978148087204
2019-10-03T14:00:00,42.274910719498344
2019-10-03T15:00:00,44.77147483825683
2019-10-03T16:00:00,49.93441780753757
2019-10-03T17:00:00,54.04480378524116
2019-10-03T18:00:00,54.86538712874702
2019-10-03T19:00:00,58.211198723834485
2019-10-03T20:00:00,63.978376305621595
2019-10-03T21:00:00,74.31463589875594
2019-10-03T22:00:00,89.43690955120584
2019-10-03T23:00:00,99.46077728271483
2019-10-04T00:00:00,110.59524801503056
2019-10-04T01:00:00,107.09514120350711
2019-10-04T02:00:00,55.7073858509893
2019-10-04T03:00:00,29.146600557410196
2019-10-04T04:00:00,23.417265767636504
2019-10-04T05:00:00,21.24906589673913
2019-10-04T06:00:00,20.683266764101774
2019-10-04T07:00:00,20.65362341507621
2019-10-04T08:00:00,21.70518518530804
2019-10-04T09:00:00,24.167456502499785
2019-10-04T10:00:00,27.83063805621603
2019-10-04T11:00:00,33.22549197984778
2019-10-04T12:00:00,43.43087204642917
2019-10-04T13:00:00,58.40735045723293
2019-10-04T14:00:00,75.55511673637056
2019-10-04T15:00:00,93.04434900698453
2019-10-04T16:00:00,113.17812048870583
2019-10-04T17:00:00,135.03976374087125
2019-10-04T18:00:00,155.71117434294325
2019-10-04T19:00:00,177.43789407481316
2019-10-04T20:00:00,199.06048053243885
2019-10-04T21:00:00,217.61682725989297
2019-10-04T22:00:00,232.52015752377716
2019-10-04T23:00:00,242.3249458644701
2019-10-05T00:00:00,248.33143947435462
2019-10-05T01:00:00,230.4624673594599
2019-10-05T02:00:00,131.69277821416438
2019-10-05T03:00:00,76.96113818624744
2019-10-05T04:00:00,52.76938728664232
2019-10-05T05:00:00,41.75505513730256
2019-10-05T06:00:00,40.06090844195822
2019-10-05T07:00:00,37.76190384574558
2019-10-05T08:00:00,35.75526345294454
2019-10-05T09:00:00,35.41827392578125
2019-10-05T10:00:00,37.70671678626019
2019-10-05T11:00:00,44.759410360585086
2019-10-05T12:00:00,53.21803665161132
2019-10-05T13:00:00,63.72791058084238
2019-10-05T14:00:00,75.42938166079313
2019-10-05T15:00:00,89.10669243854025
2019-10-05T16:00:00,104.1665742293648
2019-10-05T17:00:00,119.08381652832031
2019-10-05T18:00:00,134.45229837168816
2019-10-05T19:00:00,145.97376284391981
2019-10-05T20:00:00,153.34404522439706
2019-10-05T21:00:00,157.7904755965523
2019-10-05T22:00:00,153.48661605171534
2019-10-05T23:00:00,145.66096828294835
2019-10-06T00:00:00,135.85715783160663
2019-10-06T01:00:00,105.8631724481997
2019-10-06T02:00:00,38.65728394881539
2019-10-06T03:00:00,23.891664339148477
2019-10-06T04:00:00,19.375827291737433
2019-10-06T05:00:00,17.169744242792543
2019-10-06T06:00:00,15.96613602016283
2019-10-06T07:00:00,16.510308224221934
2019-10-06T08:00:00,19.077868503072985
2019-10-06T09:00:00,22.955969271452528
2019-10-06T10:00:00,28.50259789176609
2019-10-06T11:00:00,39.43514566836149
2019-10-06T12:00:00,51.61267637169879
2019-10-06T13:00:00,62.09008142222528
2019-10-06T14:00:00,70.39008165442425
2019-10-06T15:00:00,74.8906538590141
2019-10-06T16:00:00,74.7775703098463
2019-10-06T17:00:00,74.26282866104789
2019-10-06T18:00:00,76.59133446734883
2019-10-06T19:00:00,78.18346902598505
2019-10-06T20:00:00,71.01199937903361
2019-10-06T21:00:00,69.93926272184952
2019-10-06T22:00:00,72.04190726902173
2019-10-06T23:00:00,75.30555128014605
2019-10-07T00:00:00,78.88274516230044
2019-10-07T01:00:00,77.14004682457964
2019-10-07T02:00:00,43.32568143761676
2019-10-07T03:00:00,27.770613297172215
2019-10-07T04:00:00,23.08090724115786
2019-10-07T05:00:00,22.33922593489937
2019-10-07T06:00:00,22.27263251594875
2019-10-07T07:00:00,22.55676128553307
2019-10-07T08:00:00,23.454991382101305
2019-10-07T09:00:00,26.31512583856997
2019-10-07T10:00:00,29.993532595427137
2019-10-07T11:00:00,36.045782172161594
2019-10-07T12:00:00,48.66679199882175
2019-10-07T13:00:00,67.33048779031503
2019-10-07T14:00:00,86.38231260880178
2019-10-07T15:00:00,105.73855391792628
2019-10-07T16:00:00,118.0776493238366
2019-10-07T17:00:00,115.14223845108694
2019-10-07T18:00:00,130.989817743716
2019-10-07T19:00:00,150.88751817786172
2019-10-07T20:00:00,164.62562627377716
2019-10-07T21:00:00,172.66441477899963
2019-10-07T22:00:00,176.53768788213316
2019-10-07T23:00:00,177.65758879288381
2019-10-08T00:00:00,177.8725539497707
2019-10-08T01:00:00,151.76622340990147
2019-10-08T02:00:00,68.62163576872453
2019-10-08T03:00:00,34.078095643416695
2019-10-08T04:00:00,24.63949908380923
2019-10-08T05:00:00,20.572704895682953
2019-10-08T06:00:00,18.628016015757684
2019-10-08T07:00:00,19.10317736086638
2019-10-08T08:00:00,20.72223074539848
2019-10-08T09:00:00,22.24162317358929
2019-10-08T10:00:00,24.708604480909262
2019-10-08T11:00:00,30.91289735876995
2019-10-08T12:00:00,41.54357561857804
2019-10-08T13:00:00,53.61460793536642
2019-10-08T14:00:00,66.47684246560802
2019-10-08T15:00:00,79.18411951479703
2019-10-08T16:00:00,88.88075355861497
2019-10-08T17:00:00,96.07106781005858
2019-10-08T18:00:00,102.02367566979447
2019-10-08T19:00:00,107.0851646091627
2019-10-08T20:00:00,110.60883629840353
2019-10-08T21:00:00,115.67815332827358
2019-10-08T22:00:00,122.86215077275814
2019-10-08T23:00:00,131.81839121942934
2019-10-09T00:00:00,140.8511438784392
2019-10-09T01:00:00,136.5894317626953
2019-10-09T02:00:00,81.50911546790081
2019-10-09T03:00:00,48.518729997717806
2019-10-09T04:00:00,38.817139501157016
2019-10-09T05:00:00,34.10013265195099
2019-10-09T06:00:00,30.268354498821758
2019-10-09T07:00:00,28.005439343659766
2019-10-09T08:00:00,27.157358335412063
2019-10-09T09:00:00,27.53942647187606
2019-10-09T10:00:00,29.69139820596446
2019-10-09T11:00:00,34.33649826049804
2019-10-09T12:00:00,41.5929477525794
2019-10-09T13:00:00,56.35082908298657
2019-10-09T14:00:00,75.50554491126017
2019-10-09T15:00:00,97.0827762769616
2019-10-09T16:00:00,115.26109413478684
2019-10-09T17:00:00,129.1953012217646
2019-10-09T18:00:00,139.63869841202444
2019-10-09T19:00:00,137.6478861933169
2019-10-09T20:00:00,129.99492214037025
2019-10-09T21:00:00,118.5052848484205
2019-10-09T22:00:00,107.22048983366592
2019-10-09T23:00:00,102.46836123259169
2019-10-10T00:00:00,104.86278865648352
2019-10-10T01:00:00,109.76287211542544
2019-10-10T02:00:00,112.51688783065131
2019-10-10T03:00:00,101.34664717964503
2019-10-10T04:00:00,64.44900778065556
2019-10-10T05:00:00,43.63024388188901
2019-10-10T06:00:00,34.9740398241126
2019-10-10T07:00:00,30.209031644074813
2019-10-10T08:00:00,27.02638020722762
2019-10-10T09:00:00,24.351888573688008
2019-10-10T10:00:00,23.071681893390156
2019-10-10T11:00:00,27.25263761437457
2019-10-10T12:00:00,37.922259206357204
2019-10-10T13:00:00,57.89655569325322
2019-10-10T14:00:00,82.1375795447308
2019-10-10T15:00:00,106.56551593282948
2019-10-10T16:00:00,128.90665601647416
2019-10-10T17:00:00,146.9534633470618
2019-10-10T18:00:00,158.54482965884
2019-10-10T19:00:00,152.19399228303328
2019-10-10T20:00:00,146.1137005349864
2019-10-10T21:00:00,135.8435940949813
2019-10-10T22:00:00,122.562151701554
2019-10-10T23:00:00,111.13207576585852
2019-10-11T00:00:00,106.8811678679093
2019-10-11T01:00:00,93.72289541493292
2019-10-11T02:00:00,31.484310067218278
2019-10-11T03:00:00,20.50760227700938
2019-10-11T04:00:00,19.380374162093453
2019-10-11T05:00:00,20.359614330789316
2019-10-11T06:00:00,21.36596472366996
2019-10-11T07:00:00,22.948792996613875
2019-10-11T08:00:00,25.208490620488707
2019-10-11T09:00:00,26.6740145475968
2019-10-11T10:00:00,27.240027220352832
2019-10-11T11:00:00,31.45740732939347
2019-10-11T12:00:00,40.44316217173701
2019-10-11T13:00:00,54.793593696925946
2019-10-11T14:00:00,70.3963226650072
2019-10-11T15:00:00,88.3501109247622
2019-10-11T16:00:00,107.29688196596891
2019-10-11T17:00:00,127.33559716266133
2019-10-11T18:00:00,147.84000695270038
2019-10-11T19:00:00,168.32041931152344
2019-10-11T20:00:00,188.0469406791355
2019-10-11T21:00:00,202.5040117346722
2019-10-11T22:00:00,210.36015916907266
2019-10-11T23:00:00,210.56475830078125
2019-10-12T00:00:00,203.8054146144701
2019-10-12T01:00:00,172.09276879352072
2019-10-12T02:00:00,51.02905422708262
2019-10-12T03:00:00,24.929651260375973
2019-10-12T04:00:00,19.377545315286383
2019-10-12T05:00:00,16.522202201511547
2019-10-12T06:00:00,14.7429665275242
2019-10-12T07:00:00,13.67855872278628
2019-10-12T08:00:00,13.747580694115678
2019-10-12T09:00:00,16.263112607209575
2019-10-12T10:00:00,20.28355366250743
2019-10-12T11:00:00,26.982728128847867
2019-10-12T12:00:00,36.96765020619267
2019-10-12T13:00:00,50.87227829642917
2019-10-12T14:00:00,65.78303925887398
2019-10-12T15:00:00,83.84190634022588
2019-10-12T16:00:00,103.68890845257302
2019-10-12T17:00:00,123.99684906005857
2019-10-12T18:00:00,143.42153598951256
2019-10-12T19:00:00,158.5835723876953
2019-10-12T20:00:00,168.4198880402938
2019-10-12T21:00:00,177.66936924146566
2019-10-12T22:00:00,188.18942990510357
2019-10-12T23:00:00,195.28597425377887
2019-10-13T00:00:00,200.9032811703889
2019-10-13T01:00:00,185.1135771378227
2019-10-13T02:00:00,102.00557078485903
2019-10-13T03:00:00,63.258034084154204
2019-10-13T04:00:00,46.05382637355638
2019-10-13T05:00:00,37.31724498582923
2019-10-13T06:00:00,32.31455678525178
2019-10-13T07:00:00,29.689350791599434
2019-10-13T08:00:00,27.68555682638417
2019-10-13T09:00:00,25.968736482703164
2019-10-13T10:00:00,26.597402489703633
2019-10-13T11:00:00,29.28478804878566
2019-10-13T12:00:00,30.3945722165315
2019-10-13T13:00:00,37.85673771733823
2019-10-13T14:00:00,46.591124658999234
2019-10-13T15:00:00,56.06465812351392
2019-10-13T16:00:00,66.90121625817339
2019-10-13T17:00:00,80.3248181550399
2019-10-13T18:00:00,97.63485087519106
2019-10-13T19:00:00,114.09167347783627
2019-10-13T20:00:00,129.8087748651919
2019-10-13T21:00:00,143.8303275730299
2019-10-13T22:00:00,154.10243291440216
2019-10-13T23:00:00,153.1245992909307
2019-10-14T00:00:00,136.80388608186138
2019-10-14T01:00:00,121.35776088548742
2019-10-14T02:00:00,56.48434779954993
2019-10-14T03:00:00,30.953708151112426
2019-10-14T04:00:00,20.14389713950779
2019-10-14T05:00:00,14.531770084215243
2019-10-14T06:00:00,11.659280776977537
2019-10-14T07:00:00,10.346232642298158
2019-10-14T08:00:00,9.816018975299338
2019-10-14T09:00:00,9.932801205178965
2019-10-14T10:00:00,10.527965131013287
2019-10-14T11:00:00,10.632666421973187
2019-10-14T12:00:00,10.073729058970574
2019-10-14T13:00:00,11.756716811138649
2019-10-14T14:00:00,18.17442006650178
2019-10-14T15:00:00,23.33769242659859
2019-10-14T16:00:00,27.459103376969047
2019-10-14T17:00:00,33.3589331585428
2019-10-14T18:00:00,39.22354938672937
2019-10-14T19:00:00,45.188730654509165
2019-10-14T20:00:00,51.850071450938344
2019-10-14T21:00:00,58.05370629352071
2019-10-14T22:00:00,63.566384025242016
2019-10-14T23:00:00,68.49705505371092
2019-10-15T00:00:00,73.04748137100883
2019-10-15T01:00:00,74.3511790399966
2019-10-15T02:00:00,32.76491297846255
2019-10-15T03:00:00,19.736873046211574
2019-10-15T04:00:00,16.12242889404297
2019-10-15T05:00:00,14.584767548934273
2019-10-15T06:00:00,13.929120271102242
2019-10-15T07:00:00,14.879549109417455
2019-10-15T08:00:00,17.768215137979254
2019-10-15T09:00:00,21.011858940124508
2019-10-15T10:00:00,22.934903891190235
2019-10-15T11:00:00,26.198798304018762
2019-10-15T12:00:00,30.626522893490996
2019-10-15T13:00:00,39.45060962179432
2019-10-15T14:00:00,49.8883461330248
2019-10-15T15:00:00,60.54046796715777
2019-10-15T16:00:00,72.22267946989639
2019-10-15T17:00:00,83.73278609566067
2019-10-15T18:00:00,92.6698117463485
2019-10-15T19:00:00,102.27907197371772
2019-10-15T20:00:00,110.45811031175695
2019-10-15T21:00:00,116.08485412597656
2019-10-15T22:00:00,118.18403824515964
2019-10-15T23:00:00,118.93117125137991
2019-10-16T00:00:00,119.92858986232592
2019-10-16T01:00:00,108.39978723940641
2019-10-16T02:00:00,51.22129141766091
2019-10-16T03:00:00,26.217082148012906
2019-10-16T04:00:00,18.651125410328735
2019-10-16T05:00:00,17.312662166097887
2019-10-16T06:00:00,17.58935783220374
2019-10-16T07:00:00,17.724059975665543
2019-10-16T08:00:00,17.875922783561375
2019-10-16T09:00:00,18.699255279872723
2019-10-16T10:00:00,18.638443283412766
2019-10-16T11:00:00,20.951867020648454
2019-10-16T12:00:00,24.420405263486114
2019-10-16T13:00:00,35.89533689747686
2019-10-16T14:00:00,49.12084496539572
2019-10-16T15:00:00,64.9199631732443
2019-10-16T16:00:00,79.9914199165676
2019-10-16T17:00:00,96.69258316703464
2019-10-16T18:00:00,111.00652644945227
2019-10-16T19:00:00,120.07768979279889
2019-10-16T20:00:00,126.9636814283288
2019-10-16T21:00:00,134.96306775963822
2019-10-16T22:00:00,144.83414691427478
2019-10-16T23:00:00,155.70384946076766
2019-10-17T00:00:00,164.95261349885357
2019-10-17T01:00:00,154.52628956670344
2019-10-17T02:00:00,74.18802410623302
2019-10-17T03:00:00,38.06261128964631
2019-10-17T04:00:00,24.90105114812436
2019-10-17T05:00:00,19.670826372892957
2019-10-17T06:00:00,17.16318661233653
2019-10-17T07:00:00,18.17903510383937
2019-10-17T08:00:00,20.67382414444633
2019-10-17T09:00:00,24.57221769249957
2019-10-17T10:00:00,29.553760611492653
2019-10-17T11:00:00,35.57282621964165
2019-10-17T12:00:00,46.68315058169157
2019-10-17T13:00:00,59.93267755923064
2019-10-17T14:00:00,72.62480362601902
2019-10-17T15:00:00,82.38937477443528
2019-10-17T16:00:00,90.94357266633406
2019-10-17T17:00:00,101.78380485202955
2019-10-17T18:00:00,115.11465752643086
2019-10-17T19:00:00,128.6197921089504
2019-10-17T20:00:00,142.04724519149116
2019-10-17T21:00:00,154.6365973431131
2019-10-17T22:00:00,165.03206734035325
2019-10-17T23:00:00,166.93706412937328
2019-10-18T00:00:00,167.02740810228428
2019-10-18T01:00:00,139.53952888820479
2019-10-18T02:00:00,94.61426875902258
2019-10-18T03:00:00,56.1624065896739
2019-10-18T04:00:00,37.322464735611625
2019-10-18T05:00:00,29.882716137429938
2019-10-18T06:00:00,24.6624002456665
2019-10-18T07:00:00,20.76948609559432
2019-10-18T08:00:00,17.88764779464058
2019-10-18T09:00:00,16.11778118299401
2019-10-18T10:00:00,15.184368921362836
2019-10-18T11:00:00,14.279399830362069
2019-10-18T12:00:00,16.601523731065832
2019-10-18T13:00:00,23.190248240595277
2019-10-18T14:00:00,31.664784472921617
2019-10-18T15:00:00,37.899140067722485
2019-10-18T16:00:00,47.26081765216329
2019-10-18T17:00:00,54.628881205683165
2019-10-18T18:00:00,62.999178513236664
2019-10-18T19:00:00,69.98216247558594
2019-10-18T20:00:00,73.88580123237941
2019-10-18T21:00:00,76.23239135742188
2019-10-18T22:00:00,79.2597254877505
2019-10-18T23:00:00,82.22968292236327
2019-10-19T00:00:00,84.40356047257133
2019-10-19T01:00:00,77.65981773708177
2019-10-19T02:00:00,35.339376283728555
2019-10-19T03:00:00,19.342466312906016
2019-10-19T04:00:00,14.665236265762992
2019-10-19T05:00:00,12.307604458021078
2019-10-19T06:00:00,10.387570609217104
2019-10-19T07:00:00,8.717328299646791
2019-10-19T08:00:00,8.867735468822977
2019-10-19T09:00:00,11.188766396563985
2019-10-19T10:00:00,15.049552254054856
2019-10-19T11:00:00,21.03209072610606
2019-10-19T12:00:00,27.838696355405055
2019-10-19T13:00:00,32.09275652014691
2019-10-19T14:00:00,35.167010431704306
2019-10-19T15:00:00,35.60651447461999
2019-10-19T16:00:00,41.57295210465141
2019-10-19T17:00:00,47.031941952912696
2019-10-19T18:00:00,50.28373071421747
2019-10-19T19:00:00,52.80092969148055
2019-10-19T20:00:00,54.77261435467264
2019-10-19T21:00:00,57.704063581383735
2019-10-19T22:00:00,63.090198848558494
2019-10-19T23:00:00,68.0077436695928
2019-10-20T00:00:00,72.67296633513077
2019-10-20T01:00:00,72.04628703905188
2019-10-20T02:00:00,26.254058920818824
2019-10-20T03:00:00,14.732283923936924
2019-10-20T04:00:00,12.915409295455268
2019-10-20T05:00:00,11.513778023097824
2019-10-20T06:00:00,11.462997436523438
2019-10-20T07:00:00,13.846533028975776
2019-10-20T08:00:00,16.857104840485945
2019-10-20T09:00:00,20.728206800377887
2019-10-20T10:00:00,25.58164704364279
2019-10-20T11:00:00,34.82020021521526
2019-10-20T12:00:00,46.68131952700407
2019-10-20T13:00:00,55.487984201182485
2019-10-20T14:00:00,60.33720663319464
2019-10-20T15:00:00,65.60501712301503
2019-10-20T16:00:00,71.56521606445312
2019-10-20T17:00:00,79.13086335555366
2019-10-20T18:00:00,87.73692686661428
2019-10-20T19:00:00,96.95580590289572
2019-10-20T20:00:00,106.1149149355681
2019-10-20T21:00:00,112.24192279318103
2019-10-20T22:00:00,114.43807519000508
2019-10-20T23:00:00,115.01666657820991
2019-10-21T00:00:00,116.04785952360733
2019-10-21T01:00:00,110.27942823327106
2019-10-21T02:00:00,64.15976880944292
2019-10-21T03:00:00,32.92009917549465
2019-10-21T04:00:00,21.227323200391684
2019-10-21T05:00:00,17.581256949383278
2019-10-21T06:00:00,18.95931766344153
2019-10-21T07:00:00,21.238039016723633
2019-10-21T08:00:00,25.665302110754926
2019-10-21T09:00:00,32.15763075455375
2019-10-21T10:00:00,41.65008561507515
2019-10-21T11:00:00,54.42709798398225
2019-10-21T12:00:00,57.42308591759723
2019-10-21T13:00:00,55.92625344317892
2019-10-21T14:00:00,58.15346991497537
2019-10-21T15:00:00,61.538671410602056
2019-10-21T16:00:00,66.37240998641303
2019-10-21T17:00:00,72.61178622038467
2019-10-21T18:00:00,79.05861332105552
2019-10-21T19:00:00,85.11959374469258
2019-10-21T20:00:00,86.44551285453464
2019-10-21T21:00:00,79.40998707646908
2019-10-21T22:00:00,74.0122713835343
2019-10-21T23:00:00,72.57351120658542
2019-10-22T00:00:00,64.9261361827021
2019-10-22T01:00:00,59.17259216308594
2019-10-22T02:00:00,38.574712670367695
2019-10-22T03:00:00,25.825818269149114
2019-10-22T04:00:00,22.919696061507512
2019-10-22T05:00:00,22.427012153293774
2019-10-22T06:00:00,21.788393352342684
2019-10-22T07:00:00,22.29821503680685
2019-10-22T08:00:00,22.74427604675293
2019-10-22T09:00:00,23.656686948693313
2019-10-22T10:00:00,26.47950338280719
2019-10-22T11:00:00,33.37959952976392
2019-10-22T12:00:00,44.108989549719766
2019-10-22T13:00:00,54.66984922989555
2019-10-22T14:00:00,65.75109631082286
2019-10-22T15:00:00,78.01883498482081
2019-10-22T16:00:00,91.0416498598845
2019-10-22T17:00:00,104.04170326564622
2019-10-22T18:00:00,113.296794725501
2019-10-22T19:00:00,116.20168735670006
2019-10-22T20:00:00,113.88433141293733
2019-10-22T21:00:00,111.75853795590606
2019-10-22T22:00:00,110.02552131984544
2019-10-22T23:00:00,107.61937746794328
2019-10-23T00:00:00,103.72239651887313
2019-10-23T01:00:00,99.95624973462975
2019-10-23T02:00:00,69.02671880307405
2019-10-23T03:00:00,35.74519596929135
2019-10-23T04:00:00,24.664125110792078
2019-10-23T05:00:00,19.847238789434016
2019-10-23T06:00:00,18.301487217778746
2019-10-23T07:00:00,18.10255249686863
2019-10-23T08:00:00,18.555054706075918
2019-10-23T09:00:00,20.62042087057362
2019-10-23T10:00:00,26.297990301380985
2019-10-23T11:00:00,36.72826368912406
2019-10-23T12:00:00,52.18760963108228
2019-10-23T13:00:00,69.97060858685036
2019-10-23T14:00:00,89.4113600357719
2019-10-23T15:00:00,109.43348063593324
2019-10-23T16:00:00,125.08406763491423
2019-10-23T17:00:00,134.4046995743461
2019-10-23T18:00:00,148.7198254129161
2019-10-23T19:00:00,159.89381475033966
2019-10-23T20:00:00,170.5372095522673
2019-10-23T21:00:00,183.21950497834578
2019-10-23T22:00:00,192.34168475607163
2019-10-23T23:00:00,197.10829693338144
2019-10-24T00:00:00,195.96549722422722
2019-10-24T01:00:00,177.37867471446157
2019-10-24T02:00:00,115.98727018936819
2019-10-24T03:00:00,55.58343572201935
2019-10-24T04:00:00,36.53310543557872
2019-10-24T05:00:00,24.08229761538298
2019-10-24T06:00:00,18.47409911777662
2019-10-24T07:00:00,15.646242722221043
2019-10-24T08:00:00,15.127395961595617
2019-10-24T09:00:00,18.24755220827849
2019-10-24T10:00:00,25.81583727961001
2019-10-24T11:00:00,41.77198642233143
2019-10-24T12:00:00,53.61439414646314
2019-10-24T13:00:00,56.10811117421025
2019-10-24T14:00:00,53.88532190737517
2019-10-24T15:00:00,55.15709785793138
2019-10-24T16:00:00,59.38516450964885
2019-10-24T17:00:00,60.39232303785241
2019-10-24T18:00:00,59.16293965215267
2019-10-24T19:00:00,56.957299273947
2019-10-24T20:00:00,55.11029218590777
2019-10-24T21:00:00,55.87807166058084
2019-10-24T22:00:00,60.41064220926035
2019-10-24T23:00:00,67.78357331649116
2019-10-25T00:00:00,75.98198733122452
2019-10-25T01:00:00,83.4737041307532
2019-10-25T02:00:00,56.33610766866932
2019-10-25T03:00:00,32.046995411748476
2019-10-25T04:00:00,26.121644807898477
2019-10-25T05:00:00,23.512970717056934
2019-10-25T06:00:00,22.20033454895019
2019-10-25T07:00:00,21.49138657943062
2019-10-25T08:00:00,21.142523724099863
2019-10-25T09:00:00,21.324352015619688
2019-10-25T10:00:00,23.619318257207453
2019-10-25T11:00:00,32.59287013178286
2019-10-25T12:00:00,44.19648245106573
2019-10-25T13:00:00,52.84293796705162
2019-10-25T14:00:00,56.59173119586446
2019-10-25T15:00:00,58.929067031196915
2019-10-25T16:00:00,61.01471759961999
2019-10-25T17:00:00,61.01897961160411
2019-10-25T18:00:00,61.1647192913553
2019-10-25T19:00:00,64.30071640014648
2019-10-25T20:00:00,68.73943163001019
2019-10-25T21:00:00,72.25239927872367
2019-10-25T22:00:00,70.79590042777683
2019-10-25T23:00:00,64.19777845299762
2019-10-26T00:00:00,59.9805914837381
2019-10-26T01:00:00,60.492338429326594
2019-10-26T02:00:00,55.71469016697095
2019-10-26T03:00:00,38.074555604354195
2019-10-26T04:00:00,30.692119266675864
2019-10-26T05:00:00,25.669797897338867
2019-10-26T06:00:00,23.887065804522972
2019-10-26T07:00:00,25.029070812722907
2019-10-26T08:00:00,25.87439445827318
2019-10-26T09:00:00,26.24755768153978
2019-10-26T10:00:00,30.132395371146817
2019-10-26T11:00:00,36.597394031027086
2019-10-26T12:00:00,47.015359463899024
2019-10-26T13:00:00,57.232549750286594
2019-10-26T14:00:00,63.48420682160749
2019-10-26T15:00:00,67.04725049889606
2019-10-26T16:00:00,68.09143829345702
2019-10-26T17:00:00,66.78330363398013
2019-10-26T18:00:00,63.67595075524372
2019-10-26T19:00:00,59.357076230256446
2019-10-26T20:00:00,56.15193922623343
2019-10-26T21:00:00,53.51184413744055
2019-10-26T22:00:00,51.81262638257897
2019-10-26T23:00:00,50.49477419645889
2019-10-27T00:00:00,50.42877213851265
2019-10-27T01:00:00,45.91335528829823
2019-10-27T02:00:00,16.2104434967041
2019-10-27T03:00:00,12.211208675218664
2019-10-27T04:00:00,12.663630817247471
2019-10-27T05:00:00,12.698975728905719
2019-10-27T06:00:00,11.563005986421004
2019-10-27T07:00:00,11.325883243394934
2019-10-27T08:00:00,12.103029707203738
2019-10-27T09:00:00,14.46463385872219
2019-10-27T10:00:00,18.80907000666079
2019-10-27T11:00:00,25.442465823629625
2019-10-27T12:00:00,31.99140200407608
2019-10-27T13:00:00,38.790831690249234
2019-10-27T14:00:00,47.798907570216954
2019-10-27T15:00:00,57.54357196973718
2019-10-27T16:00:00,67.45209917814834
2019-10-27T17:00:00,75.73706121030061
2019-10-27T18:00:00,81.22683251422383
2019-10-27T19:00:00,82.06474271027938
2019-10-27T20:00:00,78.8757972717285
2019-10-27T21:00:00,69.57562073417331
2019-10-27T22:00:00,61.46525076161259
2019-10-27T23:00:00,60.47114330789317
2019-10-28T00:00:00,65.15174998407778
2019-10-28T01:00:00,69.07778615536897
2019-10-28T02:00:00,64.67714906775433
2019-10-28T03:00:00,39.146912118662954
2019-10-28T04:00:00,20.737761290177055
2019-10-28T05:00:00,13.040331322213875
2019-10-28T06:00:00,10.178806615912395
2019-10-28T07:00:00,10.123399527176566
2019-10-28T08:00:00,10.655176494432531
2019-10-28T09:00:00,10.337999924369479
2019-10-28T10:00:00,10.40054872761602
2019-10-28T11:00:00,12.6848261045373
2019-10-28T12:00:00,21.89300421009893
2019-10-28T13:00:00,32.44418044712232
2019-10-28T14:00:00,35.99692153930663
2019-10-28T15:00:00,38.073582027269445
2019-10-28T16:00:00,46.71028568433678
2019-10-28T17:00:00,55.08068117888077
2019-10-28T18:00:00,54.677842181661845
2019-10-28T19:00:00,59.90426934283712
2019-10-28T20:00:00,69.72926396908967
2019-10-28T21:00:00,80.57920870573624
2019-10-28T22:00:00,92.22710219673488
2019-10-28T23:00:00,100.74761531663977
2019-10-29T00:00:00,107.1398053376571
2019-10-29T01:00:00,113.02098116667372
2019-10-29T02:00:00,71.61974135689111
2019-10-29T03:00:00,33.50399440267811
2019-10-29T04:00:00,23.207357406616207
2019-10-29T05:00:00,17.800533336141832
2019-10-29T06:00:00,14.608036787613578
2019-10-29T07:00:00,13.422053710274072
2019-10-29T08:00:00,12.15129860587742
2019-10-29T09:00:00,11.0004243850708
2019-10-29T10:00:00,12.660546510115912
2019-10-29T11:00:00,19.18470469765041
2019-10-29T12:00:00,31.2100831736689
2019-10-29T13:00:00,41.42582404095193
2019-10-29T14:00:00,39.87998539468515
2019-10-29T15:00:00,45.32482230144998
2019-10-29T16:00:00,50.004531113997736
2019-10-29T17:00:00,52.69039925285007
2019-10-29T18:00:00,66.3014678955078
2019-10-29T19:00:00,72.35947832853897
2019-10-29T20:00:00,70.50298690795898
2019-10-29T21:00:00,73.16260478807531
2019-10-29T22:00:00,65.98654025533924
2019-10-29T23:00:00,60.467724509861156
2019-10-30T00:00:00,41.29383468627929
2019-10-30T01:00:00,36.87587655108908
2019-10-30T02:00:00,22.87174656080163
2019-10-30T03:00:00,16.90348243713379
2019-10-30T04:00:00,15.427637722181236
2019-10-30T05:00:00,13.737181622049082
2019-10-30T06:00:00,11.964790800343389
2019-10-30T07:00:00,11.226161998251209
2019-10-30T08:00:00,11.588317622309145
2019-10-30T09:00:00,13.219246781390645
2019-10-30T10:00:00,15.756449201832643
2019-10-30T11:00:00,18.43821442645529
2019-10-30T12:00:00,21.91761377583379
2019-10-30T13:00:00,27.706107263979703
2019-10-30T14:00:00,37.61915024467136
2019-10-30T15:00:00,47.47357725060505
2019-10-30T16:00:00,56.49285192074983
2019-10-30T17:00:00,65.98120482071586
2019-10-30T18:00:00,76.37027773649795
2019-10-30T19:00:00,87.93607330322264
2019-10-30T20:00:00,99.83491980511208
2019-10-30T21:00:00,109.87594471807064
2019-10-30T22:00:00,117.34511466648266
2019-10-30T23:00:00,121.07379415760867
2019-10-31T00:00:00,119.92111338739808
2019-10-31T01:00:00,114.58290896208389
2019-10-31T02:00:00,50.31794655841329
2019-10-31T03:00:00,23.99745194808296
2019-10-31T04:00:00,20.272621735282563
2019-10-31T05:00:00,18.10630192963973
2019-10-31T06:00:00,16.71005879277768
2019-10-31T07:00:00,15.747626594875168
2019-10-31T08:00:00,15.109616528386654
2019-10-31T09:00:00,14.838351996048637
2019-10-31T10:00:00,16.130246038022246
2019-10-31T11:00:00,22.287248943163
2019-10-31T12:00:00,32.06694080518639
2019-10-31T13:00:00,44.23244111434273
2019-10-31T14:00:00,56.31491652778957
2019-10-31T15:00:00,67.08491748312245
2019-10-31T16:00:00,76.15364704961361
2019-10-31T17:00:00,72.42152039901069
2019-10-31T18:00:00,50.02452916684357
2019-10-31T19:00:00,53.20436776202658
2019-10-31T20:00:00,59.07749773108441
2019-10-31T21:00:00,65.26455489448878
2019-10-31T22:00:00,70.14761418881623
2019-10-31T23:00:00,73.37566243047299
2019-11-01T00:00:00,75.80905317223589
2019-11-01T01:00:00,64.48120216701342
2019-11-01T02:00:00,29.84659626172936
2019-11-01T03:00:00,17.51447312728218
2019-11-01T04:00:00,18.470383851424504
2019-11-01T05:00:00,19.153407304183293
2019-11-01T06:00:00,19.668192158574637
2019-11-01T07:00:00,20.27164907040803
2019-11-01T08:00:00,20.947593854821243
2019-11-01T09:00:00,22.286069206569504
2019-11-01T10:00:00,22.618758740632426
2019-11-01T11:00:00,23.35207889391028
2019-11-01T12:00:00,26.065389301465903
2019-11-01T13:00:00,29.61598728014075
2019-11-01T14:00:00,34.67951699961786
2019-11-01T15:00:00,40.888784159784734
2019-11-01T16:00:00,48.707901498545766
2019-11-01T17:00:00,63.307006835937486
2019-11-01T18:00:00,78.7027236275051
2019-11-01T19:00:00,92.16465726106061
2019-11-01T20:00:00,103.4419990207838
2019-11-01T21:00:00,112.40803992229958
2019-11-01T22:00:00,115.3652177893597
2019-11-01T23:00:00,113.20727771261463
2019-11-02T00:00:00,105.42934749437414
2019-11-02T01:00:00,88.21669769287108
2019-11-02T02:00:00,25.26616403330927
2019-11-02T03:00:00,13.498415698175846
2019-11-02T04:00:00,11.775361434273098
2019-11-02T05:00:00,11.150886245395826
2019-11-02T06:00:00,10.636453338291334
2019-11-02T07:00:00,10.39508521038553
2019-11-02T08:00:00,10.42516749838124
2019-11-02T09:00:00,10.932524846947711
2019-11-02T10:00:00,11.753079994865084
2019-11-02T11:00:00,13.041668726050334
2019-11-02T12:00:00,12.551193278768787
2019-11-02T13:00:00,14.274094664532203
2019-11-02T14:00:00,16.707893703294832
2019-11-02T15:00:00,19.759190932564113
2019-11-02T16:00:00,23.921365903771438
2019-11-02T17:00:00,28.332453852114465
2019-11-02T18:00:00,32.069966855256446
2019-11-02T19:00:00,34.83132345780082
2019-11-02T20:00:00,36.63003017591394
2019-11-02T21:00:00,34.88196762748386
2019-11-02T22:00:00,36.91941534954568
2019-11-02T23:00:00,41.69844453231148
2019-11-03T00:00:00,44.09435321973717
2019-11-03T01:00:00,43.88507843017578
2019-11-03T02:00:00,23.117192143979278
2019-11-03T03:00:00,14.854215290235436
2019-11-03T04:00:00,13.67232505134914
2019-11-03T05:00:00,12.002723693847654
2019-11-03T06:00:00,9.965744910032852
2019-11-03T07:00:00,8.6989310928013
2019-11-03T08:00:00,8.210127332936162
2019-11-03T09:00:00,8.607469413591465
2019-11-03T10:00:00,9.443728073783543
2019-11-03T11:00:00,9.614687214726986
2019-11-03T12:00:00,17.798131445179813
2019-11-03T13:00:00,30.032850680143934
2019-11-03T14:00:00,43.34019238015879
2019-11-03T15:00:00,58.682291113811985
2019-11-03T16:00:00,73.84687572976817
2019-11-03T17:00:00,88.50030849290931
2019-11-03T18:00:00,101.3416061401367
2019-11-03T19:00:00,103.60353619119394
2019-11-03T20:00:00,106.82786526887311
2019-11-03T21:00:00,113.1330981047257
2019-11-03T22:00:00,117.92214103367016
2019-11-03T23:00:00,120.57543646770974
2019-11-04T00:00:00,121.47333526611327
2019-11-04T01:00:00,112.18639042066489
2019-11-04T02:00:00,64.43103956139605
2019-11-04T03:00:00,44.738699871560804
2019-11-04T04:00:00,35.446346946384594
2019-11-04T05:00:00,31.35683258720066
2019-11-04T06:00:00,30.303183597067125
2019-11-04T07:00:00,29.745049020518426
2019-11-04T08:00:00,29.330779697584067
2019-11-04T09:00:00,30.119534616884973
2019-11-04T10:00:00,32.642841007398516
2019-11-04T11:00:00,38.73409171726392
2019-11-04T12:00:00,45.94094914975373
2019-11-04T13:00:00,61.74694492505943
2019-11-04T14:00:00,79.23072317372196
2019-11-04T15:00:00,89.56069349206011
2019-11-04T16:00:00,95.8974032194718
2019-11-04T17:00:00,102.88819420855977
2019-11-04T18:00:00,106.17450813625167
2019-11-04T19:00:00,74.27312270454738
2019-11-04T20:00:00,60.46410087917161
2019-11-04T21:00:00,68.61980653845745
2019-11-04T22:00:00,81.62567752340564
2019-11-04T23:00:00,93.07822086500084
2019-11-05T00:00:00,107.5254320891007
2019-11-05T01:00:00,94.03705696437669
2019-11-05T02:00:00,73.55208222762397
2019-11-05T03:00:00,52.82714661307956
2019-11-05T04:00:00,35.916839102040164
2019-11-05T05:00:00,27.887701034545895
2019-11-05T06:00:00,24.94752941960873
2019-11-05T07:00:00,23.95576170216436
2019-11-05T08:00:00,24.51208114624023
2019-11-05T09:00:00,26.409392564193062
2019-11-05T10:00:00,30.108419003693953
2019-11-05T11:00:00,30.77766236014988
2019-11-05T12:00:00,34.634456136952274
2019-11-05T13:00:00,44.96891137827998
2019-11-05T14:00:00,60.13665837826936
2019-11-05T15:00:00,83.64723039710003
2019-11-05T16:00:00,101.1061733079993
2019-11-05T17:00:00,114.21263089387311
2019-11-05T18:00:00,121.47951507568357
2019-11-05T19:00:00,122.55584617283033
2019-11-05T20:00:00,121.72465249766474
2019-11-05T21:00:00,121.56234144127885
2019-11-05T22:00:00,118.58574377972147
2019-11-05T23:00:00,114.19148420250934
2019-11-06T00:00:00,109.58555802055027
2019-11-06T01:00:00,102.44432996666949
2019-11-06T02:00:00,57.69196385922639
2019-11-06T03:00:00,33.584403162417196
2019-11-06T04:00:00,28.10844554071841
2019-11-06T05:00:00,26.615597683450446
2019-11-06T06:00:00,26.39639439790145
2019-11-06T07:00:00,26.502710922904633
2019-11-06T08:00:00,26.837370333464246
2019-11-06T09:00:00,27.56509457463803
2019-11-06T10:00:00,28.94381713867187
2019-11-06T11:00:00,33.43641397227411
2019-11-06T12:00:00,43.87676239013671
2019-11-06T13:00:00,56.664770375127375
2019-11-06T14:00:00,65.75132983663808
2019-11-06T15:00:00,71.09295057213825
2019-11-06T16:00:00,74.08314480988875
2019-11-06T17:00:00,76.23315529201341
2019-11-06T18:00:00,78.0268445222274
2019-11-06T19:00:00,79.89831443454908
2019-11-06T20:00:00,84.94574969747792
2019-11-06T21:00:00,87.59774282704228
2019-11-06T22:00:00,85.73930889627208
2019-11-06T23:00:00,83.59190070110819
2019-11-07T00:00:00,81.00643456500508
2019-11-07T01:00:00,79.06509565270464
2019-11-07T02:00:00,59.39832007366678
2019-11-07T03:00:00,36.98764684925908
2019-11-07T04:00:00,27.39353387252144
2019-11-07T05:00:00,24.86181532818338
2019-11-07T06:00:00,24.147562358690344
2019-11-07T07:00:00,24.34679537234099
2019-11-07T08:00:00,25.293689893639606
2019-11-07T09:00:00,27.23724199377972
2019-11-07T10:00:00,30.679119441820227
2019-11-07T11:00:00,35.84331495865531
2019-11-07T12:00:00,44.78913497924805
2019-11-07T13:00:00,55.04079569940981
2019-11-07T14:00:00,65.21262807431428
2019-11-07T15:00:00,74.02144722316575
2019-11-07T16:00:00,87.46116107443105
2019-11-07T17:00:00,100.29235474959663
2019-11-07T18:00:00,109.06778916068697
2019-11-07T19:00:00,112.179211160411
2019-11-07T20:00:00,110.92166303551714
2019-11-07T21:00:00,109.15339793329652
2019-11-07T22:00:00,111.39915598993716
2019-11-07T23:00:00,109.61303014340606
2019-11-08T00:00:00,102.12288499915081
2019-11-08T01:00:00,93.37738899562669
2019-11-08T02:00:00,53.57773971557616
2019-11-08T03:00:00,28.86335066090459
2019-11-08T04:00:00,20.4615016605543
2019-11-08T05:00:00,18.274753819341242
2019-11-08T06:00:00,18.205461004505985
2019-11-08T07:00:00,18.893612073815383
2019-11-08T08:00:00,19.66513127865998
2019-11-08T09:00:00,20.07632272139839
2019-11-08T10:00:00,22.628831199977707
2019-11-08T11:00:00,29.105884054432742
2019-11-08T12:00:00,38.32180537348208
2019-11-08T13:00:00,50.1565696052883
2019-11-08T14:00:00,59.5299253049104
2019-11-08T15:00:00,66.16484998620074
2019-11-08T16:00:00,69.42961319633152
2019-11-08T17:00:00,70.95272561778192
2019-11-08T18:00:00,71.6878784843113
2019-11-08T19:00:00,71.42813044009002
2019-11-08T20:00:00,68.82764667013416
2019-11-08T21:00:00,64.02154142960258
2019-11-08T22:00:00,61.88064525438391
2019-11-08T23:00:00,61.2073744068975
2019-11-09T00:00:00,62.62943732220194
2019-11-09T01:00:00,62.75301825481912
2019-11-09T02:00:00,30.58178511909816
2019-11-09T03:00:00,20.710547156955883
2019-11-09T04:00:00,19.057259352310844
2019-11-09T05:00:00,18.58991191698157
2019-11-09T06:00:00,17.9326172704282
2019-11-09T07:00:00,17.68836734605872
2019-11-09T08:00:00,17.94855275361434
2019-11-09T09:00:00,18.303005799003266
2019-11-09T10:00:00,18.971077794614043
2019-11-09T11:00:00,23.23087410304857
2019-11-09T12:00:00,30.876138023708172
2019-11-09T13:00:00,42.9500793788744
2019-11-09T14:00:00,60.819283029307485
2019-11-09T15:00:00,79.02345143193784
2019-11-09T16:00:00,96.31010370669158
2019-11-09T17:00:00,110.45819058625594
2019-11-09T18:00:00,120.4879916647206
2019-11-09T19:00:00,126.04391545834747
2019-11-09T20:00:00,122.92386527683425
2019-11-09T21:00:00,114.87750841223675
2019-11-09T22:00:00,106.00709931746772
2019-11-09T23:00:00,96.12031455661938
2019-11-10T00:00:00,88.43294060748555
2019-11-10T01:00:00,72.15399402120838
2019-11-10T02:00:00,22.212633215862766
2019-11-10T03:00:00,17.46545302349588
2019-11-10T04:00:00,18.138598566469934
2019-11-10T05:00:00,18.772965638533883
2019-11-10T06:00:00,20.660633750583813
2019-11-10T07:00:00,23.971563173376996
2019-11-10T08:00:00,28.210879699043605
2019-11-10T09:00:00,34.544628475023345
2019-11-10T10:00:00,43.76860411270805
2019-11-10T11:00:00,54.82467502096424
2019-11-10T12:00:00,63.20381662119989
2019-11-10T13:00:00,67.26875935430111
2019-11-10T14:00:00,67.15844361678413
2019-11-10T15:00:00,68.20198523479958
2019-11-10T16:00:00,71.06434531833814
2019-11-10T17:00:00,76.1074520608653
2019-11-10T18:00:00,82.16300798499064
2019-11-10T19:00:00,88.10572018830672
2019-11-10T20:00:00,89.71981247611666
2019-11-10T21:00:00,87.87681082020634
2019-11-10T22:00:00,76.52648096499236
2019-11-10T23:00:00,68.15368370387864
2019-11-11T00:00:00,58.613925270412274
2019-11-11T01:00:00,56.06003172501273
2019-11-11T02:00:00,48.59957305244777
2019-11-11T03:00:00,36.436262545378305
2019-11-11T04:00:00,28.7220635621444
2019-11-11T05:00:00,24.225192277327828
2019-11-11T06:00:00,21.544075012207028
2019-11-11T07:00:00,19.757615960162617
2019-11-11T08:00:00,18.69457618049953
2019-11-11T09:00:00,18.24609914033309
2019-11-11T10:00:00,19.235455305679984
2019-11-11T11:00:00,24.07245868185292
2019-11-11T12:00:00,37.19765157284944
2019-11-11T13:00:00,54.556569970172376
2019-11-11T14:00:00,63.84792593251103
2019-11-11T15:00:00,78.17165275242016
2019-11-11T16:00:00,94.96467324961786
2019-11-11T17:00:00,111.41488017206605
2019-11-11T18:00:00,125.5532299539317
2019-11-11T19:00:00,135.364501953125
2019-11-11T20:00:00,142.12066650390622
2019-11-11T21:00:00,127.92011957583219
2019-11-11T22:00:00,126.6016739555027
2019-11-11T23:00:00,127.22127831500508
2019-11-12T00:00:00,124.98948669433592
2019-11-12T01:00:00,116.86290409253989
2019-11-12T02:00:00,49.081649946129836
2019-11-12T03:00:00,26.882718210634977
2019-11-12T04:00:00,23.773140119469684
2019-11-12T05:00:00,21.90530611121136
2019-11-12T06:00:00,20.67166759656823
2019-11-12T07:00:00,20.055327208145805
2019-11-12T08:00:00,19.737673717996348
2019-11-12T09:00:00,19.828700853430703
2019-11-12T10:00:00,20.858844010726262
2019-11-12T11:00:00,22.115612030029297
2019-11-12T12:00:00,25.557157433551286
2019-11-12T13:00:00,31.313440986301586
2019-11-12T14:00:00,41.81358702286429
2019-11-12T15:00:00,52.13566838140073
2019-11-12T16:00:00,61.19680189049761
2019-11-12T17:00:00,69.01591823412024
2019-11-12T18:00:00,77.8403038356615
2019-11-12T19:00:00,82.14545274817424
2019-11-12T20:00:00,83.59496804942253
2019-11-12T21:00:00,80.60592153797978
2019-11-12T22:00:00,79.12046084196669
2019-11-12T23:00:00,79.30524345066236
2019-11-13T00:00:00,79.86466250212295
2019-11-13T01:00:00,76.0706375785496
2019-11-13T02:00:00,42.22628817350968
2019-11-13T03:00:00,22.81651530058487
2019-11-13T04:00:00,16.635951829993207
2019-11-13T05:00:00,13.775017821270486
2019-11-13T06:00:00,12.230882437332815
2019-11-13T07:00:00,11.442999176357102
2019-11-13T08:00:00,10.939489571944526
2019-11-13T09:00:00,10.756591133449387
2019-11-13T10:00:00,11.920857553896695
2019-11-13T11:00:00,14.507648758266283
2019-11-13T12:00:00,19.59999490820843
2019-11-13T13:00:00,20.395920960799504
2019-11-13T14:00:00,24.97096136341924
2019-11-13T15:00:00,28.89010653288468
2019-11-13T16:00:00,31.214265740436055
2019-11-13T17:00:00,29.275654336680535
2019-11-13T18:00:00,28.1421831379766
2019-11-13T19:00:00,27.668178475421406
2019-11-13T20:00:00,27.016410993493118
2019-11-13T21:00:00,26.61010692430579
2019-11-13T22:00:00,26.58469855267068
2019-11-13T23:00:00,26.46105144334876
2019-11-14T00:00:00,26.493013464886204
2019-11-14T01:00:00,27.31823879739512
2019-11-14T02:00:00,21.870642952297043
2019-11-14T03:00:00,16.99931530330492
2019-11-14T04:00:00,14.833241587099819
2019-11-14T05:00:00,13.842210686725117
2019-11-14T06:00:00,13.483494717141854
2019-11-14T07:00:00,13.457788964976434
2019-11-14T08:00:00,13.84275784699813
2019-11-14T09:00:00,14.57337648972221
2019-11-14T10:00:00,15.984243600264838
2019-11-14T11:00:00,17.809570229571797
2019-11-14T12:00:00,25.250341000764266
2019-11-14T13:00:00,38.31580369368843
2019-11-14T14:00:00,52.99164050558339
2019-11-14T15:00:00,67.87865215799083
2019-11-14T16:00:00,81.96113254712976
2019-11-14T17:00:00,93.99025460948113
2019-11-14T18:00:00,102.49272985043731
2019-11-14T19:00:00,106.21088840650475
2019-11-14T20:00:00,106.97915284529975
2019-11-14T21:00:00,107.17407657789147
2019-11-14T22:00:00,108.96545343813689
2019-11-14T23:00:00,106.44038789168647
2019-11-15T00:00:00,100.91559700343919
2019-11-15T01:00:00,90.41338447902514
2019-11-15T02:00:00,44.786051377006196
2019-11-15T03:00:00,22.256166084952973
2019-11-15T04:00:00,15.919441389000932
2019-11-15T05:00:00,12.951976278553838
2019-11-15T06:00:00,10.409039124198582
2019-11-15T07:00:00,9.902706540149191
2019-11-15T08:00:00,10.79016411822775
2019-11-15T09:00:00,12.189504747805387
2019-11-15T10:00:00,14.604775262915568
2019-11-15T11:00:00,19.48367102249809
2019-11-15T12:00:00,25.163549506145973
2019-11-15T13:00:00,29.32878253770911
2019-11-15T14:00:00,36.187908006751016
2019-11-15T15:00:00,44.97217874941619
2019-11-15T16:00:00,55.906162759532094
2019-11-15T17:00:00,67.47076565286386
2019-11-15T18:00:00,76.28237483812413
2019-11-15T19:00:00,90.19244550622025
2019-11-15T20:00:00,103.45225458559781
2019-11-15T21:00:00,115.81951738440472
2019-11-15T22:00:00,127.94308969248894
2019-11-15T23:00:00,136.61347795569375
2019-11-16T00:00:00,141.24696051556128
2019-11-16T01:00:00,139.68057483175525
2019-11-16T02:00:00,72.88944443412448
2019-11-16T03:00:00,33.985261585401446
2019-11-16T04:00:00,22.11771247697913
2019-11-16T05:00:00,17.22992540442425
2019-11-16T06:00:00,14.866278233735455
2019-11-16T07:00:00,13.764465580815852
2019-11-16T08:00:00,13.917429675226625
2019-11-16T09:00:00,14.57689795286759
2019-11-16T10:00:00,16.07791991855787
2019-11-16T11:00:00,17.774237881536067
2019-11-16T12:00:00,20.29741706018862
2019-11-16T13:00:00,24.27788862974747
2019-11-16T14:00:00,29.822027206420895
2019-11-16T15:00:00,36.48922580221424
2019-11-16T16:00:00,45.34063803631326
2019-11-16T17:00:00,52.019784678583555
2019-11-16T18:00:00,56.19954664810844
2019-11-16T19:00:00,64.26244337662406
2019-11-16T20:00:00,72.48967975118885
2019-11-16T21:00:00,79.67998106583303
2019-11-16T22:00:00,88.07724662449048
2019-11-16T23:00:00,94.4466211070185
2019-11-17T00:00:00,95.79538560950236
2019-11-17T01:00:00,80.47720535941745
2019-11-17T02:00:00,29.771248693051543
2019-11-17T03:00:00,21.719732035761293
2019-11-17T04:00:00,17.73370464988377
2019-11-17T05:00:00,15.657372557598608
2019-11-17T06:00:00,14.316015575243078
2019-11-17T07:00:00,13.44461453479269
2019-11-17T08:00:00,12.912595541580862
2019-11-17T09:00:00,12.787562826405399
2019-11-17T10:00:00,13.281540912130604
2019-11-17T11:00:00,13.665862041970957
2019-11-17T12:00:00,19.82707255819569
2019-11-17T13:00:00,29.919133559517235
2019-11-17T14:00:00,38.01739336096721
2019-11-17T15:00:00,45.50777883115021
2019-11-17T16:00:00,52.2756757321565
2019-11-17T17:00:00,56.88276871390965
2019-11-17T18:00:00,58.20529324075449
2019-11-17T19:00:00,60.69972262175186
2019-11-17T20:00:00,65.63971196050228
2019-11-17T21:00:00,67.51364848924719
2019-11-17T22:00:00,68.6422946764075
2019-11-17T23:00:00,68.10494331691577
2019-11-18T00:00:00,66.95485355543053
2019-11-18T01:00:00,62.933853149414055
2019-11-18T02:00:00,38.09881500575853
2019-11-18T03:00:00,21.62274128457774
2019-11-18T04:00:00,17.686286511628523
2019-11-18T05:00:00,15.994479262310527
2019-11-18T06:00:00,14.985366572504457
2019-11-18T07:00:00,14.348546567170516
2019-11-18T08:00:00,13.865857456041418
2019-11-18T09:00:00,13.649251191512398
2019-11-18T10:00:00,14.168228190878162
2019-11-18T11:00:00,14.906465779180111
2019-11-18T12:00:00,17.40499554509702
2019-11-18T13:00:00,25.365275507387903
2019-11-18T14:00:00,34.26483850893767
2019-11-18T15:00:00,45.436777031939954
2019-11-18T16:00:00,58.749487835427985
2019-11-18T17:00:00,64.89612944229789
2019-11-18T18:00:00,55.13893343054729
2019-11-18T19:00:00,50.850210770316735
2019-11-18T20:00:00,44.64703335969344
2019-11-18T21:00:00,39.95489676102348
2019-11-18T22:00:00,37.13120435631793
2019-11-18T23:00:00,41.52142110078231
2019-11-19T00:00:00,46.36714354805324
2019-11-19T01:00:00,49.70099590135656
2019-11-19T02:00:00,25.889727965645168
2019-11-19T03:00:00,15.668542198512862
2019-11-19T04:00:00,13.902389194654381
2019-11-19T05:00:00,12.911018205725627
2019-11-19T06:00:00,12.191777021988578
2019-11-19T07:00:00,11.017640445543373
2019-11-19T08:00:00,10.485981568046236
2019-11-19T09:00:00,13.106976633486537
2019-11-19T10:00:00,16.322997839554496
2019-11-19T11:00:00,18.79109598242718
2019-11-19T12:00:00,24.365077391914696
2019-11-19T13:00:00,33.86463074062181
2019-11-19T14:00:00,45.85195972608483
2019-11-19T15:00:00,58.058878525443696
2019-11-19T16:00:00,64.87968627266261
2019-11-19T17:00:00,66.32299141261888
2019-11-19T18:00:00,64.73835207068402
2019-11-19T19:00:00,64.45239572939664
2019-11-19T20:00:00,55.67788231891134
2019-11-19T21:00:00,51.97730868795643
2019-11-19T22:00:00,52.69022435727326
2019-11-19T23:00:00,56.86852977586829
2019-11-20T00:00:00,61.17005157470703
2019-11-20T01:00:00,63.2860054347826
2019-11-20T02:00:00,35.71746710072392
2019-11-20T03:00:00,19.566346624623172
2019-11-20T04:00:00,13.686582109202508
2019-11-20T05:00:00,11.42828194991402
2019-11-20T06:00:00,10.47512618355129
2019-11-20T07:00:00,10.097756676051928
2019-11-20T08:00:00,10.173416759656822
2019-11-20T09:00:00,10.557846940082051
2019-11-20T10:00:00,11.370243072509764
2019-11-20T11:00:00,12.870073442873746
2019-11-20T12:00:00,19.258384207020633
2019-11-20T13:00:00,30.060826011325997
2019-11-20T14:00:00,39.5117477748705
2019-11-20T15:00:00,47.304864966351055
2019-11-20T16:00:00,53.53284139218537
2019-11-20T17:00:00,58.08455575030782
2019-11-20T18:00:00,57.45806204754373
2019-11-20T19:00:00,55.98176740563433
2019-11-20T20:00:00,53.738653100055195
2019-11-20T21:00:00,51.07577879532523
2019-11-20T22:00:00,48.94825346573539
2019-11-20T23:00:00,46.16110013878864
2019-11-21T00:00:00,42.222352732782774
2019-11-21T01:00:00,42.51323699951171
2019-11-21T02:00:00,26.65093960969344
2019-11-21T03:00:00,17.202717905459192
2019-11-21T04:00:00,14.155677629553752
2019-11-21T05:00:00,12.653099184450895
2019-11-21T06:00:00,11.814495335454524
2019-11-21T07:00:00,11.395292282104492
2019-11-21T08:00:00,11.129989002061924
2019-11-21T09:00:00,11.133940157682998
2019-11-21T10:00:00,11.699140382849652
2019-11-21T11:00:00,12.631980315498682
2019-11-21T12:00:00,18.638346215952996
2019-11-21T13:00:00,21.288666559302285
2019-11-21T14:00:00,24.565968803737473
2019-11-21T15:00:00,29.91667059193486
2019-11-21T16:00:00,34.01609951516856
2019-11-21T17:00:00,40.76351945296577
2019-11-21T18:00:00,47.25842417841372
2019-11-21T19:00:00,53.57848888894785
2019-11-21T20:00:00,58.660781196925946
2019-11-21T21:00:00,64.897926993992
2019-11-21T22:00:00,69.00919209355892
2019-11-21T23:00:00,71.31373231307319
2019-11-22T00:00:00,77.36685777747111
2019-11-22T01:00:00,82.98267430844514
2019-11-22T02:00:00,52.467750881029204
2019-11-22T03:00:00,40.51967886219853
2019-11-22T04:00:00,42.923326575237766
2019-11-22T05:00:00,43.355085289996595
2019-11-22T06:00:00,44.19769535893979
2019-11-22T07:00:00,41.03155683434527
2019-11-22T08:00:00,39.234263876210086
2019-11-22T09:00:00,33.55132758099099
2019-11-22T10:00:00,30.89387777577276
2019-11-22T11:00:00,32.003235112065845
2019-11-22T12:00:00,39.276839214822516
2019-11-22T13:00:00,47.22691394971764
2019-11-22T14:00:00,59.731135492739455
2019-11-22T15:00:00,74.50100011410919
2019-11-22T16:00:00,88.21641009786853
2019-11-22T17:00:00,95.01510686459748
2019-11-22T18:00:00,92.5408361683721
2019-11-22T19:00:00,88.76959029487941
2019-11-22T20:00:00,85.14324752144191
2019-11-22T21:00:00,79.38330243981403
2019-11-22T22:00:00,73.01115716021994
2019-11-22T23:00:00,69.98983764648438
2019-11-23T00:00:00,72.21501756751019
2019-11-23T01:00:00,74.75700594031291
2019-11-23T02:00:00,40.80658357039741
2019-11-23T03:00:00,30.04218217600947
2019-11-23T04:00:00,28.241675750068993
2019-11-23T05:00:00,26.301082694012184
2019-11-23T06:00:00,23.206445113472313
2019-11-23T07:00:00,20.706821524578594
2019-11-23T08:00:00,20.39226092462954
2019-11-23T09:00:00,22.412465302840523
2019-11-23T10:00:00,28.740642879320227
2019-11-23T11:00:00,37.27778608902641
2019-11-23T12:00:00,44.029790131942086
2019-11-23T13:00:00,50.60749966165293
2019-11-23T14:00:00,61.77587658426035
2019-11-23T15:00:00,72.13917873216711
2019-11-23T16:00:00,78.87968743365744
2019-11-23T17:00:00,87.87578848133916
2019-11-23T18:00:00,97.18181974991508
2019-11-23T19:00:00,99.21131299889606
2019-11-23T20:00:00,91.35574042278786
2019-11-23T21:00:00,86.3369488923446
2019-11-23T22:00:00,89.0089927341627
2019-11-23T23:00:00,88.21421747622281
2019-11-24T00:00:00,83.16587663733439
2019-11-24T01:00:00,81.61338275411855
2019-11-24T02:00:00,84.03385228696075
2019-11-24T03:00:00,63.519306514574126
2019-11-24T04:00:00,34.04185436082922
2019-11-24T05:00:00,21.16994111434273
2019-11-24T06:00:00,17.561434289683465
2019-11-24T07:00:00,19.400898394377332
2019-11-24T08:00:00,20.674969631692637
2019-11-24T09:00:00,22.96151708519977
2019-11-24T10:00:00,29.37793159484863
2019-11-24T11:00:00,43.85999264924422
2019-11-24T12:00:00,57.91538188768468
2019-11-24T13:00:00,67.77038773246433
2019-11-24T14:00:00,75.54835841966711
2019-11-24T15:00:00,75.30154750658117
2019-11-24T16:00:00,66.72816815583602
2019-11-24T17:00:00,53.312128647514
2019-11-24T18:00:00,50.3779649319856
2019-11-24T19:00:00,52.282418790070906
2019-11-24T20:00:00,39.59481753473696
2019-11-24T21:00:00,38.00334416265073
2019-11-24T22:00:00,40.09216988605001
2019-11-24T23:00:00,46.8844579613727
2019-11-25T00:00:00,52.78041507886803
2019-11-25T01:00:00,54.86237252276876
2019-11-25T02:00:00,28.15454076684039
2019-11-25T03:00:00,17.353764326676075
2019-11-25T04:00:00,13.322256005328633
2019-11-25T05:00:00,11.149135796920111
2019-11-25T06:00:00,9.586818363355553
2019-11-25T07:00:00,8.670883717744244
2019-11-25T08:00:00,8.627676238184387
2019-11-25T09:00:00,9.206211546192996
2019-11-25T10:00:00,10.429290647092072
2019-11-25T11:00:00,13.863154245459514
2019-11-25T12:00:00,19.377231597900387
2019-11-25T13:00:00,26.44291554326596
2019-11-25T14:00:00,31.801810223123297
2019-11-25T15:00:00,36.33750202344812
2019-11-25T16:00:00,39.881739740786344
2019-11-25T17:00:00,47.4733365929645
2019-11-25T18:00:00,55.90302658081055
2019-11-25T19:00:00,73.05715909211531
2019-11-25T20:00:00,87.65222864565641
2019-11-25T21:00:00,94.53920978048573
2019-11-25T22:00:00,91.64372452445652
2019-11-25T23:00:00,80.5587619283925
2019-11-26T00:00:00,66.90907237840736
2019-11-26T01:00:00,58.05852956357208
2019-11-26T02:00:00,31.176931547081985
2019-11-26T03:00:00,18.081029477326766
2019-11-26T04:00:00,13.952310645061988
2019-11-26T05:00:00,11.893121594968047
2019-11-26T06:00:00,10.65088135263194
2019-11-26T07:00:00,10.141230873439623
2019-11-26T08:00:00,10.041325320368227
2019-11-26T09:00:00,10.31989814924157
2019-11-26T10:00:00,11.167265767636504
2019-11-26T11:00:00,13.508659196936565
2019-11-26T12:00:00,17.737678983937133
2019-11-26T13:00:00,20.862082854561184
2019-11-26T14:00:00,23.04443027662194
2019-11-26T15:00:00,25.475253892981485
2019-11-26T16:00:00,27.45162018485691
2019-11-26T17:00:00,28.989307652349055
2019-11-26T18:00:00,28.611625256745707
2019-11-26T19:00:00,27.998990846716836
2019-11-26T20:00:00,30.048373097958763
2019-11-26T21:00:00,33.31354904174804
2019-11-26T22:00:00,37.06941123630689
2019-11-26T23:00:00,39.085682578708806
2019-11-27T00:00:00,39.96037740292756
2019-11-27T01:00:00,41.82037768156632
2019-11-27T02:00:00,29.229023974874742
2019-11-27T03:00:00,17.85990010137143
2019-11-27T04:00:00,14.438009718190067
2019-11-27T05:00:00,12.274963254513947
2019-11-27T06:00:00,11.149629344110902
2019-11-27T07:00:00,10.392461569412893
2019-11-27T08:00:00,10.572217319322666
2019-11-27T09:00:00,12.401983717213506
2019-11-27T10:00:00,15.166398836218791
2019-11-27T11:00:00,21.132530958756156
2019-11-27T12:00:00,31.21732827891474
2019-11-27T13:00:00,34.813154137652845
2019-11-27T14:00:00,33.17145032468049
2019-11-27T15:00:00,33.400371136872664
2019-11-27T16:00:00,35.23283850628396
2019-11-27T17:00:00,38.38751170946204
2019-11-27T18:00:00,39.56856603207795
2019-11-27T19:00:00,38.35344579945439
2019-11-27T20:00:00,34.03509140014648
2019-11-27T21:00:00,32.02626676144807
2019-11-27T22:00:00,36.05549538653829
2019-11-27T23:00:00,41.103222059166946
2019-11-28T00:00:00,45.6922665471616
2019-11-28T01:00:00,49.03417338495669
2019-11-28T02:00:00,30.953819191974144
2019-11-28T03:00:00,17.104880291482676
2019-11-28T04:00:00,12.444263085075045
2019-11-28T05:00:00,10.657675535782523
2019-11-28T06:00:00,10.323588288348654
2019-11-28T07:00:00,10.590918458026389
2019-11-28T08:00:00,11.42011667334515
2019-11-28T09:00:00,12.391783092332922
2019-11-28T10:00:00,14.489752479221508
2019-11-28T11:00:00,19.353247352268383
2019-11-28T12:00:00,25.22885645990786
2019-11-28T13:00:00,29.893731075784427
2019-11-28T14:00:00,32.47911337147588
2019-11-28T15:00:00,30.766916109168008
2019-11-28T16:00:00,28.940028480861493
2019-11-28T17:00:00,31.894780946814492
2019-11-28T18:00:00,36.87285912555197
2019-11-28T19:00:00,39.469114884086274
2019-11-28T20:00:00,39.061223900836445
2019-11-28T21:00:00,41.14114976965862
2019-11-28T22:00:00,43.854574949845016
2019-11-28T23:00:00,46.85830323592476
2019-11-29T00:00:00,45.91860597029976
2019-11-29T01:00:00,48.440029641856306
2019-11-29T02:00:00,30.628951197085172
2019-11-29T03:00:00,18.37456354887589
2019-11-29T04:00:00,14.326030814129371
2019-11-29T05:00:00,12.636923914370328
2019-11-29T06:00:00,11.476281041684356
2019-11-29T07:00:00,10.561128533404805
2019-11-29T08:00:00,10.686197944309399
2019-11-29T09:00:00,10.525315865226412
2019-11-29T10:00:00,12.430190252221147
2019-11-29T11:00:00,14.307221910227899
2019-11-29T12:00:00,17.79821727586829
2019-11-29T13:00:00,27.450373276420258
2019-11-29T14:00:00,38.98360691899838
2019-11-29T15:00:00,51.12449165012525
2019-11-29T16:00:00,66.1391886835513
2019-11-29T17:00:00,87.26179305366847
2019-11-29T18:00:00,109.36616018544072
2019-11-29T19:00:00,126.06462495223334
2019-11-29T20:00:00,128.6200714111328
2019-11-29T21:00:00,123.28511810302733
2019-11-29T22:00:00,85.1446072122325
2019-11-29T23:00:00,79.16774368286131
2019-11-30T00:00:00,61.68360685265583
2019-11-30T01:00:00,50.58680277285367
2019-11-30T02:00:00,22.952650484831437
2019-11-30T03:00:00,14.963243691817574
2019-11-30T04:00:00,12.6485130890556
2019-11-30T05:00:00,13.24706400995669
2019-11-30T06:00:00,13.319292648978855
2019-11-30T07:00:00,13.369650218797764
2019-11-30T08:00:00,14.353439870087996
2019-11-30T09:00:00,16.07525228417438
2019-11-30T10:00:00,19.769320695296575
2019-11-30T11:00:00,28.2024565986965
2019-11-30T12:00:00,35.80785121088442
2019-11-30T13:00:00,43.741924285888665
2019-11-30T14:00:00,54.32556450885274
2019-11-30T15:00:00,66.6054863307787
2019-11-30T16:00:00,81.04187111232591
2019-11-30T17:00:00,97.58319788393766
2019-11-30T18:00:00,112.88112673552138
2019-11-30T19:00:00,121.93335093622622
2019-11-30T20:00:00,127.1981440005095
2019-11-30T21:00:00,128.06432176672894
2019-11-30T22:00:00,125.5920542841372
2019-11-30T23:00:00,121.7936898936396
2019-12-01T00:00:00,119.39931852921194
2019-12-01T01:00:00,106.00905509617016
2019-12-01T02:00:00,36.45928540437118
2019-12-01T03:00:00,18.374475396197774
2019-12-01T04:00:00,15.662533469822094
2019-12-01T05:00:00,15.885770880657692
2019-12-01T06:00:00,17.86104981795601
2019-12-01T07:00:00,20.794162086818528
2019-12-01T08:00:00,24.330901436183762
2019-12-01T09:00:00,31.009009983228594
2019-12-01T10:00:00,41.05641572371773
2019-12-01T11:00:00,50.04204526154891
2019-12-01T12:00:00,58.90595311703889
2019-12-01T13:00:00,65.57087342635444
2019-12-01T14:00:00,69.80951557988705
2019-12-01T15:00:00,74.8036993275518
2019-12-01T16:00:00,81.83591129468834
2019-12-01T17:00:00,89.26169353982675
2019-12-01T18:00:00,95.02872533383577
2019-12-01T19:00:00,98.9421224179475
2019-12-01T20:00:00,102.54291899307914
2019-12-01T21:00:00,103.07384922193444
2019-12-01T22:00:00,96.81513877536939
2019-12-01T23:00:00,87.43586598271908
2019-12-02T00:00:00,81.82154481307319
2019-12-02T01:00:00,79.46523981509
2019-12-02T02:00:00,68.66194484544836
2019-12-02T03:00:00,38.419845000557274
2019-12-02T04:00:00,18.759465673695438
2019-12-02T05:00:00,13.872814054074492
2019-12-02T06:00:00,14.02559939674709
2019-12-02T07:00:00,15.108029407003649
2019-12-02T08:00:00,15.825137179830797
2019-12-02T09:00:00,15.807339917058528
2019-12-02T10:00:00,15.565186251764713
2019-12-02T11:00:00,17.450028253638223
2019-12-02T12:00:00,21.11557040007218
2019-12-02T13:00:00,26.37203664365022
2019-12-02T14:00:00,32.1605750374172
2019-12-02T15:00:00,34.662911373635986
2019-12-02T16:00:00,32.73742883101753
2019-12-02T17:00:00,28.61500847857931
2019-12-02T18:00:00,24.42904712842858
2019-12-02T19:00:00,20.887329101562496
2019-12-02T20:00:00,17.55807113647461
2019-12-02T21:00:00,15.551997723786727
2019-12-02T22:00:00,16.135636039402172
2019-12-02T23:00:00,18.209765931834344
2019-12-03T00:00:00,20.337893195774242
2019-12-03T01:00:00,23.48997364873471
2019-12-03T02:00:00,24.812198141346805
2019-12-03T03:00:00,16.968278926351797
2019-12-03T04:00:00,12.534882130830184
2019-12-03T05:00:00,10.967690592226775
2019-12-03T06:00:00,9.932428401449451
2019-12-03T07:00:00,9.464292609173318
2019-12-03T08:00:00,9.514751641646674
2019-12-03T09:00:00,9.861735965894614
2019-12-03T10:00:00,11.145267569500467
2019-12-03T11:00:00,15.450486473415205
2019-12-03T12:00:00,19.578263655952785
2019-12-03T13:00:00,20.688733805780824
2019-12-03T14:00:00,22.847539072451383
2019-12-03T15:00:00,28.06806481402853
2019-12-03T16:00:00,34.9274789561396
2019-12-03T17:00:00,39.027896549390704
2019-12-03T18:00:00,40.857045380965516
2019-12-03T19:00:00,40.999600949494734
2019-12-03T20:00:00,40.037983935812235
2019-12-03T21:00:00,38.455160058063
2019-12-03T22:00:00,35.91403297756029
2019-12-03T23:00:00,33.14585810122282
2019-12-04T00:00:00,30.377346287602965
2019-12-04T01:00:00,30.744313032730762
2019-12-04T02:00:00,33.81790194304092
2019-12-04T03:00:00,34.36465072631836
2019-12-04T04:00:00,25.664403666620665
2019-12-04T05:00:00,18.930529967598293
2019-12-04T06:00:00,16.701403493466582
2019-12-04T07:00:00,16.313708471215286
2019-12-04T08:00:00,16.79988500346308
2019-12-04T09:00:00,16.63984962131666
2019-12-04T10:00:00,18.43173101673955
2019-12-04T11:00:00,25.49319972162661
2019-12-04T12:00:00,36.64872575842815
2019-12-04T13:00:00,44.34903468256411
2019-12-04T14:00:00,48.40961074829101
2019-12-04T15:00:00,50.04673534890879
2019-12-04T16:00:00,54.49793160480001
2019-12-04T17:00:00,65.54808342975119
2019-12-04T18:00:00,78.42879121199897
2019-12-04T19:00:00,76.65440965735394
2019-12-04T20:00:00,58.99935050632642
2019-12-04T21:00:00,39.23398457402768
2019-12-04T22:00:00,35.35139316061268
2019-12-04T23:00:00,43.37991117394488
2019-12-05T00:00:00,52.691326638926625
2019-12-05T01:00:00,62.2696478470512
2019-12-05T02:00:00,52.09634780883788
2019-12-05T03:00:00,34.33795232358185
2019-12-05T04:00:00,27.44520759582519
2019-12-05T05:00:00,18.40275540559188
2019-12-05T06:00:00,12.223249642745307
2019-12-05T07:00:00,9.407356034154475
2019-12-05T08:00:00,9.082939106485117
2019-12-05T09:00:00,10.354389024817424
2019-12-05T10:00:00,13.009314039479131
2019-12-05T11:00:00,16.3122150586999
2019-12-05T12:00:00,21.402277407438856
2019-12-05T13:00:00,25.54334200983462
2019-12-05T14:00:00,32.82778681879458
2019-12-05T15:00:00,40.7627012004023
2019-12-05T16:00:00,43.71345735632855
2019-12-05T17:00:00,45.213014851445735
2019-12-05T18:00:00,56.76104885598887
2019-12-05T19:00:00,67.69802574489425
2019-12-05T20:00:00,68.70900643390156
2019-12-05T21:00:00,61.219703840172805
2019-12-05T22:00:00,55.54556025629458
2019-12-05T23:00:00,58.90403084132981
2019-12-06T00:00:00,64.87072024138077
2019-12-06T01:00:00,71.08157813030739
2019-12-06T02:00:00,50.21374611232591
2019-12-06T03:00:00,28.932361519854997
2019-12-06T04:00:00,22.936157641203504
2019-12-06T05:00:00,20.44228926948879
2019-12-06T06:00:00,18.648053791212
2019-12-06T07:00:00,17.547747819320016
2019-12-06T08:00:00,17.237458685170047
2019-12-06T09:00:00,17.718248118524965
2019-12-06T10:00:00,20.74855199067489
2019-12-06T11:00:00,25.5514323193094
2019-12-06T12:00:00,33.90355765301248
2019-12-06T13:00:00,39.912015002706774
2019-12-06T14:00:00,42.97961790665336
2019-12-06T15:00:00,45.33274907651155
2019-12-06T16:00:00,48.52818762737771
2019-12-06T17:00:00,51.89003189750339
2019-12-06T18:00:00,51.50262749713399
2019-12-06T19:00:00,51.71082637621008
2019-12-06T20:00:00,52.74795051242994
2019-12-06T21:00:00,54.019361578899876
2019-12-06T22:00:00,53.567673061204985
2019-12-06T23:00:00,53.02124985404636
2019-12-07T00:00:00,53.57640523495881
2019-12-07T01:00:00,54.655649599821665
2019-12-07T02:00:00,37.87080416472062
2019-12-07T03:00:00,25.32176200203273
2019-12-07T04:00:00,20.57181291994841
2019-12-07T05:00:00,17.183477028556492
2019-12-07T06:00:00,16.207397626793902
2019-12-07T07:00:00,16.731281861014985
2019-12-07T08:00:00,18.556504125180453
2019-12-07T09:00:00,19.197864532470703
2019-12-07T10:00:00,21.08200164463209
2019-12-07T11:00:00,25.682952051577356
2019-12-07T12:00:00,32.39128908903702
2019-12-07T13:00:00,36.48194254999575
2019-12-07T14:00:00,37.375243311342984
2019-12-07T15:00:00,36.742180202318266
2019-12-07T16:00:00,39.11966755079186
2019-12-07T17:00:00,43.832773623259165
2019-12-07T18:00:00,49.23164516946543
2019-12-07T19:00:00,52.19393605771271
2019-12-07T20:00:00,53.67834373142407
2019-12-07T21:00:00,55.7155645619268
2019-12-07T22:00:00,58.762893179188595
2019-12-07T23:00:00,62.01575171429178
2019-12-08T00:00:00,64.10985598356827
2019-12-08T01:00:00,65.64277748439622
2019-12-08T02:00:00,50.27614444235096
2019-12-08T03:00:00,34.74647057574728
2019-12-08T04:00:00,25.5000468544338
2019-12-08T05:00:00,23.28905992922575
2019-12-08T06:00:00,24.14248167950174
2019-12-08T07:00:00,23.27442840907884
2019-12-08T08:00:00,21.88136930051057
2019-12-08T09:00:00,23.495333215464715
2019-12-08T10:00:00,28.8878176315971
2019-12-08T11:00:00,31.826915409253992
2019-12-08T12:00:00,32.61023247760274
2019-12-08T13:00:00,33.80127898506496
2019-12-08T14:00:00,35.37921739661174
2019-12-08T15:00:00,36.02841584578805
2019-12-08T16:00:00,34.299155525539234
2019-12-08T17:00:00,32.95687418398649
2019-12-08T18:00:00,32.809016683827274
2019-12-08T19:00:00,32.83402948794158
2019-12-08T20:00:00,34.21177673339844
2019-12-08T21:00:00,39.23544228595235
2019-12-08T22:00:00,47.92751743482506
2019-12-08T23:00:00,56.93045226387355
2019-12-09T00:00:00,65.11432780390199
2019-12-09T01:00:00,73.74645034126613
2019-12-09T02:00:00,84.03717936640199
2019-12-09T03:00:00,95.44927414603855
2019-12-09T04:00:00,96.53057960841966
2019-12-09T05:00:00,85.65109750498895
2019-12-09T06:00:00,67.16928200099778
2019-12-09T07:00:00,52.90713053164274
2019-12-09T08:00:00,48.23882509314495
2019-12-09T09:00:00,49.68622191055961
2019-12-09T10:00:00,53.86692528102708
2019-12-09T11:00:00,60.51093939076298
2019-12-09T12:00:00,66.89229351541269
2019-12-09T13:00:00,69.806420367697
2019-12-09T14:00:00,54.75940074091372
2019-12-09T15:00:00,54.694186832593836
2019-12-09T16:00:00,58.176799774169915
2019-12-09T17:00:00,70.44747161865234
2019-12-09T18:00:00,81.21109672214672
2019-12-09T19:00:00,86.2304223102072
2019-12-09T20:00:00,90.12668841818103
2019-12-09T21:00:00,90.60762720522672
2019-12-09T22:00:00,88.71768851902173
2019-12-09T23:00:00,87.01897430419922
2019-12-10T00:00:00,86.93383092465608
2019-12-10T01:00:00,84.81306026292881
2019-12-10T02:00:00,61.801287941310704
2019-12-10T03:00:00,29.922639183376145
2019-12-10T04:00:00,16.558000813359797
2019-12-10T05:00:00,13.666056259818697
2019-12-10T06:00:00,12.734594096308168
2019-12-10T07:00:00,12.659801566082496
2019-12-10T08:00:00,14.137983902640963
2019-12-10T09:00:00,16.880472058835235
2019-12-10T10:00:00,21.46384446517281
2019-12-10T11:00:00,29.841929311337676
2019-12-10T12:00:00,33.554296576458476
2019-12-10T13:00:00,37.92406015810759
2019-12-10T14:00:00,49.38186363551927
2019-12-10T15:00:00,62.30185019451639
2019-12-10T16:00:00,72.69117338761039
2019-12-10T17:00:00,77.07310353154722
2019-12-10T18:00:00,79.36432349163552
2019-12-10T19:00:00,79.52683025857675
2019-12-10T20:00:00,81.10162519372027
2019-12-10T21:00:00,84.67339391293731
2019-12-10T22:00:00,83.18913866126019
2019-12-10T23:00:00,79.80802486253822
2019-12-11T00:00:00,81.19887410039487
2019-12-11T01:00:00,83.6579543403957
2019-12-11T02:00:00,52.535364068072774
2019-12-11T03:00:00,25.6325627202573
2019-12-11T04:00:00,17.27527149863865
2019-12-11T05:00:00,13.64311645341956
2019-12-11T06:00:00,12.542424782462742
2019-12-11T07:00:00,12.66947841644287
2019-12-11T08:00:00,13.411937216053836
2019-12-11T09:00:00,14.768776022869604
2019-12-11T10:00:00,16.768061637878414
2019-12-11T11:00:00,20.018661001454227
2019-12-11T12:00:00,23.61101034413213
2019-12-11T13:00:00,28.15422223961871
2019-12-11T14:00:00,32.42910774894382
2019-12-11T15:00:00,34.834788280984625
2019-12-11T16:00:00,39.20380418196968
2019-12-11T17:00:00,40.689191071883485
2019-12-11T18:00:00,46.37027209738026
2019-12-11T19:00:00,53.62068026998768
2019-12-11T20:00:00,58.45470328952954
2019-12-11T21:00:00,62.296356367028274
2019-12-11T22:00:00,65.02070004007089
2019-12-11T23:00:00,65.48552521415378
2019-12-12T00:00:00,64.6397595612899
2019-12-12T01:00:00,63.66745078045388
2019-12-12T02:00:00,50.7518834653108
2019-12-12T03:00:00,30.63308790455693
2019-12-12T04:00:00,21.05419523819633
2019-12-12T05:00:00,16.572987307672914
2019-12-12T06:00:00,14.321945314821988
2019-12-12T07:00:00,13.281015147333559
2019-12-12T08:00:00,13.095051143480383
2019-12-12T09:00:00,14.232627993044645
2019-12-12T10:00:00,16.522917664569356
2019-12-12T11:00:00,19.827001322870668
2019-12-12T12:00:00,26.60117862535559
2019-12-12T13:00:00,31.518160198045805
2019-12-12T14:00:00,38.15731347125509
2019-12-12T15:00:00,46.54346018252165
2019-12-12T16:00:00,53.738876176917024
2019-12-12T17:00:00,59.50204915585724
2019-12-12T18:00:00,66.33798118259595
2019-12-12T19:00:00,68.13365803594174
2019-12-12T20:00:00,67.76231649647586
2019-12-12T21:00:00,66.9263337176779
2019-12-12T22:00:00,65.80238707169242
2019-12-12T23:00:00,64.41214039014733
2019-12-13T00:00:00,62.78539242951765
2019-12-13T01:00:00,60.1731948852539
2019-12-13T02:00:00,42.877154972242266
2019-12-13T03:00:00,21.61607402303944
2019-12-13T04:00:00,15.500792088715924
2019-12-13T05:00:00,12.93501335641612
2019-12-13T06:00:00,11.527275831803031
2019-12-13T07:00:00,10.789506580518639
2019-12-13T08:00:00,10.596378865449324
2019-12-13T09:00:00,11.07989049994427
2019-12-13T10:00:00,12.16347955620807
2019-12-13T11:00:00,14.175727471061375
2019-12-13T12:00:00,19.00182591313901
2019-12-13T13:00:00,24.451649458512016
2019-12-13T14:00:00,32.66558622277301
2019-12-13T15:00:00,44.22845060929007
2019-12-13T16:00:00,54.5848741946013
2019-12-13T17:00:00,63.00689730436905
2019-12-13T18:00:00,67.82910852846892
2019-12-13T19:00:00,68.01676161392874
2019-12-13T20:00:00,65.74572422193444
2019-12-13T21:00:00,65.00265983913255
2019-12-13T22:00:00,65.48483807107675
2019-12-13T23:00:00,67.50481978706691
2019-12-14T00:00:00,69.73560946920644
2019-12-14T01:00:00,69.522344838018
2019-12-14T02:00:00,39.5179852195408
2019-12-14T03:00:00,19.636354197626524
2019-12-14T04:00:00,15.075960739799168
2019-12-14T05:00:00,13.01104280223017
2019-12-14T06:00:00,12.015002623848293
2019-12-14T07:00:00,11.356405341106912
2019-12-14T08:00:00,10.853591462840203
2019-12-14T09:00:00,10.8415644687155
2019-12-14T10:00:00,11.758174813312031
2019-12-14T11:00:00,15.007776467696477
2019-12-14T12:00:00,19.612234696097993
2019-12-14T13:00:00,21.495460759038508
2019-12-14T14:00:00,23.764624968818993
2019-12-14T15:00:00,26.3155228158702
2019-12-14T16:00:00,28.851112116938047
2019-12-14T17:00:00,31.6479667995287
2019-12-14T18:00:00,33.773879341457196
2019-12-14T19:00:00,33.36405538476031
2019-12-14T20:00:00,32.07039857947308
2019-12-14T21:00:00,31.037533221037485
2019-12-14T22:00:00,30.15028497447138
2019-12-14T23:00:00,29.094618921694543
2019-12-15T00:00:00,28.150061482968532
2019-12-15T01:00:00,25.039027338442594
2019-12-15T02:00:00,20.208300383194633
2019-12-15T03:00:00,15.600469755089799
2019-12-15T04:00:00,13.101274987925652
2019-12-15T05:00:00,11.559733722520908
2019-12-15T06:00:00,10.479959197666332
2019-12-15T07:00:00,9.932103488756262
2019-12-15T08:00:00,9.703267885291059
2019-12-15T09:00:00,9.737896877786389
2019-12-15T10:00:00,10.238596543021822
2019-12-15T11:00:00,13.06387959355893
2019-12-15T12:00:00,18.050549051036004
2019-12-15T13:00:00,19.79444172071374
2019-12-15T14:00:00,21.15211627794348
2019-12-15T15:00:00,22.104204675425652
2019-12-15T16:00:00,22.526071216749106
2019-12-15T17:00:00,23.034759521484375
2019-12-15T18:00:00,25.35873894069505
2019-12-15T19:00:00,29.27150460948115
2019-12-15T20:00:00,34.288400235383406
2019-12-15T21:00:00,40.35231300022291
2019-12-15T22:00:00,44.588715926460594
2019-12-15T23:00:00,46.81627107703167
2019-12-16T00:00:00,47.34865470554518
2019-12-16T01:00:00,46.960201263427734
2019-12-16T02:00:00,28.789771950763203
2019-12-16T03:00:00,17.864896442579184
2019-12-16T04:00:00,14.310855160588803
2019-12-16T05:00:00,12.113281167071797
2019-12-16T06:00:00,11.150708488796068
2019-12-16T07:00:00,10.807485746300738
2019-12-16T08:00:00,10.866215830263883
2019-12-16T09:00:00,11.086661504662555
2019-12-16T10:00:00,11.996862370034922
2019-12-16T11:00:00,14.549712346947711
2019-12-16T12:00:00,20.808952248614766
2019-12-16T13:00:00,28.478993954865828
2019-12-16T14:00:00,33.424092334249735
2019-12-16T15:00:00,38.05960920582647
2019-12-16T16:00:00,41.15895462036132
2019-12-16T17:00:00,43.48130682240361
2019-12-16T18:00:00,45.76088266787321
2019-12-16T19:00:00,48.11595037709111
2019-12-16T20:00:00,53.36701583862305
2019-12-16T21:00:00,58.79690021017323
2019-12-16T22:00:00,63.188516036323875
2019-12-16T23:00:00,65.40734581325366
2019-12-17T00:00:00,66.6426300380541
2019-12-17T01:00:00,65.53993108998175
2019-12-17T02:00:00,41.12050214021102
2019-12-17T03:00:00,21.110183218251102
2019-12-17T04:00:00,14.9853169399759
2019-12-17T05:00:00,12.546750939410664
2019-12-17T06:00:00,11.327506728794264
2019-12-17T07:00:00,11.267975102300229
2019-12-17T08:00:00,11.660974253778871
2019-12-17T09:00:00,12.512991614963697
2019-12-17T10:00:00,14.958950954934823
2019-12-17T11:00:00,21.54239795518958
2019-12-17T12:00:00,32.62547534445057
2019-12-17T13:00:00,40.58154777858568
2019-12-17T14:00:00,46.608584362527594
2019-12-17T15:00:00,48.74212182086446
2019-12-17T16:00:00,45.939059547756024
2019-12-17T17:00:00,41.92705187590226
2019-12-17T18:00:00,39.062630197276235
2019-12-17T19:00:00,37.67115286122198
2019-12-17T20:00:00,37.1984284442404
2019-12-17T21:00:00,37.95860240770423
2019-12-17T22:00:00,39.370571468187414
2019-12-17T23:00:00,40.58589023092518
2019-12-18T00:00:00,40.957722705343485
2019-12-18T01:00:00,40.12826455157735
2019-12-18T02:00:00,27.898187886113703
2019-12-18T03:00:00,15.92715835571289
2019-12-18T04:00:00,12.371830567069676
2019-12-18T05:00:00,10.639367186504861
2019-12-18T06:00:00,9.558782494586445
2019-12-18T07:00:00,9.120651245117186
2019-12-18T08:00:00,9.523176981055217
2019-12-18T09:00:00,10.551514874333918
2019-12-18T10:00:00,12.717635859613832
2019-12-18T11:00:00,16.987664844678793
2019-12-18T12:00:00,23.47028010824452
2019-12-18T13:00:00,27.88334705518639
2019-12-18T14:00:00,30.43137177177097
2019-12-18T15:00:00,32.001527122829266
2019-12-18T16:00:00,33.627227949059524
2019-12-18T17:00:00,35.348733984905735
2019-12-18T18:00:00,35.50679016113281
2019-12-18T19:00:00,33.938939301863954
2019-12-18T20:00:00,32.14749178679092
2019-12-18T21:00:00,31.128234365712036
2019-12-18T22:00:00,30.24949388918669
2019-12-18T23:00:00,29.858360539311942
2019-12-19T00:00:00,29.807094408118207
2019-12-19T01:00:00,30.00642469654912
2019-12-19T02:00:00,25.587884654169496
2019-12-19T03:00:00,16.850980053777278
2019-12-19T04:00:00,13.495555380116336
2019-12-19T05:00:00,13.121270967566447
2019-12-19T06:00:00,13.41856873553732
2019-12-19T07:00:00,13.452630664991293
2019-12-19T08:00:00,13.758166147314983
2019-12-19T09:00:00,15.35316280696703
2019-12-19T10:00:00,17.47980942933456
2019-12-19T11:00:00,20.793777548748512
2019-12-19T12:00:00,25.279042534206223
2019-12-19T13:00:00,29.77609128537385
2019-12-19T14:00:00,34.90867448889691
2019-12-19T15:00:00,40.955387613047726
2019-12-19T16:00:00,47.24932994013246
2019-12-19T17:00:00,51.72186362225076
2019-12-19T18:00:00,53.050648896590516
2019-12-19T19:00:00,51.81834428206734
2019-12-19T20:00:00,48.93469238281249
2019-12-19T21:00:00,44.696754621422805
2019-12-19T22:00:00,40.85928046185037
2019-12-19T23:00:00,39.37432712057362
2019-12-20T00:00:00,40.2134198727815
2019-12-20T01:00:00,41.811558764913805
2019-12-20T02:00:00,35.209170134171195
2019-12-20T03:00:00,20.564186510832407
2019-12-20T04:00:00,14.701628477677053
2019-12-20T05:00:00,11.994006488634191
2019-12-20T06:00:00,10.674240651337996
2019-12-20T07:00:00,10.549557644387948
2019-12-20T08:00:00,10.722885380620541
2019-12-20T09:00:00,11.779461321623428
2019-12-20T10:00:00,14.192502768143363
2019-12-20T11:00:00,19.17969653917395
2019-12-20T12:00:00,24.7382871379023
2019-12-20T13:00:00,23.30449452607528
2019-12-20T14:00:00,21.339252969493035
2019-12-20T15:00:00,23.062323860500168
2019-12-20T16:00:00,29.062115379001778
2019-12-20T17:00:00,38.49415323008661
2019-12-20T18:00:00,46.60472571331521
2019-12-20T19:00:00,52.71014835523522
2019-12-20T20:00:00,55.715495399806805
2019-12-20T21:00:00,58.671834033468485
2019-12-20T22:00:00,56.54750160548998
2019-12-20T23:00:00,64.20072240414825
2019-12-21T00:00:00,76.9738713140073
2019-12-21T01:00:00,85.41379115892492
2019-12-21T02:00:00,40.94365061884341
2019-12-21T03:00:00,25.937743477199383
2019-12-21T04:00:00,19.487720904142954
2019-12-21T05:00:00,16.740640225617778
2019-12-21T06:00:00,15.039770458055578
2019-12-21T07:00:00,12.233897706736688
2019-12-21T08:00:00,12.14245373269786
2019-12-21T09:00:00,15.326423479163129
2019-12-21T10:00:00,19.73435708750849
2019-12-21T11:00:00,27.234217851058293
2019-12-21T12:00:00,37.51083838421365
2019-12-21T13:00:00,39.42207319840141
2019-12-21T14:00:00,40.11665974492612
2019-12-21T15:00:00,40.21364527163298
2019-12-21T16:00:00,44.8959037117336
2019-12-21T17:00:00,51.62793731689453
2019-12-21T18:00:00,56.189422607421875
2019-12-21T19:00:00,58.87767028808593
2019-12-21T20:00:00,58.93155769679856
2019-12-21T21:00:00,59.61552263342816
2019-12-21T22:00:00,60.38420867919922
2019-12-21T23:00:00,56.37273373811141
2019-12-22T00:00:00,52.64371241693912
2019-12-22T01:00:00,52.45402526855468
2019-12-22T02:00:00,55.16844608472741
2019-12-22T03:00:00,49.9449930605681
2019-12-22T04:00:00,30.30772375023883
2019-12-22T05:00:00,20.630303507265833
2019-12-22T06:00:00,16.31645642156186
2019-12-22T07:00:00,16.833933871725332
2019-12-22T08:00:00,18.870556955752164
2019-12-22T09:00:00,20.522456127664313
2019-12-22T10:00:00,23.69065011065939
2019-12-22T11:00:00,34.16234638379967
2019-12-22T12:00:00,46.95953385726265
2019-12-22T13:00:00,56.28960086988366
2019-12-22T14:00:00,64.98732193656589
2019-12-22T15:00:00,72.87262692658797
2019-12-22T16:00:00,68.65557131559952
2019-12-22T17:00:00,64.10536890444547
2019-12-22T18:00:00,62.964317653490134
2019-12-22T19:00:00,64.20569079855214
2019-12-22T20:00:00,69.60229691215183
2019-12-22T21:00:00,80.52368694802988
2019-12-22T22:00:00,91.84368564771569
2019-12-22T23:00:00,98.7442981885827
2019-12-23T00:00:00,106.80938820216964
2019-12-23T01:00:00,119.19896565312924
2019-12-23T02:00:00,109.80867369278617
2019-12-23T03:00:00,84.62576028575067
2019-12-23T04:00:00,62.83392018857208
2019-12-23T05:00:00,49.871168717094086
2019-12-23T06:00:00,43.63168733016305
2019-12-23T07:00:00,39.705775219461195
2019-12-23T08:00:00,38.09010746168054
2019-12-23T09:00:00,38.41105469413425
2019-12-23T10:00:00,44.04101645428201
2019-12-23T11:00:00,53.952761608621344
2019-12-23T12:00:00,65.83356907056724
2019-12-23T13:00:00,79.43684022322944
2019-12-23T14:00:00,93.88608086627461
2019-12-23T15:00:00,109.70820551333219
2019-12-23T16:00:00,126.57572339928667
2019-12-23T17:00:00,141.12994915506113
2019-12-23T18:00:00,152.93472422724182
2019-12-23T19:00:00,162.21545609183931
2019-12-23T20:00:00,168.30792103643
2019-12-23T21:00:00,171.73748978324556
2019-12-23T22:00:00,174.3963291334069
2019-12-23T23:00:00,173.79058937404463
2019-12-24T00:00:00,168.2665979136591
2019-12-24T01:00:00,156.04761538298231
2019-12-24T02:00:00,70.26160895306131
2019-12-24T03:00:00,26.36294696642005
2019-12-24T04:00:00,17.460988003274668
2019-12-24T05:00:00,13.738879701365594
2019-12-24T06:00:00,11.81932673246964
2019-12-24T07:00:00,10.862612682840098
2019-12-24T08:00:00,10.628495796867039
2019-12-24T09:00:00,11.034817778545875
2019-12-24T10:00:00,12.158420521280037
2019-12-24T11:00:00,14.749065482098121
2019-12-24T12:00:00,22.045236007027
2019-12-24T13:00:00,31.96964811242145
2019-12-24T14:00:00,41.37226071565047
2019-12-24T15:00:00,50.167585289996595
2019-12-24T16:00:00,57.87844052522078
2019-12-24T17:00:00,66.23191369098166
2019-12-24T18:00:00,77.34483470087466
2019-12-24T19:00:00,79.92391370690387
2019-12-24T20:00:00,78.55396569293478
2019-12-24T21:00:00,75.77611409062924
2019-12-24T22:00:00,71.32428343399711
2019-12-24T23:00:00,65.7209655098293
2019-12-25T00:00:00,62.00062610792077
2019-12-25T01:00:00,57.28957864512567
2019-12-25T02:00:00,33.58600152057149
2019-12-25T03:00:00,17.61469853442648
2019-12-25T04:00:00,12.993821392888607
2019-12-25T05:00:00,10.969763714334237
2019-12-25T06:00:00,9.986103970071543
2019-12-25T07:00:00,9.448726695516834
2019-12-25T08:00:00,9.253679275512694
2019-12-25T09:00:00,9.407497323077658
2019-12-25T10:00:00,10.327227011970852
2019-12-25T11:00:00,12.619372284930682
2019-12-25T12:00:00,18.481391740881875
2019-12-25T13:00:00,26.685722185217813
2019-12-25T14:00:00,29.906069216520887
2019-12-25T15:00:00,32.1073350491731
2019-12-25T16:00:00,29.835523937059484
2019-12-25T17:00:00,28.361664150072176
2019-12-25T18:00:00,28.762767791748047
2019-12-25T19:00:00,28.695341110229485
2019-12-25T20:00:00,28.315053773962926
2019-12-25T21:00:00,28.92782866436502
2019-12-25T22:00:00,30.501746053281035
2019-12-25T23:00:00,31.7061652307925
2019-12-26T00:00:00,32.238484009452485
2019-12-26T01:00:00,29.9589900970459
2019-12-26T02:00:00,22.421598766161047
2019-12-26T03:00:00,19.55064242819081
2019-12-26T04:00:00,18.192144476849098
2019-12-26T05:00:00,17.253698431927223
2019-12-26T06:00:00,16.717025051946226
2019-12-26T07:00:00,16.354845378709875
2019-12-26T08:00:00,16.334204673767086
2019-12-26T09:00:00,16.727661754774008
2019-12-26T10:00:00,17.800309139749277
2019-12-26T11:00:00,20.512495621390965
2019-12-26T12:00:00,28.24181623044221
2019-12-26T13:00:00,38.25266216112219
2019-12-26T14:00:00,47.361032237177305
2019-12-26T15:00:00,55.26595057611879
2019-12-26T16:00:00,61.2741875026537
2019-12-26T17:00:00,65.81110050367272
2019-12-26T18:00:00,72.75889023490573
2019-12-26T19:00:00,78.366955301036
2019-12-26T20:00:00,79.01207202413806
2019-12-26T21:00:00,77.4130862692128
2019-12-26T22:00:00,75.09302653437075
2019-12-26T23:00:00,72.36793534652045
2019-12-27T00:00:00,69.53198789513628
2019-12-27T01:00:00,64.74265173207158
2019-12-27T02:00:00,41.67137311852496
2019-12-27T03:00:00,24.811960966690723
2019-12-27T04:00:00,20.330626695052434
2019-12-27T05:00:00,18.57536697387695
2019-12-27T06:00:00,17.560281007186223
2019-12-27T07:00:00,16.904681910639223
2019-12-27T08:00:00,16.561213327490766
2019-12-27T09:00:00,16.711408863896906
2019-12-27T10:00:00,17.53298000667406
2019-12-27T11:00:00,20.861633466637652
2019-12-27T12:00:00,28.563079833984375
2019-12-27T13:00:00,33.485833209493876
2019-12-27T14:00:00,40.70275696464206
2019-12-27T15:00:00,49.808226212211274
2019-12-27T16:00:00,61.37840138310971
2019-12-27T17:00:00,70.2098100081734
2019-12-27T18:00:00,69.7181515900985
2019-12-27T19:00:00,63.03001287709111
2019-12-27T20:00:00,60.33365266219428
2019-12-27T21:00:00,58.02119943369989
2019-12-27T22:00:00,56.24827260556428
2019-12-27T23:00:00,53.88598599641219
2019-12-28T00:00:00,51.82644636734672
2019-12-28T01:00:00,49.63705709706181
2019-12-28T02:00:00,27.940236464790672
2019-12-28T03:00:00,18.828299563864
2019-12-28T04:00:00,16.29671465832254
2019-12-28T05:00:00,15.037929949553117
2019-12-28T06:00:00,14.074688787045684
2019-12-28T07:00:00,13.403314631918201
2019-12-28T08:00:00,13.212944072225818
2019-12-28T09:00:00,13.272755705791969
2019-12-28T10:00:00,14.159348653710406
2019-12-28T11:00:00,17.256396998529848
2019-12-28T12:00:00,22.377404917841368
2019-12-28T13:00:00,26.36579886726711
2019-12-28T14:00:00,28.570456960926883
2019-12-28T15:00:00,27.932795566061266
2019-12-28T16:00:00,27.977701352990188
2019-12-28T17:00:00,31.697028284487516
2019-12-28T18:00:00,36.11320429262907
2019-12-28T19:00:00,38.77590113100798
2019-12-28T20:00:00,41.937064295229696
2019-12-28T21:00:00,45.020587589429766
2019-12-28T22:00:00,49.596721649169915
2019-12-28T23:00:00,51.61773615298063
2019-12-29T00:00:00,51.23002027428668
2019-12-29T01:00:00,48.62113388724948
2019-12-29T02:00:00,31.35112497080927
2019-12-29T03:00:00,15.885383191316023
2019-12-29T04:00:00,13.038773744002631
2019-12-29T05:00:00,11.789834934732186
2019-12-29T06:00:00,10.886957624684207
2019-12-29T07:00:00,10.256588645603344
2019-12-29T08:00:00,9.943794706593389
2019-12-29T09:00:00,10.028949779012928
2019-12-29T10:00:00,10.52192555303159
2019-12-29T11:00:00,12.083392018857209
2019-12-29T12:00:00,16.029320343681004
2019-12-29T13:00:00,20.865233711574387
2019-12-29T14:00:00,25.99670211128566
2019-12-29T15:00:00,30.70939296224843
2019-12-29T16:00:00,34.72941058614979
2019-12-29T17:00:00,38.95347180573837
2019-12-29T18:00:00,42.53526422251826
2019-12-29T19:00:00,45.231908383576766
2019-12-29T20:00:00,47.38129259192425
2019-12-29T21:00:00,49.068624745244556
2019-12-29T22:00:00,49.753578849460766
2019-12-29T23:00:00,49.43052822610606
2019-12-30T00:00:00,48.743119447127626
2019-12-30T01:00:00,47.13917043934697
2019-12-30T02:00:00,25.773884317149285
2019-12-30T03:00:00,16.104922709257703
2019-12-30T04:00:00,14.48066300931184
2019-12-30T05:00:00,13.911701368248979
2019-12-30T06:00:00,13.47952884176503
2019-12-30T07:00:00,13.165260149085002
2019-12-30T08:00:00,13.034074700396992
2019-12-30T09:00:00,13.277716926906418
2019-12-30T10:00:00,14.19820329417353
2019-12-30T11:00:00,16.031899825386375
2019-12-30T12:00:00,22.9886943153713
2019-12-30T13:00:00,31.06292235332986
2019-12-30T14:00:00,36.37036381597104
2019-12-30T15:00:00,38.057815551757805
2019-12-30T16:00:00,41.410386624543555
2019-12-30T17:00:00,41.01604503134022
2019-12-30T18:00:00,40.34655969039253
2019-12-30T19:00:00,38.505005380381704
2019-12-30T20:00:00,35.97826319155485
2019-12-30T21:00:00,34.20314739061438
2019-12-30T22:00:00,33.744378131368876
2019-12-30T23:00:00,34.48353568367336
2019-12-31T00:00:00,36.10819824882176
2019-12-31T01:00:00,36.87563174703847
2019-12-31T02:00:00,25.35501604494841
2019-12-31T03:00:00,16.748147591300633
2019-12-31T04:00:00,13.07577489769977
2019-12-31T05:00:00,11.389355203379754
2019-12-31T06:00:00,10.321939675704291
2019-12-31T07:00:00,9.61484614662502
2019-12-31T08:00:00,9.348348783410113
2019-12-31T09:00:00,8.827906732973846
2019-12-31T10:00:00,9.832900752191957
2019-12-31T11:00:00,13.194614825041395
2019-12-31T12:00:00,19.192613933397375
2019-12-31T13:00:00,28.30965116749639
2019-12-31T14:00:00,31.60977156265922
2019-12-31T15:00:00,35.51084344283393
2019-12-31T16:00:00,33.016375914863914
2019-12-31T17:00:00,34.893228447955586
2019-12-31T18:00:00,38.91663592794667
2019-12-31T19:00:00,42.539437335470446
2019-12-31T20:00:00,44.49537028437075
2019-12-31T21:00:00,45.18731191883916
2019-12-31T22:00:00,46.71274234937584
2019-12-31T23:00:00,47.674649280050524
