datetime,PM25_RH35_GCC
2025-01-01T00:00:00,36.4308504850968
2025-01-01T01:00:00,36.85775557808254
2025-01-01T02:00:00,36.25629275778065
2025-01-01T03:00:00,28.745088162629497
2025-01-01T04:00:00,17.845258837160856
2025-01-01T05:00:00,15.34161795740542
2025-01-01T06:00:00,14.821363988129987
2025-01-01T07:00:00,16.875786242277723
2025-01-01T08:00:00,20.41454821047575
2025-01-01T09:00:00,24.036446198173188
2025-01-01T10:00:00,31.454861350681462
2025-01-01T11:00:00,39.74731428726859
2025-01-01T12:00:00,46.18675348033076
2025-01-01T13:00:00,48.89436904243801
2025-01-01T14:00:00,50.13721150937287
2025-01-01T15:00:00,50.837910693624735
2025-01-01T16:00:00,51.2803724537725
2025-01-01T17:00:00,51.840654787809946
2025-01-01T18:00:00,52.19629354062287
2025-01-01T19:00:00,52.18363355553668
2025-01-01T20:00:00,52.480072021484375
2025-01-01T21:00:00,53.45770081229831
2025-01-01T22:00:00,54.466783772344165
2025-01-01T23:00:00,54.298583984375
2025-01-02T00:00:00,53.060254636018165
2025-01-02T01:00:00,51.23859405517578
2025-01-02T02:00:00,47.07938185982081
2025-01-02T03:00:00,38.10690937871518
2025-01-02T04:00:00,32.18455206829568
2025-01-02T05:00:00,27.817815117214035
2025-01-02T06:00:00,25.508769408516258
2025-01-02T07:00:00,24.947513663250465
2025-01-02T08:00:00,23.66707428641941
2025-01-02T09:00:00,26.56871538576872
2025-01-02T10:00:00,33.607460187829055
2025-01-02T11:00:00,40.0265539418096
2025-01-02T12:00:00,43.53344726562499
2025-01-02T13:00:00,45.3126748126486
2025-01-02T14:00:00,47.488824595575736
2025-01-02T15:00:00,50.53205871582031
2025-01-02T16:00:00,54.456587252409555
2025-01-02T17:00:00,58.639966052511454
2025-01-02T18:00:00,60.50584527720575
2025-01-02T19:00:00,59.87129576309867
2025-01-02T20:00:00,58.06985473632812
2025-01-02T21:00:00,57.29612682176672
2025-01-02T22:00:00,58.242650073507555
2025-01-02T23:00:00,60.41454016644022
2025-01-03T00:00:00,62.021524346393086
2025-01-03T01:00:00,62.263060528299086
2025-01-03T02:00:00,45.285592949908704
2025-01-03T03:00:00,29.769428750743035
2025-01-03T04:00:00,23.116959530374277
2025-01-03T05:00:00,19.195181473441746
2025-01-03T06:00:00,17.066049990446672
2025-01-03T07:00:00,16.82475206126337
2025-01-03T08:00:00,17.818318408468496
2025-01-03T09:00:00,19.809030698693316
2025-01-03T10:00:00,23.58668907828953
2025-01-03T11:00:00,30.51629887456479
2025-01-03T12:00:00,40.01234237007473
2025-01-03T13:00:00,48.10715103149413
2025-01-03T14:00:00,53.01848552538
2025-01-03T15:00:00,56.84999714726987
2025-01-03T16:00:00,60.56514540962551
2025-01-03T17:00:00,63.504294685695484
2025-01-03T18:00:00,63.60901194033414
2025-01-03T19:00:00,64.49282372516134
2025-01-03T20:00:00,66.252907462742
2025-01-03T21:00:00,68.66668336287788
2025-01-03T22:00:00,71.76480699622113
2025-01-03T23:00:00,72.6185256294582
2025-01-04T00:00:00,72.84300729502802
2025-01-04T01:00:00,70.8819586712381
2025-01-04T02:00:00,50.28255578745966
2025-01-04T03:00:00,33.21499103048573
2025-01-04T04:00:00,25.280666185461953
2025-01-04T05:00:00,20.950428755387016
2025-01-04T06:00:00,18.85814044786536
2025-01-04T07:00:00,17.86612601902174
2025-01-04T08:00:00,17.56210244220236
2025-01-04T09:00:00,17.50901222229004
2025-01-04T10:00:00,18.919431769329567
2025-01-04T11:00:00,23.325910070668094
2025-01-04T12:00:00,30.49017939360245
2025-01-04T13:00:00,37.21163409689198
2025-01-04T14:00:00,43.21812306279721
2025-01-04T15:00:00,49.840757950492524
2025-01-04T16:00:00,56.52382776011591
2025-01-04T17:00:00,61.86806504622749
2025-01-04T18:00:00,65.67454827350117
2025-01-04T19:00:00,67.5103132828422
2025-01-04T20:00:00,68.18005586707073
2025-01-04T21:00:00,68.61352920532227
2025-01-04T22:00:00,68.61872614984925
2025-01-04T23:00:00,67.47631968622622
2025-01-05T00:00:00,65.81416669099228
2025-01-05T01:00:00,62.50055578480595
2025-01-05T02:00:00,36.33437563025433
2025-01-05T03:00:00,22.123132456903868
2025-01-05T04:00:00,18.577035986858863
2025-01-05T05:00:00,16.97275750533394
2025-01-05T06:00:00,15.709476056306256
2025-01-05T07:00:00,14.329076932824174
2025-01-05T08:00:00,13.55466842651367
2025-01-05T09:00:00,13.398109394571055
2025-01-05T10:00:00,14.312897806582242
2025-01-05T11:00:00,18.138268263443656
2025-01-05T12:00:00,24.451562383900512
2025-01-05T13:00:00,31.50289336494777
2025-01-05T14:00:00,38.07588908983313
2025-01-05T15:00:00,43.68626586250637
2025-01-05T16:00:00,48.433278954547376
2025-01-05T17:00:00,52.180276787799336
2025-01-05T18:00:00,55.14312976339588
2025-01-05T19:00:00,56.8698732127314
2025-01-05T20:00:00,57.393999514372446
2025-01-05T21:00:00,56.70220781409221
2025-01-05T22:00:00,55.753616996433415
2025-01-05T23:00:00,54.264121511708126
2025-01-06T00:00:00,53.6136769833772
2025-01-06T01:00:00,53.27587111099906
2025-01-06T02:00:00,32.05796399323837
2025-01-06T03:00:00,20.778494461722993
2025-01-06T04:00:00,16.87283022507377
2025-01-06T05:00:00,15.08888767076575
2025-01-06T06:00:00,13.854435132897418
2025-01-06T07:00:00,12.845292506010635
2025-01-06T08:00:00,12.316957349362578
2025-01-06T09:00:00,12.425690816796344
2025-01-06T10:00:00,13.741423441016153
2025-01-06T11:00:00,18.00747606028681
2025-01-06T12:00:00,24.37037360149881
2025-01-06T13:00:00,26.85892934384553
2025-01-06T14:00:00,31.76090240478515
2025-01-06T15:00:00,37.81873520560886
2025-01-06T16:00:00,45.839120118514344
2025-01-06T17:00:00,53.25114258475925
2025-01-06T18:00:00,48.49313288149626
2025-01-06T19:00:00,37.81294242195461
2025-01-06T20:00:00,35.545950350554094
2025-01-06T21:00:00,39.92449619459069
2025-01-06T22:00:00,45.381632099980884
2025-01-06T23:00:00,50.257379780644946
2025-01-07T00:00:00,55.138314288595446
2025-01-07T01:00:00,59.46727885370669
2025-01-07T02:00:00,37.119611657184095
2025-01-07T03:00:00,23.622190475463864
2025-01-07T04:00:00,19.390096996141516
2025-01-07T05:00:00,16.975375175476074
2025-01-07T06:00:00,15.049199892126994
2025-01-07T07:00:00,13.577424754267152
2025-01-07T08:00:00,12.801524908646291
2025-01-07T09:00:00,12.769902602485987
2025-01-07T10:00:00,13.335793329321817
2025-01-07T11:00:00,15.018061140309207
2025-01-07T12:00:00,19.407437034275215
2025-01-07T13:00:00,29.129440390545383
2025-01-07T14:00:00,41.58852121104364
2025-01-07T15:00:00,52.74982137265412
2025-01-07T16:00:00,64.93909106047258
2025-01-07T17:00:00,76.10032421609628
2025-01-07T18:00:00,83.2991197005562
2025-01-07T19:00:00,88.77795012100883
2025-01-07T20:00:00,92.47415161132812
2025-01-07T21:00:00,95.46361011007556
2025-01-07T22:00:00,95.69228296694547
2025-01-07T23:00:00,92.72001382578972
2025-01-08T00:00:00,92.48707348367441
2025-01-08T01:00:00,86.90726338262142
2025-01-08T02:00:00,40.5175728175951
2025-01-08T03:00:00,22.574771964031715
2025-01-08T04:00:00,16.616795498391856
2025-01-08T05:00:00,13.918044131735094
2025-01-08T06:00:00,12.549766042958135
2025-01-08T07:00:00,12.096356184586234
2025-01-08T08:00:00,11.97712284585704
2025-01-08T09:00:00,11.579321612482483
2025-01-08T10:00:00,12.243881142657735
2025-01-08T11:00:00,16.185727409694504
2025-01-08T12:00:00,24.70378942074983
2025-01-08T13:00:00,33.77979510763417
2025-01-08T14:00:00,38.57984758460003
2025-01-08T15:00:00,41.860473964525305
2025-01-08T16:00:00,45.95101646755052
2025-01-08T17:00:00,44.79006228239639
2025-01-08T18:00:00,52.21079635620117
2025-01-08T19:00:00,60.30468169502589
2025-01-08T20:00:00,66.31614386517069
2025-01-08T21:00:00,69.81112106986667
2025-01-08T22:00:00,72.3497722459876
2025-01-08T23:00:00,74.32785763947861
2025-01-09T00:00:00,75.80076267408288
2025-01-09T01:00:00,75.34735638162363
2025-01-09T02:00:00,37.761629519255266
2025-01-09T03:00:00,19.335458174995754
2025-01-09T04:00:00,14.114250183105467
2025-01-09T05:00:00,11.68702523604683
2025-01-09T06:00:00,10.576621138531229
2025-01-09T07:00:00,9.927759958350139
2025-01-09T08:00:00,9.754374421161152
2025-01-09T09:00:00,10.99924493872601
2025-01-09T10:00:00,13.495873368304707
2025-01-09T11:00:00,19.48809889088506
2025-01-09T12:00:00,30.41307971788489
2025-01-09T13:00:00,38.12585780931555
2025-01-09T14:00:00,39.4915078204611
2025-01-09T15:00:00,38.74093312802522
2025-01-09T16:00:00,40.47742362644361
2025-01-09T17:00:00,43.8227890678074
2025-01-09T18:00:00,55.27389758566151
2025-01-09T19:00:00,60.86832593834917
2025-01-09T20:00:00,61.013057211171024
2025-01-09T21:00:00,60.04370001088017
2025-01-09T22:00:00,60.446427055027165
2025-01-09T23:00:00,61.26524303270422
2025-01-10T00:00:00,59.67483155623726
2025-01-10T01:00:00,56.55091741810674
2025-01-10T02:00:00,33.38156501106593
2025-01-10T03:00:00,18.184678824051563
2025-01-10T04:00:00,13.135518861853557
2025-01-10T05:00:00,11.402728370998217
2025-01-10T06:00:00,10.936344188192614
2025-01-10T07:00:00,11.085989869159201
2025-01-10T08:00:00,12.453469069107717
2025-01-10T09:00:00,13.810954218325406
2025-01-10T10:00:00,15.080188336579695
2025-01-10T11:00:00,20.890817808068316
2025-01-10T12:00:00,28.202737310658325
2025-01-10T13:00:00,36.89113185716712
2025-01-10T14:00:00,43.04067744379458
2025-01-10T15:00:00,45.2024162955906
2025-01-10T16:00:00,46.86559328825577
2025-01-10T17:00:00,51.10040167103642
2025-01-10T18:00:00,61.105997831925094
2025-01-10T19:00:00,70.57319077201512
2025-01-10T20:00:00,68.58978337826935
2025-01-10T21:00:00,54.58235384070355
2025-01-10T22:00:00,41.42334763900093
2025-01-10T23:00:00,30.119197513746172
2025-01-11T00:00:00,24.628404451453164
2025-01-11T01:00:00,28.248020089190938
2025-01-11T02:00:00,35.01265028248662
2025-01-11T03:00:00,32.45001378266707
2025-01-11T04:00:00,24.77640326126762
2025-01-11T05:00:00,16.390895677649453
2025-01-11T06:00:00,13.63025155274764
2025-01-11T07:00:00,13.71506703418234
2025-01-11T08:00:00,14.859013391577678
2025-01-11T09:00:00,16.595728666886036
2025-01-11T10:00:00,18.81306117513905
2025-01-11T11:00:00,23.827734076458473
2025-01-11T12:00:00,32.193828416907266
2025-01-11T13:00:00,30.894556128460422
2025-01-11T14:00:00,28.522350891776703
2025-01-11T15:00:00,28.170509918876313
2025-01-11T16:00:00,27.330030441284176
2025-01-11T17:00:00,27.39284905143406
2025-01-11T18:00:00,27.80981345798658
2025-01-11T19:00:00,28.50133539282757
2025-01-11T20:00:00,29.099249881246816
2025-01-11T21:00:00,28.374363857766852
2025-01-11T22:00:00,27.783973942632258
2025-01-11T23:00:00,27.3876663705577
2025-01-12T00:00:00,28.10064655801524
2025-01-12T01:00:00,30.877676590629246
2025-01-12T02:00:00,35.01494167162024
2025-01-12T03:00:00,36.41625860463017
2025-01-12T04:00:00,25.286979011867356
2025-01-12T05:00:00,19.57552271303923
2025-01-12T06:00:00,16.6743569581405
2025-01-12T07:00:00,15.349291967309039
2025-01-12T08:00:00,14.72476818250573
2025-01-12T09:00:00,14.90484685483186
2025-01-12T10:00:00,17.815706584764563
2025-01-12T11:00:00,24.499906042347778
2025-01-12T12:00:00,30.218764761219852
2025-01-12T13:00:00,30.815973364788547
2025-01-12T14:00:00,30.876070105511207
2025-01-12T15:00:00,29.887601023134973
2025-01-12T16:00:00,29.98343459419582
2025-01-12T17:00:00,32.05861813089122
2025-01-12T18:00:00,34.47615167369013
2025-01-12T19:00:00,36.537942803424336
2025-01-12T20:00:00,36.521007703698196
2025-01-12T21:00:00,35.15158363010571
2025-01-12T22:00:00,33.94661646303923
2025-01-12T23:00:00,34.584621761156164
2025-01-13T00:00:00,35.289701710576594
2025-01-13T01:00:00,35.523696235988446
2025-01-13T02:00:00,25.744234748508617
2025-01-13T03:00:00,19.597861829011336
2025-01-13T04:00:00,15.913817820341688
2025-01-13T05:00:00,13.792866789776342
2025-01-13T06:00:00,13.075668086176332
2025-01-13T07:00:00,13.011798195216965
2025-01-13T08:00:00,13.314861753712528
2025-01-13T09:00:00,14.206812692725139
2025-01-13T10:00:00,15.822621635768723
2025-01-13T11:00:00,19.33064891981042
2025-01-13T12:00:00,25.440445195073664
2025-01-13T13:00:00,29.89209871706755
2025-01-13T14:00:00,35.17010498046874
2025-01-13T15:00:00,43.594454226286516
2025-01-13T16:00:00,53.3792729585067
2025-01-13T17:00:00,59.527521382207446
2025-01-13T18:00:00,63.3531963514245
2025-01-13T19:00:00,66.54543171758236
2025-01-13T20:00:00,67.87886080534561
2025-01-13T21:00:00,70.09033667522927
2025-01-13T22:00:00,72.02529475999914
2025-01-13T23:00:00,71.95488938041355
2025-01-14T00:00:00,71.6029052734375
2025-01-14T01:00:00,74.90462858780569
2025-01-14T02:00:00,73.98272472879161
2025-01-14T03:00:00,42.34305953979492
2025-01-14T04:00:00,25.258281956548274
2025-01-14T05:00:00,20.851787235425864
2025-01-14T06:00:00,20.018918908160664
2025-01-14T07:00:00,21.428427986476727
2025-01-14T08:00:00,25.459246925685715
2025-01-14T09:00:00,30.326687356700067
2025-01-14T10:00:00,33.72083182956862
2025-01-14T11:00:00,41.212408812149704
2025-01-14T12:00:00,49.61106043276579
2025-01-14T13:00:00,58.71634657486625
2025-01-14T14:00:00,70.53937281732973
2025-01-14T15:00:00,83.1764622563901
2025-01-14T16:00:00,85.3358041514521
2025-01-14T17:00:00,80.30157039476477
2025-01-14T18:00:00,79.03691532300866
2025-01-14T19:00:00,77.77060334578805
2025-01-14T20:00:00,80.26594676142153
2025-01-14T21:00:00,79.19418832530145
2025-01-14T22:00:00,74.48394841733186
2025-01-14T23:00:00,61.55798173987346
2025-01-15T00:00:00,46.014297485351555
2025-01-15T01:00:00,36.912860704504915
2025-01-15T02:00:00,25.76747264032778
2025-01-15T03:00:00,19.895973951920215
2025-01-15T04:00:00,17.144650169040844
2025-01-15T05:00:00,15.097021766330883
2025-01-15T06:00:00,15.003051757812498
2025-01-15T07:00:00,15.82897426771081
2025-01-15T08:00:00,16.654205985691235
2025-01-15T09:00:00,17.73701941448709
2025-01-15T10:00:00,20.133323337720785
2025-01-15T11:00:00,23.32321614804475
2025-01-15T12:00:00,25.818964419157606
2025-01-15T13:00:00,27.76145478953486
2025-01-15T14:00:00,30.289934324181594
2025-01-15T15:00:00,33.015240876570985
2025-01-15T16:00:00,35.72046661376953
2025-01-15T17:00:00,38.55221988843835
2025-01-15T18:00:00,41.07091605144998
2025-01-15T19:00:00,42.136150194251016
2025-01-15T20:00:00,41.83606222401494
2025-01-15T21:00:00,41.857220193614125
2025-01-15T22:00:00,42.11439464403235
2025-01-15T23:00:00,41.572060958198875
2025-01-16T00:00:00,41.8555039115574
2025-01-16T01:00:00,44.64906360792076
2025-01-16T02:00:00,48.681176392928414
2025-01-16T03:00:00,47.54411531531292
2025-01-16T04:00:00,36.106621617856234
2025-01-16T05:00:00,28.77706444781759
2025-01-16T06:00:00,26.31436721138332
2025-01-16T07:00:00,25.342701455821157
2025-01-16T08:00:00,24.477414504341457
2025-01-16T09:00:00,22.981699819150172
2025-01-16T10:00:00,23.36730874103048
2025-01-16T11:00:00,27.478556508603297
2025-01-16T12:00:00,31.081642233807102
2025-01-16T13:00:00,33.42997874384341
2025-01-16T14:00:00,35.301685333251946
2025-01-16T15:00:00,36.13885299019191
2025-01-16T16:00:00,37.59334149567977
2025-01-16T17:00:00,39.54051954849906
2025-01-16T18:00:00,39.01797419009
2025-01-16T19:00:00,37.21495288351307
2025-01-16T20:00:00,37.14157850846001
2025-01-16T21:00:00,37.73879059501316
2025-01-16T22:00:00,37.11251515927521
2025-01-16T23:00:00,36.092937303626016
2025-01-17T00:00:00,36.87866327036981
2025-01-17T01:00:00,39.332289488419235
2025-01-17T02:00:00,27.977184876151703
2025-01-17T03:00:00,20.291467666625973
2025-01-17T04:00:00,17.60031907454781
2025-01-17T05:00:00,15.957735186037807
2025-01-17T06:00:00,15.30140686035156
2025-01-17T07:00:00,15.40458285290262
2025-01-17T08:00:00,15.313861681067426
2025-01-17T09:00:00,15.714588123819102
2025-01-17T10:00:00,16.95393446217412
2025-01-17T11:00:00,21.484588871831473
2025-01-17T12:00:00,29.430264348569118
2025-01-17T13:00:00,36.53333912725034
2025-01-17T14:00:00,44.388008781101384
2025-01-17T15:00:00,50.62132528553838
2025-01-17T16:00:00,56.26530290686566
2025-01-17T17:00:00,62.57621615865955
2025-01-17T18:00:00,68.5922101891559
2025-01-17T19:00:00,73.62749680228855
2025-01-17T20:00:00,78.51479041058083
2025-01-17T21:00:00,81.91482278575067
2025-01-17T22:00:00,82.60908640985902
2025-01-17T23:00:00,82.59461577042289
2025-01-18T00:00:00,81.46014238440472
2025-01-18T01:00:00,77.37415479577106
2025-01-18T02:00:00,70.4868051280146
2025-01-18T03:00:00,49.52403756846552
2025-01-18T04:00:00,29.642233392466668
2025-01-18T05:00:00,22.607437797214672
2025-01-18T06:00:00,18.178585384203036
2025-01-18T07:00:00,14.631330614504604
2025-01-18T08:00:00,14.333768968996791
2025-01-18T09:00:00,18.331493211829144
2025-01-18T10:00:00,27.007002291472062
2025-01-18T11:00:00,30.9434467813243
2025-01-18T12:00:00,27.38179322947626
2025-01-18T13:00:00,25.586382824441657
2025-01-18T14:00:00,26.762393122134
2025-01-18T15:00:00,28.222884800123126
2025-01-18T16:00:00,26.137587174125336
2025-01-18T17:00:00,21.555453424868375
2025-01-18T18:00:00,18.340626758077867
2025-01-18T19:00:00,16.665009042491082
2025-01-18T20:00:00,15.81455504375955
2025-01-18T21:00:00,16.43962478637695
2025-01-18T22:00:00,18.15884026237156
2025-01-18T23:00:00,20.97094220700471
2025-01-19T00:00:00,22.509944501130477
2025-01-19T01:00:00,18.7161283907683
2025-01-19T02:00:00,13.742057510044262
2025-01-19T03:00:00,10.61787758702817
2025-01-19T04:00:00,8.304992364800492
2025-01-19T05:00:00,7.387838550235914
2025-01-19T06:00:00,7.404257608496623
2025-01-19T07:00:00,8.29387042833411
2025-01-19T08:00:00,10.477109660273012
2025-01-19T09:00:00,12.96452878869098
2025-01-19T10:00:00,15.647251502327297
2025-01-19T11:00:00,19.54959031809931
2025-01-19T12:00:00,24.08598584714143
2025-01-19T13:00:00,28.576403161753774
2025-01-19T14:00:00,30.008755725363027
2025-01-19T15:00:00,25.690882060838778
2025-01-19T16:00:00,22.913374444712762
2025-01-19T17:00:00,22.098623856254246
2025-01-19T18:00:00,21.830513912698493
2025-01-19T19:00:00,20.7984679678212
2025-01-19T20:00:00,21.099908828735348
2025-01-19T21:00:00,22.422292211781375
2025-01-19T22:00:00,23.095879181571625
2025-01-19T23:00:00,24.071868315986965
2025-01-20T00:00:00,24.910775640736453
2025-01-20T01:00:00,24.791677557903782
2025-01-20T02:00:00,21.14022652999214
2025-01-20T03:00:00,17.67170143127441
2025-01-20T04:00:00,14.927116269650664
2025-01-20T05:00:00,13.435285277988598
2025-01-20T06:00:00,12.536179418149201
2025-01-20T07:00:00,11.458891992983611
2025-01-20T08:00:00,10.45251871191937
2025-01-20T09:00:00,10.050458286119543
2025-01-20T10:00:00,10.860757744830586
2025-01-20T11:00:00,14.415762072024137
2025-01-20T12:00:00,22.88117035575535
2025-01-20T13:00:00,32.83691837476647
2025-01-20T14:00:00,33.358159604279884
2025-01-20T15:00:00,28.005837150242012
2025-01-20T16:00:00,25.947953680287235
2025-01-20T17:00:00,26.943182655002758
2025-01-20T18:00:00,33.236311871072516
2025-01-20T19:00:00,39.864747752314024
2025-01-20T20:00:00,42.894416643225625
2025-01-20T21:00:00,44.3648215584133
2025-01-20T22:00:00,44.91011860059655
2025-01-20T23:00:00,44.77568618110988
2025-01-21T00:00:00,45.6966847958772
2025-01-21T01:00:00,47.17266066178031
2025-01-21T02:00:00,30.85472538160241
2025-01-21T03:00:00,19.310197332630985
2025-01-21T04:00:00,14.711206394693123
2025-01-21T05:00:00,12.342613178750742
2025-01-21T06:00:00,11.194339337556256
2025-01-21T07:00:00,10.767294717871623
2025-01-21T08:00:00,10.737334831901219
2025-01-21T09:00:00,10.718161541482676
2025-01-21T10:00:00,13.150955863620922
2025-01-21T11:00:00,19.785122166509215
2025-01-21T12:00:00,27.50094438635784
2025-01-21T13:00:00,31.20928747757621
2025-01-21T14:00:00,34.408062229985774
2025-01-21T15:00:00,35.55344067449155
2025-01-21T16:00:00,35.42130694182023
2025-01-21T17:00:00,38.206227012302556
2025-01-21T18:00:00,43.833990179974094
2025-01-21T19:00:00,53.92290214870287
2025-01-21T20:00:00,65.32496012812075
2025-01-21T21:00:00,72.55836586330247
2025-01-21T22:00:00,73.69910563593325
2025-01-21T23:00:00,78.39327007791269
2025-01-22T00:00:00,86.75609588623045
2025-01-22T01:00:00,92.9507180918818
2025-01-22T02:00:00,68.82497804061227
2025-01-22T03:00:00,30.072837995446243
2025-01-22T04:00:00,19.50929152447244
2025-01-22T05:00:00,16.477235918459684
2025-01-22T06:00:00,16.4177652027296
2025-01-22T07:00:00,16.522128768589187
2025-01-22T08:00:00,16.085966980975602
2025-01-22T09:00:00,16.550328752268918
2025-01-22T10:00:00,18.434606717980422
2025-01-22T11:00:00,23.837071211441703
2025-01-22T12:00:00,32.703648276951
2025-01-22T13:00:00,30.645992444909137
2025-01-22T14:00:00,29.538123503975243
2025-01-22T15:00:00,33.32180471005647
2025-01-22T16:00:00,37.71630461319633
2025-01-22T17:00:00,41.43406212848165
2025-01-22T18:00:00,45.56530430005944
2025-01-22T19:00:00,43.82550247855808
2025-01-22T20:00:00,37.947350211765446
2025-01-22T21:00:00,35.06975870547087
2025-01-22T22:00:00,35.0091788250467
2025-01-22T23:00:00,34.10842530623726
2025-01-23T00:00:00,32.15658370308254
2025-01-23T01:00:00,30.248678124469254
2025-01-23T02:00:00,20.29783597199813
2025-01-23T03:00:00,13.72105664792268
2025-01-23T04:00:00,12.311030387878416
2025-01-23T05:00:00,12.150519661281418
2025-01-23T06:00:00,12.21047658505647
2025-01-23T07:00:00,12.347071025682531
2025-01-23T08:00:00,12.62453680453093
2025-01-23T09:00:00,13.446905633677606
2025-01-23T10:00:00,14.79090993300728
2025-01-23T11:00:00,16.37820637744406
2025-01-23T12:00:00,20.749398190042246
2025-01-23T13:00:00,25.46887746064559
2025-01-23T14:00:00,29.25849964307702
2025-01-23T15:00:00,32.46082281029742
2025-01-23T16:00:00,33.03997471021569
2025-01-23T17:00:00,32.77925010349439
2025-01-23T18:00:00,33.23363428530485
2025-01-23T19:00:00,34.464752363122024
2025-01-23T20:00:00,36.030889096467384
2025-01-23T21:00:00,37.82396930197011
2025-01-23T22:00:00,39.36853475156037
2025-01-23T23:00:00,40.119661414104954
2025-01-24T00:00:00,41.4955998296323
2025-01-24T01:00:00,44.31487489783245
2025-01-24T02:00:00,30.31330514990765
2025-01-24T03:00:00,21.555235572483227
2025-01-24T04:00:00,18.939153837121047
2025-01-24T05:00:00,16.9906122373498
2025-01-24T06:00:00,15.496758170749828
2025-01-24T07:00:00,14.764883082845936
2025-01-24T08:00:00,14.607339237047277
2025-01-24T09:00:00,14.866258372431215
2025-01-24T10:00:00,16.63575819264287
2025-01-24T11:00:00,21.286608239878774
2025-01-24T12:00:00,28.200669661812157
2025-01-24T13:00:00,35.81658537491507
2025-01-24T14:00:00,45.91665052331012
2025-01-24T15:00:00,51.83181248540463
2025-01-24T16:00:00,57.20414982671323
2025-01-24T17:00:00,64.74017118371052
2025-01-24T18:00:00,74.19840240478514
2025-01-24T19:00:00,80.35123509946077
2025-01-24T20:00:00,81.89960148023522
2025-01-24T21:00:00,80.51531385338824
2025-01-24T22:00:00,78.91744199006452
2025-01-24T23:00:00,77.95891372017238
2025-01-25T00:00:00,76.92555187059484
2025-01-25T01:00:00,74.60869333018427
2025-01-25T02:00:00,69.79670035320778
2025-01-25T03:00:00,54.8062631358271
2025-01-25T04:00:00,37.869797582211696
2025-01-25T05:00:00,29.04593036485755
2025-01-25T06:00:00,23.398570516835086
2025-01-25T07:00:00,21.231523430865742
2025-01-25T08:00:00,22.9331463523533
2025-01-25T09:00:00,28.641970924709153
2025-01-25T10:00:00,37.85335010030995
2025-01-25T11:00:00,46.84590364539105
2025-01-25T12:00:00,49.41087689607039
2025-01-25T13:00:00,46.45025551837423
2025-01-25T14:00:00,51.962208457615056
2025-01-25T15:00:00,59.329346200694204
2025-01-25T16:00:00,62.20262444537619
2025-01-25T17:00:00,64.44776186735733
2025-01-25T18:00:00,67.92177813986073
2025-01-25T19:00:00,69.7703976838485
2025-01-25T20:00:00,68.39595462964927
2025-01-25T21:00:00,67.71893376889436
2025-01-25T22:00:00,69.00877015487006
2025-01-25T23:00:00,70.33545983355978
2025-01-26T00:00:00,70.92712634542713
2025-01-26T01:00:00,69.4106388921323
2025-01-26T02:00:00,55.77771560005519
2025-01-26T03:00:00,37.12917842035708
2025-01-26T04:00:00,26.532557114310887
2025-01-26T05:00:00,21.67840800078019
2025-01-26T06:00:00,19.94546193661897
2025-01-26T07:00:00,20.49018378879713
2025-01-26T08:00:00,23.3975133481233
2025-01-26T09:00:00,25.99355722510296
2025-01-26T10:00:00,27.958774069081176
2025-01-26T11:00:00,31.353873460189153
2025-01-26T12:00:00,37.85454211027726
2025-01-26T13:00:00,43.48305926115616
2025-01-26T14:00:00,48.477176832116164
2025-01-26T15:00:00,54.629401497218915
2025-01-26T16:00:00,57.77051511018172
2025-01-26T17:00:00,61.978397369384766
2025-01-26T18:00:00,66.0671914142111
2025-01-26T19:00:00,68.82646411398181
2025-01-26T20:00:00,72.76137376868206
2025-01-26T21:00:00,77.29838230298913
2025-01-26T22:00:00,80.33729055653447
2025-01-26T23:00:00,83.58453634510869
2025-01-27T00:00:00,88.31598895529041
2025-01-27T01:00:00,89.49386430823284
2025-01-27T02:00:00,60.54424567844556
2025-01-27T03:00:00,45.34880878614343
2025-01-27T04:00:00,38.0415972834048
2025-01-27T05:00:00,33.447448564612344
2025-01-27T06:00:00,30.674088104911473
2025-01-27T07:00:00,28.698839602263075
2025-01-27T08:00:00,27.653931410416313
2025-01-27T09:00:00,28.550638696421743
2025-01-27T10:00:00,33.368406212848164
2025-01-27T11:00:00,41.89357989767323
2025-01-27T12:00:00,50.25844922273055
2025-01-27T13:00:00,56.52515427962592
2025-01-27T14:00:00,61.230480857517406
2025-01-27T15:00:00,61.483661983324126
2025-01-27T16:00:00,64.27641064187755
2025-01-27T17:00:00,69.372198353643
2025-01-27T18:00:00,76.13393766983695
2025-01-27T19:00:00,81.08266714344853
2025-01-27T20:00:00,84.98778102708899
2025-01-27T21:00:00,89.54859891145125
2025-01-27T22:00:00,92.31199645996092
2025-01-27T23:00:00,94.54262244183083
2025-01-28T00:00:00,96.79609381634255
2025-01-28T01:00:00,91.14885877526324
2025-01-28T02:00:00,61.847911503003985
2025-01-28T03:00:00,52.42184381899626
2025-01-28T04:00:00,53.0546234794285
2025-01-28T05:00:00,49.31702655294667
2025-01-28T06:00:00,46.55623427681301
2025-01-28T07:00:00,45.64318184230638
2025-01-28T08:00:00,46.999495630678915
2025-01-28T09:00:00,49.74998888762101
2025-01-28T10:00:00,54.27387436576511
2025-01-28T11:00:00,63.657708375350275
2025-01-28T12:00:00,73.83321878184441
2025-01-28T13:00:00,83.53202189569886
2025-01-28T14:00:00,89.90812550420345
2025-01-28T15:00:00,93.55073149307914
2025-01-28T16:00:00,96.05881367559017
2025-01-28T17:00:00,94.94821565047552
2025-01-28T18:00:00,92.53795955492102
2025-01-28T19:00:00,89.42528368079144
2025-01-28T20:00:00,87.68056322180706
2025-01-28T21:00:00,86.90543398649795
2025-01-28T22:00:00,87.79112542193867
2025-01-28T23:00:00,89.90009307861328
2025-01-29T00:00:00,92.20364479396653
2025-01-29T01:00:00,92.59376393193784
2025-01-29T02:00:00,91.82395503831944
2025-01-29T03:00:00,71.25961137854533
2025-01-29T04:00:00,46.36971100516941
2025-01-29T05:00:00,33.92258154827615
2025-01-29T06:00:00,24.690113233483352
2025-01-29T07:00:00,20.647264895231825
2025-01-29T08:00:00,21.456618350485094
2025-01-29T09:00:00,23.743750862453293
2025-01-29T10:00:00,27.98535346984863
2025-01-29T11:00:00,38.83037898851477
2025-01-29T12:00:00,56.038734601891555
2025-01-29T13:00:00,69.2664629065472
2025-01-29T14:00:00,75.82285806407097
2025-01-29T15:00:00,79.7248133783755
2025-01-29T16:00:00,83.97972173276155
2025-01-29T17:00:00,87.37501127823539
2025-01-29T18:00:00,88.46043661366338
2025-01-29T19:00:00,89.1271113520083
2025-01-29T20:00:00,90.69432233727495
2025-01-29T21:00:00,92.41160915208899
2025-01-29T22:00:00,94.09245233950406
2025-01-29T23:00:00,96.9775513358738
2025-01-30T00:00:00,100.4316469275433
2025-01-30T01:00:00,105.04403520667033
2025-01-30T02:00:00,99.66473455014435
2025-01-30T03:00:00,61.66618280825408
2025-01-30T04:00:00,31.208140829335086
2025-01-30T05:00:00,22.855378938757852
2025-01-30T06:00:00,17.348025114639945
2025-01-30T07:00:00,13.816411267156184
2025-01-30T08:00:00,12.712529514146885
2025-01-30T09:00:00,13.302404984183932
2025-01-30T10:00:00,17.343922532123067
2025-01-30T11:00:00,27.33711325603982
2025-01-30T12:00:00,43.99139221854831
2025-01-30T13:00:00,54.278329434602156
2025-01-30T14:00:00,61.39207375567892
2025-01-30T15:00:00,65.21946036297341
2025-01-30T16:00:00,72.46275528617527
2025-01-30T17:00:00,79.85238116720447
2025-01-30T18:00:00,86.13719475787619
2025-01-30T19:00:00,91.52767247739045
2025-01-30T20:00:00,97.38061788807744
2025-01-30T21:00:00,102.07980512536089
2025-01-30T22:00:00,103.3928176216457
2025-01-30T23:00:00,102.13126141092052
2025-01-31T00:00:00,97.16725589918053
2025-01-31T01:00:00,86.82848358154295
2025-01-31T02:00:00,54.1962841697361
2025-01-31T03:00:00,23.433475121207856
2025-01-31T04:00:00,16.273431487705395
2025-01-31T05:00:00,12.988545583642047
2025-01-31T06:00:00,10.95493511531664
2025-01-31T07:00:00,9.826222751451576
2025-01-31T08:00:00,9.46882160850193
2025-01-31T09:00:00,9.616067803424336
2025-01-31T10:00:00,10.447190906690514
2025-01-31T11:00:00,13.183631938436756
2025-01-31T12:00:00,17.57260927946671
2025-01-31T13:00:00,19.93651029338007
2025-01-31T14:00:00,22.472715294879414
2025-01-31T15:00:00,24.98169724837593
2025-01-31T16:00:00,26.76879866226859
2025-01-31T17:00:00,27.390829666801118
2025-01-31T18:00:00,27.53673288096552
2025-01-31T19:00:00,27.264554811560586
2025-01-31T20:00:00,27.096952272498086
2025-01-31T21:00:00,26.676754827084743
2025-01-31T22:00:00,26.783132553100582
2025-01-31T23:00:00,27.069383952928625
2025-02-01T00:00:00,27.791330088739805
2025-02-01T01:00:00,28.33220531629479
2025-02-01T02:00:00,20.597772432410196
2025-02-01T03:00:00,15.785234658614447
2025-02-01T04:00:00,12.542393642923104
2025-02-01T05:00:00,10.639340193375297
2025-02-01T06:00:00,10.000307331914486
2025-02-01T07:00:00,10.175131549005922
2025-02-01T08:00:00,10.545557975769043
2025-02-01T09:00:00,11.167368847390879
2025-02-01T10:00:00,12.098652342091434
2025-02-01T11:00:00,13.82446061009946
2025-02-01T12:00:00,17.292756412340246
2025-02-01T13:00:00,22.22954526154891
2025-02-01T14:00:00,27.06013563404912
2025-02-01T15:00:00,26.50554375026537
2025-02-01T16:00:00,26.566670459249742
2025-02-01T17:00:00,26.3552595221478
2025-02-01T18:00:00,25.198336228080414
2025-02-01T19:00:00,23.73179369387419
2025-02-01T20:00:00,22.257365351137906
2025-02-01T21:00:00,22.025706664375633
2025-02-01T22:00:00,22.30458947886591
2025-02-01T23:00:00,22.261014440785285
2025-02-02T00:00:00,22.244374897169028
2025-02-02T01:00:00,21.96793456699537
2025-02-02T02:00:00,17.307359114937157
2025-02-02T03:00:00,14.385011880294135
2025-02-02T04:00:00,12.265050846597422
2025-02-02T05:00:00,10.964723130931024
2025-02-02T06:00:00,10.283287753229555
2025-02-02T07:00:00,9.96039813497792
2025-02-02T08:00:00,9.98612412162449
2025-02-02T09:00:00,10.396433042443316
2025-02-02T10:00:00,11.205719740494438
2025-02-02T11:00:00,13.198663628619649
2025-02-02T12:00:00,19.08232722075089
2025-02-02T13:00:00,26.35598149506942
2025-02-02T14:00:00,30.755034819893215
2025-02-02T15:00:00,34.55753525443699
2025-02-02T16:00:00,38.20790730351987
2025-02-02T17:00:00,46.5784973476244
2025-02-02T18:00:00,53.84584426879882
2025-02-02T19:00:00,56.0620007722274
2025-02-02T20:00:00,56.09087736710258
2025-02-02T21:00:00,46.10739152327827
2025-02-02T22:00:00,43.737070995828375
2025-02-02T23:00:00,46.64972537496815
2025-02-03T00:00:00,49.714066712752626
2025-02-03T01:00:00,47.841576949409806
2025-02-03T02:00:00,26.488300738127332
2025-02-03T03:00:00,17.278358500936754
2025-02-03T04:00:00,13.774514447087826
2025-02-03T05:00:00,12.10897176162056
2025-02-03T06:00:00,11.155106710351031
2025-02-03T07:00:00,10.761096207991889
2025-02-03T08:00:00,10.82300907632579
2025-02-03T09:00:00,11.365874083145803
2025-02-03T10:00:00,12.44407380145529
2025-02-03T11:00:00,15.208703414253563
2025-02-03T12:00:00,21.995620229969852
2025-02-03T13:00:00,30.068294193433676
2025-02-03T14:00:00,37.05450024812118
2025-02-03T15:00:00,43.42814619644828
2025-02-03T16:00:00,48.88549705173657
2025-02-03T17:00:00,54.13710038558296
2025-02-03T18:00:00,63.673172494639516
2025-02-03T19:00:00,66.83216708639394
2025-02-03T20:00:00,66.23426404206647
2025-02-03T21:00:00,63.43451922872791
2025-02-03T22:00:00,60.93817785511846
2025-02-03T23:00:00,59.48590436189071
2025-02-04T00:00:00,58.638969255530306
2025-02-04T01:00:00,58.28552163165548
2025-02-04T02:00:00,42.51969312584917
2025-02-04T03:00:00,31.72806714928668
2025-02-04T04:00:00,26.600640587184735
2025-02-04T05:00:00,24.092014893241547
2025-02-04T06:00:00,22.732447914455246
2025-02-04T07:00:00,21.86813752547554
2025-02-04T08:00:00,21.411620264467984
2025-02-04T09:00:00,21.941860696543817
2025-02-04T10:00:00,23.588051588638965
2025-02-04T11:00:00,28.069990489793856
2025-02-04T12:00:00,36.6743978417438
2025-02-04T13:00:00,46.26198776908542
2025-02-04T14:00:00,54.08292952827785
2025-02-04T15:00:00,57.381453472635016
2025-02-04T16:00:00,61.44680056364639
2025-02-04T17:00:00,66.14763657943061
2025-02-04T18:00:00,72.90088686735733
2025-02-04T19:00:00,79.43012569261633
2025-02-04T20:00:00,85.16236910612686
2025-02-04T21:00:00,89.97191520359205
2025-02-04T22:00:00,94.1783225018045
2025-02-04T23:00:00,98.0090278957201
2025-02-05T00:00:00,101.09265534774116
2025-02-05T01:00:00,100.70238859757131
2025-02-05T02:00:00,63.27445768273394
2025-02-05T03:00:00,44.197369616964586
2025-02-05T04:00:00,32.846866275953204
2025-02-05T05:00:00,26.552216820094895
2025-02-05T06:00:00,23.862023892609965
2025-02-05T07:00:00,22.334243608557657
2025-02-05T08:00:00,21.691725026006285
2025-02-05T09:00:00,22.982051600580625
2025-02-05T10:00:00,25.883242648580797
2025-02-05T11:00:00,31.99283914980681
2025-02-05T12:00:00,41.057990198550016
2025-02-05T13:00:00,47.08327815843664
2025-02-05T14:00:00,50.42232015858526
2025-02-05T15:00:00,48.92524735823921
2025-02-05T16:00:00,50.8701873447584
2025-02-05T17:00:00,54.87201077005137
2025-02-05T18:00:00,57.995801511018165
2025-02-05T19:00:00,59.678947614586875
2025-02-05T20:00:00,60.49896273405655
2025-02-05T21:00:00,62.708857992421024
2025-02-05T22:00:00,66.5119456415591
2025-02-05T23:00:00,72.16146187160325
2025-02-06T00:00:00,80.5276522429093
2025-02-06T01:00:00,85.56857200290844
2025-02-06T02:00:00,55.71235457710598
2025-02-06T03:00:00,35.56792964106021
2025-02-06T04:00:00,28.978324973064918
2025-02-06T05:00:00,26.17344574306322
2025-02-06T06:00:00,24.586858666461445
2025-02-06T07:00:00,23.32151943704356
2025-02-06T08:00:00,22.381148711494777
2025-02-06T09:00:00,21.852740578029465
2025-02-06T10:00:00,21.920964033707325
2025-02-06T11:00:00,23.20027044545049
2025-02-06T12:00:00,27.39217202559761
2025-02-06T13:00:00,33.050528236057445
2025-02-06T14:00:00,39.352090918499485
2025-02-06T15:00:00,45.84272202201511
2025-02-06T16:00:00,52.19463116189708
2025-02-06T17:00:00,58.444134256114125
2025-02-06T18:00:00,63.64305944028107
2025-02-06T19:00:00,67.03162848431131
2025-02-06T20:00:00,69.71718846196713
2025-02-06T21:00:00,72.18911643650219
2025-02-06T22:00:00,75.42419300908627
2025-02-06T23:00:00,79.39725029986836
2025-02-07T00:00:00,84.47232486890708
2025-02-07T01:00:00,87.65827742866847
2025-02-07T02:00:00,58.33960392164147
2025-02-07T03:00:00,34.000278058259376
2025-02-07T04:00:00,27.897328501162317
2025-02-07T05:00:00,25.004871285479997
2025-02-07T06:00:00,23.056392172108524
2025-02-07T07:00:00,21.615412587704864
2025-02-07T08:00:00,20.797257962434188
2025-02-07T09:00:00,20.357846964960512
2025-02-07T10:00:00,20.31689801423446
2025-02-07T11:00:00,21.893551536228344
2025-02-07T12:00:00,25.873131212980848
2025-02-07T13:00:00,30.02622902911642
2025-02-07T14:00:00,34.64245190827742
2025-02-07T15:00:00,39.742560511050016
2025-02-07T16:00:00,43.97454203730044
2025-02-07T17:00:00,47.29948707248853
2025-02-07T18:00:00,49.36619219572647
2025-02-07T19:00:00,49.493881557298735
2025-02-07T20:00:00,49.01606186576512
2025-02-07T21:00:00,50.0614245870839
2025-02-07T22:00:00,51.68139283553413
2025-02-07T23:00:00,52.3135581638502
2025-02-08T00:00:00,53.16276002966839
2025-02-08T01:00:00,54.290121327275806
2025-02-08T02:00:00,41.50707642928413
2025-02-08T03:00:00,30.619841782943055
2025-02-08T04:00:00,26.55449975055197
2025-02-08T05:00:00,23.90919685363769
2025-02-08T06:00:00,22.632000632908028
2025-02-08T07:00:00,22.033609224402387
2025-02-08T08:00:00,22.0087718134341
2025-02-08T09:00:00,23.01161185554836
2025-02-08T10:00:00,24.991387740425438
2025-02-08T11:00:00,30.958169854205586
2025-02-08T12:00:00,40.52688980102539
2025-02-08T13:00:00,49.27387735118036
2025-02-08T14:00:00,55.551879053530484
2025-02-08T15:00:00,60.38755632483439
2025-02-08T16:00:00,65.37820898968239
2025-02-08T17:00:00,70.47221540368122
2025-02-08T18:00:00,73.98629196830417
2025-02-08T19:00:00,75.48125656791355
2025-02-08T20:00:00,75.94568766718325
2025-02-08T21:00:00,75.03303826373556
2025-02-08T22:00:00,70.17082280698028
2025-02-08T23:00:00,61.98186924146568
2025-02-09T00:00:00,54.98026955646017
2025-02-09T01:00:00,51.47994646818741
2025-02-09T02:00:00,43.70743030050526
2025-02-09T03:00:00,33.665442259415336
2025-02-09T04:00:00,30.44946239305579
2025-02-09T05:00:00,29.310099145640496
2025-02-09T06:00:00,28.50566864013672
2025-02-09T07:00:00,29.121790512748383
2025-02-09T08:00:00,29.903250404026195
2025-02-09T09:00:00,31.078003344328508
2025-02-09T10:00:00,33.53265281345533
2025-02-09T11:00:00,38.130157470703125
2025-02-09T12:00:00,44.24013088060461
2025-02-09T13:00:00,49.382651785145626
2025-02-09T14:00:00,54.017528202222735
2025-02-09T15:00:00,59.57973314368206
2025-02-09T16:00:00,65.58906920059867
2025-02-09T17:00:00,70.31150618843411
2025-02-09T18:00:00,73.06990382982336
2025-02-09T19:00:00,75.92815963081691
2025-02-09T20:00:00,82.1464157104492
2025-02-09T21:00:00,89.02569845448369
2025-02-09T22:00:00,94.33138142461361
2025-02-09T23:00:00,96.98229383385699
2025-02-10T00:00:00,97.23868726647417
2025-02-10T01:00:00,94.60954682723334
2025-02-10T02:00:00,55.097093830937915
2025-02-10T03:00:00,33.01801200534986
2025-02-10T04:00:00,26.516663095225457
2025-02-10T05:00:00,23.03514530347741
2025-02-10T06:00:00,20.868382412454352
2025-02-10T07:00:00,19.534608177516766
2025-02-10T08:00:00,18.62133457349694
2025-02-10T09:00:00,18.18499548538871
2025-02-10T10:00:00,18.327828199967094
2025-02-10T11:00:00,20.787578333979067
2025-02-10T12:00:00,27.981617471446157
2025-02-10T13:00:00,36.4486203400985
2025-02-10T14:00:00,43.02932324616805
2025-02-10T15:00:00,45.13446111264435
2025-02-10T16:00:00,47.54733309538467
2025-02-10T17:00:00,53.04708132536514
2025-02-10T18:00:00,58.59409846430239
2025-02-10T19:00:00,65.59273529052734
2025-02-10T20:00:00,72.20677417257556
2025-02-10T21:00:00,77.07075964886208
2025-02-10T22:00:00,80.83123248556385
2025-02-10T23:00:00,83.05476810621177
2025-02-11T00:00:00,83.68793421206266
2025-02-11T01:00:00,80.0238912831182
2025-02-11T02:00:00,38.42124076511548
2025-02-11T03:00:00,21.45927918475607
2025-02-11T04:00:00,15.87456881481668
2025-02-11T05:00:00,13.080651573512863
2025-02-11T06:00:00,11.484254380931024
2025-02-11T07:00:00,10.700123579605764
2025-02-11T08:00:00,10.492201763650643
2025-02-11T09:00:00,10.59440397179645
2025-02-11T10:00:00,11.59368548185929
2025-02-11T11:00:00,14.531119305154549
2025-02-11T12:00:00,20.530086766118586
2025-02-11T13:00:00,23.093656788701594
2025-02-11T14:00:00,28.65949340488599
2025-02-11T15:00:00,33.443064648172125
2025-02-11T16:00:00,41.840116915495486
2025-02-11T17:00:00,46.725224868110985
2025-02-11T18:00:00,48.82929179979407
2025-02-11T19:00:00,49.99850729237431
2025-02-11T20:00:00,50.62977351313051
2025-02-11T21:00:00,51.728365027386204
2025-02-11T22:00:00,52.12219089010487
2025-02-11T23:00:00,52.31896707286005
2025-02-12T00:00:00,52.43171526038128
2025-02-12T01:00:00,48.88588465815005
2025-02-12T02:00:00,23.766757052877672
2025-02-12T03:00:00,15.963948415673297
2025-02-12T04:00:00,12.76622490260912
2025-02-12T05:00:00,11.280962819638457
2025-02-12T06:00:00,10.719646951426629
2025-02-12T07:00:00,10.517016037650729
2025-02-12T08:00:00,10.359993768774943
2025-02-12T09:00:00,10.438144476517385
2025-02-12T10:00:00,10.937799578127654
2025-02-12T11:00:00,12.842180086218791
2025-02-12T12:00:00,16.929453061974566
2025-02-12T13:00:00,19.649451877759848
2025-02-12T14:00:00,22.720279610675313
2025-02-12T15:00:00,26.475715056709618
2025-02-12T16:00:00,30.815559801848032
2025-02-12T17:00:00,34.80419772604237
2025-02-12T18:00:00,37.93904495239258
2025-02-12T19:00:00,39.23857348898183
2025-02-12T20:00:00,40.453721751337454
2025-02-12T21:00:00,41.7191334600034
2025-02-12T22:00:00,42.97417151409647
2025-02-12T23:00:00,44.12372721796451
2025-02-13T00:00:00,46.829817896303915
2025-02-13T01:00:00,48.87150324945864
2025-02-13T02:00:00,30.05504608154297
2025-02-13T03:00:00,20.614250763602875
2025-02-13T04:00:00,16.975110344264813
2025-02-13T05:00:00,15.072316750236178
2025-02-13T06:00:00,14.067712742349373
2025-02-13T07:00:00,13.545908140099566
2025-02-13T08:00:00,13.512088900027067
2025-02-13T09:00:00,13.90235722583273
2025-02-13T10:00:00,14.733962266341498
2025-02-13T11:00:00,16.690636386042055
2025-02-13T12:00:00,20.54169762652853
2025-02-13T13:00:00,25.12339293438455
2025-02-13T14:00:00,30.315081554910403
2025-02-13T15:00:00,36.15918632175612
2025-02-13T16:00:00,42.19078727390455
2025-02-13T17:00:00,49.8698909593665
2025-02-13T18:00:00,54.988838195800774
2025-02-13T19:00:00,57.08019322934357
2025-02-13T20:00:00,57.543285535729446
2025-02-13T21:00:00,57.21273272970448
2025-02-13T22:00:00,56.53678313545558
2025-02-13T23:00:00,55.71071011087168
2025-02-14T00:00:00,55.324920156727664
2025-02-14T01:00:00,54.615801438041345
2025-02-14T02:00:00,36.996780644292414
2025-02-14T03:00:00,23.403689757637352
2025-02-14T04:00:00,19.976440678472102
2025-02-14T05:00:00,18.65913150621497
2025-02-14T06:00:00,17.977407704228938
2025-02-14T07:00:00,17.598232891248617
2025-02-14T08:00:00,17.28574450119682
2025-02-14T09:00:00,17.214953422546387
2025-02-14T10:00:00,17.62311852496603
2025-02-14T11:00:00,19.503081197324004
2025-02-14T12:00:00,26.782494337662406
2025-02-14T13:00:00,37.25695054427437
2025-02-14T14:00:00,47.48352531764818
2025-02-14T15:00:00,57.250016585640275
2025-02-14T16:00:00,65.16726153829823
2025-02-14T17:00:00,69.71409938646399
2025-02-14T18:00:00,70.42877329950745
2025-02-14T19:00:00,69.45846491274625
2025-02-14T20:00:00,68.15951106859289
2025-02-14T21:00:00,65.0236881090247
2025-02-14T22:00:00,61.6500537706458
2025-02-14T23:00:00,58.961381663446836
2025-02-15T00:00:00,57.27886365807574
2025-02-15T01:00:00,54.95111763995626
2025-02-15T02:00:00,36.869648062664524
2025-02-15T03:00:00,22.762992941814918
2025-02-15T04:00:00,18.820318885471508
2025-02-15T05:00:00,17.347122772880223
2025-02-15T06:00:00,16.898151812346086
2025-02-15T07:00:00,16.99312019348144
2025-02-15T08:00:00,17.519210152004074
2025-02-15T09:00:00,18.463965872059696
2025-02-15T10:00:00,20.001060734624446
2025-02-15T11:00:00,23.023003951362938
2025-02-15T12:00:00,30.51113651109778
2025-02-15T13:00:00,39.4990352133046
2025-02-15T14:00:00,48.14256850532863
2025-02-15T15:00:00,55.905462347942844
2025-02-15T16:00:00,62.19678613413934
2025-02-15T17:00:00,66.8991526728091
2025-02-15T18:00:00,72.05492766007133
2025-02-15T19:00:00,73.86484229046364
2025-02-15T20:00:00,73.56952567722485
2025-02-15T21:00:00,72.27843077286428
2025-02-15T22:00:00,70.26963723224142
2025-02-15T23:00:00,67.7885156714398
2025-02-16T00:00:00,65.60462122378141
2025-02-16T01:00:00,63.80806699006453
2025-02-16T02:00:00,43.718672876772665
2025-02-16T03:00:00,26.982303121815555
2025-02-16T04:00:00,21.383143051810887
2025-02-16T05:00:00,19.139043642126992
2025-02-16T06:00:00,18.007978107618246
2025-02-16T07:00:00,17.671572146208387
2025-02-16T08:00:00,17.72715908548106
2025-02-16T09:00:00,18.16190669847571
2025-02-16T10:00:00,19.125467383343235
2025-02-16T11:00:00,21.78408514935037
2025-02-16T12:00:00,28.071487260901407
2025-02-16T13:00:00,35.75310881241508
2025-02-16T14:00:00,43.38057576055112
2025-02-16T15:00:00,50.5717138207477
2025-02-16T16:00:00,56.38530001432998
2025-02-16T17:00:00,61.687902865202524
2025-02-16T18:00:00,66.88336994336998
2025-02-16T19:00:00,68.0732070259426
2025-02-16T20:00:00,68.49032460088316
2025-02-16T21:00:00,69.20006926163383
2025-02-16T22:00:00,71.1036141437033
2025-02-16T23:00:00,74.94272215470022
2025-02-17T00:00:00,78.12960284689198
2025-02-17T01:00:00,76.55962471340013
2025-02-17T02:00:00,46.76985831882643
2025-02-17T03:00:00,30.964969469153363
2025-02-17T04:00:00,24.97921139260997
2025-02-17T05:00:00,22.21640926858653
2025-02-17T06:00:00,20.867861540421195
2025-02-17T07:00:00,20.04912824216096
2025-02-17T08:00:00,19.695205439691954
2025-02-17T09:00:00,19.975679563439407
2025-02-17T10:00:00,20.967994275300395
2025-02-17T11:00:00,25.312162150507387
2025-02-17T12:00:00,34.18471958326256
2025-02-17T13:00:00,39.02909336919369
2025-02-17T14:00:00,43.07977659805961
2025-02-17T15:00:00,48.927128335703976
2025-02-17T16:00:00,55.094194992728845
2025-02-17T17:00:00,61.211653170378305
2025-02-17T18:00:00,66.09704324473505
2025-02-17T19:00:00,68.66550578241761
2025-02-17T20:00:00,71.77023149573284
2025-02-17T21:00:00,75.36013528575067
2025-02-17T22:00:00,78.52099410347317
2025-02-17T23:00:00,81.93734376326849
2025-02-18T00:00:00,84.30583058232845
2025-02-18T01:00:00,84.06903938625169
2025-02-18T02:00:00,44.08532963628353
2025-02-18T03:00:00,28.163162811942716
2025-02-18T04:00:00,22.169909352841582
2025-02-18T05:00:00,19.000433051067848
2025-02-18T06:00:00,17.35528232740319
2025-02-18T07:00:00,16.485183591428004
2025-02-18T08:00:00,16.12797985906186
2025-02-18T09:00:00,16.48566697991412
2025-02-18T10:00:00,17.51332133749257
2025-02-18T11:00:00,20.514779546986453
2025-02-18T12:00:00,27.510754875514813
2025-02-18T13:00:00,34.72740604566491
2025-02-18T14:00:00,41.463241245435626
2025-02-18T15:00:00,49.6035041809082
2025-02-18T16:00:00,57.3189118426779
2025-02-18T17:00:00,64.58695735102114
2025-02-18T18:00:00,67.22937277088994
2025-02-18T19:00:00,67.78799571161684
2025-02-18T20:00:00,67.46671245409094
2025-02-18T21:00:00,67.21896859873894
2025-02-18T22:00:00,67.35285501894744
2025-02-18T23:00:00,67.65415092136548
2025-02-19T00:00:00,68.08268555350925
2025-02-19T01:00:00,67.67936573857847
2025-02-19T02:00:00,49.917701555335
2025-02-19T03:00:00,37.028768788213306
2025-02-19T04:00:00,30.795784825864043
2025-02-19T05:00:00,27.408884794815727
2025-02-19T06:00:00,25.108861093935758
2025-02-19T07:00:00,24.06048467884893
2025-02-19T08:00:00,23.627918492192805
2025-02-19T09:00:00,23.747067327084746
2025-02-19T10:00:00,24.822250863780145
2025-02-19T11:00:00,27.608125686645504
2025-02-19T12:00:00,36.320197893225625
2025-02-19T13:00:00,48.340252088463814
2025-02-19T14:00:00,59.03707653543223
2025-02-19T15:00:00,68.52675993546195
2025-02-19T16:00:00,75.26252812924592
2025-02-19T17:00:00,78.84178128449813
2025-02-19T18:00:00,86.94708683179772
2025-02-19T19:00:00,90.33300980277683
2025-02-19T20:00:00,90.29717884893002
2025-02-19T21:00:00,87.30217875605044
2025-02-19T22:00:00,80.77117986264435
2025-02-19T23:00:00,73.42908826081648
2025-02-20T00:00:00,68.31275027731189
2025-02-20T01:00:00,61.922541079313845
2025-02-20T02:00:00,38.3594626551089
2025-02-20T03:00:00,25.624100394870922
2025-02-20T04:00:00,21.41812357695206
2025-02-20T05:00:00,19.42764846138332
2025-02-20T06:00:00,18.513687548430067
2025-02-20T07:00:00,17.96578921442446
2025-02-20T08:00:00,17.718576514202617
2025-02-20T09:00:00,17.673228637031883
2025-02-20T10:00:00,18.079036380933676
2025-02-20T11:00:00,20.19570740409519
2025-02-20T12:00:00,26.532782844875165
2025-02-20T13:00:00,34.71475294361943
2025-02-20T14:00:00,43.492123811141305
2025-02-20T15:00:00,52.47039993949558
2025-02-20T16:00:00,59.05387745732846
2025-02-20T17:00:00,63.59644699096679
2025-02-20T18:00:00,66.32168330316958
2025-02-20T19:00:00,65.91769143809442
2025-02-20T20:00:00,65.44937150374702
2025-02-20T21:00:00,63.31374939628269
2025-02-20T22:00:00,60.51946109274159
2025-02-20T23:00:00,58.83558721127717
2025-02-21T00:00:00,60.321634873099946
2025-02-21T01:00:00,57.97642533675484
2025-02-21T02:00:00,32.93716223343558
2025-02-21T03:00:00,20.93449725275454
2025-02-21T04:00:00,17.057037602300227
2025-02-21T05:00:00,15.157286561053729
2025-02-21T06:00:00,13.993938694829525
2025-02-21T07:00:00,13.122056090313455
2025-02-21T08:00:00,12.40709595058275
2025-02-21T09:00:00,12.137715132340139
2025-02-21T10:00:00,12.554380416870115
2025-02-21T11:00:00,14.547573753025219
2025-02-21T12:00:00,20.636979144552477
2025-02-21T13:00:00,27.862263803896692
2025-02-21T14:00:00,35.09439941074537
2025-02-21T15:00:00,42.0820718848187
2025-02-21T16:00:00,47.32696019048276
2025-02-21T17:00:00,52.484201348346204
2025-02-21T18:00:00,55.29681960396144
2025-02-21T19:00:00,53.5794564952021
2025-02-21T20:00:00,50.9778764144234
2025-02-21T21:00:00,48.765711411185876
2025-02-21T22:00:00,46.507488084876016
2025-02-21T23:00:00,44.79603510317594
2025-02-22T00:00:00,43.945773912512735
2025-02-22T01:00:00,42.72252439415973
2025-02-22T02:00:00,24.685437160989512
2025-02-22T03:00:00,16.15112553472104
2025-02-22T04:00:00,14.57046023659084
2025-02-22T05:00:00,14.043846793796703
2025-02-22T06:00:00,13.561651934748108
2025-02-22T07:00:00,13.086179401563559
2025-02-22T08:00:00,12.61442536893098
2025-02-22T09:00:00,12.425298027370287
2025-02-22T10:00:00,12.696516741877016
2025-02-22T11:00:00,14.014204191124957
2025-02-22T12:00:00,17.674732664357055
2025-02-22T13:00:00,22.370808642843492
2025-02-22T14:00:00,28.72303241232167
2025-02-22T15:00:00,34.958069594010055
2025-02-22T16:00:00,40.66526628577191
2025-02-22T17:00:00,47.07325512429942
2025-02-22T18:00:00,54.409774116847814
2025-02-22T19:00:00,56.537289329197094
2025-02-22T20:00:00,53.99442274674124
2025-02-22T21:00:00,50.71159910119097
2025-02-22T22:00:00,47.300499625827946
2025-02-22T23:00:00,43.96169032221255
2025-02-23T00:00:00,42.06676317297894
2025-02-23T01:00:00,39.339064390762985
2025-02-23T02:00:00,23.479095376056172
2025-02-23T03:00:00,15.19271954246189
2025-02-23T04:00:00,13.229271017986793
2025-02-23T05:00:00,12.887658616770869
2025-02-23T06:00:00,12.776897596276324
2025-02-23T07:00:00,12.599141618479852
2025-02-23T08:00:00,12.251120401465373
2025-02-23T09:00:00,12.045649860216223
2025-02-23T10:00:00,12.410651289898414
2025-02-23T11:00:00,14.054021503614342
2025-02-23T12:00:00,18.540945053100582
2025-02-23T13:00:00,22.17405269456946
2025-02-23T14:00:00,25.439716753752332
2025-02-23T15:00:00,28.269877558169156
2025-02-23T16:00:00,31.034685632456902
2025-02-23T17:00:00,34.82096630594004
2025-02-23T18:00:00,38.22118444028107
2025-02-23T19:00:00,40.32414013406504
2025-02-23T20:00:00,41.76424822599991
2025-02-23T21:00:00,42.41328131634256
2025-02-23T22:00:00,44.212985329006024
2025-02-23T23:00:00,46.67410510519276
2025-02-24T00:00:00,49.3480868132218
2025-02-24T01:00:00,48.67979796036429
2025-02-24T02:00:00,29.798797524493672
2025-02-24T03:00:00,23.631671739661176
2025-02-24T04:00:00,21.213800596154254
2025-02-24T05:00:00,19.843354515407395
2025-02-24T06:00:00,18.96781589673913
2025-02-24T07:00:00,18.48182072846786
2025-02-24T08:00:00,18.761988764223844
2025-02-24T09:00:00,19.52708194566809
2025-02-24T10:00:00,21.428912453029465
2025-02-24T11:00:00,25.579623595527977
2025-02-24T12:00:00,33.797490990680195
2025-02-24T13:00:00,40.998572971509844
2025-02-24T14:00:00,42.90924005923064
2025-02-24T15:00:00,45.14537230781886
2025-02-24T16:00:00,51.96706589408543
2025-02-24T17:00:00,60.0649818752123
2025-02-24T18:00:00,67.09203869363536
2025-02-24T19:00:00,71.24866784137227
2025-02-24T20:00:00,74.13229934028956
2025-02-24T21:00:00,76.17211283808167
2025-02-24T22:00:00,78.5417722619098
2025-02-24T23:00:00,83.5943603515625
2025-02-25T00:00:00,90.3060651032821
2025-02-25T01:00:00,93.61336782704228
2025-02-25T02:00:00,67.8462441485861
2025-02-25T03:00:00,43.31521357660707
2025-02-25T04:00:00,30.511544849561602
2025-02-25T05:00:00,25.748493940933887
2025-02-25T06:00:00,23.951787782751992
2025-02-25T07:00:00,23.57536854951278
2025-02-25T08:00:00,24.309334962264348
2025-02-25T09:00:00,25.776665811953333
2025-02-25T10:00:00,29.110838019329563
2025-02-25T11:00:00,37.288518822711445
2025-02-25T12:00:00,48.48741746985394
2025-02-25T13:00:00,55.53548248954441
2025-02-25T14:00:00,56.681002243705414
2025-02-25T15:00:00,57.59532381140667
2025-02-25T16:00:00,60.826459801715345
2025-02-25T17:00:00,66.87672457487686
2025-02-25T18:00:00,69.52026698900305
2025-02-25T19:00:00,66.29131400066872
2025-02-25T20:00:00,63.609662097433336
2025-02-25T21:00:00,61.859360238780134
2025-02-25T22:00:00,61.143802145253055
2025-02-25T23:00:00,61.24670526255731
2025-02-26T00:00:00,62.31946099322775
2025-02-26T01:00:00,61.858364436937414
2025-02-26T02:00:00,46.17316685552182
2025-02-26T03:00:00,32.1646783248238
2025-02-26T04:00:00,24.139013124548867
2025-02-26T05:00:00,19.36651047416355
2025-02-26T06:00:00,16.135654739711594
2025-02-26T07:00:00,14.315616358881412
2025-02-26T08:00:00,13.39096459098484
2025-02-26T09:00:00,13.134960133096444
2025-02-26T10:00:00,14.331688051638393
2025-02-26T11:00:00,15.607809522877567
2025-02-26T12:00:00,19.918982878975243
2025-02-26T13:00:00,25.883398719455887
2025-02-26T14:00:00,37.35408666859502
2025-02-26T15:00:00,48.44243688168733
2025-02-26T16:00:00,45.76504732214886
2025-02-26T17:00:00,33.938465533049204
2025-02-26T18:00:00,22.92414316923722
2025-02-26T19:00:00,18.11616209278936
2025-02-26T20:00:00,16.974189841228984
2025-02-26T21:00:00,17.406447700832203
2025-02-26T22:00:00,17.164954641590946
2025-02-26T23:00:00,17.247761933699895
2025-02-27T00:00:00,21.649868426115614
2025-02-27T01:00:00,24.92671551911727
2025-02-27T02:00:00,26.244178523188047
2025-02-27T03:00:00,33.85798280135444
2025-02-27T04:00:00,30.64046113387398
2025-02-27T05:00:00,14.473886365475861
2025-02-27T06:00:00,9.020132645316746
2025-02-27T07:00:00,7.858692874079164
2025-02-27T08:00:00,9.619719961415166
2025-02-27T09:00:00,8.507478713989256
2025-02-27T10:00:00,8.990722842838451
2025-02-27T11:00:00,11.937869528065555
2025-02-27T12:00:00,16.790680387745734
2025-02-27T13:00:00,21.9961115795633
2025-02-27T14:00:00,24.819676357766856
2025-02-27T15:00:00,26.319884258767832
2025-02-27T16:00:00,30.598047505254332
2025-02-27T17:00:00,36.75485312420388
2025-02-27T18:00:00,42.801488627558165
2025-02-27T19:00:00,42.97697846785835
2025-02-27T20:00:00,38.27510435684867
2025-02-27T21:00:00,32.338094047878094
2025-02-27T22:00:00,28.75243112315302
2025-02-27T23:00:00,29.411678148352582
2025-02-28T00:00:00,31.14841005076532
2025-02-28T01:00:00,32.0522638403851
2025-02-28T02:00:00,26.014480922533117
2025-02-28T03:00:00,13.121372388756791
2025-02-28T04:00:00,7.787475979846456
2025-02-28T05:00:00,7.550818609154743
2025-02-28T06:00:00,9.299990280814791
2025-02-28T07:00:00,10.508926391601562
2025-02-28T08:00:00,10.461751067120094
2025-02-28T09:00:00,9.793905631355615
2025-02-28T10:00:00,10.901476735654084
2025-02-28T11:00:00,13.18216796543287
2025-02-28T12:00:00,18.83765635283097
2025-02-28T13:00:00,23.95537716409434
2025-02-28T14:00:00,27.7482386879299
2025-02-28T15:00:00,32.566125786822774
2025-02-28T16:00:00,34.52578204611073
2025-02-28T17:00:00,36.1734100010084
2025-02-28T18:00:00,39.40229780777641
2025-02-28T19:00:00,42.44201593813688
2025-02-28T20:00:00,49.53405363663383
2025-02-28T21:00:00,57.156719207763665
2025-02-28T22:00:00,68.72324620122494
2025-02-28T23:00:00,84.87309265136717
2025-03-01T00:00:00,102.4113192350968
2025-03-01T01:00:00,121.31087029498556
2025-03-01T02:00:00,119.18693409795345
2025-03-01T03:00:00,92.51079194442084
2025-03-01T04:00:00,45.73491353574006
2025-03-01T05:00:00,21.56873085187829
2025-03-01T06:00:00,14.418958684672479
2025-03-01T07:00:00,12.590097613956615
2025-03-01T08:00:00,10.59510682976764
2025-03-01T09:00:00,9.868017652760381
2025-03-01T10:00:00,10.111376596533733
2025-03-01T11:00:00,11.342935106028682
2025-03-01T12:00:00,16.103461141171657
2025-03-01T13:00:00,20.943191113679305
2025-03-01T14:00:00,24.562496351159137
2025-03-01T15:00:00,29.45840785814368
2025-03-01T16:00:00,33.19596862792968
2025-03-01T17:00:00,34.45311421933381
2025-03-01T18:00:00,39.39611003709875
2025-03-01T19:00:00,49.24961123259171
2025-03-01T20:00:00,67.02718021558678
2025-03-01T21:00:00,90.11494711171025
2025-03-01T22:00:00,109.31194968845531
2025-03-01T23:00:00,115.56868478526238
2025-03-02T00:00:00,107.71937859576681
2025-03-02T01:00:00,85.73610057001527
2025-03-02T02:00:00,34.013243302055024
2025-03-02T03:00:00,16.615309051845383
2025-03-02T04:00:00,11.96202808877696
2025-03-02T05:00:00,10.257622304170027
2025-03-02T06:00:00,9.831959641498067
2025-03-02T07:00:00,10.332164018050483
2025-03-02T08:00:00,11.12303070400072
2025-03-02T09:00:00,11.483242366624914
2025-03-02T10:00:00,11.358442555303158
2025-03-02T11:00:00,12.978212812672488
2025-03-02T12:00:00,18.6739968838899
2025-03-02T13:00:00,24.878629684448242
2025-03-02T14:00:00,26.117204997850497
2025-03-02T15:00:00,26.582616059676457
2025-03-02T16:00:00,27.888137734454606
2025-03-02T17:00:00,28.832678919253137
2025-03-02T18:00:00,29.645665210226305
2025-03-02T19:00:00,30.90558251090672
2025-03-02T20:00:00,33.96125528086786
2025-03-02T21:00:00,40.274412735648774
2025-03-02T22:00:00,49.621989540431805
2025-03-02T23:00:00,59.0311748670495
2025-03-03T00:00:00,66.54538594121517
2025-03-03T01:00:00,62.88260634049124
2025-03-03T02:00:00,31.668341180552606
2025-03-03T03:00:00,20.978612485139266
2025-03-03T04:00:00,16.86198985058328
2025-03-03T05:00:00,15.422419465106465
2025-03-03T06:00:00,14.903417379959771
2025-03-03T07:00:00,14.530015903970467
2025-03-03T08:00:00,14.630095979441766
2025-03-03T09:00:00,14.901483908943508
2025-03-03T10:00:00,15.590576545051903
2025-03-03T11:00:00,17.59654111447541
2025-03-03T12:00:00,22.06707780257515
2025-03-03T13:00:00,27.224595608918563
2025-03-03T14:00:00,32.802122696586274
2025-03-03T15:00:00,39.150366575821586
2025-03-03T16:00:00,45.61483200736668
2025-03-03T17:00:00,50.9296412260636
2025-03-03T18:00:00,55.70212422246518
2025-03-03T19:00:00,56.349658966064446
2025-03-03T20:00:00,56.21858878757642
2025-03-03T21:00:00,56.726392165474266
2025-03-03T22:00:00,56.3808422917905
2025-03-03T23:00:00,57.25301444012185
2025-03-04T00:00:00,58.11453628540038
2025-03-04T01:00:00,53.158791251804516
2025-03-04T02:00:00,28.506629695063047
2025-03-04T03:00:00,18.30432303055473
2025-03-04T04:00:00,14.129900600599203
2025-03-04T05:00:00,12.260284714076828
2025-03-04T06:00:00,11.501708155092986
2025-03-04T07:00:00,10.655976046686586
2025-03-04T08:00:00,10.084551023400348
2025-03-04T09:00:00,10.374658874843432
2025-03-04T10:00:00,11.62122805222221
2025-03-04T11:00:00,13.939366216244904
2025-03-04T12:00:00,18.85598850250244
2025-03-04T13:00:00,26.47015397445015
2025-03-04T14:00:00,34.54232265638269
2025-03-04T15:00:00,40.724611033564024
2025-03-04T16:00:00,44.81826234900433
2025-03-04T17:00:00,47.6511701500934
2025-03-04T18:00:00,51.092167066491164
2025-03-04T19:00:00,54.71020922453507
2025-03-04T20:00:00,58.0946743177331
2025-03-04T21:00:00,59.31265358302904
2025-03-04T22:00:00,59.858719535495915
2025-03-04T23:00:00,60.819606117580236
2025-03-05T00:00:00,62.23838059798531
2025-03-05T01:00:00,55.045517797055446
2025-03-05T02:00:00,24.075710047846254
2025-03-05T03:00:00,17.344132796577785
2025-03-05T04:00:00,14.259437063465946
2025-03-05T05:00:00,12.658775329589842
2025-03-05T06:00:00,11.549326896667479
2025-03-05T07:00:00,10.970886852430258
2025-03-05T08:00:00,10.760110730710235
2025-03-05T09:00:00,11.020759997160537
2025-03-05T10:00:00,11.879817050436268
2025-03-05T11:00:00,13.756753589795983
2025-03-05T12:00:00,19.920264617256496
2025-03-05T13:00:00,31.733572586722993
2025-03-05T14:00:00,42.64613922782566
2025-03-05T15:00:00,52.32085584557574
2025-03-05T16:00:00,60.331504158351734
2025-03-05T17:00:00,65.85241168478261
2025-03-05T18:00:00,68.55996256289274
2025-03-05T19:00:00,69.19915074887483
2025-03-05T20:00:00,68.72019411169963
2025-03-05T21:00:00,67.88270485919455
2025-03-05T22:00:00,66.39284482209578
2025-03-05T23:00:00,63.45133806311566
2025-03-06T00:00:00,60.09810290129288
2025-03-06T01:00:00,56.32415837826936
2025-03-06T02:00:00,36.54219552744989
2025-03-06T03:00:00,16.085564074308973
2025-03-06T04:00:00,12.695280199465541
2025-03-06T05:00:00,11.905192043470299
2025-03-06T06:00:00,12.251928080683168
2025-03-06T07:00:00,13.31191991723102
2025-03-06T08:00:00,14.846504460210385
2025-03-06T09:00:00,16.685668198958684
2025-03-06T10:00:00,18.877541168876316
2025-03-06T11:00:00,20.185530206431512
2025-03-06T12:00:00,28.903264999389645
2025-03-06T13:00:00,40.72335964700449
2025-03-06T14:00:00,50.705487458602235
2025-03-06T15:00:00,58.36830338187839
2025-03-06T16:00:00,63.425858207370915
2025-03-06T17:00:00,65.76838816767153
2025-03-06T18:00:00,65.96383650406547
2025-03-06T19:00:00,64.42138605532438
2025-03-06T20:00:00,62.73434166286302
2025-03-06T21:00:00,61.584496871284806
2025-03-06T22:00:00,61.32818338145379
2025-03-06T23:00:00,62.25573697297468
2025-03-07T00:00:00,64.08178578252377
2025-03-07T01:00:00,66.03512473728344
2025-03-07T02:00:00,60.98210027943486
2025-03-07T03:00:00,41.29664031318996
2025-03-07T04:00:00,39.25748427017875
2025-03-07T05:00:00,38.501346256421954
2025-03-07T06:00:00,38.02496354476265
2025-03-07T07:00:00,38.0033197817595
2025-03-07T08:00:00,38.35763350777004
2025-03-07T09:00:00,39.39961508046025
2025-03-07T10:00:00,41.438200245732844
2025-03-07T11:00:00,43.865204520847485
2025-03-07T12:00:00,54.898732558540665
2025-03-07T13:00:00,73.47022778054941
2025-03-07T14:00:00,92.21560934315555
2025-03-07T15:00:00,109.58140298594599
2025-03-07T16:00:00,124.26293281886889
2025-03-07T17:00:00,134.42290662682575
2025-03-07T18:00:00,138.70309746783713
2025-03-07T19:00:00,136.6965504521909
2025-03-07T20:00:00,130.5491263348123
2025-03-07T21:00:00,122.79071741518764
2025-03-07T22:00:00,115.5549379431683
2025-03-07T23:00:00,109.68977488642153
2025-03-08T00:00:00,106.1382884149966
2025-03-08T01:00:00,103.22336578369139
2025-03-08T02:00:00,60.161502838134766
2025-03-08T03:00:00,42.403807266898774
2025-03-08T04:00:00,41.78135913351308
2025-03-08T05:00:00,41.20688579393469
2025-03-08T06:00:00,41.021761023479954
2025-03-08T07:00:00,40.960838981296696
2025-03-08T08:00:00,40.922528474227235
2025-03-08T09:00:00,41.07713865197223
2025-03-08T10:00:00,42.0813220480214
2025-03-08T11:00:00,43.90186989825704
2025-03-08T12:00:00,52.065724580184266
2025-03-08T13:00:00,65.32005442743714
2025-03-08T14:00:00,77.0295645672342
2025-03-08T15:00:00,86.95777063784392
2025-03-08T16:00:00,94.39102239194123
2025-03-08T17:00:00,99.07905777640964
2025-03-08T18:00:00,101.35199737548827
2025-03-08T19:00:00,100.87536919635274
2025-03-08T20:00:00,98.565197488536
2025-03-08T21:00:00,96.01843095862347
2025-03-08T22:00:00,93.79801078464673
2025-03-08T23:00:00,91.7985372128694
2025-03-09T00:00:00,89.5919594142748
2025-03-09T01:00:00,85.5088126141092
2025-03-09T02:00:00,61.01920550802479
2025-03-09T03:00:00,36.71696206797724
2025-03-09T04:00:00,31.30774920919667
2025-03-09T05:00:00,28.410040482230805
2025-03-09T06:00:00,26.34103509654169
2025-03-09T07:00:00,25.25001650271208
2025-03-09T08:00:00,24.947633328645125
2025-03-09T09:00:00,25.616250162539274
2025-03-09T10:00:00,27.46137519504713
2025-03-09T11:00:00,31.29930960613748
2025-03-09T12:00:00,39.37310575402301
2025-03-09T13:00:00,47.87805739693019
2025-03-09T14:00:00,54.29051855336065
2025-03-09T15:00:00,58.61008254341456
2025-03-09T16:00:00,62.04091694044029
2025-03-09T17:00:00,66.10051478510316
2025-03-09T18:00:00,70.77963853918988
2025-03-09T19:00:00,74.80327241317084
2025-03-09T20:00:00,77.30856721297553
2025-03-09T21:00:00,80.55201090937074
2025-03-09T22:00:00,84.35191577413806
2025-03-09T23:00:00,87.15053392493205
2025-03-10T00:00:00,89.98765829335086
2025-03-10T01:00:00,93.51780269456945
2025-03-10T02:00:00,70.40901548966117
2025-03-10T03:00:00,45.30181138411812
2025-03-10T04:00:00,33.168128967285156
2025-03-10T05:00:00,25.62049384739088
2025-03-10T06:00:00,24.062766697095785
2025-03-10T07:00:00,25.821506914885145
2025-03-10T08:00:00,29.752557837444797
2025-03-10T09:00:00,38.53923615165378
2025-03-10T10:00:00,45.524169092592984
2025-03-10T11:00:00,44.83769823157268
2025-03-10T12:00:00,40.511705481487766
2025-03-10T13:00:00,37.2358283996582
2025-03-10T14:00:00,39.55848080178965
2025-03-10T15:00:00,42.62137769616168
2025-03-10T16:00:00,44.643985250721805
2025-03-10T17:00:00,42.69206420235012
2025-03-10T18:00:00,41.818581290867016
2025-03-10T19:00:00,42.230630459992774
2025-03-10T20:00:00,41.84367752075195
2025-03-10T21:00:00,41.51338029944378
2025-03-10T22:00:00,41.53320179814878
2025-03-10T23:00:00,45.20169399095618
2025-03-11T00:00:00,45.06344272779381
2025-03-11T01:00:00,40.74435972130817
2025-03-11T02:00:00,30.707241472990614
2025-03-11T03:00:00,25.00079710587211
2025-03-11T04:00:00,17.278358086295746
2025-03-11T05:00:00,11.834616536679475
2025-03-11T06:00:00,10.844058285588803
2025-03-11T07:00:00,11.777441771134086
2025-03-11T08:00:00,13.326760872550631
2025-03-11T09:00:00,12.814272341520889
2025-03-11T10:00:00,12.539499282836912
2025-03-11T11:00:00,14.405215760935906
2025-03-11T12:00:00,19.17128098529318
2025-03-11T13:00:00,23.312019182288125
2025-03-11T14:00:00,28.959121869957958
2025-03-11T15:00:00,34.41998946148416
2025-03-11T16:00:00,38.85746110003927
2025-03-11T17:00:00,43.77308530392854
2025-03-11T18:00:00,48.03353259874426
2025-03-11T19:00:00,49.633393494979195
2025-03-11T20:00:00,50.585055890290626
2025-03-11T21:00:00,52.65881754004436
2025-03-11T22:00:00,55.59318376624066
2025-03-11T23:00:00,60.19149183190386
2025-03-12T00:00:00,64.42509775576383
2025-03-12T01:00:00,58.98273318746815
2025-03-12T02:00:00,24.0395799719769
2025-03-12T03:00:00,16.966671529023543
2025-03-12T04:00:00,14.733977815379266
2025-03-12T05:00:00,13.701974495597506
2025-03-12T06:00:00,13.251176336537236
2025-03-12T07:00:00,13.587486308553942
2025-03-12T08:00:00,14.85816366776176
2025-03-12T09:00:00,17.594562986622684
2025-03-12T10:00:00,20.94779143126114
2025-03-12T11:00:00,26.12146808790124
2025-03-12T12:00:00,31.60729814612347
2025-03-12T13:00:00,37.70003907576851
2025-03-12T14:00:00,44.81028374381687
2025-03-12T15:00:00,57.41665284529976
2025-03-12T16:00:00,74.76532712190047
2025-03-12T17:00:00,93.48903954547384
2025-03-12T18:00:00,112.65671340278956
2025-03-12T19:00:00,127.16616390062416
2025-03-12T20:00:00,140.4248929231063
2025-03-12T21:00:00,156.89747752314025
2025-03-12T22:00:00,176.39077360733694
2025-03-12T23:00:00,193.66237540867016
2025-03-13T00:00:00,204.2818490733271
2025-03-13T01:00:00,172.6953655740489
2025-03-13T02:00:00,62.94315935217816
2025-03-13T03:00:00,35.86513320259426
2025-03-13T04:00:00,27.701870959738024
2025-03-13T05:00:00,22.609552134638246
2025-03-13T06:00:00,19.004507769709043
2025-03-13T07:00:00,16.611960867176883
2025-03-13T08:00:00,15.208324888478154
2025-03-13T09:00:00,14.519804581351902
2025-03-13T10:00:00,14.442918404288912
2025-03-13T11:00:00,15.898477388464885
2025-03-13T12:00:00,19.31196942536727
2025-03-13T13:00:00,19.835135252579395
2025-03-13T14:00:00,22.01237098030422
2025-03-13T15:00:00,28.25536130822223
2025-03-13T16:00:00,34.596017422883406
2025-03-13T17:00:00,42.373907172161594
2025-03-13T18:00:00,54.21254597539486
2025-03-13T19:00:00,61.441871145497196
2025-03-13T20:00:00,63.55917424740998
2025-03-13T21:00:00,63.89689155246899
2025-03-13T22:00:00,62.638554946235985
2025-03-13T23:00:00,60.22680299178413
2025-03-14T00:00:00,56.89560251650603
2025-03-14T01:00:00,51.81884616354237
2025-03-14T02:00:00,35.493785526441485
2025-03-14T03:00:00,15.774325578109078
2025-03-14T04:00:00,13.292683684307594
2025-03-14T05:00:00,13.122939690299654
2025-03-14T06:00:00,13.142329298931617
2025-03-14T07:00:00,13.04011232956596
2025-03-14T08:00:00,12.990147507709004
2025-03-14T09:00:00,13.214872152908987
2025-03-14T10:00:00,13.893771834995434
2025-03-14T11:00:00,14.952167884163233
2025-03-14T12:00:00,17.53474289437999
2025-03-14T13:00:00,23.723696833071497
2025-03-14T14:00:00,31.794994603032645
2025-03-14T15:00:00,41.133130446724266
2025-03-14T16:00:00,53.89940245255179
2025-03-14T17:00:00,68.51352874092433
2025-03-14T18:00:00,81.53169598786725
2025-03-14T19:00:00,91.95100834058677
2025-03-14T20:00:00,99.94872250764266
2025-03-14T21:00:00,105.37077132515283
2025-03-14T22:00:00,107.7478896431301
2025-03-14T23:00:00,107.10273875360902
2025-03-15T00:00:00,103.92870281053625
2025-03-15T01:00:00,89.9236486683721
2025-03-15T02:00:00,38.34989879442298
2025-03-15T03:00:00,21.916070067364235
2025-03-15T04:00:00,17.345144893812098
2025-03-15T05:00:00,15.115868734276809
2025-03-15T06:00:00,13.778175354003903
2025-03-15T07:00:00,13.079613063646399
2025-03-15T08:00:00,13.133120246555492
2025-03-15T09:00:00,13.27231975223707
2025-03-15T10:00:00,14.37352309019669
2025-03-15T11:00:00,15.351037066915762
2025-03-15T12:00:00,15.644660410673719
2025-03-15T13:00:00,17.39934863214907
2025-03-15T14:00:00,20.359441010848332
2025-03-15T15:00:00,22.870662937993586
2025-03-15T16:00:00,29.657761117686395
2025-03-15T17:00:00,38.937959588092305
2025-03-15T18:00:00,47.45065274445906
2025-03-15T19:00:00,55.54402840655782
2025-03-15T20:00:00,66.19486700970192
2025-03-15T21:00:00,74.2245868185292
2025-03-15T22:00:00,78.84477001687753
2025-03-15T23:00:00,80.14427947998045
2025-03-16T00:00:00,79.52254967067552
2025-03-16T01:00:00,72.38250334366506
2025-03-16T02:00:00,35.046190593553625
2025-03-16T03:00:00,18.896551132202145
2025-03-16T04:00:00,15.388124631798782
2025-03-16T05:00:00,13.859078282895293
2025-03-16T06:00:00,12.677603348441746
2025-03-16T07:00:00,12.104501765707264
2025-03-16T08:00:00,12.163004750790801
2025-03-16T09:00:00,12.817666883053986
2025-03-16T10:00:00,14.30993714539901
2025-03-16T11:00:00,16.656507326209024
2025-03-16T12:00:00,20.86203384399414
2025-03-16T13:00:00,27.20702917679496
2025-03-16T14:00:00,33.567428754723586
2025-03-16T15:00:00,39.90273483939792
2025-03-16T16:00:00,46.02710790219514
2025-03-16T17:00:00,52.85522162395974
2025-03-16T18:00:00,64.20490099036175
2025-03-16T19:00:00,70.98080245308253
2025-03-16T20:00:00,74.29947496497113
2025-03-16T21:00:00,80.15316573433253
2025-03-16T22:00:00,84.86225393544072
2025-03-16T23:00:00,87.79772285793138
2025-03-17T00:00:00,88.73085751740827
2025-03-17T01:00:00,74.66930206962252
2025-03-17T02:00:00,27.861454010009762
2025-03-17T03:00:00,17.83321256222932
2025-03-17T04:00:00,14.997399247210959
2025-03-17T05:00:00,13.945320336715033
2025-03-17T06:00:00,13.338614007701043
2025-03-17T07:00:00,12.79361467776091
2025-03-17T08:00:00,12.831968680672022
2025-03-17T09:00:00,14.902269902436627
2025-03-17T10:00:00,17.31612902102263
2025-03-17T11:00:00,20.878950782444164
2025-03-17T12:00:00,25.86018661830736
2025-03-17T13:00:00,34.09515165246051
2025-03-17T14:00:00,41.95728865913722
2025-03-17T15:00:00,44.92666742076044
2025-03-17T16:00:00,44.850501682447344
2025-03-17T17:00:00,47.41348117330799
2025-03-17T18:00:00,48.89497441830842
2025-03-17T19:00:00,50.18397405873174
2025-03-17T20:00:00,54.041993182638414
2025-03-17T21:00:00,56.72396170574685
2025-03-17T22:00:00,56.22554099041482
2025-03-17T23:00:00,60.54949387260104
2025-03-18T00:00:00,65.53857786759086
2025-03-18T01:00:00,66.27386540951936
2025-03-18T02:00:00,36.752889218537696
2025-03-18T03:00:00,21.806595594986625
2025-03-18T04:00:00,17.79403802622919
2025-03-18T05:00:00,16.311348583387293
2025-03-18T06:00:00,15.342483105866803
2025-03-18T07:00:00,14.760913807412852
2025-03-18T08:00:00,14.610415748927903
2025-03-18T09:00:00,14.970294040182361
2025-03-18T10:00:00,16.045834375464395
2025-03-18T11:00:00,18.879707626674485
2025-03-18T12:00:00,22.385262779567547
2025-03-18T13:00:00,28.259844406791352
2025-03-18T14:00:00,40.419778243355125
2025-03-18T15:00:00,58.58738990451978
2025-03-18T16:00:00,78.62098113350245
2025-03-18T17:00:00,97.75885241964588
2025-03-18T18:00:00,116.61123259171194
2025-03-18T19:00:00,136.555769878885
2025-03-18T20:00:00,154.36004174273947
2025-03-18T21:00:00,166.31481966765028
2025-03-18T22:00:00,168.57602492622706
2025-03-18T23:00:00,155.4749430780825
2025-03-19T00:00:00,111.13083847709322
2025-03-19T01:00:00,92.29318311940067
2025-03-19T02:00:00,58.75441484865934
2025-03-19T03:00:00,25.81406211853027
2025-03-19T04:00:00,17.44494301339854
2025-03-19T05:00:00,15.80029582977295
2025-03-19T06:00:00,14.714336105014965
2025-03-19T07:00:00,14.203127653702445
2025-03-19T08:00:00,14.56412655374278
2025-03-19T09:00:00,15.17440306622049
2025-03-19T10:00:00,16.05821435347847
2025-03-19T11:00:00,18.09197384378184
2025-03-19T12:00:00,21.133639377096422
2025-03-19T13:00:00,26.14717856697414
2025-03-19T14:00:00,30.6522216796875
2025-03-19T15:00:00,34.613116388735556
2025-03-19T16:00:00,41.65847264165463
2025-03-19T17:00:00,47.67507072117017
2025-03-19T18:00:00,51.417463053827696
2025-03-19T19:00:00,54.41907501220703
2025-03-19T20:00:00,55.897818689760946
2025-03-19T21:00:00,55.753750344981306
2025-03-19T22:00:00,55.99372896940811
2025-03-19T23:00:00,57.30275842417841
2025-03-20T00:00:00,58.019445668096125
2025-03-20T01:00:00,51.05317488960598
2025-03-20T02:00:00,22.663582843282946
2025-03-20T03:00:00,14.276167081749955
2025-03-20T04:00:00,11.13959333171015
2025-03-20T05:00:00,9.869839129240617
2025-03-20T06:00:00,9.368640360624893
2025-03-20T07:00:00,9.304858249166736
2025-03-20T08:00:00,9.527799067289932
2025-03-20T09:00:00,9.933752142864725
2025-03-20T10:00:00,10.440168919770613
2025-03-20T11:00:00,12.089491305143936
2025-03-20T12:00:00,15.143674187038254
2025-03-20T13:00:00,17.924958933954652
2025-03-20T14:00:00,21.520779319431465
2025-03-20T15:00:00,27.096130868662954
2025-03-20T16:00:00,32.87794577557108
2025-03-20T17:00:00,32.280279076617695
2025-03-20T18:00:00,34.5836415498153
2025-03-20T19:00:00,36.9312568332838
2025-03-20T20:00:00,39.54976604295813
2025-03-20T21:00:00,43.47323757669199
2025-03-20T22:00:00,48.8394660949707
2025-03-20T23:00:00,53.826870959738024
2025-03-21T00:00:00,59.23786461871604
2025-03-21T01:00:00,64.98463738482931
2025-03-21T02:00:00,45.93059606137483
2025-03-21T03:00:00,31.549669846244473
2025-03-21T04:00:00,25.484414971393086
2025-03-21T05:00:00,21.527111219323196
2025-03-21T06:00:00,19.670944130938985
2025-03-21T07:00:00,18.747515554013454
2025-03-21T08:00:00,18.524162375408668
2025-03-21T09:00:00,19.510586199553114
2025-03-21T10:00:00,20.648885146431297
2025-03-21T11:00:00,23.356647325598672
2025-03-21T12:00:00,28.586336799289867
2025-03-21T13:00:00,34.990176822828204
2025-03-21T14:00:00,40.2245980967646
2025-03-21T15:00:00,43.373935036037274
2025-03-21T16:00:00,44.15927505493164
2025-03-21T17:00:00,45.99377225792926
2025-03-21T18:00:00,48.82297714896824
2025-03-21T19:00:00,51.03044360616932
2025-03-21T20:00:00,53.14327190233313
2025-03-21T21:00:00,54.54168187017026
2025-03-21T22:00:00,54.48437499999999
2025-03-21T23:00:00,54.061198193094
2025-03-22T00:00:00,54.455694281536594
2025-03-22T01:00:00,54.049460203751266
2025-03-22T02:00:00,37.41185578056003
2025-03-22T03:00:00,23.79062395510466
2025-03-22T04:00:00,18.97529593757961
2025-03-22T05:00:00,16.67314566736636
2025-03-22T06:00:00,15.517447886259658
2025-03-22T07:00:00,15.342777086340863
2025-03-22T08:00:00,15.96535724142323
2025-03-22T09:00:00,17.413889594700024
2025-03-22T10:00:00,19.72202931279721
2025-03-22T11:00:00,22.972167222396184
2025-03-22T12:00:00,27.713997882345442
2025-03-22T13:00:00,34.21662372091542
2025-03-22T14:00:00,40.459230671758235
2025-03-22T15:00:00,46.78960534800654
2025-03-22T16:00:00,53.34355528458305
2025-03-22T17:00:00,57.60977322122325
2025-03-22T18:00:00,61.26717973792034
2025-03-22T19:00:00,64.29841845968495
2025-03-22T20:00:00,68.9163347327191
2025-03-22T21:00:00,72.42482392684272
2025-03-22T22:00:00,73.50065496693486
2025-03-22T23:00:00,72.36157889988111
2025-03-23T00:00:00,71.29915652067764
2025-03-23T01:00:00,68.05248343426247
2025-03-23T02:00:00,43.032292739204735
2025-03-23T03:00:00,32.38345444720724
2025-03-23T04:00:00,29.11491261357846
2025-03-23T05:00:00,26.97945636251698
2025-03-23T06:00:00,25.208185195922848
2025-03-23T07:00:00,23.840285757313602
2025-03-23T08:00:00,22.963581168133278
2025-03-23T09:00:00,22.507018794184145
2025-03-23T10:00:00,22.57737408513608
2025-03-23T11:00:00,23.946391893469766
2025-03-23T12:00:00,28.80279549308445
2025-03-23T13:00:00,33.420843041461445
2025-03-23T14:00:00,38.49413249803625
2025-03-23T15:00:00,45.05080745531165
2025-03-23T16:00:00,51.2641080773395
2025-03-23T17:00:00,57.13623295659603
2025-03-23T18:00:00,60.060017627218485
2025-03-23T19:00:00,60.11985745637312
2025-03-23T20:00:00,64.78532077955163
2025-03-23T21:00:00,68.4311241481615
2025-03-23T22:00:00,72.0511700174083
2025-03-23T23:00:00,74.15338300622028
2025-03-24T00:00:00,75.41533329175866
2025-03-24T01:00:00,72.41896753725797
2025-03-24T02:00:00,47.87920611837635
2025-03-24T03:00:00,35.97046810647715
2025-03-24T04:00:00,29.849544193433676
2025-03-24T05:00:00,26.75606686135997
2025-03-24T06:00:00,25.369331359863278
2025-03-24T07:00:00,24.978318172952402
2025-03-24T08:00:00,25.24686174807341
2025-03-24T09:00:00,25.94338997550632
2025-03-24T10:00:00,27.05817015274711
2025-03-24T11:00:00,29.476501464843746
2025-03-24T12:00:00,36.150025409200914
2025-03-24T13:00:00,41.28415414561396
2025-03-24T14:00:00,43.18996611885402
2025-03-24T15:00:00,45.258821570354954
2025-03-24T16:00:00,47.341672150985055
2025-03-24T17:00:00,48.677354563837454
2025-03-24T18:00:00,49.44054097714631
2025-03-24T19:00:00,49.292395550271735
2025-03-24T20:00:00,49.28266409169072
2025-03-24T21:00:00,50.14860534667968
2025-03-24T22:00:00,51.396186828613274
2025-03-24T23:00:00,51.74518021293307
2025-03-25T00:00:00,51.36215259717857
2025-03-25T01:00:00,47.30391245302946
2025-03-25T02:00:00,35.09225347767705
2025-03-25T03:00:00,28.177957451861836
2025-03-25T04:00:00,23.061942556630008
2025-03-25T05:00:00,20.044597459876016
2025-03-25T06:00:00,18.535145137621008
2025-03-25T07:00:00,18.199880517047383
2025-03-25T08:00:00,19.0181885594907
2025-03-25T09:00:00,20.235705168350883
2025-03-25T10:00:00,22.20765578228494
2025-03-25T11:00:00,26.35281488169794
2025-03-25T12:00:00,33.60745172915251
2025-03-25T13:00:00,40.60741358217985
2025-03-25T14:00:00,47.526049406632126
2025-03-25T15:00:00,50.329457490340516
2025-03-25T16:00:00,56.19462286907693
2025-03-25T17:00:00,61.1156417183254
2025-03-25T18:00:00,65.16730233897333
2025-03-25T19:00:00,69.71380515720531
2025-03-25T20:00:00,78.07079779583475
2025-03-25T21:00:00,86.12578649106231
2025-03-25T22:00:00,91.73762047809102
2025-03-25T23:00:00,94.90423219100288
2025-03-26T00:00:00,97.07827493418817
2025-03-26T01:00:00,91.44996609895124
2025-03-26T02:00:00,50.259191761846125
2025-03-26T03:00:00,33.90070906929348
2025-03-26T04:00:00,28.490818438322645
2025-03-26T05:00:00,26.978309797204055
2025-03-26T06:00:00,27.892010730245836
2025-03-26T07:00:00,29.589738679968793
2025-03-26T08:00:00,32.181051751841665
2025-03-26T09:00:00,34.956361604773484
2025-03-26T10:00:00,38.9390116152556
2025-03-26T11:00:00,43.29671793398649
2025-03-26T12:00:00,54.376135121221125
2025-03-26T13:00:00,75.26176817520805
2025-03-26T14:00:00,90.76259480351987
2025-03-26T15:00:00,110.76542796259339
2025-03-26T16:00:00,130.93253293244734
2025-03-26T17:00:00,151.73530910326085
2025-03-26T18:00:00,144.42047318168306
2025-03-26T19:00:00,127.96501955778702
2025-03-26T20:00:00,141.94428750743035
2025-03-26T21:00:00,156.6201759006666
2025-03-26T22:00:00,176.7656900157099
2025-03-26T23:00:00,197.7134479025136
2025-03-27T00:00:00,217.50762806768
2025-03-27T01:00:00,220.25851307744563
2025-03-27T02:00:00,161.8688109024711
2025-03-27T03:00:00,119.25537474259085
2025-03-27T04:00:00,93.24671770178752
2025-03-27T05:00:00,74.03540967858355
2025-03-27T06:00:00,61.86984418786089
2025-03-27T07:00:00,55.163025234056555
2025-03-27T08:00:00,50.023757934570305
2025-03-27T09:00:00,46.82555107448412
2025-03-27T10:00:00,46.52181874150815
2025-03-27T11:00:00,44.913145977517836
2025-03-27T12:00:00,47.233898660411
2025-03-27T13:00:00,53.03278748885444
2025-03-27T14:00:00,60.98540928052819
2025-03-27T15:00:00,72.37079686703889
2025-03-27T16:00:00,88.82360043733017
2025-03-27T17:00:00,103.90384043817934
2025-03-27T18:00:00,115.19721188752546
2025-03-27T19:00:00,123.29511260986327
2025-03-27T20:00:00,130.61609218431553
2025-03-27T21:00:00,137.18012204377547
2025-03-27T22:00:00,141.60446233334747
2025-03-27T23:00:00,144.63613493546194
2025-03-28T00:00:00,146.48365053923234
2025-03-28T01:00:00,132.68066605277681
2025-03-28T02:00:00,70.17188196596891
2025-03-28T03:00:00,54.104516900104024
2025-03-28T04:00:00,50.95461273193359
2025-03-28T05:00:00,49.96529288913892
2025-03-28T06:00:00,49.64993053933848
2025-03-28T07:00:00,49.27407355930494
2025-03-28T08:00:00,48.90810062574303
2025-03-28T09:00:00,49.096643364947774
2025-03-28T10:00:00,50.018313366433844
2025-03-28T11:00:00,52.95757708342178
2025-03-28T12:00:00,60.431136919104524
2025-03-28T13:00:00,77.49430714482844
2025-03-28T14:00:00,96.16007697063942
2025-03-28T15:00:00,115.85942707891049
2025-03-28T16:00:00,134.79053729513416
2025-03-28T17:00:00,152.39785965629244
2025-03-28T18:00:00,167.46416042162022
2025-03-28T19:00:00,176.99553315535834
2025-03-28T20:00:00,181.99750153914738
2025-03-28T21:00:00,185.04803466796875
2025-03-28T22:00:00,184.68883547575575
2025-03-28T23:00:00,183.2733963676121
2025-03-29T00:00:00,176.43634829313856
2025-03-29T01:00:00,150.40817990510357
2025-03-29T02:00:00,60.242681088654884
2025-03-29T03:00:00,43.526961948560626
2025-03-29T04:00:00,38.14640625663425
2025-03-29T05:00:00,35.10346188752547
2025-03-29T06:00:00,32.81647690482761
2025-03-29T07:00:00,31.186941727347993
2025-03-29T08:00:00,30.38584808681322
2025-03-29T09:00:00,30.44210848600968
2025-03-29T10:00:00,31.748553732167117
2025-03-29T11:00:00,34.00389231806215
2025-03-29T12:00:00,41.988910343336016
2025-03-29T13:00:00,56.26603997271992
2025-03-29T14:00:00,71.70790929379669
2025-03-29T15:00:00,88.49992271091627
2025-03-29T16:00:00,105.58281508735988
2025-03-29T17:00:00,120.55699854311733
2025-03-29T18:00:00,133.43788677713144
2025-03-29T19:00:00,140.28637894340181
2025-03-29T20:00:00,141.74249864661172
2025-03-29T21:00:00,142.74059959079904
2025-03-29T22:00:00,141.22864665155825
2025-03-29T23:00:00,138.25495512589163
2025-03-30T00:00:00,135.60535994819972
2025-03-30T01:00:00,130.9416271707286
2025-03-30T02:00:00,78.46614605447519
2025-03-30T03:00:00,42.23078337959621
2025-03-30T04:00:00,34.09794782555622
2025-03-30T05:00:00,30.47267565519913
2025-03-30T06:00:00,28.179750442504883
2025-03-30T07:00:00,26.636571635370668
2025-03-30T08:00:00,26.18220652704653
2025-03-30T09:00:00,26.927786453910496
2025-03-30T10:00:00,29.00073126088018
2025-03-30T11:00:00,32.50780271447223
2025-03-30T12:00:00,41.588814942733094
2025-03-30T13:00:00,54.48893140709918
2025-03-30T14:00:00,66.05444004224692
2025-03-30T15:00:00,76.64345915421194
2025-03-30T16:00:00,86.34745556375255
2025-03-30T17:00:00,94.23842421821925
2025-03-30T18:00:00,99.30427484926969
2025-03-30T19:00:00,101.43503769584322
2025-03-30T20:00:00,102.81420599895974
2025-03-30T21:00:00,103.74442357602327
2025-03-30T22:00:00,103.96557882557744
2025-03-30T23:00:00,103.0632446952488
2025-03-31T00:00:00,101.85817254107931
2025-03-31T01:00:00,94.63926796291184
2025-03-31T02:00:00,64.1845593659774
2025-03-31T03:00:00,57.37447539619777
2025-03-31T04:00:00,54.93591225665548
2025-03-31T05:00:00,53.6110675645911
2025-03-31T06:00:00,55.33036754442297
2025-03-31T07:00:00,58.46294369904891
2025-03-31T08:00:00,62.785931794539735
2025-03-31T09:00:00,67.81286919635275
2025-03-31T10:00:00,74.1143394138502
2025-03-31T11:00:00,80.45652472454567
2025-03-31T12:00:00,86.31491520093834
2025-03-31T13:00:00,97.33505215852156
2025-03-31T14:00:00,110.62077630084492
2025-03-31T15:00:00,126.3898876024329
2025-03-31T16:00:00,146.31127863344938
2025-03-31T17:00:00,171.29906629479447
2025-03-31T18:00:00,195.59384155273435
2025-03-31T19:00:00,217.04717420495072
2025-03-31T20:00:00,235.3038476031759
2025-03-31T21:00:00,250.6083108653193
2025-03-31T22:00:00,260.63667894446326
2025-03-31T23:00:00,267.5896540102751
2025-04-01T00:00:00,276.87980718198025
2025-04-01T01:00:00,275.5085024626359
2025-04-01T02:00:00,215.187267801036
2025-04-01T03:00:00,92.64935899817425
2025-04-01T04:00:00,43.95369156547214
2025-04-01T05:00:00,37.95851466966712
2025-04-01T06:00:00,38.6926211481509
2025-04-01T07:00:00,37.91415023803711
2025-04-01T08:00:00,39.814606210459836
2025-04-01T09:00:00,45.51843742702317
2025-04-01T10:00:00,54.847816467285156
2025-04-01T11:00:00,63.09665912130603
2025-04-01T12:00:00,76.69622819320014
2025-04-01T13:00:00,88.42063273554263
2025-04-01T14:00:00,94.85488891601562
2025-04-01T15:00:00,105.69235660718834
2025-04-01T16:00:00,116.83352362591286
2025-04-01T17:00:00,119.51674983812414
2025-04-01T18:00:00,120.06589176343836
2025-04-01T19:00:00,122.64002559496006
2025-04-01T20:00:00,121.33737414816149
2025-04-01T21:00:00,121.35651165506113
2025-04-01T22:00:00,121.70387997834577
2025-04-01T23:00:00,120.60704571267831
2025-04-02T00:00:00,127.52013496730638
2025-04-02T01:00:00,132.04205388608187
2025-04-02T02:00:00,87.12396638289741
2025-04-02T03:00:00,48.58920271500297
2025-04-02T04:00:00,34.623079216998555
2025-04-02T05:00:00,27.72235240106997
2025-04-02T06:00:00,24.77247039131496
2025-04-02T07:00:00,22.86239093282948
2025-04-02T08:00:00,20.793731523596723
2025-04-02T09:00:00,18.64763823799465
2025-04-02T10:00:00,17.454207876454227
2025-04-02T11:00:00,19.003365392270293
2025-04-02T12:00:00,23.975769291753352
2025-04-02T13:00:00,30.658893751061477
2025-04-02T14:00:00,32.68805130668308
2025-04-02T15:00:00,35.13113104778787
2025-04-02T16:00:00,36.76252846095873
2025-04-02T17:00:00,37.451082644255266
2025-04-02T18:00:00,32.46699747831924
2025-04-02T19:00:00,28.447703900544536
2025-04-02T20:00:00,28.218054812887438
2025-04-02T21:00:00,31.409125701240868
2025-04-02T22:00:00,38.12568747478982
2025-04-02T23:00:00,44.91026588108228
2025-04-03T00:00:00,52.66329740441363
2025-04-03T01:00:00,46.79579477724821
2025-04-03T02:00:00,14.677261559859563
2025-04-03T03:00:00,11.670576634614362
2025-04-03T04:00:00,11.958858614382535
2025-04-03T05:00:00,11.693319486535113
2025-04-03T06:00:00,11.153145831564197
2025-04-03T07:00:00,10.712185154790463
2025-04-03T08:00:00,10.488250981206479
2025-04-03T09:00:00,10.550346996473229
2025-04-03T10:00:00,11.092526104139244
2025-04-03T11:00:00,12.307690039924951
2025-04-03T12:00:00,13.459012404732082
2025-04-03T13:00:00,15.340238405310588
2025-04-03T14:00:00,16.581918467646055
2025-04-03T15:00:00,19.499684292337164
2025-04-03T16:00:00,23.86340166174847
2025-04-03T17:00:00,33.08558646492335
2025-04-03T18:00:00,41.507362365722656
2025-04-03T19:00:00,48.08828768522842
2025-04-03T20:00:00,44.79072122988493
2025-04-03T21:00:00,50.824337005615234
2025-04-03T22:00:00,54.98132639345915
2025-04-03T23:00:00,57.06708543196968
2025-04-04T00:00:00,57.97281049645464
2025-04-04T01:00:00,47.460619719132126
2025-04-04T02:00:00,19.765114991561227
2025-04-04T03:00:00,13.587250419284986
2025-04-04T04:00:00,11.982922014982803
2025-04-04T05:00:00,11.31110332323157
2025-04-04T06:00:00,10.923800634301227
2025-04-04T07:00:00,10.582039086715033
2025-04-04T08:00:00,10.67483089281165
2025-04-04T09:00:00,11.113434293995732
2025-04-04T10:00:00,11.576127342555832
2025-04-04T11:00:00,13.989676019419791
2025-04-04T12:00:00,18.93635194197945
2025-04-04T13:00:00,25.757922296938684
2025-04-04T14:00:00,29.988172448199727
2025-04-04T15:00:00,34.75653175685717
2025-04-04T16:00:00,40.30788106503694
2025-04-04T17:00:00,49.04567254107931
2025-04-04T18:00:00,55.360129314920165
2025-04-04T19:00:00,58.70625935430112
2025-04-04T20:00:00,60.66842186969258
2025-04-04T21:00:00,62.21839639414911
2025-04-04T22:00:00,67.36132348102072
2025-04-04T23:00:00,71.24205083432403
2025-04-05T00:00:00,77.13815174932064
2025-04-05T01:00:00,66.82520941029425
2025-04-05T02:00:00,28.499798650326934
2025-04-05T03:00:00,22.994956058004625
2025-04-05T04:00:00,23.432180736375887
2025-04-05T05:00:00,23.716356775035027
2025-04-05T06:00:00,24.308929111646567
2025-04-05T07:00:00,25.280085522195566
2025-04-05T08:00:00,25.655255856721293
2025-04-05T09:00:00,26.499350091685415
2025-04-05T10:00:00,27.574820808742352
2025-04-05T11:00:00,29.916995338771653
2025-04-05T12:00:00,34.03910139332647
2025-04-05T13:00:00,46.261978149414055
2025-04-05T14:00:00,60.06150403230085
2025-04-05T15:00:00,66.73102370552394
2025-04-05T16:00:00,61.89018664152725
2025-04-05T17:00:00,62.743701437245235
2025-04-05T18:00:00,66.6138333859651
2025-04-05T19:00:00,72.68488013226053
2025-04-05T20:00:00,83.5105627308721
2025-04-05T21:00:00,94.0643078347911
2025-04-05T22:00:00,106.41034598972486
2025-04-05T23:00:00,117.80233698305875
2025-04-06T00:00:00,129.6035693624745
2025-04-06T01:00:00,98.70332568624744
2025-04-06T02:00:00,48.40512466430663
2025-04-06T03:00:00,36.15840281610903
2025-04-06T04:00:00,30.261221844217047
2025-04-06T05:00:00,26.432071934575617
2025-04-06T06:00:00,23.414981676184613
2025-04-06T07:00:00,21.09119937730872
2025-04-06T08:00:00,19.866235815960426
2025-04-06T09:00:00,21.496884138687793
2025-04-06T10:00:00,24.15667732902195
2025-04-06T11:00:00,29.34938439078953
2025-04-06T12:00:00,39.01354565827742
2025-04-06T13:00:00,52.555974877398945
2025-04-06T14:00:00,62.6758864029594
2025-04-06T15:00:00,71.46337127685545
2025-04-06T16:00:00,82.31229599662448
2025-04-06T17:00:00,94.11397353462552
2025-04-06T18:00:00,107.17649774966031
2025-04-06T19:00:00,120.32367938497791
2025-04-06T20:00:00,131.7875764266304
2025-04-06T21:00:00,139.5669655177904
2025-04-06T22:00:00,133.93439118758488
2025-04-06T23:00:00,133.96602663786516
2025-04-07T00:00:00,134.49493408203125
2025-04-07T01:00:00,117.65827842380688
2025-04-07T02:00:00,68.53792737877886
2025-04-07T03:00:00,48.21272045633067
2025-04-07T04:00:00,42.07844029302181
2025-04-07T05:00:00,41.025412352188766
2025-04-07T06:00:00,41.27555482283882
2025-04-07T07:00:00,41.78108878757642
2025-04-07T08:00:00,42.43053386522376
2025-04-07T09:00:00,43.61222905698029
2025-04-07T10:00:00,44.608972466510274
2025-04-07T11:00:00,43.894606217094086
2025-04-07T12:00:00,46.64043028458305
2025-04-07T13:00:00,52.124003866444454
2025-04-07T14:00:00,57.99197188667628
2025-04-07T15:00:00,64.04553388512652
2025-04-07T16:00:00,71.32446255891217
2025-04-07T17:00:00,83.45586627462636
2025-04-07T18:00:00,95.85316998025645
2025-04-07T19:00:00,107.23284182341202
2025-04-07T20:00:00,117.9905959419582
2025-04-07T21:00:00,128.192930802055
2025-04-07T22:00:00,137.17174430515453
2025-04-07T23:00:00,146.27941761846128
2025-04-08T00:00:00,155.86407006305197
2025-04-08T01:00:00,148.51886848781416
2025-04-08T02:00:00,85.73891482145888
2025-04-08T03:00:00,57.946956136952274
2025-04-08T04:00:00,48.37740259585173
2025-04-08T05:00:00,46.45605435578719
2025-04-08T06:00:00,46.55097994597062
2025-04-08T07:00:00,47.35158688089122
2025-04-08T08:00:00,48.78940233976944
2025-04-08T09:00:00,51.903000043786086
2025-04-08T10:00:00,56.06029211956521
2025-04-08T11:00:00,67.73734847359034
2025-04-08T12:00:00,82.56403052288553
2025-04-08T13:00:00,97.31555142609969
2025-04-08T14:00:00,115.71970898172128
2025-04-08T15:00:00,134.16010184909985
2025-04-08T16:00:00,148.60709679645038
2025-04-08T17:00:00,157.14245207413381
2025-04-08T18:00:00,162.17714657990828
2025-04-08T19:00:00,158.27684087338653
2025-04-08T20:00:00,151.09178825046703
2025-04-08T21:00:00,141.731829435929
2025-04-08T22:00:00,133.06777224333388
2025-04-08T23:00:00,123.81842704441235
2025-04-09T00:00:00,113.94642174762225
2025-04-09T01:00:00,103.703509123429
2025-04-09T02:00:00,74.629070116126
2025-04-09T03:00:00,43.74489129107931
2025-04-09T04:00:00,29.842124192611024
2025-04-09T05:00:00,24.517525631448493
2025-04-09T06:00:00,21.625722802203633
2025-04-09T07:00:00,19.674442540044367
2025-04-09T08:00:00,18.94589175348696
2025-04-09T09:00:00,19.920222075089164
2025-04-09T10:00:00,22.5981736390487
2025-04-09T11:00:00,31.444529740706734
2025-04-09T12:00:00,43.86294058094853
2025-04-09T13:00:00,52.25597298663595
2025-04-09T14:00:00,60.13179198555324
2025-04-09T15:00:00,71.05194755222486
2025-04-09T16:00:00,82.05487989342731
2025-04-09T17:00:00,87.44274836001189
2025-04-09T18:00:00,83.33418506124745
2025-04-09T19:00:00,76.0398191369098
2025-04-09T20:00:00,70.23661572000255
2025-04-09T21:00:00,66.56518355659816
2025-04-09T22:00:00,62.53759632939877
2025-04-09T23:00:00,56.945694467295766
2025-04-10T00:00:00,50.32104425844938
2025-04-10T01:00:00,47.44328357862389
2025-04-10T02:00:00,38.318690424380094
2025-04-10T03:00:00,28.34212966587232
2025-04-10T04:00:00,25.40740054586659
2025-04-10T05:00:00,21.98760356073794
2025-04-10T06:00:00,20.334379362023395
2025-04-10T07:00:00,19.793082527492356
2025-04-10T08:00:00,19.416924103446625
2025-04-10T09:00:00,19.65588669154955
2025-04-10T10:00:00,21.583693297012992
2025-04-10T11:00:00,26.948635598887567
2025-04-10T12:00:00,35.3343099511188
2025-04-10T13:00:00,45.04821263188901
2025-04-10T14:00:00,52.43605190774668
2025-04-10T15:00:00,58.15171133953591
2025-04-10T16:00:00,61.23994578485903
2025-04-10T17:00:00,61.72537480229916
2025-04-10T18:00:00,59.79332733154296
2025-04-10T19:00:00,55.479602813720696
2025-04-10T20:00:00,50.20576825349226
2025-04-10T21:00:00,44.30507444298785
2025-04-10T22:00:00,38.533603502356485
2025-04-10T23:00:00,34.03226122648819
2025-04-11T00:00:00,31.43424664372983
2025-04-11T01:00:00,30.028149895046063
2025-04-11T02:00:00,26.66700031446374
2025-04-11T03:00:00,21.239474669746727
2025-04-11T04:00:00,18.890940956447434
2025-04-11T05:00:00,16.140361785888672
2025-04-11T06:00:00,15.015840281610902
2025-04-11T07:00:00,14.819921452066172
2025-04-11T08:00:00,14.78089954542077
2025-04-11T09:00:00,15.357915131942086
2025-04-11T10:00:00,16.42967207535453
2025-04-11T11:00:00,18.42343181112538
2025-04-11T12:00:00,23.534277791562285
2025-04-11T13:00:00,28.428201675415036
2025-04-11T14:00:00,31.058098005211868
2025-04-11T15:00:00,33.643891707710594
2025-04-11T16:00:00,36.239917257557735
2025-04-11T17:00:00,39.6155480094578
2025-04-11T18:00:00,44.05401445471722
2025-04-11T19:00:00,46.35423345151154
2025-04-11T20:00:00,45.690148560897164
2025-04-11T21:00:00,45.05090166174847
2025-04-11T22:00:00,44.43136696193529
2025-04-11T23:00:00,42.63560999994692
2025-04-12T00:00:00,42.022185284158454
2025-04-12T01:00:00,40.85097437319548
2025-04-12T02:00:00,26.464385737543516
2025-04-12T03:00:00,18.901355494623598
2025-04-12T04:00:00,15.701178592184311
2025-04-12T05:00:00,14.104348265606424
2025-04-12T06:00:00,13.391135091366973
2025-04-12T07:00:00,13.324593004973037
2025-04-12T08:00:00,13.480731756790822
2025-04-12T09:00:00,13.63024678437606
2025-04-12T10:00:00,14.151260790617567
2025-04-12T11:00:00,15.970500863116717
2025-04-12T12:00:00,22.158903702445652
2025-04-12T13:00:00,29.207617718240485
2025-04-12T14:00:00,34.32457865839419
2025-04-12T15:00:00,37.353194527004064
2025-04-12T16:00:00,40.64991909524669
2025-04-12T17:00:00,49.06624321315599
2025-04-12T18:00:00,58.59539181253184
2025-04-12T19:00:00,64.17957836648691
2025-04-12T20:00:00,67.21150108005688
2025-04-12T21:00:00,68.85142782460088
2025-04-12T22:00:00,65.6352827652641
2025-04-12T23:00:00,63.22605066714078
2025-04-13T00:00:00,62.357384059740134
2025-04-13T01:00:00,60.12938258958899
2025-04-13T02:00:00,32.99020170128863
2025-04-13T03:00:00,23.637635687123172
2025-04-13T04:00:00,22.182420481806215
2025-04-13T05:00:00,22.467056606126867
2025-04-13T06:00:00,23.11404236503269
2025-04-13T07:00:00,23.648812750111453
2025-04-13T08:00:00,23.44207606108292
2025-04-13T09:00:00,23.303276144939918
2025-04-13T10:00:00,23.751999233079992
2025-04-13T11:00:00,25.898447202599563
2025-04-13T12:00:00,29.06449293053668
2025-04-13T13:00:00,36.20656801306682
2025-04-13T14:00:00,46.026861771293305
2025-04-13T15:00:00,59.41228385593579
2025-04-13T16:00:00,72.19353949505349
2025-04-13T17:00:00,83.36488640826681
2025-04-13T18:00:00,91.96405792236327
2025-04-13T19:00:00,99.54371045983355
2025-04-13T20:00:00,104.88961659307066
2025-04-13T21:00:00,108.84158855935802
2025-04-13T22:00:00,111.83140364937158
2025-04-13T23:00:00,113.89424398671025
2025-04-14T00:00:00,115.13721963633662
2025-04-14T01:00:00,101.15133766506028
2025-04-14T02:00:00,54.10392761230468
2025-04-14T03:00:00,39.84528068874193
2025-04-14T04:00:00,37.68314776213273
2025-04-14T05:00:00,36.72943745488706
2025-04-14T06:00:00,36.27304292761761
2025-04-14T07:00:00,36.636364646579906
2025-04-14T08:00:00,38.14517427527387
2025-04-14T09:00:00,39.92419201394785
2025-04-14T10:00:00,41.43747760938561
2025-04-14T11:00:00,46.55552325041397
2025-04-14T12:00:00,54.26063985409943
2025-04-14T13:00:00,64.51026219907014
2025-04-14T14:00:00,77.39593340002972
2025-04-14T15:00:00,90.84219592550525
2025-04-14T16:00:00,107.03081114395803
2025-04-14T17:00:00,126.21609397556469
2025-04-14T18:00:00,144.2558421259341
2025-04-14T19:00:00,156.9303044858186
2025-04-14T20:00:00,166.5513803233271
2025-04-14T21:00:00,174.50845137886378
2025-04-14T22:00:00,180.0132937224015
2025-04-14T23:00:00,185.7648249087126
2025-04-15T00:00:00,193.3347473144531
2025-04-15T01:00:00,144.6063185982082
2025-04-15T02:00:00,75.48317751677139
2025-04-15T03:00:00,49.04141633406929
2025-04-15T04:00:00,36.436615404875376
2025-04-15T05:00:00,29.245394333549164
2025-04-15T06:00:00,24.632086546524707
2025-04-15T07:00:00,21.65440045232358
2025-04-15T08:00:00,20.346960689710535
2025-04-15T09:00:00,20.134898310122278
2025-04-15T10:00:00,21.017934384553325
2025-04-15T11:00:00,20.046736592831817
2025-04-15T12:00:00,22.69053019648013
2025-04-15T13:00:00,24.888872478319247
2025-04-15T14:00:00,31.307892509128735
2025-04-15T15:00:00,43.364386848781415
2025-04-15T16:00:00,55.970339733621344
2025-04-15T17:00:00,69.90917869236158
2025-04-15T18:00:00,84.30913245159645
2025-04-15T19:00:00,98.25865538223928
2025-04-15T20:00:00,111.4113835873811
2025-04-15T21:00:00,99.28693290378735
2025-04-15T22:00:00,100.17370837667713
2025-04-15T23:00:00,112.77695929485817
2025-04-16T00:00:00,126.34464197573453
2025-04-16T01:00:00,134.23612246306044
2025-04-16T02:00:00,110.49747599726136
2025-04-16T03:00:00,87.34403991699217
2025-04-16T04:00:00,67.45768969991931
2025-04-16T05:00:00,56.88161037279211
2025-04-16T06:00:00,50.16992087986158
2025-04-16T07:00:00,44.23908018029254
2025-04-16T08:00:00,39.59947337274965
2025-04-16T09:00:00,38.006804922352664
2025-04-16T10:00:00,39.56141082100246
2025-04-16T11:00:00,38.35562531844429
2025-04-16T12:00:00,42.87190810493801
2025-04-16T13:00:00,48.85130442743716
2025-04-16T14:00:00,54.11509472390879
2025-04-16T15:00:00,58.73046875
2025-04-16T16:00:00,72.09308309140413
2025-04-16T17:00:00,88.69472437319547
2025-04-16T18:00:00,106.51005620541778
2025-04-16T19:00:00,120.84398717465606
2025-04-16T20:00:00,130.66859402863875
2025-04-16T21:00:00,135.35514002260953
2025-04-16T22:00:00,129.42901014245072
2025-04-16T23:00:00,119.94560871953549
2025-04-17T00:00:00,119.3664029992145
2025-04-17T01:00:00,105.18807154116423
2025-04-17T02:00:00,61.47228240966796
2025-04-17T03:00:00,54.639811142631196
2025-04-17T04:00:00,50.326055775518
2025-04-17T05:00:00,46.22978625090225
2025-04-17T06:00:00,45.08672730819038
2025-04-17T07:00:00,45.45217514038085
2025-04-17T08:00:00,46.18158688752547
2025-04-17T09:00:00,47.319098099418305
2025-04-17T10:00:00,48.85593480649201
2025-04-17T11:00:00,51.07059097290038
2025-04-17T12:00:00,55.029326397439704
2025-04-17T13:00:00,63.21344790251358
2025-04-17T14:00:00,73.28639917788297
2025-04-17T15:00:00,86.29776962943698
2025-04-17T16:00:00,103.64712922469428
2025-04-17T17:00:00,126.30665223494817
2025-04-17T18:00:00,149.17561539359713
2025-04-17T19:00:00,170.48425624681556
2025-04-17T20:00:00,191.02029817000678
2025-04-17T21:00:00,207.7672769297724
2025-04-17T22:00:00,222.1497869076936
2025-04-17T23:00:00,231.36830736243203
2025-04-18T00:00:00,231.24472908351729
2025-04-18T01:00:00,195.40216727878737
2025-04-18T02:00:00,107.26365761134936
2025-04-18T03:00:00,71.91931550399116
2025-04-18T04:00:00,53.48425077355426
2025-04-18T05:00:00,42.05839356132176
2025-04-18T06:00:00,35.94293445089589
2025-04-18T07:00:00,32.60732700513757
2025-04-18T08:00:00,30.68370304936948
2025-04-18T09:00:00,29.679299727730125
2025-04-18T10:00:00,30.969898555589758
2025-04-18T11:00:00,35.30634772259256
2025-04-18T12:00:00,44.68287857719089
2025-04-18T13:00:00,59.25224254442298
2025-04-18T14:00:00,65.15612710040548
2025-04-18T15:00:00,67.6814437534498
2025-04-18T16:00:00,71.89982256682022
2025-04-18T17:00:00,80.67527439283286
2025-04-18T18:00:00,90.55364923891814
2025-04-18T19:00:00,92.91604017174761
2025-04-18T20:00:00,94.1103648310122
2025-04-18T21:00:00,95.92161493716031
2025-04-18T22:00:00,96.59758294146994
2025-04-18T23:00:00,96.15014548923656
2025-04-19T00:00:00,94.98423335863194
2025-04-19T01:00:00,84.42352759319802
2025-04-19T02:00:00,41.3404366866402
2025-04-19T03:00:00,27.766939909561813
2025-04-19T04:00:00,22.916589073512863
2025-04-19T05:00:00,21.09319603961447
2025-04-19T06:00:00,20.51667487103006
2025-04-19T07:00:00,20.60005760192871
2025-04-19T08:00:00,21.002396210380223
2025-04-19T09:00:00,21.8116339807925
2025-04-19T10:00:00,23.04151103807532
2025-04-19T11:00:00,25.409969412762184
2025-04-19T12:00:00,30.83634724824325
2025-04-19T13:00:00,42.5798863949983
2025-04-19T14:00:00,51.27024493010147
2025-04-19T15:00:00,54.92219875169836
2025-04-19T16:00:00,55.37275546530018
2025-04-19T17:00:00,56.53185570758322
2025-04-19T18:00:00,59.68694537618884
2025-04-19T19:00:00,63.88918437128481
2025-04-19T20:00:00,67.07819084499194
2025-04-19T21:00:00,69.68886798361073
2025-04-19T22:00:00,71.44336435069208
2025-04-19T23:00:00,73.48649928880774
2025-04-20T00:00:00,75.11640001379924
2025-04-20T01:00:00,66.0916751364003
2025-04-20T02:00:00,37.425548055897586
2025-04-20T03:00:00,28.374135058859117
2025-04-20T04:00:00,26.652295734571375
2025-04-20T05:00:00,26.042372910872746
2025-04-20T06:00:00,25.590589108674422
2025-04-20T07:00:00,25.392065711643383
2025-04-20T08:00:00,25.442152437956434
2025-04-20T09:00:00,25.63598491834557
2025-04-20T10:00:00,26.11074306653893
2025-04-20T11:00:00,27.26186138650645
2025-04-20T12:00:00,29.76061903912088
2025-04-20T13:00:00,37.79021984597911
2025-04-20T14:00:00,51.08456520412279
2025-04-20T15:00:00,66.6861628656802
2025-04-20T16:00:00,81.57195746380349
2025-04-20T17:00:00,97.58710214366083
2025-04-20T18:00:00,112.36672774605128
2025-04-20T19:00:00,120.32662101413892
2025-04-20T20:00:00,127.17412666652513
2025-04-20T21:00:00,130.82724994161856
2025-04-20T22:00:00,134.43835648246434
2025-04-20T23:00:00,133.3936422596807
2025-04-21T00:00:00,129.77321259871772
2025-04-21T01:00:00,125.7524599821671
2025-04-21T02:00:00,76.17822696851647
2025-04-21T03:00:00,49.83517572154169
2025-04-21T04:00:00,40.45842859019403
2025-04-21T05:00:00,36.54194425499957
2025-04-21T06:00:00,34.48601084170134
2025-04-21T07:00:00,34.349635248598844
2025-04-21T08:00:00,35.25021461818529
2025-04-21T09:00:00,35.566929858663805
2025-04-21T10:00:00,39.68409048992654
2025-04-21T11:00:00,47.640013321586274
2025-04-21T12:00:00,58.284180019212805
2025-04-21T13:00:00,70.4204400104025
2025-04-21T14:00:00,89.26387919550355
2025-04-21T15:00:00,109.76807536249575
2025-04-21T16:00:00,129.7263601551885
2025-04-21T17:00:00,145.91249747898266
2025-04-21T18:00:00,158.2109501050866
2025-04-21T19:00:00,167.59425354003906
2025-04-21T20:00:00,175.1396391495414
2025-04-21T21:00:00,182.77016548488447
2025-04-21T22:00:00,182.10733562967047
2025-04-21T23:00:00,182.49886885933253
2025-04-22T00:00:00,177.3143456500509
2025-04-22T01:00:00,164.9894488790761
2025-04-22T02:00:00,99.16699616805367
2025-04-22T03:00:00,60.05471470045006
2025-04-22T04:00:00,41.64319212540337
2025-04-22T05:00:00,36.346280636994734
2025-04-22T06:00:00,34.600769374681555
2025-04-22T07:00:00,34.256689818009086
2025-04-22T08:00:00,34.88366284577743
2025-04-22T09:00:00,35.088714599609375
2025-04-22T10:00:00,35.54604505456012
2025-04-22T11:00:00,39.20453875997792
2025-04-22T12:00:00,44.306081688922376
2025-04-22T13:00:00,52.32125688635784
2025-04-22T14:00:00,66.27364631321119
2025-04-22T15:00:00,86.60177380105722
2025-04-22T16:00:00,108.70258065928583
2025-04-22T17:00:00,130.63592131241506
2025-04-22T18:00:00,153.31122290569803
2025-04-22T19:00:00,172.27959077254584
2025-04-22T20:00:00,181.39798106317932
2025-04-22T21:00:00,185.04174207604447
2025-04-22T22:00:00,184.58685302734372
2025-04-22T23:00:00,181.10569298785666
2025-04-23T00:00:00,174.64505137567932
2025-04-23T01:00:00,163.02260224715522
2025-04-23T02:00:00,115.13100798233695
2025-04-23T03:00:00,62.49689317786175
2025-04-23T04:00:00,41.96364991561226
2025-04-23T05:00:00,34.41299471647843
2025-04-23T06:00:00,29.92016568391219
2025-04-23T07:00:00,26.578224762626313
2025-04-23T08:00:00,24.479002496470574
2025-04-23T09:00:00,23.627305901568867
2025-04-23T10:00:00,24.224491036456563
2025-04-23T11:00:00,29.64697671973187
2025-04-23T12:00:00,40.07414759760317
2025-04-23T13:00:00,54.70202769403872
2025-04-23T14:00:00,64.1153042005456
2025-04-23T15:00:00,69.53242393161939
2025-04-23T16:00:00,76.84888856307319
2025-04-23T17:00:00,82.13764157502547
2025-04-23T18:00:00,88.97469860574472
2025-04-23T19:00:00,92.36207116168478
2025-04-23T20:00:00,93.03755851413892
2025-04-23T21:00:00,92.28172965671705
2025-04-23T22:00:00,88.62441618546195
2025-04-23T23:00:00,82.14172263767408
2025-04-24T00:00:00,74.92069625854491
2025-04-24T01:00:00,69.98043657385784
2025-04-24T02:00:00,58.14686252759849
2025-04-24T03:00:00,34.892855768618375
2025-04-24T04:00:00,22.91835942475692
2025-04-24T05:00:00,19.376004592232082
2025-04-24T06:00:00,18.04782137663468
2025-04-24T07:00:00,17.73997472680133
2025-04-24T08:00:00,18.093175141707707
2025-04-24T09:00:00,18.80516019074813
2025-04-24T10:00:00,19.486377218495242
2025-04-24T11:00:00,21.779274981954824
2025-04-24T12:00:00,27.90009075662364
2025-04-24T13:00:00,40.39597486413043
2025-04-24T14:00:00,55.95338854582413
2025-04-24T15:00:00,69.88170026696247
2025-04-24T16:00:00,81.82368502409561
2025-04-24T17:00:00,91.06980663797128
2025-04-24T18:00:00,98.19400820524797
2025-04-24T19:00:00,102.20219952127208
2025-04-24T20:00:00,105.536134471064
2025-04-24T21:00:00,108.53026481296705
2025-04-24T22:00:00,110.78145499851392
2025-04-24T23:00:00,109.58672598133917
2025-04-25T00:00:00,104.52256144648013
2025-04-25T01:00:00,87.16602491295855
2025-04-25T02:00:00,45.94332753057065
2025-04-25T03:00:00,29.862124401590094
2025-04-25T04:00:00,23.80255657693614
2025-04-25T05:00:00,21.73617877130923
2025-04-25T06:00:00,20.86246880241062
2025-04-25T07:00:00,20.453827567722485
2025-04-25T08:00:00,19.728750145953633
2025-04-25T09:00:00,21.202465140301243
2025-04-25T10:00:00,24.810355227926497
2025-04-25T11:00:00,28.00534994705863
2025-04-25T12:00:00,33.361032071320906
2025-04-25T13:00:00,40.978710837986156
2025-04-25T14:00:00,46.34690259850542
2025-04-25T15:00:00,52.35682114310885
2025-04-25T16:00:00,60.50484051911727
2025-04-25T17:00:00,75.32338482400645
2025-04-25T18:00:00,89.22596574866253
2025-04-25T19:00:00,94.83673924985139
2025-04-25T20:00:00,98.96775386644445
2025-04-25T21:00:00,99.36022285793138
2025-04-25T22:00:00,94.27704554018766
2025-04-25T23:00:00,55.74313337906547
2025-04-26T00:00:00,42.488755267599345
2025-04-26T01:00:00,39.38222404148268
2025-04-26T02:00:00,23.244175703629203
2025-04-26T03:00:00,15.622581523397693
2025-04-26T04:00:00,14.947933818982992
2025-04-26T05:00:00,16.528080649997875
2025-04-26T06:00:00,17.72526160530422
2025-04-26T07:00:00,18.984205577684484
2025-04-26T08:00:00,19.38223490507706
2025-04-26T09:00:00,19.58797836303711
2025-04-26T10:00:00,20.774061617643937
2025-04-26T11:00:00,22.24424196326214
2025-04-26T12:00:00,25.481822884601094
2025-04-26T13:00:00,33.091094721918516
2025-04-26T14:00:00,44.32697818590247
2025-04-26T15:00:00,56.34572767174761
2025-04-26T16:00:00,65.98133286185885
2025-04-26T17:00:00,72.32841441942297
2025-04-26T18:00:00,73.01338510927947
2025-04-26T19:00:00,62.20843041461446
2025-04-26T20:00:00,61.558638531228766
2025-04-26T21:00:00,59.82654372505519
2025-04-26T22:00:00,58.90595676587975
2025-04-26T23:00:00,58.75759854524031
2025-04-27T00:00:00,59.32681042215098
2025-04-27T01:00:00,57.635204481041946
2025-04-27T02:00:00,41.62636947631835
2025-04-27T03:00:00,24.519118350485098
2025-04-27T04:00:00,20.02362997635551
2025-04-27T05:00:00,19.99993896484375
2025-04-27T06:00:00,19.978417272153106
2025-04-27T07:00:00,20.926149782927137
2025-04-27T08:00:00,23.421915386034094
2025-04-27T09:00:00,28.565738760906715
2025-04-27T10:00:00,35.56175231933593
2025-04-27T11:00:00,43.690399335778274
2025-04-27T12:00:00,52.45861617378566
2025-04-27T13:00:00,61.17582055796747
2025-04-27T14:00:00,62.35325722072435
2025-04-27T15:00:00,61.39481287417205
2025-04-27T16:00:00,65.56940493376358
2025-04-27T17:00:00,75.65746871284816
2025-04-27T18:00:00,90.60207731827444
2025-04-27T19:00:00,107.59155107581095
2025-04-27T20:00:00,125.30649334451425
2025-04-27T21:00:00,143.4779921821926
2025-04-27T22:00:00,162.44436446480128
2025-04-27T23:00:00,182.2165003237517
2025-04-28T00:00:00,201.36893363620925
2025-04-28T01:00:00,220.9209926439368
2025-04-28T02:00:00,147.8078566841457
2025-04-28T03:00:00,61.18393508247706
2025-04-28T04:00:00,47.124209694240406
2025-04-28T05:00:00,44.958556963049844
2025-04-28T06:00:00,39.10993990690812
2025-04-28T07:00:00,33.77276287908139
2025-04-28T08:00:00,31.582442490950875
2025-04-28T09:00:00,33.023002292798914
2025-04-28T10:00:00,36.936400537905484
2025-04-28T11:00:00,42.240000683328375
2025-04-28T12:00:00,45.42246528293774
2025-04-28T13:00:00,55.074589604916774
2025-04-28T14:00:00,68.08056740138841
2025-04-28T15:00:00,82.18593398384425
2025-04-28T16:00:00,83.6699222067128
2025-04-28T17:00:00,71.4133134924847
2025-04-28T18:00:00,77.09053636633831
2025-04-28T19:00:00,89.35821400518002
2025-04-28T20:00:00,101.26064731763756
2025-04-28T21:00:00,97.91395038107166
2025-04-28T22:00:00,56.7728621441385
2025-04-28T23:00:00,51.00436036483101
2025-04-29T00:00:00,42.58605758003566
2025-04-29T01:00:00,41.6621679223102
2025-04-29T02:00:00,25.555084891941235
2025-04-29T03:00:00,15.895051873248555
2025-04-29T04:00:00,14.138795230699621
2025-04-29T05:00:00,14.341794428618059
2025-04-29T06:00:00,15.611003958660621
2025-04-29T07:00:00,16.596338852592133
2025-04-29T08:00:00,17.97090331367824
2025-04-29T09:00:00,19.681005809618078
2025-04-29T10:00:00,21.569369025852364
2025-04-29T11:00:00,23.691478729248043
2025-04-29T12:00:00,27.2389790078868
2025-04-29T13:00:00,33.568104536637016
2025-04-29T14:00:00,44.07864396468452
2025-04-29T15:00:00,57.550077687139094
2025-04-29T16:00:00,71.47525721010955
2025-04-29T17:00:00,83.18181925234587
2025-04-29T18:00:00,91.14435477878736
2025-04-29T19:00:00,95.9928565647291
2025-04-29T20:00:00,98.32702902088994
2025-04-29T21:00:00,97.34692349641219
2025-04-29T22:00:00,92.51327381963314
2025-04-29T23:00:00,73.60108483355977
2025-04-30T00:00:00,60.53624891198199
2025-04-30T01:00:00,54.922587684963055
2025-04-30T02:00:00,30.177129828411598
2025-04-30T03:00:00,17.04377041692319
2025-04-30T04:00:00,13.05977207681407
2025-04-30T05:00:00,12.379256953363832
2025-04-30T06:00:00,12.781539916992186
2025-04-30T07:00:00,13.817842898161512
2025-04-30T08:00:00,15.522932798966117
2025-04-30T09:00:00,19.7524938168733
2025-04-30T10:00:00,27.102011722067125
2025-04-30T11:00:00,36.91129452249278
2025-04-30T12:00:00,44.057311348293126
2025-04-30T13:00:00,49.04997419274371
2025-04-30T14:00:00,58.52020114401112
2025-04-30T15:00:00,69.59320831298828
2025-04-30T16:00:00,76.33433267344599
2025-04-30T17:00:00,78.01508198613705
2025-04-30T18:00:00,78.92938696819803
2025-04-30T19:00:00,75.25284675929856
2025-04-30T20:00:00,71.9561080932617
2025-04-30T21:00:00,76.65246980086617
2025-04-30T22:00:00,81.21939617654552
2025-04-30T23:00:00,85.10932723335597
2025-05-01T00:00:00,87.1873852273692
2025-05-01T01:00:00,86.47268975299338
2025-05-01T02:00:00,61.91808086892832
2025-05-01T03:00:00,17.195000192393426
2025-05-01T04:00:00,15.021489392156187
2025-05-01T05:00:00,15.894985613615615
2025-05-01T06:00:00,16.469742609106973
2025-05-01T07:00:00,17.920113770858098
2025-05-01T08:00:00,19.959780402805492
2025-05-01T09:00:00,21.91834499524987
2025-05-01T10:00:00,23.322480989539102
2025-05-01T11:00:00,25.238318816475246
2025-05-01T12:00:00,27.66020998747452
2025-05-01T13:00:00,30.898012907608695
2025-05-01T14:00:00,37.25841887100883
2025-05-01T15:00:00,46.97717583697774
2025-05-01T16:00:00,55.8695763297703
2025-05-01T17:00:00,68.12228907709535
2025-05-01T18:00:00,80.19490548838739
2025-05-01T19:00:00,88.00858174199642
2025-05-01T20:00:00,93.54030542788297
2025-05-01T21:00:00,95.88696421747622
2025-05-01T22:00:00,95.50709401006283
2025-05-01T23:00:00,92.80093350617781
2025-05-02T00:00:00,88.9395294189453
2025-05-02T01:00:00,62.43045790299124
2025-05-02T02:00:00,30.839403567106825
2025-05-02T03:00:00,21.075784849083938
2025-05-02T04:00:00,19.346604056980297
2025-05-02T05:00:00,19.228580060212504
2025-05-02T06:00:00,19.85384518167247
2025-05-02T07:00:00,20.49793931712275
2025-05-02T08:00:00,20.91690453239109
2025-05-02T09:00:00,22.137876095979106
2025-05-02T10:00:00,25.401357650756832
2025-05-02T11:00:00,28.08991258040718
2025-05-02T12:00:00,34.33968187415081
2025-05-02T13:00:00,47.98028050298275
2025-05-02T14:00:00,60.51474562935206
2025-05-02T15:00:00,74.89703302798063
2025-05-02T16:00:00,85.54944345225458
2025-05-02T17:00:00,95.06702953836191
2025-05-02T18:00:00,100.83802331012227
2025-05-02T19:00:00,97.35163448167883
2025-05-02T20:00:00,93.9862299380095
2025-05-02T21:00:00,89.25483604099439
2025-05-02T22:00:00,85.25789542820141
2025-05-02T23:00:00,79.4360301805579
2025-05-03T00:00:00,73.92715686300525
2025-05-03T01:00:00,56.63224411010742
2025-05-03T02:00:00,21.2396008864693
2025-05-03T03:00:00,16.37204958044964
2025-05-03T04:00:00,16.57465777189835
2025-05-03T05:00:00,18.568458557128903
2025-05-03T06:00:00,19.571020209270973
2025-05-03T07:00:00,20.187911904376485
2025-05-03T08:00:00,20.63324621449346
2025-05-03T09:00:00,21.353545645008914
2025-05-03T10:00:00,22.424094241598375
2025-05-03T11:00:00,24.01447843468707
2025-05-03T12:00:00,28.348662334939704
2025-05-03T13:00:00,37.69808852154275
2025-05-03T14:00:00,52.55814378157905
2025-05-03T15:00:00,63.08928497977878
2025-05-03T16:00:00,63.36134703262992
2025-05-03T17:00:00,56.02719049868375
2025-05-03T18:00:00,54.37194061279296
2025-05-03T19:00:00,51.92523558243461
2025-05-03T20:00:00,49.031166740085766
2025-05-03T21:00:00,46.467524984608524
2025-05-03T22:00:00,44.23090727432914
2025-05-03T23:00:00,42.724923175314196
2025-05-04T00:00:00,41.89464502749236
2025-05-04T01:00:00,37.51014112389606
2025-05-04T02:00:00,26.891183106795598
2025-05-04T03:00:00,22.12749696814495
2025-05-04T04:00:00,20.521993637084957
2025-05-04T05:00:00,20.201068048891813
2025-05-04T06:00:00,20.172697564829946
2025-05-04T07:00:00,20.474125820657477
2025-05-04T08:00:00,20.962163344673485
2025-05-04T09:00:00,21.72333302705184
2025-05-04T10:00:00,23.05196380615234
2025-05-04T11:00:00,25.39856786313264
2025-05-04T12:00:00,29.627933170484457
2025-05-04T13:00:00,37.219901706861414
2025-05-04T14:00:00,52.21014470639436
2025-05-04T15:00:00,68.2439027869183
2025-05-04T16:00:00,81.71231643013331
2025-05-04T17:00:00,92.4526141622792
2025-05-04T18:00:00,99.52558567212974
2025-05-04T19:00:00,103.32930523416269
2025-05-04T20:00:00,105.09735671333644
2025-05-04T21:00:00,106.7542558752972
2025-05-04T22:00:00,68.41588526186734
2025-05-04T23:00:00,64.47958788664444
2025-05-05T00:00:00,62.685606085735806
2025-05-05T01:00:00,69.67570727804433
2025-05-05T02:00:00,60.75921398660412
2025-05-05T03:00:00,32.05783578623896
2025-05-05T04:00:00,19.413941839466922
2025-05-05T05:00:00,18.440973862357758
2025-05-05T06:00:00,18.29073333740234
2025-05-05T07:00:00,18.278965328050692
2025-05-05T08:00:00,19.853203317393426
2025-05-05T09:00:00,23.54868698120117
2025-05-05T10:00:00,28.345195438550864
2025-05-05T11:00:00,35.60187066119649
2025-05-05T12:00:00,47.48342066225798
2025-05-05T13:00:00,66.09020896579909
2025-05-05T14:00:00,84.44998931884764
2025-05-05T15:00:00,96.80741086213484
2025-05-05T16:00:00,101.63768138056216
2025-05-05T17:00:00,106.5985926752505
2025-05-05T18:00:00,113.18516009786853
2025-05-05T19:00:00,119.75534687871516
2025-05-05T20:00:00,126.5213689389436
2025-05-05T21:00:00,130.66845902152681
2025-05-05T22:00:00,129.45788010306978
2025-05-05T23:00:00,90.99159837805706
2025-05-06T00:00:00,50.65530561364215
2025-05-06T01:00:00,52.11258266283118
2025-05-06T02:00:00,35.154783000116765
2025-05-06T03:00:00,16.61112287770147
2025-05-06T04:00:00,12.922972762066383
2025-05-06T05:00:00,12.463158234306002
2025-05-06T06:00:00,13.233979930048402
2025-05-06T07:00:00,14.36134860826575
2025-05-06T08:00:00,15.860148554262905
2025-05-06T09:00:00,18.098606026690938
2025-05-06T10:00:00,18.555313442064367
2025-05-06T11:00:00,19.466802431189492
2025-05-06T12:00:00,25.47615756159243
2025-05-06T13:00:00,31.298051668250043
2025-05-06T14:00:00,39.50496806269106
2025-05-06T15:00:00,49.1566803973654
2025-05-06T16:00:00,54.288829305897586
2025-05-06T17:00:00,60.70132728244947
2025-05-06T18:00:00,68.18760681152342
2025-05-06T19:00:00,71.76949642015539
2025-05-06T20:00:00,72.0148288892663
2025-05-06T21:00:00,72.57538206680961
2025-05-06T22:00:00,73.4018902985946
2025-05-06T23:00:00,74.05551545516305
2025-05-07T00:00:00,73.88840882674506
2025-05-07T01:00:00,63.22986934496008
2025-05-07T02:00:00,32.82692353621773
2025-05-07T03:00:00,23.37604323677395
2025-05-07T04:00:00,21.523195017939027
2025-05-07T05:00:00,21.355211423790973
2025-05-07T06:00:00,21.56363420901091
2025-05-07T07:00:00,22.163130552872364
2025-05-07T08:00:00,23.156581878662106
2025-05-07T09:00:00,24.717632293701172
2025-05-07T10:00:00,26.905642882637352
2025-05-07T11:00:00,31.554800614066743
2025-05-07T12:00:00,40.71670349784519
2025-05-07T13:00:00,51.492881774902344
2025-05-07T14:00:00,55.63880837481954
2025-05-07T15:00:00,57.4782021563986
2025-05-07T16:00:00,60.94083338198454
2025-05-07T17:00:00,64.64888100002122
2025-05-07T18:00:00,60.465448794157595
2025-05-07T19:00:00,64.836019433063
2025-05-07T20:00:00,70.40594946819802
2025-05-07T21:00:00,69.74995389192
2025-05-07T22:00:00,60.96547002377718
2025-05-07T23:00:00,61.68279929783032
2025-05-08T00:00:00,65.37421549921449
2025-05-08T01:00:00,65.90257959780484
2025-05-08T02:00:00,45.03180130668308
2025-05-08T03:00:00,28.211201958034344
2025-05-08T04:00:00,23.837209784466285
2025-05-08T05:00:00,22.771204575248383
2025-05-08T06:00:00,23.046624308047086
2025-05-08T07:00:00,23.85386566493822
2025-05-08T08:00:00,24.753348889558207
2025-05-08T09:00:00,25.737033014712125
2025-05-08T10:00:00,26.67800828684931
2025-05-08T11:00:00,28.54496159760848
2025-05-08T12:00:00,35.322148862092384
2025-05-08T13:00:00,47.25606553450874
2025-05-08T14:00:00,53.436190231986664
2025-05-08T15:00:00,57.318136961563766
2025-05-08T16:00:00,65.33440100628397
2025-05-08T17:00:00,72.2502504431683
2025-05-08T18:00:00,77.16384323783542
2025-05-08T19:00:00,79.83177218229874
2025-05-08T20:00:00,80.58698571246602
2025-05-08T21:00:00,81.645868052607
2025-05-08T22:00:00,59.54601121985394
2025-05-08T23:00:00,68.56303140391474
2025-05-09T00:00:00,75.95017010232675
2025-05-09T01:00:00,78.73906807277514
2025-05-09T02:00:00,47.74018826692001
2025-05-09T03:00:00,30.96002354829207
2025-05-09T04:00:00,25.051818433015242
2025-05-09T05:00:00,24.20544508229131
2025-05-09T06:00:00,24.50562584918478
2025-05-09T07:00:00,25.701438240382977
2025-05-09T08:00:00,27.310582119485606
2025-05-09T09:00:00,28.610328674316403
2025-05-09T10:00:00,30.349122171816614
2025-05-09T11:00:00,32.876378100851305
2025-05-09T12:00:00,36.4133712105129
2025-05-09T13:00:00,45.89085636968197
2025-05-09T14:00:00,59.57515451182489
2025-05-09T15:00:00,77.37610725734544
2025-05-09T16:00:00,92.58338696023691
2025-05-09T17:00:00,104.43948098887567
2025-05-09T18:00:00,117.05939715841542
2025-05-09T19:00:00,117.48852870775306
2025-05-09T20:00:00,98.44269793966541
2025-05-09T21:00:00,87.26480732793392
2025-05-09T22:00:00,78.51745472783628
2025-05-09T23:00:00,72.34436565896738
2025-05-10T00:00:00,68.08531404578166
2025-05-10T01:00:00,65.5495378245478
2025-05-10T02:00:00,44.82355399753736
2025-05-10T03:00:00,31.15766434047533
2025-05-10T04:00:00,26.667061183763582
2025-05-10T05:00:00,25.06117240242336
2025-05-10T06:00:00,24.38975433681322
2025-05-10T07:00:00,24.17416887697966
2025-05-10T08:00:00,24.164434267126992
2025-05-10T09:00:00,24.35695639900539
2025-05-10T10:00:00,24.795647165049676
2025-05-10T11:00:00,28.319282200025473
2025-05-10T12:00:00,38.34084519096042
2025-05-10T13:00:00,51.3144124901813
2025-05-10T14:00:00,63.30486795176629
2025-05-10T15:00:00,74.2616441146187
2025-05-10T16:00:00,83.22948289954144
2025-05-10T17:00:00,89.15853815493375
2025-05-10T18:00:00,92.67298822817595
2025-05-10T19:00:00,95.13989357326341
2025-05-10T20:00:00,96.2839242686396
2025-05-10T21:00:00,96.68459253725797
2025-05-10T22:00:00,96.74996251645294
2025-05-10T23:00:00,97.02745686406674
2025-05-11T00:00:00,98.16392152205756
2025-05-11T01:00:00,93.26283098303752
2025-05-11T02:00:00,53.109404522439704
2025-05-11T03:00:00,33.52478790283203
2025-05-11T04:00:00,25.532419038855508
2025-05-11T05:00:00,21.68249304398246
2025-05-11T06:00:00,19.89154085905655
2025-05-11T07:00:00,19.36695264733356
2025-05-11T08:00:00,19.51023292541504
2025-05-11T09:00:00,19.849153352820355
2025-05-11T10:00:00,20.66033612126889
2025-05-11T11:00:00,23.02567846878715
2025-05-11T12:00:00,28.84472722592561
2025-05-11T13:00:00,37.50945563938307
2025-05-11T14:00:00,42.00429186613663
2025-05-11T15:00:00,45.34354632833729
2025-05-11T16:00:00,49.57199544491975
2025-05-11T17:00:00,51.783253545346454
2025-05-11T18:00:00,54.969793236773945
2025-05-11T19:00:00,54.28353815493376
2025-05-11T20:00:00,52.13329199086064
2025-05-11T21:00:00,54.71898203310759
2025-05-11T22:00:00,57.37435398931088
2025-05-11T23:00:00,56.922437916631274
2025-05-12T00:00:00,54.30449776027514
2025-05-12T01:00:00,51.09347202466881
2025-05-12T02:00:00,35.87828561534052
2025-05-12T03:00:00,24.408427362856656
2025-05-12T04:00:00,20.017045477162235
2025-05-12T05:00:00,17.392829231593918
2025-05-12T06:00:00,15.695910992829694
2025-05-12T07:00:00,14.904194624527639
2025-05-12T08:00:00,14.545766332875127
2025-05-12T09:00:00,14.57722518755042
2025-05-12T10:00:00,15.30022811889648
2025-05-12T11:00:00,17.02495865199877
2025-05-12T12:00:00,21.691804802936055
2025-05-12T13:00:00,26.411584854125973
2025-05-12T14:00:00,31.31363611635954
2025-05-12T15:00:00,39.49188597305961
2025-05-12T16:00:00,47.74549351567807
2025-05-12T17:00:00,53.97336910081946
2025-05-12T18:00:00,56.259629788606055
2025-05-12T19:00:00,54.5123815121858
2025-05-12T20:00:00,51.441569120987594
2025-05-12T21:00:00,48.77388813184655
2025-05-12T22:00:00,46.44365576039189
2025-05-12T23:00:00,42.13955472863238
2025-05-13T00:00:00,36.871999160103165
2025-05-13T01:00:00,34.703839509383485
2025-05-13T02:00:00,24.581446274467133
2025-05-13T03:00:00,16.475728739862852
2025-05-13T04:00:00,14.167226915774137
2025-05-13T05:00:00,12.883482394011121
2025-05-13T06:00:00,12.351500511169432
2025-05-13T07:00:00,12.287933598393977
2025-05-13T08:00:00,12.402857117030932
2025-05-13T09:00:00,12.573710690373957
2025-05-13T10:00:00,14.257599415986434
2025-05-13T11:00:00,19.03192793804666
2025-05-13T12:00:00,30.69191534622856
2025-05-13T13:00:00,45.7691884248153
2025-05-13T14:00:00,58.41387143342391
2025-05-13T15:00:00,66.99027882451595
2025-05-13T16:00:00,64.36331044072689
2025-05-13T17:00:00,55.87208573714546
2025-05-13T18:00:00,48.74930207625679
2025-05-13T19:00:00,48.834192193072774
2025-05-13T20:00:00,52.500518964684524
2025-05-13T21:00:00,55.56060409545898
2025-05-13T22:00:00,56.45863392042077
2025-05-13T23:00:00,54.43254719609799
2025-05-14T00:00:00,51.490548175314196
2025-05-14T01:00:00,46.76532247792119
2025-05-14T02:00:00,32.52674310103706
2025-05-14T03:00:00,20.958938266920004
2025-05-14T04:00:00,16.604844549427863
2025-05-14T05:00:00,14.572688558827275
2025-05-14T06:00:00,13.409593333368715
2025-05-14T07:00:00,12.582369970238725
2025-05-14T08:00:00,12.119095760843027
2025-05-14T09:00:00,11.858641375666076
2025-05-14T10:00:00,12.572217609571373
2025-05-14T11:00:00,15.00484163864799
2025-05-14T12:00:00,19.198339047639266
2025-05-14T13:00:00,22.28976141888162
2025-05-14T14:00:00,24.577237170675524
2025-05-14T15:00:00,28.588691048000165
2025-05-14T16:00:00,33.2993918709133
2025-05-14T17:00:00,37.72177074266516
2025-05-14T18:00:00,39.822581249734625
2025-05-14T19:00:00,40.85024725872537
2025-05-14T20:00:00,38.1639811474344
2025-05-14T21:00:00,43.552272630774446
2025-05-14T22:00:00,49.85023581463357
2025-05-14T23:00:00,53.57077308323072
2025-05-15T00:00:00,37.4973730004352
2025-05-15T01:00:00,24.538182217141856
2025-05-15T02:00:00,22.30201654848845
2025-05-15T03:00:00,18.934247473011844
2025-05-15T04:00:00,16.98938817563264
2025-05-15T05:00:00,16.315871280172598
2025-05-15T06:00:00,16.410515246183973
2025-05-15T07:00:00,17.09037109043287
2025-05-15T08:00:00,18.053406508072563
2025-05-15T09:00:00,18.77985207930855
2025-05-15T10:00:00,18.53757568027662
2025-05-15T11:00:00,22.08175012339716
2025-05-15T12:00:00,28.829318253890325
2025-05-15T13:00:00,39.89014617256496
2025-05-15T14:00:00,50.71753908240276
2025-05-15T15:00:00,59.6059047864831
2025-05-15T16:00:00,66.547607421875
2025-05-15T17:00:00,73.62226005222486
2025-05-15T18:00:00,80.16029590109119
2025-05-15T19:00:00,81.70439977231233
2025-05-15T20:00:00,79.5687209419582
2025-05-15T21:00:00,74.54057809580927
2025-05-15T22:00:00,67.19122828607973
2025-05-15T23:00:00,62.811060532279626
2025-05-16T00:00:00,60.141970592996344
2025-05-16T01:00:00,56.82623009059739
2025-05-16T02:00:00,41.9236654198688
2025-05-16T03:00:00,27.813040111375887
2025-05-16T04:00:00,23.09615359099015
2025-05-16T05:00:00,22.26581631536069
2025-05-16T06:00:00,21.697217112002164
2025-05-16T07:00:00,21.77936512490977
2025-05-16T08:00:00,22.398569853409477
2025-05-16T09:00:00,23.72290901515795
2025-05-16T10:00:00,25.631369051725965
2025-05-16T11:00:00,28.1594820437224
2025-05-16T12:00:00,37.9668028458305
2025-05-16T13:00:00,46.215906391973085
2025-05-16T14:00:00,53.511640465777845
2025-05-16T15:00:00,60.18822296806004
2025-05-16T16:00:00,64.33701241534688
2025-05-16T17:00:00,66.70868798960811
2025-05-16T18:00:00,65.24635978367017
2025-05-16T19:00:00,60.004336481509
2025-05-16T20:00:00,53.74813660331394
2025-05-16T21:00:00,48.57089797310206
2025-05-16T22:00:00,47.11684566995371
2025-05-16T23:00:00,43.205874899159305
2025-05-17T00:00:00,39.38854350214418
2025-05-17T01:00:00,36.725375216940165
2025-05-17T02:00:00,26.102380089137867
2025-05-17T03:00:00,19.524861957715903
2025-05-17T04:00:00,16.99739663497261
2025-05-17T05:00:00,15.823420648989467
2025-05-17T06:00:00,14.648828133292819
2025-05-17T07:00:00,13.09697739974312
2025-05-17T08:00:00,11.851950562518576
2025-05-17T09:00:00,11.573875302853791
2025-05-17T10:00:00,12.376101742620053
2025-05-17T11:00:00,15.11761097286058
2025-05-17T12:00:00,22.4195326100225
2025-05-17T13:00:00,33.463939169178836
2025-05-17T14:00:00,41.77932822186013
2025-05-17T15:00:00,49.469713459844165
2025-05-17T16:00:00,59.3441624848739
2025-05-17T17:00:00,62.317695949388586
2025-05-17T18:00:00,63.48125905575959
2025-05-17T19:00:00,64.06734864608102
2025-05-17T20:00:00,62.48693184230638
2025-05-17T21:00:00,61.386932704759666
2025-05-17T22:00:00,61.229511095129915
2025-05-17T23:00:00,58.87219503651494
2025-05-18T00:00:00,55.89158033288043
2025-05-18T01:00:00,49.63153723011846
2025-05-18T02:00:00,30.59601277890412
2025-05-18T03:00:00,21.857803593511164
2025-05-18T04:00:00,18.487949122553285
2025-05-18T05:00:00,17.083720331606656
2025-05-18T06:00:00,16.370029366534688
2025-05-18T07:00:00,16.031749559485394
2025-05-18T08:00:00,15.595515997513477
2025-05-18T09:00:00,15.531825811966605
2025-05-18T10:00:00,16.131153770115063
2025-05-18T11:00:00,18.82412122643512
2025-05-18T12:00:00,25.88539861596149
2025-05-18T13:00:00,31.582843117091965
2025-05-18T14:00:00,34.12497860452403
2025-05-18T15:00:00,36.62926134855851
2025-05-18T16:00:00,39.31881498253864
2025-05-18T17:00:00,40.9940187205439
2025-05-18T18:00:00,39.6365679865298
2025-05-18T19:00:00,35.608352661132805
2025-05-18T20:00:00,31.209261935690172
2025-05-18T21:00:00,28.20178288998811
2025-05-18T22:00:00,24.403509471727453
2025-05-18T23:00:00,22.74936717489491
2025-05-19T00:00:00,21.666750617649242
2025-05-19T01:00:00,20.44046708811884
2025-05-19T02:00:00,18.53239299940026
2025-05-19T03:00:00,15.367928339087443
2025-05-19T04:00:00,13.77666556316873
2025-05-19T05:00:00,13.113824056542438
2025-05-19T06:00:00,12.277348850084387
2025-05-19T07:00:00,11.799694185671598
2025-05-19T08:00:00,11.534507875857146
2025-05-19T09:00:00,11.09379482269287
2025-05-19T10:00:00,12.278038895648457
2025-05-19T11:00:00,14.233005731002143
2025-05-19T12:00:00,15.612370408099627
2025-05-19T13:00:00,16.910086382990297
2025-05-19T14:00:00,18.689734127210535
2025-05-19T15:00:00,19.907197786414102
2025-05-19T16:00:00,21.651851322339926
2025-05-19T17:00:00,22.64672801805579
2025-05-19T18:00:00,20.312774326490317
2025-05-19T19:00:00,16.49161960767663
2025-05-19T20:00:00,15.856127573096233
2025-05-19T21:00:00,17.149030312247895
2025-05-19T22:00:00,20.283511866693907
2025-05-19T23:00:00,22.691486109857973
2025-05-20T00:00:00,23.66062205770741
2025-05-20T01:00:00,24.11596057725989
2025-05-20T02:00:00,19.068177347597867
2025-05-20T03:00:00,16.59383616240128
2025-05-20T04:00:00,15.216049816297444
2025-05-20T05:00:00,14.38272082287332
2025-05-20T06:00:00,13.421871185302734
2025-05-20T07:00:00,12.773158114889393
2025-05-20T08:00:00,12.847667320914889
2025-05-20T09:00:00,14.188563512719195
2025-05-20T10:00:00,16.535076970639434
2025-05-20T11:00:00,20.04067321445631
2025-05-20T12:00:00,26.389979403951894
2025-05-20T13:00:00,32.729397151781164
2025-05-20T14:00:00,37.35008206574813
2025-05-20T15:00:00,39.68745190164317
2025-05-20T16:00:00,39.503252941629164
2025-05-20T17:00:00,37.72535672395126
2025-05-20T18:00:00,36.99172078008237
2025-05-20T19:00:00,36.132998425027594
2025-05-20T20:00:00,34.44943759752356
2025-05-20T21:00:00,33.68900829812755
2025-05-20T22:00:00,31.744778923366376
2025-05-20T23:00:00,30.49865556799847
2025-05-21T00:00:00,29.1722532355267
2025-05-21T01:00:00,28.021199019058887
2025-05-21T02:00:00,23.416420563407566
2025-05-21T03:00:00,20.06047033227008
2025-05-21T04:00:00,17.168825232464332
2025-05-21T05:00:00,14.440508759540059
2025-05-21T06:00:00,12.596024762029232
2025-05-21T07:00:00,11.339466219363004
2025-05-21T08:00:00,10.377636204595149
2025-05-21T09:00:00,10.124319242394488
2025-05-21T10:00:00,10.897185284158457
2025-05-21T11:00:00,13.290960021640942
2025-05-21T12:00:00,18.104292579319164
2025-05-21T13:00:00,23.64296548262886
2025-05-21T14:00:00,29.407839484836742
2025-05-21T15:00:00,34.921599180802055
2025-05-21T16:00:00,40.03705331553583
2025-05-21T17:00:00,47.09108452174974
2025-05-21T18:00:00,55.82952200848123
2025-05-21T19:00:00,54.34921778803286
2025-05-21T20:00:00,49.78044758672299
2025-05-21T21:00:00,46.245911142100454
2025-05-21T22:00:00,45.18695632271144
2025-05-21T23:00:00,47.29017523060674
2025-05-22T00:00:00,50.60655875827955
2025-05-22T01:00:00,50.955952685812235
2025-05-22T02:00:00,31.46323718195376
2025-05-22T03:00:00,23.407793127972145
2025-05-22T04:00:00,20.924540478250254
2025-05-22T05:00:00,19.012790845788043
2025-05-22T06:00:00,17.061423426089075
2025-05-22T07:00:00,16.10910009301227
2025-05-22T08:00:00,15.504996589992354
2025-05-22T09:00:00,15.200439370196799
2025-05-22T10:00:00,15.546262243519656
2025-05-22T11:00:00,17.489692853844684
2025-05-22T12:00:00,21.563354906828504
2025-05-22T13:00:00,26.678009862485133
2025-05-22T14:00:00,29.66845255312712
2025-05-22T15:00:00,29.62024332129437
2025-05-22T16:00:00,30.494192372197688
2025-05-22T17:00:00,32.103598636129625
2025-05-22T18:00:00,34.4625595756199
2025-05-22T19:00:00,36.81928551715353
2025-05-22T20:00:00,38.1534077188243
2025-05-22T21:00:00,35.932532269021735
2025-05-22T22:00:00,32.06331485250721
2025-05-22T23:00:00,32.32157557943593
2025-05-23T00:00:00,34.44026615308678
2025-05-23T01:00:00,36.85834768544073
2025-05-23T02:00:00,29.473436272662617
2025-05-23T03:00:00,21.17005804310674
2025-05-23T04:00:00,17.663831047389817
2025-05-23T05:00:00,16.538939102836274
2025-05-23T06:00:00,16.474719254866887
2025-05-23T07:00:00,16.571425064750336
2025-05-23T08:00:00,16.373794058094852
2025-05-23T09:00:00,16.38328593710194
2025-05-23T10:00:00,18.618815463522207
2025-05-23T11:00:00,25.78514414248259
2025-05-23T12:00:00,30.91548737235691
2025-05-23T13:00:00,33.1693116892939
2025-05-23T14:00:00,35.64323980911918
2025-05-23T15:00:00,38.40221388443656
2025-05-23T16:00:00,39.59739685058593
2025-05-23T17:00:00,40.319227301556126
2025-05-23T18:00:00,40.26123511272927
2025-05-23T19:00:00,38.45307126252548
2025-05-23T20:00:00,35.21528982079547
2025-05-23T21:00:00,29.650569003561262
2025-05-23T22:00:00,26.681788071342133
2025-05-23T23:00:00,27.15638550468113
2025-05-24T00:00:00,27.720045836075492
2025-05-24T01:00:00,27.399820908256196
2025-05-24T02:00:00,21.485676226408582
2025-05-24T03:00:00,16.577549975851305
2025-05-24T04:00:00,14.848054678543752
2025-05-24T05:00:00,14.008416383162787
2025-05-24T06:00:00,13.561558433201002
2025-05-24T07:00:00,13.353285043135932
2025-05-24T08:00:00,13.498402554055918
2025-05-24T09:00:00,14.213416306868842
2025-05-24T10:00:00,16.652337945025895
2025-05-24T11:00:00,21.70228983008343
2025-05-24T12:00:00,20.5527925905974
2025-05-24T13:00:00,22.802972461866293
2025-05-24T14:00:00,26.344023828921106
2025-05-24T15:00:00,29.719568667204477
2025-05-24T16:00:00,32.49339302726414
2025-05-24T17:00:00,33.00578490547512
2025-05-24T18:00:00,33.689018083655306
2025-05-24T19:00:00,34.51676020414933
2025-05-24T20:00:00,36.85661340796429
2025-05-24T21:00:00,38.639452063519016
2025-05-24T22:00:00,38.27023016888162
2025-05-24T23:00:00,36.43819344562032
2025-05-25T00:00:00,31.722966401473332
2025-05-25T01:00:00,30.255379469498344
2025-05-25T02:00:00,29.13043395332668
2025-05-25T03:00:00,21.29403437738833
2025-05-25T04:00:00,15.419983905294664
2025-05-25T05:00:00,13.53759724160899
2025-05-25T06:00:00,13.291503574537193
2025-05-25T07:00:00,13.14179461935292
2025-05-25T08:00:00,13.218580619148584
2025-05-25T09:00:00,13.71074344800866
2025-05-25T10:00:00,15.173690837362537
2025-05-25T11:00:00,19.622404347295344
2025-05-25T12:00:00,24.08244580807893
2025-05-25T13:00:00,26.718797932500422
2025-05-25T14:00:00,29.40327851668648
2025-05-25T15:00:00,30.91560081813646
2025-05-25T16:00:00,30.65519706062648
2025-05-25T17:00:00,30.15260198841924
2025-05-25T18:00:00,28.344509539396864
2025-05-25T19:00:00,25.603236239889394
2025-05-25T20:00:00,23.503517980160918
2025-05-25T21:00:00,22.9214042995287
2025-05-25T22:00:00,23.910076307213824
2025-05-25T23:00:00,26.422905382902723
2025-05-26T00:00:00,25.599849866784133
2025-05-26T01:00:00,22.87777651911196
2025-05-26T02:00:00,20.78534764828889
2025-05-26T03:00:00,18.52271627343219
2025-05-26T04:00:00,15.982124162756875
2025-05-26T05:00:00,14.367297255474586
2025-05-26T06:00:00,13.767244048740551
2025-05-26T07:00:00,13.21642846646516
2025-05-26T08:00:00,12.41189952518629
2025-05-26T09:00:00,11.999305310456648
2025-05-26T10:00:00,12.825694581736688
2025-05-26T11:00:00,15.289075519727623
2025-05-26T12:00:00,19.357925746751867
2025-05-26T13:00:00,22.878695197727367
2025-05-26T14:00:00,25.27350848654042
2025-05-26T15:00:00,27.45600551107655
2025-05-26T16:00:00,29.323297251825743
2025-05-26T17:00:00,29.72442776223887
2025-05-26T18:00:00,28.800232431162954
2025-05-26T19:00:00,28.28457450866699
2025-05-26T20:00:00,28.12585988252059
2025-05-26T21:00:00,27.45708830460258
2025-05-26T22:00:00,27.830161882483438
2025-05-26T23:00:00,27.629736858865485
2025-05-27T00:00:00,27.985110573146653
2025-05-27T01:00:00,28.097176012785535
2025-05-27T02:00:00,24.891301528267235
2025-05-27T03:00:00,21.113052451092262
2025-05-27T04:00:00,18.798507027004074
2025-05-27T05:00:00,16.69910671399987
2025-05-27T06:00:00,14.788480509882387
2025-05-27T07:00:00,13.89877704952074
2025-05-27T08:00:00,14.00978138135827
2025-05-27T09:00:00,14.70535954185154
2025-05-27T10:00:00,16.334689347640328
2025-05-27T11:00:00,20.276943538499914
2025-05-27T12:00:00,22.732973845108692
2025-05-27T13:00:00,24.5532229879628
2025-05-27T14:00:00,28.81659449701724
2025-05-27T15:00:00,31.33747084244438
2025-05-27T16:00:00,31.253822326660153
2025-05-27T17:00:00,31.61834907531738
2025-05-27T18:00:00,31.929322864698324
2025-05-27T19:00:00,30.497529154238492
2025-05-27T20:00:00,28.24809646606445
2025-05-27T21:00:00,27.267087687616762
2025-05-27T22:00:00,27.129132063492484
2025-05-27T23:00:00,26.949247609014094
2025-05-28T00:00:00,26.186353683471676
2025-05-28T01:00:00,29.585708701092262
2025-05-28T02:00:00,28.807083793308422
2025-05-28T03:00:00,18.52801521964695
2025-05-28T04:00:00,16.401948182479195
2025-05-28T05:00:00,14.455705974412998
2025-05-28T06:00:00,13.022616759590479
2025-05-28T07:00:00,11.64306350376295
2025-05-28T08:00:00,12.27311428733494
2025-05-28T09:00:00,13.246602887692658
2025-05-28T10:00:00,15.879747971244477
2025-05-28T11:00:00,17.15393178359322
2025-05-28T12:00:00,18.941289818805195
2025-05-28T13:00:00,21.965476077535875
2025-05-28T14:00:00,24.51750324083411
2025-05-28T15:00:00,27.102321375971254
2025-05-28T16:00:00,29.010690854943313
2025-05-28T17:00:00,28.173331468001653
2025-05-28T18:00:00,26.48356313290803
2025-05-28T19:00:00,24.869914013406504
2025-05-28T20:00:00,24.910610033118203
2025-05-28T21:00:00,26.48162335934846
2025-05-28T22:00:00,26.83020160509192
2025-05-28T23:00:00,26.556496578714118
2025-05-29T00:00:00,26.041734032008954
2025-05-29T01:00:00,25.033909341563344
2025-05-29T02:00:00,23.598474419635274
2025-05-29T03:00:00,20.028564204340395
2025-05-29T04:00:00,17.148941288823664
2025-05-29T05:00:00,15.662156602610713
2025-05-29T06:00:00,14.346470625504201
2025-05-29T07:00:00,14.352675064750338
2025-05-29T08:00:00,13.707845231761102
2025-05-29T09:00:00,15.125092216159986
2025-05-29T10:00:00,19.46005705128545
2025-05-29T11:00:00,23.43617273413616
2025-05-29T12:00:00,24.512302979179047
2025-05-29T13:00:00,25.6351902173913
2025-05-29T14:00:00,27.69878188423488
2025-05-29T15:00:00,31.401355909264606
2025-05-29T16:00:00,32.370670484459914
2025-05-29T17:00:00,26.351042788961657
2025-05-29T18:00:00,25.980456476626184
2025-05-29T19:00:00,25.328665277232297
2025-05-29T20:00:00,20.26373141744862
2025-05-29T21:00:00,19.180674843166184
2025-05-29T22:00:00,19.487127138220742
2025-05-29T23:00:00,19.4371281499448
2025-05-30T00:00:00,20.369788460109543
2025-05-30T01:00:00,21.20539391559103
2025-05-30T02:00:00,17.195349651834235
2025-05-30T03:00:00,13.535466111224629
2025-05-30T04:00:00,11.45239494157874
2025-05-30T05:00:00,10.486401640850563
2025-05-30T06:00:00,11.109374046325682
2025-05-30T07:00:00,10.465352680372154
2025-05-30T08:00:00,9.633149727531102
2025-05-30T09:00:00,10.197152718253758
2025-05-30T10:00:00,11.950210695681365
2025-05-30T11:00:00,13.662467707758363
2025-05-30T12:00:00,14.937589479529338
2025-05-30T13:00:00,18.18835283362347
2025-05-30T14:00:00,20.75557119950004
2025-05-30T15:00:00,22.42540060955545
2025-05-30T16:00:00,27.851815431014348
2025-05-30T17:00:00,29.40340614318847
2025-05-30T18:00:00,25.761087666387137
2025-05-30T19:00:00,21.28020668029785
2025-05-30T20:00:00,19.359396312547762
2025-05-30T21:00:00,21.40187644958496
2025-05-30T22:00:00,24.113221292910367
2025-05-30T23:00:00,25.347237960152
2025-05-31T00:00:00,25.111055954642914
2025-05-31T01:00:00,23.26304070845894
2025-05-31T02:00:00,20.853477063386332
2025-05-31T03:00:00,15.152430492898691
2025-05-31T04:00:00,13.043072493179983
2025-05-31T05:00:00,12.686482346576192
2025-05-31T06:00:00,12.682994013247281
2025-05-31T07:00:00,13.169587425563645
2025-05-31T08:00:00,14.3046410187431
2025-05-31T09:00:00,15.591396041538404
2025-05-31T10:00:00,16.973337173461914
2025-05-31T11:00:00,18.76358753701915
2025-05-31T12:00:00,21.572361241216242
2025-05-31T13:00:00,24.491863001947813
2025-05-31T14:00:00,26.950976247372832
2025-05-31T15:00:00,29.00546190013056
2025-05-31T16:00:00,31.140284994374145
2025-05-31T17:00:00,32.84342351167098
2025-05-31T18:00:00,33.53687228327212
2025-05-31T19:00:00,33.006604982459024
2025-05-31T20:00:00,30.384651267010227
2025-05-31T21:00:00,27.632949663245157
2025-05-31T22:00:00,25.858441145523734
2025-05-31T23:00:00,25.57855995841648
2025-06-01T00:00:00,26.832978704701297
2025-06-01T01:00:00,26.594680371491805
2025-06-01T02:00:00,22.01078066618546
2025-06-01T03:00:00,19.990592376045555
2025-06-01T04:00:00,18.761107652083684
2025-06-01T05:00:00,17.773387991863746
2025-06-01T06:00:00,17.202744691268258
2025-06-01T07:00:00,16.90514149873153
2025-06-01T08:00:00,16.588863621587336
2025-06-01T09:00:00,16.32984277476435
2025-06-01T10:00:00,16.74016571044922
2025-06-01T11:00:00,19.216689565907352
2025-06-01T12:00:00,27.447036245594852
2025-06-01T13:00:00,38.59178974317467
2025-06-01T14:00:00,47.77090221902598
2025-06-01T15:00:00,52.89988227512524
2025-06-01T16:00:00,51.56123451564623
2025-06-01T17:00:00,48.14404180775517
2025-06-01T18:00:00,46.94250720480214
2025-06-01T19:00:00,45.917077935260274
2025-06-01T20:00:00,43.81351951930833
2025-06-01T21:00:00,41.99049709154212
2025-06-01T22:00:00,41.68600430695907
2025-06-01T23:00:00,41.306917605192766
2025-06-02T00:00:00,40.17157214620838
2025-06-02T01:00:00,37.359896120817766
2025-06-02T02:00:00,26.188183245451555
2025-06-02T03:00:00,23.05866266333538
2025-06-02T04:00:00,21.915635979693867
2025-06-02T05:00:00,20.927872533383574
2025-06-02T06:00:00,19.740783276765242
2025-06-02T07:00:00,18.661137124766473
2025-06-02T08:00:00,18.100842185642406
2025-06-02T09:00:00,17.864577334860098
2025-06-02T10:00:00,18.144398813662317
2025-06-02T11:00:00,20.038746709408965
2025-06-02T12:00:00,26.183355248492692
2025-06-02T13:00:00,34.177239459493876
2025-06-02T14:00:00,42.87068159683891
2025-06-02T15:00:00,49.6974170518958
2025-06-02T16:00:00,54.263433041779884
2025-06-02T17:00:00,56.41365631766941
2025-06-02T18:00:00,57.967425968336016
2025-06-02T19:00:00,56.45967898161514
2025-06-02T20:00:00,51.1952896118164
2025-06-02T21:00:00,48.70370748768681
2025-06-02T22:00:00,47.19426213140073
2025-06-02T23:00:00,45.98693167644998
2025-06-03T00:00:00,45.53908223691193
2025-06-03T01:00:00,42.59583348813264
2025-06-03T02:00:00,31.888570205025047
2025-06-03T03:00:00,27.21189324752144
2025-06-03T04:00:00,23.65811265033224
2025-06-03T05:00:00,21.501925592837125
2025-06-03T06:00:00,20.238970632138457
2025-06-03T07:00:00,19.38512420654297
2025-06-03T08:00:00,18.70037335934846
2025-06-03T09:00:00,18.340924884961996
2025-06-03T10:00:00,18.566777353701383
2025-06-03T11:00:00,20.215935168058973
2025-06-03T12:00:00,24.925014661706008
2025-06-03T13:00:00,31.71700701506241
2025-06-03T14:00:00,36.3689082601796
2025-06-03T15:00:00,38.040909974471376
2025-06-03T16:00:00,41.072211389956266
2025-06-03T17:00:00,44.464549520741336
2025-06-03T18:00:00,50.093472356381625
2025-06-03T19:00:00,48.51667586616848
2025-06-03T20:00:00,44.63392423546832
2025-06-03T21:00:00,42.22751716945482
2025-06-03T22:00:00,41.280192831288204
2025-06-03T23:00:00,41.070516337519095
2025-06-04T00:00:00,40.648247594418734
2025-06-04T01:00:00,35.766624036042586
2025-06-04T02:00:00,25.32509994506836
2025-06-04T03:00:00,20.023262272710383
2025-06-04T04:00:00,17.0470143193784
2025-06-04T05:00:00,15.745333422785217
2025-06-04T06:00:00,15.21442662114682
2025-06-04T07:00:00,14.90588511591372
2025-06-04T08:00:00,14.659867950107738
2025-06-04T09:00:00,14.587303866510805
2025-06-04T10:00:00,14.901325184365975
2025-06-04T11:00:00,16.65995357347571
2025-06-04T12:00:00,23.151317596435547
2025-06-04T13:00:00,30.173944141553793
2025-06-04T14:00:00,33.16214229749596
2025-06-04T15:00:00,36.305082818736196
2025-06-04T16:00:00,41.66373543117356
2025-06-04T17:00:00,46.088660696278446
2025-06-04T18:00:00,46.675846099853516
2025-06-04T19:00:00,42.95271997866423
2025-06-04T20:00:00,39.85732518071714
2025-06-04T21:00:00,38.57002042687457
2025-06-04T22:00:00,38.18177679310674
2025-06-04T23:00:00,38.29083732936694
2025-06-05T00:00:00,38.92365762461787
2025-06-05T01:00:00,37.8924679963485
2025-06-05T02:00:00,26.949990396914274
2025-06-05T03:00:00,20.764084359873895
2025-06-05T04:00:00,18.62562901040782
2025-06-05T05:00:00,17.587013327557106
2025-06-05T06:00:00,16.642446435016133
2025-06-05T07:00:00,15.92065628715183
2025-06-05T08:00:00,15.522315398506496
2025-06-05T09:00:00,15.672510437343432
2025-06-05T10:00:00,16.96364170572032
2025-06-05T11:00:00,21.583629110585086
2025-06-05T12:00:00,32.45820883046026
2025-06-05T13:00:00,45.75572503131368
2025-06-05T14:00:00,55.85870361328124
2025-06-05T15:00:00,56.95484360404636
2025-06-05T16:00:00,54.45931326824685
2025-06-05T17:00:00,52.786098314368196
2025-06-05T18:00:00,50.353468521781586
2025-06-05T19:00:00,48.68362957498301
2025-06-05T20:00:00,47.013130685557485
2025-06-05T21:00:00,42.520905204441235
2025-06-05T22:00:00,36.588469961415164
2025-06-05T23:00:00,33.68467140197753
2025-06-06T00:00:00,33.62187028967815
2025-06-06T01:00:00,33.198797143023945
2025-06-06T02:00:00,25.237389357193656
2025-06-06T03:00:00,20.782369364862856
2025-06-06T04:00:00,19.585409993710723
2025-06-06T05:00:00,18.862772734268848
2025-06-06T06:00:00,18.94554569410241
2025-06-06T07:00:00,19.507792597231656
2025-06-06T08:00:00,20.2759255118992
2025-06-06T09:00:00,21.192214717035704
2025-06-06T10:00:00,22.686160626618754
2025-06-06T11:00:00,25.985049537990403
2025-06-06T12:00:00,32.01977630283521
2025-06-06T13:00:00,35.966029789136805
2025-06-06T14:00:00,38.41954040527343
2025-06-06T15:00:00,43.097143587858774
2025-06-06T16:00:00,46.61704652205757
2025-06-06T17:00:00,46.74770637180494
2025-06-06T18:00:00,44.58136566825535
2025-06-06T19:00:00,42.59634764298148
2025-06-06T20:00:00,40.37590839551843
2025-06-06T21:00:00,38.38092107358186
2025-06-06T22:00:00,36.77112363732379
2025-06-06T23:00:00,35.661775671917454
2025-06-07T00:00:00,34.90593901924464
2025-06-07T01:00:00,33.17116181746773
2025-06-07T02:00:00,26.997670298037317
2025-06-07T03:00:00,22.80012976604959
2025-06-07T04:00:00,20.570670418117356
2025-06-07T05:00:00,19.851539611816403
2025-06-07T06:00:00,19.468173151430875
2025-06-07T07:00:00,19.110000029854152
2025-06-07T08:00:00,18.88001292684804
2025-06-07T09:00:00,19.252603862596594
2025-06-07T10:00:00,20.467017712800395
2025-06-07T11:00:00,23.303656951240868
2025-06-07T12:00:00,29.2773496379023
2025-06-07T13:00:00,37.10355990865956
2025-06-07T14:00:00,45.567507702371344
2025-06-07T15:00:00,52.744284422501266
2025-06-07T16:00:00,57.483535766601555
2025-06-07T17:00:00,58.40263117914614
2025-06-07T18:00:00,59.17722171285878
2025-06-07T19:00:00,60.53783566018809
2025-06-07T20:00:00,58.168109727942415
2025-06-07T21:00:00,52.80347824096679
2025-06-07T22:00:00,48.51617614082668
2025-06-07T23:00:00,46.56536384250806
2025-06-08T00:00:00,45.591091985287875
2025-06-08T01:00:00,42.68101385365362
2025-06-08T02:00:00,30.97565203127653
2025-06-08T03:00:00,25.31685232079547
2025-06-08T04:00:00,22.90926526940387
2025-06-08T05:00:00,21.970709842184313
2025-06-08T06:00:00,21.85822039065153
2025-06-08T07:00:00,21.99168661366338
2025-06-08T08:00:00,21.965557264245074
2025-06-08T09:00:00,22.032736073369563
2025-06-08T10:00:00,22.932858923207156
2025-06-08T11:00:00,25.090910787167754
2025-06-08T12:00:00,29.343927632207453
2025-06-08T13:00:00,33.849957507589586
2025-06-08T14:00:00,36.948512201723844
2025-06-08T15:00:00,39.74265173207158
2025-06-08T16:00:00,41.77787731004797
2025-06-08T17:00:00,44.093369359555446
2025-06-08T18:00:00,44.3984381634256
2025-06-08T19:00:00,43.394475853961445
2025-06-08T20:00:00,41.5966156669285
2025-06-08T21:00:00,40.64727335390837
2025-06-08T22:00:00,38.87670152083686
2025-06-08T23:00:00,36.58649510922639
2025-06-09T00:00:00,34.42692118105681
2025-06-09T01:00:00,32.016720066899836
2025-06-09T02:00:00,25.376047880753227
2025-06-09T03:00:00,21.064804823502246
2025-06-09T04:00:00,19.625570380169414
2025-06-09T05:00:00,18.678275315657903
2025-06-09T06:00:00,18.419243190599524
2025-06-09T07:00:00,18.519007226695184
2025-06-09T08:00:00,18.710948280666184
2025-06-09T09:00:00,19.204411713973332
2025-06-09T10:00:00,20.155180806699004
2025-06-09T11:00:00,22.480264497839883
2025-06-09T12:00:00,27.762451006018594
2025-06-09T13:00:00,33.62965401359226
2025-06-09T14:00:00,37.50869784147843
2025-06-09T15:00:00,39.331455728282094
2025-06-09T16:00:00,39.73575061300526
2025-06-09T17:00:00,40.256716686746344
2025-06-09T18:00:00,41.73843383789062
2025-06-09T19:00:00,43.53920099009638
2025-06-09T20:00:00,43.15566485861073
2025-06-09T21:00:00,41.16389332646909
2025-06-09T22:00:00,38.78914509648862
2025-06-09T23:00:00,35.12126574308976
2025-06-10T00:00:00,33.896263703056
2025-06-10T01:00:00,33.18345343548319
2025-06-10T02:00:00,29.00233981920325
2025-06-10T03:00:00,22.93945793483568
2025-06-10T04:00:00,21.024981374325957
2025-06-10T05:00:00,20.02883546248726
2025-06-10T06:00:00,19.31263567053753
2025-06-10T07:00:00,18.714354390683383
2025-06-10T08:00:00,18.097571414449938
2025-06-10T09:00:00,18.297571679820184
2025-06-10T10:00:00,22.24882706351902
2025-06-10T11:00:00,28.284781331601348
2025-06-10T12:00:00,32.45739862193231
2025-06-10T13:00:00,34.505879941193946
2025-06-10T14:00:00,29.92892298491105
2025-06-10T15:00:00,26.484704059103258
2025-06-10T16:00:00,28.070213483727493
2025-06-10T17:00:00,31.952528912088145
2025-06-10T18:00:00,29.083706897238024
2025-06-10T19:00:00,25.496752282847524
2025-06-10T20:00:00,24.902057481848672
2025-06-10T21:00:00,25.431775217470914
2025-06-10T22:00:00,25.955284533293348
2025-06-10T23:00:00,27.354400054268215
2025-06-11T00:00:00,28.116524489029594
2025-06-11T01:00:00,26.7076534602953
2025-06-11T02:00:00,21.97972712309464
2025-06-11T03:00:00,17.33026363538659
2025-06-11T04:00:00,15.473463597504988
2025-06-11T05:00:00,14.556899817093557
2025-06-11T06:00:00,12.97849066361137
2025-06-11T07:00:00,11.74906129422395
2025-06-11T08:00:00,11.18240447666334
2025-06-11T09:00:00,11.318247712176777
2025-06-11T10:00:00,12.598674691241719
2025-06-11T11:00:00,16.81002019799274
2025-06-11T12:00:00,23.124212016230043
2025-06-11T13:00:00,26.111941213193145
2025-06-11T14:00:00,28.473246864650555
2025-06-11T15:00:00,28.66555844182553
2025-06-11T16:00:00,27.941253579181172
2025-06-11T17:00:00,26.665758962216582
2025-06-11T18:00:00,24.789374724678368
2025-06-11T19:00:00,23.156434681104574
2025-06-11T20:00:00,22.981234674868375
2025-06-11T21:00:00,23.728350597879157
2025-06-11T22:00:00,24.901586366736367
2025-06-11T23:00:00,23.46557982071586
2025-06-12T00:00:00,22.870638971743375
2025-06-12T01:00:00,23.231664823449172
2025-06-12T02:00:00,19.21952687139096
2025-06-12T03:00:00,18.765385586282477
2025-06-12T04:00:00,20.95360979826554
2025-06-12T05:00:00,23.55029529073964
2025-06-12T06:00:00,25.522818772689153
2025-06-12T07:00:00,25.776645660400387
2025-06-12T08:00:00,23.46829489003057
2025-06-12T09:00:00,20.66429867951766
2025-06-12T10:00:00,19.854226153829824
2025-06-12T11:00:00,21.005721050760016
2025-06-12T12:00:00,23.976511333299715
2025-06-12T13:00:00,26.792859201845914
2025-06-12T14:00:00,29.503211643384848
2025-06-12T15:00:00,30.96995826389478
2025-06-12T16:00:00,32.80886160809061
2025-06-12T17:00:00,34.7559934699017
2025-06-12T18:00:00,34.86798916692319
2025-06-12T19:00:00,33.42718597080396
2025-06-12T20:00:00,31.91833993662958
2025-06-12T21:00:00,33.19102851204249
2025-06-12T22:00:00,35.96206565525221
2025-06-12T23:00:00,37.8457323157269
2025-06-13T00:00:00,37.91689831277598
2025-06-13T01:00:00,36.34524934188179
2025-06-13T02:00:00,31.80695749365764
2025-06-13T03:00:00,21.397610291190766
2025-06-13T04:00:00,16.62538229900857
2025-06-13T05:00:00,16.331226639125656
2025-06-13T06:00:00,15.433313162430471
2025-06-13T07:00:00,13.396534256313156
2025-06-13T08:00:00,12.019240006156588
2025-06-13T09:00:00,11.188082197438115
2025-06-13T10:00:00,11.61418931380562
2025-06-13T11:00:00,13.309800148010254
2025-06-13T12:00:00,18.16714054605235
2025-06-13T13:00:00,23.59467970806619
2025-06-13T14:00:00,19.95228568367336
2025-06-13T15:00:00,22.114595496136204
2025-06-13T16:00:00,27.369731654291563
2025-06-13T17:00:00,30.900486158288043
2025-06-13T18:00:00,32.824180188386336
2025-06-13T19:00:00,33.421747456426196
2025-06-13T20:00:00,31.874676828799036
2025-06-13T21:00:00,28.584609819495157
2025-06-13T22:00:00,25.948705839074172
2025-06-13T23:00:00,23.567518814750336
2025-06-14T00:00:00,21.81433279617973
2025-06-14T01:00:00,19.466399814771567
2025-06-14T02:00:00,15.79349853681481
2025-06-14T03:00:00,13.179760891458262
2025-06-14T04:00:00,12.747115466905676
2025-06-14T05:00:00,11.55422372403352
2025-06-14T06:00:00,10.94389716438625
2025-06-14T07:00:00,10.445580067841902
2025-06-14T08:00:00,10.56728761092476
2025-06-14T09:00:00,11.227188400600266
2025-06-14T10:00:00,12.315772263900092
2025-06-14T11:00:00,14.930159859035323
2025-06-14T12:00:00,18.303438767142914
2025-06-14T13:00:00,19.910430576490317
2025-06-14T14:00:00,20.554112227066703
2025-06-14T15:00:00,21.087454671445098
2025-06-14T16:00:00,22.580518142036766
2025-06-14T17:00:00,24.54764930061672
2025-06-14T18:00:00,24.367343902587887
2025-06-14T19:00:00,24.115454383518383
2025-06-14T20:00:00,24.14278917727263
2025-06-14T21:00:00,23.863583274509594
2025-06-14T22:00:00,22.519900612209153
2025-06-14T23:00:00,21.423054321952485
2025-06-15T00:00:00,20.939874317335043
2025-06-15T01:00:00,19.905166874761168
2025-06-15T02:00:00,15.826872867086657
2025-06-15T03:00:00,11.93247256071671
2025-06-15T04:00:00,10.698381175165588
2025-06-15T05:00:00,9.8519462502521
2025-06-15T06:00:00,9.50662488522737
2025-06-15T07:00:00,8.974172550698984
2025-06-15T08:00:00,8.975123944489852
2025-06-15T09:00:00,9.514027885768725
2025-06-15T10:00:00,10.382565415423848
2025-06-15T11:00:00,12.392315532850182
2025-06-15T12:00:00,15.77752751889436
2025-06-15T13:00:00,19.349033936210297
2025-06-15T14:00:00,21.578137853871215
2025-06-15T15:00:00,22.078906681226645
2025-06-15T16:00:00,22.254351906154465
2025-06-15T17:00:00,22.66204261779785
2025-06-15T18:00:00,23.855180823284645
2025-06-15T19:00:00,25.274338100267492
2025-06-15T20:00:00,26.19919785209324
2025-06-15T21:00:00,26.81882344121518
2025-06-15T22:00:00,27.683888228043262
2025-06-15T23:00:00,28.60368040333623
2025-06-16T00:00:00,28.98252379375955
2025-06-16T01:00:00,28.12306561677352
2025-06-16T02:00:00,23.23716229977815
2025-06-16T03:00:00,21.36464442377505
2025-06-16T04:00:00,20.578561782836914
2025-06-16T05:00:00,18.926801101021145
2025-06-16T06:00:00,16.645901845849075
2025-06-16T07:00:00,14.644637812738832
2025-06-16T08:00:00,13.7870456032131
2025-06-16T09:00:00,13.477461483167565
2025-06-16T10:00:00,14.053838729858397
2025-06-16T11:00:00,16.194159051646356
2025-06-16T12:00:00,19.71870173578677
2025-06-16T13:00:00,23.657297300255816
2025-06-16T14:00:00,27.024681174236793
2025-06-16T15:00:00,29.471600656924036
2025-06-16T16:00:00,31.04532158893087
2025-06-16T17:00:00,32.637242358663805
2025-06-16T18:00:00,34.68712707187818
2025-06-16T19:00:00,34.80323119785474
2025-06-16T20:00:00,32.66767344267471
2025-06-16T21:00:00,29.623499248338778
2025-06-16T22:00:00,29.698153868965477
2025-06-16T23:00:00,31.0828918788744
2025-06-17T00:00:00,32.875474763953164
2025-06-17T01:00:00,35.091278490812876
2025-06-17T02:00:00,30.665544758672294
2025-06-17T03:00:00,23.589712806369945
2025-06-17T04:00:00,21.11123839668605
2025-06-17T05:00:00,19.262735283893086
2025-06-17T06:00:00,17.772688160771906
2025-06-17T07:00:00,16.482697030772332
2025-06-17T08:00:00,16.249246514361836
2025-06-17T09:00:00,16.55361681399138
2025-06-17T10:00:00,18.42300514552904
2025-06-17T11:00:00,23.00886875650157
2025-06-17T12:00:00,29.0461601589037
2025-06-17T13:00:00,36.77553873476774
2025-06-17T14:00:00,43.8572359499724
2025-06-17T15:00:00,48.87947099105171
2025-06-17T16:00:00,53.46694631161897
2025-06-17T17:00:00,53.52403309034264
2025-06-17T18:00:00,54.06730535755986
2025-06-17T19:00:00,55.232187188189954
2025-06-17T20:00:00,55.04064012610393
2025-06-17T21:00:00,55.54829854550569
2025-06-17T22:00:00,55.49076196421747
2025-06-17T23:00:00,54.92430861099906
2025-06-18T00:00:00,54.20128034508747
2025-06-18T01:00:00,51.03829159943953
2025-06-18T02:00:00,36.415678438933
2025-06-18T03:00:00,26.628149364305575
2025-06-18T04:00:00,23.95744580807893
2025-06-18T05:00:00,22.40102908922278
2025-06-18T06:00:00,21.202470696490742
2025-06-18T07:00:00,20.518043518066403
2025-06-18T08:00:00,20.907690379930575
2025-06-18T09:00:00,21.372201587842856
2025-06-18T10:00:00,22.894820088925563
2025-06-18T11:00:00,26.831586423127543
2025-06-18T12:00:00,33.7320093901261
2025-06-18T13:00:00,40.67586799289869
2025-06-18T14:00:00,46.7921436143958
2025-06-18T15:00:00,51.216972185217806
2025-06-18T16:00:00,53.82850978685462
2025-06-18T17:00:00,54.91498051518979
2025-06-18T18:00:00,54.96011053997537
2025-06-18T19:00:00,53.86061610346254
2025-06-18T20:00:00,52.88438597969386
2025-06-18T21:00:00,52.68353171970533
2025-06-18T22:00:00,49.65136801678201
2025-06-18T23:00:00,44.963548743206516
2025-06-19T00:00:00,41.19563326628312
2025-06-19T01:00:00,36.66592506740404
2025-06-19T02:00:00,31.34555062003757
2025-06-19T03:00:00,23.92542316602624
2025-06-19T04:00:00,20.60771154320758
2025-06-19T05:00:00,19.348976964535918
2025-06-19T06:00:00,19.056535057399582
2025-06-19T07:00:00,18.950032275655996
2025-06-19T08:00:00,18.198620754739512
2025-06-19T09:00:00,18.331013803896695
2025-06-19T10:00:00,18.51148572175399
2025-06-19T11:00:00,20.810381599094555
2025-06-19T12:00:00,26.76543973839801
2025-06-19T13:00:00,33.034592255302094
2025-06-19T14:00:00,38.714328102443524
2025-06-19T15:00:00,41.29405560700789
2025-06-19T16:00:00,40.51077419778574
2025-06-19T17:00:00,37.23882459557574
2025-06-19T18:00:00,33.74487735914147
2025-06-19T19:00:00,31.024374671604324
2025-06-19T20:00:00,30.512153376703676
2025-06-19T21:00:00,31.291255038717516
2025-06-19T22:00:00,29.41307333241338
2025-06-19T23:00:00,24.165231787640113
2025-06-20T00:00:00,26.293898375137992
2025-06-20T01:00:00,29.346040891564407
2025-06-20T02:00:00,28.28721245475437
2025-06-20T03:00:00,25.160818182903785
2025-06-20T04:00:00,22.644009051115614
2025-06-20T05:00:00,19.75037143541419
2025-06-20T06:00:00,16.981449541838273
2025-06-20T07:00:00,16.316824208135184
2025-06-20T08:00:00,16.835322006889008
2025-06-20T09:00:00,16.967846580173653
2025-06-20T10:00:00,17.766556117845614
2025-06-20T11:00:00,21.75139112057893
2025-06-20T12:00:00,29.070381745048188
2025-06-20T13:00:00,37.98234143464461
2025-06-20T14:00:00,47.76945545362389
2025-06-20T15:00:00,51.470803136410915
2025-06-20T16:00:00,50.28077647996985
2025-06-20T17:00:00,48.37463014022163
2025-06-20T18:00:00,48.19782041466754
2025-06-20T19:00:00,48.60128502223802
2025-06-20T20:00:00,46.83797786546789
2025-06-20T21:00:00,43.53737491110096
2025-06-20T22:00:00,38.89455612846043
2025-06-20T23:00:00,35.62236304905103
2025-06-21T00:00:00,34.83705222088358
2025-06-21T01:00:00,33.573371223781415
2025-06-21T02:00:00,28.204951659492824
2025-06-21T03:00:00,24.45130348205566
2025-06-21T04:00:00,22.661334742670473
2025-06-21T05:00:00,21.97005620210067
2025-06-21T06:00:00,21.732976167098332
2025-06-21T07:00:00,21.337347113567848
2025-06-21T08:00:00,20.783141675202742
2025-06-21T09:00:00,20.465086066204567
2025-06-21T10:00:00,20.481593173483144
2025-06-21T11:00:00,22.16798749177352
2025-06-21T12:00:00,27.099008062611453
2025-06-21T13:00:00,31.01818192523458
2025-06-21T14:00:00,34.4205726955248
2025-06-21T15:00:00,38.500510008438766
2025-06-21T16:00:00,42.78277405448581
2025-06-21T17:00:00,47.68992117176885
2025-06-21T18:00:00,50.911447773809016
2025-06-21T19:00:00,50.674447266951844
2025-06-21T20:00:00,49.541583683179766
2025-06-21T21:00:00,48.58204203066617
2025-06-21T22:00:00,49.91432687510614
2025-06-21T23:00:00,53.79836787348208
2025-06-22T00:00:00,57.71984183269998
2025-06-22T01:00:00,58.45557320636251
2025-06-22T02:00:00,39.552994935408876
2025-06-22T03:00:00,29.82535005652386
2025-06-22T04:00:00,25.94040812616763
2025-06-22T05:00:00,24.01405633014181
2025-06-22T06:00:00,22.38868887528129
2025-06-22T07:00:00,21.17795993970788
2025-06-22T08:00:00,20.803541598112684
2025-06-22T09:00:00,21.471475020698875
2025-06-22T10:00:00,23.339802368827485
2025-06-22T11:00:00,27.92097697050675
2025-06-22T12:00:00,34.146464472231656
2025-06-22T13:00:00,38.33736087964928
2025-06-22T14:00:00,41.41287049003269
2025-06-22T15:00:00,42.28985545946203
2025-06-22T16:00:00,41.69356669550356
2025-06-22T17:00:00,41.43425866831904
2025-06-22T18:00:00,41.464347010073446
2025-06-22T19:00:00,39.18729516734248
2025-06-22T20:00:00,37.84457961372707
2025-06-22T21:00:00,37.2245223003885
2025-06-22T22:00:00,37.61116376130477
2025-06-22T23:00:00,36.84109298042628
2025-06-23T00:00:00,36.30001549098802
2025-06-23T01:00:00,35.521946450938344
2025-06-23T02:00:00,31.44010062839674
2025-06-23T03:00:00,27.595105876093324
2025-06-23T04:00:00,26.050327218097188
2025-06-23T05:00:00,19.751203702843704
2025-06-23T06:00:00,12.375398926112961
2025-06-23T07:00:00,9.109411488408627
2025-06-23T08:00:00,9.083483550859535
2025-06-23T09:00:00,10.859848022460936
2025-06-23T10:00:00,14.057418201280676
2025-06-23T11:00:00,17.44543573130732
2025-06-23T12:00:00,20.488551927649453
2025-06-23T13:00:00,22.834092347518254
2025-06-23T14:00:00,25.969686010609497
2025-06-23T15:00:00,30.939239667809527
2025-06-23T16:00:00,36.376788844232976
2025-06-23T17:00:00,41.55156956548276
2025-06-23T18:00:00,44.096034671949305
2025-06-23T19:00:00,46.61037826538085
2025-06-23T20:00:00,44.563732478929595
2025-06-23T21:00:00,46.476532977560296
2025-06-23T22:00:00,50.72189546668011
2025-06-23T23:00:00,56.475410461425774
2025-06-24T00:00:00,60.83318030315897
2025-06-24T01:00:00,59.854538959005595
2025-06-24T02:00:00,32.84325947968856
2025-06-24T03:00:00,18.828478274138075
2025-06-24T04:00:00,12.414481080096701
2025-06-24T05:00:00,10.490393804467242
2025-06-24T06:00:00,10.49617924897567
2025-06-24T07:00:00,11.129747888316277
2025-06-24T08:00:00,11.943040433137313
2025-06-24T09:00:00,12.988667073457135
2025-06-24T10:00:00,14.52589582360309
2025-06-24T11:00:00,17.152200864708938
2025-06-24T12:00:00,21.87659164096998
2025-06-24T13:00:00,27.70110503486965
2025-06-24T14:00:00,31.458979399307907
2025-06-24T15:00:00,32.11632911018703
2025-06-24T16:00:00,34.14712789784306
2025-06-24T17:00:00,35.63797071705693
2025-06-24T18:00:00,33.685783469158665
2025-06-24T19:00:00,35.01451318160346
2025-06-24T20:00:00,35.33020127337912
2025-06-24T21:00:00,34.04275496109672
2025-06-24T22:00:00,32.98572930045749
2025-06-24T23:00:00,33.69811414635699
2025-06-25T00:00:00,35.32096199367356
2025-06-25T01:00:00,35.72958962813667
2025-06-25T02:00:00,34.15420018071713
2025-06-25T03:00:00,26.0119458074155
2025-06-25T04:00:00,21.799008162125297
2025-06-25T05:00:00,19.92292603202488
2025-06-25T06:00:00,19.591906008513075
2025-06-25T07:00:00,19.452454442563262
2025-06-25T08:00:00,19.019153926683504
2025-06-25T09:00:00,19.06290054321289
2025-06-25T10:00:00,20.637460293977156
2025-06-25T11:00:00,24.818051711372703
2025-06-25T12:00:00,26.712402841319204
2025-06-25T13:00:00,27.73524765346361
2025-06-25T14:00:00,31.914214175680407
2025-06-25T15:00:00,34.40109700741974
2025-06-25T16:00:00,36.39922465448794
2025-06-25T17:00:00,37.96120419709578
2025-06-25T18:00:00,35.78599880052649
2025-06-25T19:00:00,33.106119985165805
2025-06-25T20:00:00,31.873563185982075
2025-06-25T21:00:00,30.986161771027938
2025-06-25T22:00:00,30.664062417071797
2025-06-25T23:00:00,30.41629086370053
2025-06-26T00:00:00,28.582914103632387
2025-06-26T01:00:00,25.103779004967727
2025-06-26T02:00:00,20.05667089379352
2025-06-26T03:00:00,19.003576195758317
2025-06-26T04:00:00,20.013458334881324
2025-06-26T05:00:00,20.327811697255008
2025-06-26T06:00:00,19.813936648161512
2025-06-26T07:00:00,18.420223899509594
2025-06-26T08:00:00,16.886651246444035
2025-06-26T09:00:00,17.451985649440598
2025-06-26T10:00:00,20.975829912268598
2025-06-26T11:00:00,24.931507359380305
2025-06-26T12:00:00,29.77362077132515
2025-06-26T13:00:00,34.81624570100203
2025-06-26T14:00:00,34.45714054936948
2025-06-26T15:00:00,34.14200210571289
2025-06-26T16:00:00,33.577766418457024
2025-06-26T17:00:00,36.33403794661812
2025-06-26T18:00:00,42.18207384192424
2025-06-26T19:00:00,47.956288710884415
2025-06-26T20:00:00,51.3861261450726
2025-06-26T21:00:00,51.10756617007048
2025-06-26T22:00:00,46.97720137886378
2025-06-26T23:00:00,42.51899868509044
2025-06-27T00:00:00,41.7297014982804
2025-06-27T01:00:00,43.145116557245665
2025-06-27T02:00:00,39.138420436693266
2025-06-27T03:00:00,31.832940308944035
2025-06-27T04:00:00,27.074369181757387
2025-06-27T05:00:00,24.14919604425845
2025-06-27T06:00:00,22.440539318582285
2025-06-27T07:00:00,21.418301043303114
2025-06-27T08:00:00,21.18282832270083
2025-06-27T09:00:00,21.580580255259637
2025-06-27T10:00:00,22.932316489841625
2025-06-27T11:00:00,26.059535565583598
2025-06-27T12:00:00,32.55172480707583
2025-06-27T13:00:00,41.49202098017153
2025-06-27T14:00:00,50.03178870159646
2025-06-27T15:00:00,55.258076045824126
2025-06-27T16:00:00,57.765936975893766
2025-06-27T17:00:00,60.29037558514139
2025-06-27T18:00:00,60.80199797257132
2025-06-27T19:00:00,59.23822767838188
2025-06-27T20:00:00,55.92685434092646
2025-06-27T21:00:00,53.280669668446414
2025-06-27T22:00:00,53.77808579154636
2025-06-27T23:00:00,56.29380267599353
2025-06-28T00:00:00,57.01686527418053
2025-06-28T01:00:00,54.754857602326766
2025-06-28T02:00:00,42.15785797782566
2025-06-28T03:00:00,29.3899449887483
2025-06-28T04:00:00,24.8175106048584
2025-06-28T05:00:00,23.09838419375212
2025-06-28T06:00:00,21.757417761761207
2025-06-28T07:00:00,20.455025631448496
2025-06-28T08:00:00,19.644228976705797
2025-06-28T09:00:00,19.533764548923656
2025-06-28T10:00:00,20.593623534492824
2025-06-28T11:00:00,23.4157597085704
2025-06-28T12:00:00,28.916736188142192
2025-06-28T13:00:00,33.88846936433212
2025-06-28T14:00:00,37.30691644419794
2025-06-28T15:00:00,39.30377943619437
2025-06-28T16:00:00,38.12917079096254
2025-06-28T17:00:00,36.96694747261379
2025-06-28T18:00:00,36.05906793345575
2025-06-28T19:00:00,35.79716325842815
2025-06-28T20:00:00,37.03842154793117
2025-06-28T21:00:00,38.0833510523257
2025-06-28T22:00:00,38.29484010779339
2025-06-28T23:00:00,37.41745078045389
2025-06-29T00:00:00,37.451080488122024
2025-06-29T01:00:00,35.20603121881899
2025-06-29T02:00:00,25.51067418637483
2025-06-29T03:00:00,17.574059942494266
2025-06-29T04:00:00,14.112663600755774
2025-06-29T05:00:00,12.232027012368905
2025-06-29T06:00:00,11.077893340069313
2025-06-29T07:00:00,10.939693160679028
2025-06-29T08:00:00,11.23655024818752
2025-06-29T09:00:00,10.326228473497473
2025-06-29T10:00:00,11.002341643623682
2025-06-29T11:00:00,12.493014542952828
2025-06-29T12:00:00,15.175260336502737
2025-06-29T13:00:00,19.201466270115063
2025-06-29T14:00:00,25.14167860279912
2025-06-29T15:00:00,33.187139925749406
2025-06-29T16:00:00,40.501205278479524
2025-06-29T17:00:00,43.76904446145762
2025-06-29T18:00:00,43.154399042544156
2025-06-29T19:00:00,41.16535253110139
2025-06-29T20:00:00,39.6491296187691
2025-06-29T21:00:00,39.36037345554517
2025-06-29T22:00:00,41.05633909805961
2025-06-29T23:00:00,42.85062226005222
2025-06-30T00:00:00,42.96267103112262
2025-06-30T01:00:00,41.020196500031844
2025-06-30T02:00:00,30.729958243992012
2025-06-30T03:00:00,23.90639412921408
2025-06-30T04:00:00,19.464444201925524
2025-06-30T05:00:00,17.239796348240063
2025-06-30T06:00:00,15.948577300361965
2025-06-30T07:00:00,15.030604860057
2025-06-30T08:00:00,14.661566485529361
2025-06-30T09:00:00,15.063158408455227
2025-06-30T10:00:00,16.225085382876188
2025-06-30T11:00:00,18.28089979420537
2025-06-30T12:00:00,21.74231404843537
2025-06-30T13:00:00,26.817050602125086
2025-06-30T14:00:00,30.162908471148942
2025-06-30T15:00:00,34.67240010137143
2025-06-30T16:00:00,41.06351885588273
2025-06-30T17:00:00,44.90791420314623
2025-06-30T18:00:00,45.654220249341876
2025-06-30T19:00:00,44.99648185398267
2025-06-30T20:00:00,46.386716759723164
2025-06-30T21:00:00,46.781182164731234
2025-06-30T22:00:00,47.482649264128305
2025-06-30T23:00:00,47.73430351589036
2025-07-01T00:00:00,47.49303303594174
2025-07-01T01:00:00,46.433122054390275
2025-07-01T02:00:00,38.52415151181428
2025-07-01T03:00:00,29.886108149652895
2025-07-01T04:00:00,25.006450901860774
2025-07-01T05:00:00,21.583071915999703
2025-07-01T06:00:00,18.79469971034838
2025-07-01T07:00:00,17.30508920420771
2025-07-01T08:00:00,16.238574069479238
2025-07-01T09:00:00,15.436177792756453
2025-07-01T10:00:00,15.753429786018701
2025-07-01T11:00:00,17.740758647089418
2025-07-01T12:00:00,22.01988311435865
2025-07-01T13:00:00,27.303429562112555
2025-07-01T14:00:00,31.35806100264839
2025-07-01T15:00:00,34.83244738371476
2025-07-01T16:00:00,35.76669328109077
2025-07-01T17:00:00,36.53773564877717
2025-07-01T18:00:00,38.533419899318524
2025-07-01T19:00:00,38.994418932043985
2025-07-01T20:00:00,38.314359499060586
2025-07-01T21:00:00,37.6343178127123
2025-07-01T22:00:00,38.16005640444548
2025-07-01T23:00:00,39.91772029710852
2025-07-02T00:00:00,41.60853659588357
2025-07-02T01:00:00,41.29695212322732
2025-07-02T02:00:00,34.578801030698024
2025-07-02T03:00:00,31.00831288876741
2025-07-02T04:00:00,29.36364008032757
2025-07-02T05:00:00,28.444971167522926
2025-07-02T06:00:00,26.723375320434567
2025-07-02T07:00:00,24.50273065981657
2025-07-02T08:00:00,23.990171183710512
2025-07-02T09:00:00,23.64677984818168
2025-07-02T10:00:00,23.04843114769977
2025-07-02T11:00:00,24.41246679554815
2025-07-02T12:00:00,29.625230706256364
2025-07-02T13:00:00,33.65414304318635
2025-07-02T14:00:00,37.89419704934825
2025-07-02T15:00:00,40.60540837826936
2025-07-02T16:00:00,42.22805852475373
2025-07-02T17:00:00,43.94564321766728
2025-07-02T18:00:00,43.89735959923785
2025-07-02T19:00:00,44.96141218102496
2025-07-02T20:00:00,45.38497808705205
2025-07-02T21:00:00,45.956528041673735
2025-07-02T22:00:00,46.597485252048656
2025-07-02T23:00:00,47.561077117919915
2025-07-03T00:00:00,48.20184226658033
2025-07-03T01:00:00,47.74773274297299
2025-07-03T02:00:00,43.811885833740234
2025-07-03T03:00:00,38.131472380264945
2025-07-03T04:00:00,35.931682420813516
2025-07-03T05:00:00,34.64458001178243
2025-07-03T06:00:00,32.99569453363833
2025-07-03T07:00:00,31.704514793727707
2025-07-03T08:00:00,30.78917810191279
2025-07-03T09:00:00,30.45065058832583
2025-07-03T10:00:00,30.867694025454313
2025-07-03T11:00:00,33.491611978282094
2025-07-03T12:00:00,39.2067818019701
2025-07-03T13:00:00,45.537085325821586
2025-07-03T14:00:00,50.85314443837041
2025-07-03T15:00:00,53.55780576623004
2025-07-03T16:00:00,52.08089911419411
2025-07-03T17:00:00,51.22519799937372
2025-07-03T18:00:00,50.21421399323836
2025-07-03T19:00:00,48.63643463798191
2025-07-03T20:00:00,46.401251253874406
2025-07-03T21:00:00,44.30080695774244
2025-07-03T22:00:00,42.997523432192594
2025-07-03T23:00:00,44.053992229959235
2025-07-04T00:00:00,47.35397720336913
2025-07-04T01:00:00,49.124415522036344
2025-07-04T02:00:00,41.087881502897844
2025-07-04T03:00:00,35.739171733026915
2025-07-04T04:00:00,32.68395415596339
2025-07-04T05:00:00,31.536501013714332
2025-07-04T06:00:00,30.460734491762903
2025-07-04T07:00:00,29.584816310716707
2025-07-04T08:00:00,29.604243402895715
2025-07-04T09:00:00,30.059342094089672
2025-07-04T10:00:00,30.0563907623291
2025-07-04T11:00:00,31.36077532560929
2025-07-04T12:00:00,36.83346491274626
2025-07-04T13:00:00,41.36801661615786
2025-07-04T14:00:00,44.772113136623204
2025-07-04T15:00:00,47.67660008306088
2025-07-04T16:00:00,49.5760095015816
2025-07-04T17:00:00,50.40120365308678
2025-07-04T18:00:00,49.93731175298276
2025-07-04T19:00:00,48.2213954096255
2025-07-04T20:00:00,45.962107782778524
2025-07-04T21:00:00,45.33138192218282
2025-07-04T22:00:00,45.24601364135742
2025-07-04T23:00:00,43.89744617628015
2025-07-05T00:00:00,42.78133972831394
2025-07-05T01:00:00,41.47985939357591
2025-07-05T02:00:00,30.27140675420346
2025-07-05T03:00:00,24.088467307712715
2025-07-05T04:00:00,21.51074127528978
2025-07-05T05:00:00,20.201872950014856
2025-07-05T06:00:00,19.161119709844172
2025-07-05T07:00:00,17.684829794842262
2025-07-05T08:00:00,16.308428474094555
2025-07-05T09:00:00,15.843372676683506
2025-07-05T10:00:00,16.34444949937903
2025-07-05T11:00:00,18.253987851350203
2025-07-05T12:00:00,22.570888850999914
2025-07-05T13:00:00,27.130893375562582
2025-07-05T14:00:00,30.88552217898161
2025-07-05T15:00:00,31.74557063890539
2025-07-05T16:00:00,32.49232748280401
2025-07-05T17:00:00,33.60271818741508
2025-07-05T18:00:00,34.28589348171068
2025-07-05T19:00:00,35.118241683296525
2025-07-05T20:00:00,35.64556304268214
2025-07-05T21:00:00,39.022651008937665
2025-07-05T22:00:00,43.35165239417034
2025-07-05T23:00:00,46.54987816188646
2025-07-06T00:00:00,48.83867048180621
2025-07-06T01:00:00,49.04710338426673
2025-07-06T02:00:00,37.21827548483143
2025-07-06T03:00:00,25.912256738413934
2025-07-06T04:00:00,21.574432373046875
2025-07-06T05:00:00,19.456791172856867
2025-07-06T06:00:00,18.62553140391474
2025-07-06T07:00:00,18.966198382170305
2025-07-06T08:00:00,20.05251461526622
2025-07-06T09:00:00,21.49977402065111
2025-07-06T10:00:00,23.144542113594383
2025-07-06T11:00:00,27.096599910570227
2025-07-06T12:00:00,33.26286854951278
2025-07-06T13:00:00,37.624679233716876
2025-07-06T14:00:00,40.7501573977263
2025-07-06T15:00:00,40.26726283197818
2025-07-06T16:00:00,37.932070027226985
2025-07-06T17:00:00,36.88049158842667
2025-07-06T18:00:00,37.85863179745881
2025-07-06T19:00:00,39.47811557935631
2025-07-06T20:00:00,39.01141340836234
2025-07-06T21:00:00,36.572299791418985
2025-07-06T22:00:00,33.958009305207625
2025-07-06T23:00:00,32.81227567921514
2025-07-07T00:00:00,31.806672303572938
2025-07-07T01:00:00,30.048868593962297
2025-07-07T02:00:00,23.01869375809379
2025-07-07T03:00:00,19.193299832551375
2025-07-07T04:00:00,18.225364933843196
2025-07-07T05:00:00,17.313123868859332
2025-07-07T06:00:00,16.278140524159305
2025-07-07T07:00:00,15.324147597603174
2025-07-07T08:00:00,14.621441716733184
2025-07-07T09:00:00,14.230018159617547
2025-07-07T10:00:00,14.60128473198932
2025-07-07T11:00:00,16.72104727703592
2025-07-07T12:00:00,22.8713320856509
2025-07-07T13:00:00,27.267449171646778
2025-07-07T14:00:00,30.68681186178456
2025-07-07T15:00:00,32.97462761920431
2025-07-07T16:00:00,33.43946896428647
2025-07-07T17:00:00,32.28293841818104
2025-07-07T18:00:00,30.504474059395168
2025-07-07T19:00:00,29.440795732581094
2025-07-07T20:00:00,28.703799040421192
2025-07-07T21:00:00,28.345350265502926
2025-07-07T22:00:00,28.01312977334727
2025-07-07T23:00:00,28.128020245095957
2025-07-08T00:00:00,29.222849555637524
2025-07-08T01:00:00,29.54871733292289
2025-07-08T02:00:00,23.20083145473314
2025-07-08T03:00:00,21.45289329860521
2025-07-08T04:00:00,21.968640617702317
2025-07-08T05:00:00,22.52151530721913
2025-07-08T06:00:00,22.99054137520168
2025-07-08T07:00:00,23.019964052283242
2025-07-08T08:00:00,22.466918945312496
2025-07-08T09:00:00,22.020501261172086
2025-07-08T10:00:00,22.4743653173032
2025-07-08T11:00:00,24.461020594057825
2025-07-08T12:00:00,29.260651464047637
2025-07-08T13:00:00,33.910803587540336
2025-07-08T14:00:00,37.143510072127626
2025-07-08T15:00:00,39.95116026505179
2025-07-08T16:00:00,40.41122220910113
2025-07-08T17:00:00,38.66508915113366
2025-07-08T18:00:00,38.59709333336871
2025-07-08T19:00:00,38.02987322599991
2025-07-08T20:00:00,38.67816759192425
2025-07-08T21:00:00,38.92164694744607
2025-07-08T22:00:00,38.54167755790378
2025-07-08T23:00:00,39.04921556555706
2025-07-09T00:00:00,40.86156297766643
2025-07-09T01:00:00,41.662110370138414
2025-07-09T02:00:00,35.56031301747197
2025-07-09T03:00:00,30.27302841518236
2025-07-09T04:00:00,27.899050671121344
2025-07-09T05:00:00,26.485095231429387
2025-07-09T06:00:00,25.99528470246688
2025-07-09T07:00:00,26.05620574951172
2025-07-09T08:00:00,26.23017518416695
2025-07-09T09:00:00,26.716365150783368
2025-07-09T10:00:00,27.730242936507512
2025-07-09T11:00:00,29.735386475272804
2025-07-09T12:00:00,33.02094691732655
2025-07-09T13:00:00,35.91790025130562
2025-07-09T14:00:00,38.64674991110096
2025-07-09T15:00:00,41.989495816438094
2025-07-09T16:00:00,43.05679337874703
2025-07-09T17:00:00,43.1902729531993
2025-07-09T18:00:00,42.63348985754924
2025-07-09T19:00:00,41.02137739762016
2025-07-09T20:00:00,39.92336820519488
2025-07-09T21:00:00,38.67810912754224
2025-07-09T22:00:00,37.39920334194017
2025-07-09T23:00:00,36.73180306476095
2025-07-10T00:00:00,36.896071724269696
2025-07-10T01:00:00,34.90538804427437
2025-07-10T02:00:00,25.48228180926779
2025-07-10T03:00:00,21.863070695296578
2025-07-10T04:00:00,20.1399565986965
2025-07-10T05:00:00,19.565538074659262
2025-07-10T06:00:00,19.457645499187965
2025-07-10T07:00:00,19.604238510131832
2025-07-10T08:00:00,20.156901235165797
2025-07-10T09:00:00,20.965920240982715
2025-07-10T10:00:00,22.34335526176121
2025-07-10T11:00:00,25.95007473489512
2025-07-10T12:00:00,33.75130611917246
2025-07-10T13:00:00,42.216659214185626
2025-07-10T14:00:00,49.02677751624066
2025-07-10T15:00:00,54.36283128157905
2025-07-10T16:00:00,57.434799526048735
2025-07-10T17:00:00,56.73628865117612
2025-07-10T18:00:00,55.50287412560503
2025-07-10T19:00:00,54.35775856349779
2025-07-10T20:00:00,50.58879039598547
2025-07-10T21:00:00,48.33223027768342
2025-07-10T22:00:00,45.68107488880987
2025-07-10T23:00:00,42.850346440854274
2025-07-11T00:00:00,41.41994194362474
2025-07-11T01:00:00,40.73626543127972
2025-07-11T02:00:00,33.007523495218024
2025-07-11T03:00:00,27.316241637520164
2025-07-11T04:00:00,25.590326889701508
2025-07-11T05:00:00,24.823716785596762
2025-07-11T06:00:00,23.858307962832242
2025-07-11T07:00:00,23.22948190440302
2025-07-11T08:00:00,22.91569245379904
2025-07-11T09:00:00,22.76976154161536
2025-07-11T10:00:00,23.25765916575556
2025-07-11T11:00:00,24.685554338538125
2025-07-11T12:00:00,27.312764955603555
2025-07-11T13:00:00,30.191949927288547
2025-07-11T14:00:00,31.710547488668684
2025-07-11T15:00:00,31.936687884123423
2025-07-11T16:00:00,30.684736251831048
2025-07-11T17:00:00,30.20496982076893
2025-07-11T18:00:00,30.805041686348293
2025-07-11T19:00:00,31.165503294571582
2025-07-11T20:00:00,30.432851459669028
2025-07-11T21:00:00,28.374520343282942
2025-07-11T22:00:00,27.288492534471594
2025-07-11T23:00:00,28.12192012952721
2025-07-12T00:00:00,30.111964018448536
2025-07-12T01:00:00,28.751899387525473
2025-07-12T02:00:00,22.4593041461447
2025-07-12T03:00:00,19.630591268124785
2025-07-12T04:00:00,18.32288136689559
2025-07-12T05:00:00,17.63081376448921
2025-07-12T06:00:00,17.229583989018977
2025-07-12T07:00:00,17.291321630063262
2025-07-12T08:00:00,17.318251982979152
2025-07-12T09:00:00,17.29563414532205
2025-07-12T10:00:00,17.93345559161642
2025-07-12T11:00:00,20.257373229317043
2025-07-12T12:00:00,26.331550266431723
2025-07-12T13:00:00,30.639565758083176
2025-07-12T14:00:00,32.57151338328486
2025-07-12T15:00:00,34.76346496913744
2025-07-12T16:00:00,36.841596520465345
2025-07-12T17:00:00,39.73897535904594
2025-07-12T18:00:00,40.67631746375042
2025-07-12T19:00:00,39.01592022439708
2025-07-12T20:00:00,38.1817165872325
2025-07-12T21:00:00,39.38765467768129
2025-07-12T22:00:00,42.32250213623046
2025-07-12T23:00:00,44.814554794974946
2025-07-13T00:00:00,41.31145726079526
2025-07-13T01:00:00,30.884759571241293
2025-07-13T02:00:00,23.73498618084451
2025-07-13T03:00:00,20.744725351748258
2025-07-13T04:00:00,18.533714874931
2025-07-13T05:00:00,17.527255099752672
2025-07-13T06:00:00,17.150050204733144
2025-07-13T07:00:00,16.951774182526957
2025-07-13T08:00:00,16.583537806635317
2025-07-13T09:00:00,16.503430573836614
2025-07-13T10:00:00,17.262414434681766
2025-07-13T11:00:00,19.466203606646992
2025-07-13T12:00:00,23.658357703167454
2025-07-13T13:00:00,27.376788595448367
2025-07-13T14:00:00,30.500744861105208
2025-07-13T15:00:00,34.046027722566016
2025-07-13T16:00:00,32.92605881069017
2025-07-13T17:00:00,31.71802305138629
2025-07-13T18:00:00,34.291181978972055
2025-07-13T19:00:00,35.09755391659944
2025-07-13T20:00:00,33.5947267283564
2025-07-13T21:00:00,32.38842350503672
2025-07-13T22:00:00,32.16868798629097
2025-07-13T23:00:00,32.2428740625796
2025-07-14T00:00:00,33.822113949319586
2025-07-14T01:00:00,34.97461700439453
2025-07-14T02:00:00,31.23004424053689
2025-07-14T03:00:00,28.963435629139774
2025-07-14T04:00:00,28.636448321135145
2025-07-14T05:00:00,29.06235711470894
2025-07-14T06:00:00,29.301660123078715
2025-07-14T07:00:00,28.826677571172297
2025-07-14T08:00:00,26.918947468633238
2025-07-14T09:00:00,24.687506468399707
2025-07-14T10:00:00,24.476432053939156
2025-07-14T11:00:00,26.72986793518066
2025-07-14T12:00:00,30.99348731662916
2025-07-14T13:00:00,35.393470266590946
2025-07-14T14:00:00,38.05132691756538
2025-07-14T15:00:00,38.4899789561396
2025-07-14T16:00:00,37.29079420670219
2025-07-14T17:00:00,36.29216484401537
2025-07-14T18:00:00,36.06339263916015
2025-07-14T19:00:00,36.30952188243037
2025-07-14T20:00:00,37.37481175298276
2025-07-14T21:00:00,37.19033299321713
2025-07-14T22:00:00,36.64549918796705
2025-07-14T23:00:00,37.087898751963735
2025-07-15T00:00:00,38.13782152922256
2025-07-15T01:00:00,36.28039501024329
2025-07-15T02:00:00,29.97268071381942
2025-07-15T03:00:00,25.394273094508954
2025-07-15T04:00:00,23.200427677320395
2025-07-15T05:00:00,21.863440555074938
2025-07-15T06:00:00,21.34409183004628
2025-07-15T07:00:00,21.700029456097145
2025-07-15T08:00:00,22.339271960051164
2025-07-15T09:00:00,22.570128814033836
2025-07-15T10:00:00,22.372198602427606
2025-07-15T11:00:00,23.381360427193016
2025-07-15T12:00:00,29.252168655395508
2025-07-15T13:00:00,36.71556787905486
2025-07-15T14:00:00,43.58444130938985
2025-07-15T15:00:00,50.274380227793806
2025-07-15T16:00:00,55.04901604030443
2025-07-15T17:00:00,58.07581992771314
2025-07-15T18:00:00,58.51419349338697
2025-07-15T19:00:00,57.47495087333346
2025-07-15T20:00:00,56.21321785968282
2025-07-15T21:00:00,53.5087484276813
2025-07-15T22:00:00,48.75716018676757
2025-07-15T23:00:00,46.078322203262985
2025-07-16T00:00:00,47.010782822318696
2025-07-16T01:00:00,49.73026209292204
2025-07-16T02:00:00,40.4429294752038
2025-07-16T03:00:00,27.568528548530907
2025-07-16T04:00:00,25.233895177426547
2025-07-16T05:00:00,24.39005495154339
2025-07-16T06:00:00,23.72946166992187
2025-07-16T07:00:00,22.70973669964334
2025-07-16T08:00:00,21.880143372908883
2025-07-16T09:00:00,21.497333277826723
2025-07-16T10:00:00,21.80006110149881
2025-07-16T11:00:00,23.476851173069168
2025-07-16T12:00:00,27.110605488652766
2025-07-16T13:00:00,32.02905497343643
2025-07-16T14:00:00,38.12242242564325
2025-07-16T15:00:00,41.11491112087083
2025-07-16T16:00:00,41.0479910477348
2025-07-16T17:00:00,38.60243424125339
2025-07-16T18:00:00,35.3184179223102
2025-07-16T19:00:00,34.43453714121942
2025-07-16T20:00:00,35.86358742091966
2025-07-16T21:00:00,37.34950455375339
2025-07-16T22:00:00,38.496407716170594
2025-07-16T23:00:00,38.925244372823954
2025-07-17T00:00:00,38.298331882642664
2025-07-17T01:00:00,37.276497384776235
2025-07-17T02:00:00,25.295776615972102
2025-07-17T03:00:00,19.382837378460422
2025-07-17T04:00:00,17.329682308694586
2025-07-17T05:00:00,16.341892325359844
2025-07-17T06:00:00,15.521025699117908
2025-07-17T07:00:00,15.098486029583476
2025-07-17T08:00:00,15.737493929655653
2025-07-17T09:00:00,17.44960942475692
2025-07-17T10:00:00,19.846786001454227
2025-07-17T11:00:00,23.31416080308997
2025-07-17T12:00:00,28.21214161748471
2025-07-17T13:00:00,30.78867613750955
2025-07-17T14:00:00,31.90906068553095
2025-07-17T15:00:00,34.13530499002208
2025-07-17T16:00:00,33.91819862697435
2025-07-17T17:00:00,31.584706430849813
2025-07-17T18:00:00,31.558500787486196
2025-07-17T19:00:00,30.44588304602581
2025-07-17T20:00:00,28.399031680563215
2025-07-17T21:00:00,28.41080458267875
2025-07-17T22:00:00,30.061118084451422
2025-07-17T23:00:00,28.85520097483759
2025-07-18T00:00:00,25.841427098149836
2025-07-18T01:00:00,24.19731629413107
2025-07-18T02:00:00,23.86144820503566
2025-07-18T03:00:00,22.46857220193614
2025-07-18T04:00:00,20.731342149817422
2025-07-18T05:00:00,20.236632554427437
2025-07-18T06:00:00,19.008125056391172
2025-07-18T07:00:00,17.01248260166334
2025-07-18T08:00:00,16.689095455667246
2025-07-18T09:00:00,18.416836282481317
2025-07-18T10:00:00,19.509354715761926
2025-07-18T11:00:00,21.027067350304645
2025-07-18T12:00:00,24.71793265964674
2025-07-18T13:00:00,27.356131180472996
2025-07-18T14:00:00,29.803505773129668
2025-07-18T15:00:00,29.640714396601133
2025-07-18T16:00:00,30.15121186297872
2025-07-18T17:00:00,31.33943524567977
2025-07-18T18:00:00,29.700359842051625
2025-07-18T19:00:00,25.964500593102493
2025-07-18T20:00:00,25.545801079791524
2025-07-18T21:00:00,27.999156537263286
2025-07-18T22:00:00,27.981903573741082
2025-07-18T23:00:00,26.5462881171185
2025-07-19T00:00:00,25.565521489018977
2025-07-19T01:00:00,24.330484307330586
2025-07-19T02:00:00,20.05461949887483
2025-07-19T03:00:00,18.185264089833133
2025-07-19T04:00:00,16.357789827429727
2025-07-19T05:00:00,15.123027469800864
2025-07-19T06:00:00,16.000671801359758
2025-07-19T07:00:00,17.561502290808637
2025-07-19T08:00:00,18.40268740446671
2025-07-19T09:00:00,19.072104661361028
2025-07-19T10:00:00,20.066664156706437
2025-07-19T11:00:00,21.775114142376445
2025-07-19T12:00:00,23.990570731784985
2025-07-19T13:00:00,26.067034099413
2025-07-19T14:00:00,28.081954375557277
2025-07-19T15:00:00,29.667341149371598
2025-07-19T16:00:00,30.86164988642153
2025-07-19T17:00:00,31.394287026446793
2025-07-19T18:00:00,31.456954873126485
2025-07-19T19:00:00,31.93637565944505
2025-07-19T20:00:00,32.24204536106276
2025-07-19T21:00:00,32.49757791602093
2025-07-19T22:00:00,32.75282088569973
2025-07-19T23:00:00,32.41475602854853
2025-07-20T00:00:00,31.68801614512568
2025-07-20T01:00:00,29.53295691116996
2025-07-20T02:00:00,26.092471247134
2025-07-20T03:00:00,22.05037780430006
2025-07-20T04:00:00,19.31502209538999
2025-07-20T05:00:00,18.61501660554305
2025-07-20T06:00:00,17.833925413048785
2025-07-20T07:00:00,17.473963944808297
2025-07-20T08:00:00,17.28196260203486
2025-07-20T09:00:00,17.70762667448624
2025-07-20T10:00:00,19.15149987262228
2025-07-20T11:00:00,21.000249033388886
2025-07-20T12:00:00,23.8642229826554
2025-07-20T13:00:00,26.970007274461828
2025-07-20T14:00:00,30.484465889308762
2025-07-20T15:00:00,34.55019959159519
2025-07-20T16:00:00,37.6765894682511
2025-07-20T17:00:00,38.22142841504968
2025-07-20T18:00:00,36.60631511522376
2025-07-20T19:00:00,34.40191161114237
2025-07-20T20:00:00,31.975998007732887
2025-07-20T21:00:00,30.90348849089249
2025-07-20T22:00:00,29.43088431980299
2025-07-20T23:00:00,28.318875520125676
2025-07-21T00:00:00,27.67462042103643
2025-07-21T01:00:00,26.762406639430832
2025-07-21T02:00:00,26.039150735606317
2025-07-21T03:00:00,24.059389363164485
2025-07-21T04:00:00,23.0054585830025
2025-07-21T05:00:00,21.587846838909645
2025-07-21T06:00:00,20.435730229253352
2025-07-21T07:00:00,19.913819437441614
2025-07-21T08:00:00,19.771567137345023
2025-07-21T09:00:00,20.157433551290758
2025-07-21T10:00:00,21.32327834419582
2025-07-21T11:00:00,24.10774421691894
2025-07-21T12:00:00,27.651207965353258
2025-07-21T13:00:00,30.417736633964203
2025-07-21T14:00:00,32.79227804101031
2025-07-21T15:00:00,35.2989855227263
2025-07-21T16:00:00,38.11788675059443
2025-07-21T17:00:00,40.72139690233313
2025-07-21T18:00:00,42.365529267684266
2025-07-21T19:00:00,41.61077350118885
2025-07-21T20:00:00,40.5543911146081
2025-07-21T21:00:00,41.0955347807511
2025-07-21T22:00:00,42.897834114406415
2025-07-21T23:00:00,44.296733690344766
2025-07-22T00:00:00,44.38129325534987
2025-07-22T01:00:00,39.29282611349354
2025-07-22T02:00:00,29.01720992378566
2025-07-22T03:00:00,24.19086920696756
2025-07-22T04:00:00,22.612645854120668
2025-07-22T05:00:00,21.962533784949258
2025-07-22T06:00:00,21.068063735961914
2025-07-22T07:00:00,20.13607539301333
2025-07-22T08:00:00,19.92494160196055
2025-07-22T09:00:00,20.89866032807723
2025-07-22T10:00:00,22.22217742256496
2025-07-22T11:00:00,23.564849770587422
2025-07-22T12:00:00,26.533154777858563
2025-07-22T13:00:00,30.60965247776197
2025-07-22T14:00:00,34.27632705025051
2025-07-22T15:00:00,37.729530002759844
2025-07-22T16:00:00,40.27135649971339
2025-07-22T17:00:00,40.7970846424932
2025-07-22T18:00:00,39.961857505466625
2025-07-22T19:00:00,37.77948711229406
2025-07-22T20:00:00,35.38570951378864
2025-07-22T21:00:00,32.554065704345696
2025-07-22T22:00:00,31.653019200200617
2025-07-22T23:00:00,30.968534552532688
2025-07-23T00:00:00,32.0089117133099
2025-07-23T01:00:00,31.584949410479993
2025-07-23T02:00:00,28.953209089196243
2025-07-23T03:00:00,25.674024084339965
2025-07-23T04:00:00,22.17471006642217
2025-07-23T05:00:00,19.39444931693699
2025-07-23T06:00:00,16.79844060151473
2025-07-23T07:00:00,14.757084805032479
2025-07-23T08:00:00,13.753199079762332
2025-07-23T09:00:00,14.037253918855086
2025-07-23T10:00:00,15.954356981360393
2025-07-23T11:00:00,20.434332308561906
2025-07-23T12:00:00,27.24159530971361
2025-07-23T13:00:00,30.660557456638497
2025-07-23T14:00:00,30.84802760248599
2025-07-23T15:00:00,30.317692715188723
2025-07-23T16:00:00,31.02010959127675
2025-07-23T17:00:00,31.040969268135395
2025-07-23T18:00:00,30.430520513783332
2025-07-23T19:00:00,28.5298492597497
2025-07-23T20:00:00,27.537100087041438
2025-07-23T21:00:00,27.30009385813837
2025-07-23T22:00:00,26.764559870180875
2025-07-23T23:00:00,27.47416902625042
2025-07-24T00:00:00,29.65922247845193
2025-07-24T01:00:00,28.877009267392367
2025-07-24T02:00:00,23.76526815994926
2025-07-24T03:00:00,20.454369088877797
2025-07-24T04:00:00,17.98900032043457
2025-07-24T05:00:00,15.77327728271484
2025-07-24T06:00:00,14.655405790909475
2025-07-24T07:00:00,13.90102262082307
2025-07-24T08:00:00,13.731793818266494
2025-07-24T09:00:00,14.601922035217285
2025-07-24T10:00:00,15.81449052561884
2025-07-24T11:00:00,20.025260344795555
2025-07-24T12:00:00,25.053010940551754
2025-07-24T13:00:00,27.069500301195223
2025-07-24T14:00:00,26.746474722157352
2025-07-24T15:00:00,29.35260067815366
2025-07-24T16:00:00,30.772278910097864
2025-07-24T17:00:00,31.56514889260997
2025-07-24T18:00:00,31.905275510705028
2025-07-24T19:00:00,30.64082535453464
2025-07-24T20:00:00,29.7783786110256
2025-07-24T21:00:00,30.278849394425098
2025-07-24T22:00:00,29.96301991006602
2025-07-24T23:00:00,29.497547398442805
2025-07-25T00:00:00,28.935520172119134
2025-07-25T01:00:00,28.119934164959446
2025-07-25T02:00:00,21.905427932739254
2025-07-25T03:00:00,18.951281506082285
2025-07-25T04:00:00,18.18586274851923
2025-07-25T05:00:00,18.306983698969297
2025-07-25T06:00:00,18.49387973287831
2025-07-25T07:00:00,18.82267902208411
2025-07-25T08:00:00,19.132090941719383
2025-07-25T09:00:00,19.423918102098547
2025-07-25T10:00:00,19.898455661276113
2025-07-25T11:00:00,21.02354862378991
2025-07-25T12:00:00,23.852056005726684
2025-07-25T13:00:00,27.077204082323153
2025-07-25T14:00:00,29.833725224370536
2025-07-25T15:00:00,32.65307890850565
2025-07-25T16:00:00,34.39756940758746
2025-07-25T17:00:00,35.46904845859693
2025-07-25T18:00:00,36.76008257658585
2025-07-25T19:00:00,37.09077005800993
2025-07-25T20:00:00,36.38225970060929
2025-07-25T21:00:00,35.777843972911
2025-07-25T22:00:00,35.83669861503269
2025-07-25T23:00:00,36.49666197403617
2025-07-26T00:00:00,37.48250032507854
2025-07-26T01:00:00,36.42878938757855
2025-07-26T02:00:00,31.02174277927564
2025-07-26T03:00:00,27.418799193009086
2025-07-26T04:00:00,26.009866133980125
2025-07-26T05:00:00,24.933039126188856
2025-07-26T06:00:00,23.84058678668478
2025-07-26T07:00:00,23.677112247632895
2025-07-26T08:00:00,24.07064446159031
2025-07-26T09:00:00,24.841360672660493
2025-07-26T10:00:00,26.302299333655313
2025-07-26T11:00:00,29.339795402858567
2025-07-26T12:00:00,34.11133674953295
2025-07-26T13:00:00,38.0415797026261
2025-07-26T14:00:00,40.55067277991253
2025-07-26T15:00:00,43.49642911164656
2025-07-26T16:00:00,43.50518019303031
2025-07-26T17:00:00,41.49495929220448
2025-07-26T18:00:00,40.973444067913555
2025-07-26T19:00:00,42.09650985054348
2025-07-26T20:00:00,42.94468042124872
2025-07-26T21:00:00,43.205832274063766
2025-07-26T22:00:00,41.86759898973547
2025-07-26T23:00:00,38.58838670150093
2025-07-27T00:00:00,36.77521780262823
2025-07-27T01:00:00,37.40138261214546
2025-07-27T02:00:00,34.50420611837635
2025-07-27T03:00:00,31.39918874657672
2025-07-27T04:00:00,29.028272214143165
2025-07-27T05:00:00,28.33790986434273
2025-07-27T06:00:00,27.07191641434379
2025-07-27T07:00:00,25.0465786975363
2025-07-27T08:00:00,22.801575453385063
2025-07-27T09:00:00,20.912175385848332
2025-07-27T10:00:00,21.38047533449919
2025-07-27T11:00:00,25.137103536854614
2025-07-27T12:00:00,34.25220622187075
2025-07-27T13:00:00,42.5991154546323
2025-07-27T14:00:00,47.662698828655735
2025-07-27T15:00:00,52.55529005631156
2025-07-27T16:00:00,55.208998472794235
2025-07-27T17:00:00,52.11418019170346
2025-07-27T18:00:00,46.268230935801625
2025-07-27T19:00:00,41.5866005938986
2025-07-27T20:00:00,39.399203839509376
2025-07-27T21:00:00,39.67242862867272
2025-07-27T22:00:00,40.643403924029805
2025-07-27T23:00:00,41.76240838092306
2025-07-28T00:00:00,42.938573422639266
2025-07-28T01:00:00,42.233937470809266
2025-07-28T02:00:00,32.83430315100628
2025-07-28T03:00:00,30.859508016835083
2025-07-28T04:00:00,31.17055188054624
2025-07-28T05:00:00,31.20968321095342
2025-07-28T06:00:00,30.71607108738111
2025-07-28T07:00:00,30.63386145881984
2025-07-28T08:00:00,31.19949979367463
2025-07-28T09:00:00,31.85799623572308
2025-07-28T10:00:00,32.56896010689113
2025-07-28T11:00:00,34.809580761453375
2025-07-28T12:00:00,42.44321209451426
2025-07-28T13:00:00,51.11436810700789
2025-07-28T14:00:00,57.303740957508914
2025-07-28T15:00:00,58.688399936841876
2025-07-28T16:00:00,59.146071226700485
2025-07-28T17:00:00,60.137346848197595
2025-07-28T18:00:00,54.07298394908075
2025-07-28T19:00:00,48.610924430515446
2025-07-28T20:00:00,46.57265853881835
2025-07-28T21:00:00,46.15991526064665
2025-07-28T22:00:00,45.77948429273522
2025-07-28T23:00:00,42.95742565652598
2025-07-29T00:00:00,42.423580998959736
2025-07-29T01:00:00,41.90614882759426
2025-07-29T02:00:00,34.65917520937712
2025-07-29T03:00:00,32.85172968325407
2025-07-29T04:00:00,32.34738474306853
2025-07-29T05:00:00,31.41962698231572
2025-07-29T06:00:00,30.446726591690723
2025-07-29T07:00:00,29.386740477188773
2025-07-29T08:00:00,29.49067464082137
2025-07-29T09:00:00,29.56278344859247
2025-07-29T10:00:00,29.53253240170686
2025-07-29T11:00:00,30.915617320848543
2025-07-29T12:00:00,37.719485739003055
2025-07-29T13:00:00,47.68217219477114
2025-07-29T14:00:00,58.42025143167246
2025-07-29T15:00:00,61.56225718622621
2025-07-29T16:00:00,55.53056915946628
2025-07-29T17:00:00,46.78501726233441
2025-07-29T18:00:00,41.17512760991635
2025-07-29T19:00:00,40.21614406419837
2025-07-29T20:00:00,41.05753575200619
2025-07-29T21:00:00,40.44579845926036
2025-07-29T22:00:00,39.23491900900135
2025-07-29T23:00:00,39.13757871544879
2025-07-30T00:00:00,37.53842262599779
2025-07-30T01:00:00,34.03338382555091
2025-07-30T02:00:00,29.270508558853813
2025-07-30T03:00:00,27.686777446580965
2025-07-30T04:00:00,26.350848405257512
2025-07-30T05:00:00,24.65654033163319
2025-07-30T06:00:00,23.51628311820652
2025-07-30T07:00:00,22.57139454717221
2025-07-30T08:00:00,21.977465256400727
2025-07-30T09:00:00,21.883416383162785
2025-07-30T10:00:00,22.432838025300395
2025-07-30T11:00:00,24.450168526690938
2025-07-30T12:00:00,29.879756678705625
2025-07-30T13:00:00,35.58301743217136
2025-07-30T14:00:00,38.14737270189368
2025-07-30T15:00:00,40.453270621921696
2025-07-30T16:00:00,44.11045588617739
2025-07-30T17:00:00,45.60699462890624
2025-07-30T18:00:00,47.15612759797469
2025-07-30T19:00:00,45.852641893469766
2025-07-30T20:00:00,42.16203656403914
2025-07-30T21:00:00,40.761474941087805
2025-07-30T22:00:00,41.116439653479524
2025-07-30T23:00:00,41.63910061380137
2025-07-31T00:00:00,40.39715990812882
2025-07-31T01:00:00,32.76908575970194
2025-07-31T02:00:00,25.157263133836828
2025-07-31T03:00:00,21.3518008356509
2025-07-31T04:00:00,19.162640198417332
2025-07-31T05:00:00,18.196825110394023
2025-07-31T06:00:00,18.393859531568445
2025-07-31T07:00:00,17.51001747794773
2025-07-31T08:00:00,16.88843188078507
2025-07-31T09:00:00,17.121746726658035
2025-07-31T10:00:00,18.314767920452613
2025-07-31T11:00:00,21.825368300728176
2025-07-31T12:00:00,28.80189223911451
2025-07-31T13:00:00,37.45861335422681
2025-07-31T14:00:00,46.441197602645204
2025-07-31T15:00:00,56.029271830683165
2025-07-31T16:00:00,63.73957658850628
2025-07-31T17:00:00,68.13452048923658
2025-07-31T18:00:00,69.70989028267238
2025-07-31T19:00:00,68.62560670272163
2025-07-31T20:00:00,67.88576905623725
2025-07-31T21:00:00,70.07148510476817
2025-07-31T22:00:00,73.87758006220277
2025-07-31T23:00:00,78.60351396643597
2025-08-01T00:00:00,79.29846158234969
2025-08-01T01:00:00,76.07242086659306
2025-08-01T02:00:00,51.02536956123683
2025-08-01T03:00:00,36.00688967497452
2025-08-01T04:00:00,28.456883720729657
2025-08-01T05:00:00,24.321576740430746
2025-08-01T06:00:00,22.437687086022414
2025-08-01T07:00:00,22.214459875355594
2025-08-01T08:00:00,22.869984999946926
2025-08-01T09:00:00,26.213215040123977
2025-08-01T10:00:00,32.09455490112305
2025-08-01T11:00:00,40.708200371783704
2025-08-01T12:00:00,51.66379132478133
2025-08-01T13:00:00,63.68099842900814
2025-08-01T14:00:00,75.04422726838484
2025-08-01T15:00:00,83.47958208167033
2025-08-01T16:00:00,89.42212643830672
2025-08-01T17:00:00,97.18658447265624
2025-08-01T18:00:00,101.72106502367102
2025-08-01T19:00:00,100.42503091563347
2025-08-01T20:00:00,95.53720822541608
2025-08-01T21:00:00,88.47061754309611
2025-08-01T22:00:00,77.35599716849948
2025-08-01T23:00:00,63.44881903606912
2025-08-02T00:00:00,47.952976724375844
2025-08-02T01:00:00,37.10826343038807
2025-08-02T02:00:00,27.11862232374108
2025-08-02T03:00:00,23.938102639239766
2025-08-02T04:00:00,22.463593607363492
2025-08-02T05:00:00,21.28623589225437
2025-08-02T06:00:00,20.476277144058887
2025-08-02T07:00:00,20.10957626674486
2025-08-02T08:00:00,20.34518125782842
2025-08-02T09:00:00,21.225886883942973
2025-08-02T10:00:00,22.63060196586277
2025-08-02T11:00:00,24.834019038988195
2025-08-02T12:00:00,30.084308375482973
2025-08-02T13:00:00,36.17475095002548
2025-08-02T14:00:00,41.42790703151537
2025-08-02T15:00:00,47.939826965332024
2025-08-02T16:00:00,57.43153878916864
2025-08-02T17:00:00,67.65547926529594
2025-08-02T18:00:00,76.94767031462295
2025-08-02T19:00:00,79.03293808646823
2025-08-02T20:00:00,74.21481124214503
2025-08-02T21:00:00,65.50456436820652
2025-08-02T22:00:00,59.32996036695397
2025-08-02T23:00:00,56.42212096504542
2025-08-03T00:00:00,55.21162414550781
2025-08-03T01:00:00,49.8414193858271
2025-08-03T02:00:00,39.16269849694293
2025-08-03T03:00:00,33.66129120536472
2025-08-03T04:00:00,31.447267449420426
2025-08-03T05:00:00,27.829293707142703
2025-08-03T06:00:00,25.01452006464419
2025-08-03T07:00:00,23.97394462253736
2025-08-03T08:00:00,22.868147062218707
2025-08-03T09:00:00,22.53426394255265
2025-08-03T10:00:00,23.87631490956182
2025-08-03T11:00:00,29.277062042899747
2025-08-03T12:00:00,41.86883793706479
2025-08-03T13:00:00,57.55373880137567
2025-08-03T14:00:00,65.21803681746772
2025-08-03T15:00:00,64.84842084801714
2025-08-03T16:00:00,59.60263161037278
2025-08-03T17:00:00,51.74054369719131
2025-08-03T18:00:00,44.39145113074261
2025-08-03T19:00:00,39.03017110409944
2025-08-03T20:00:00,37.85966707312542
2025-08-03T21:00:00,39.56544113159179
2025-08-03T22:00:00,41.2233651202658
2025-08-03T23:00:00,43.01123710300611
2025-08-04T00:00:00,46.05325052012568
2025-08-04T01:00:00,47.587270653766126
2025-08-04T02:00:00,40.92449420431385
2025-08-04T03:00:00,34.98677427872367
2025-08-04T04:00:00,29.12505357161812
2025-08-04T05:00:00,27.244810187298313
2025-08-04T06:00:00,24.918837091197133
2025-08-04T07:00:00,22.08920171986455
2025-08-04T08:00:00,21.635132914004114
2025-08-04T09:00:00,22.430759429931637
2025-08-04T10:00:00,25.268138222072434
2025-08-04T11:00:00,34.418187182882555
2025-08-04T12:00:00,44.3645371146824
2025-08-04T13:00:00,54.06606110282566
2025-08-04T14:00:00,69.44791362596595
2025-08-04T15:00:00,84.04170923647672
2025-08-04T16:00:00,89.97915715756622
2025-08-04T17:00:00,87.02523704197095
2025-08-04T18:00:00,86.97141564410666
2025-08-04T19:00:00,85.3948098887568
2025-08-04T20:00:00,82.01506440535834
2025-08-04T21:00:00,79.14081971541694
2025-08-04T22:00:00,75.84644616168478
2025-08-04T23:00:00,70.3035832280698
2025-08-05T00:00:00,66.84602654498556
2025-08-05T01:00:00,62.73128443178922
2025-08-05T02:00:00,40.42283165973165
2025-08-05T03:00:00,29.52981501040251
2025-08-05T04:00:00,25.8417040783426
2025-08-05T05:00:00,22.86622669385827
2025-08-05T06:00:00,20.749725010084067
2025-08-05T07:00:00,19.408010151075278
2025-08-05T08:00:00,19.540132273798402
2025-08-05T09:00:00,21.814627523007598
2025-08-05T10:00:00,24.98353692759638
2025-08-05T11:00:00,29.73885080088739
2025-08-05T12:00:00,37.407049925430954
2025-08-05T13:00:00,41.70144122579823
2025-08-05T14:00:00,44.8468604709791
2025-08-05T15:00:00,44.39197656382685
2025-08-05T16:00:00,47.030216382897414
2025-08-05T17:00:00,49.95469781626825
2025-08-05T18:00:00,53.468002485192336
2025-08-05T19:00:00,54.907430234162696
2025-08-05T20:00:00,55.09399563333262
2025-08-05T21:00:00,56.59513373996899
2025-08-05T22:00:00,59.26202890147333
2025-08-05T23:00:00,59.75616471663764
2025-08-06T00:00:00,55.530287701150634
2025-08-06T01:00:00,46.15550895359204
2025-08-06T02:00:00,33.778123440949805
2025-08-06T03:00:00,28.92648066645083
2025-08-06T04:00:00,27.184091153352153
2025-08-06T05:00:00,26.334008009537403
2025-08-06T06:00:00,26.093438770460043
2025-08-06T07:00:00,25.564131114793856
2025-08-06T08:00:00,25.157628764276918
2025-08-06T09:00:00,25.007572091144063
2025-08-06T10:00:00,25.44025976761527
2025-08-06T11:00:00,27.424698705258574
2025-08-06T12:00:00,34.49280266139818
2025-08-06T13:00:00,42.62944030761718
2025-08-06T14:00:00,46.46050046837848
2025-08-06T15:00:00,50.39784406579058
2025-08-06T16:00:00,53.97016458925994
2025-08-06T17:00:00,57.914485433827274
2025-08-06T18:00:00,62.71566357819929
2025-08-06T19:00:00,61.38201622340989
2025-08-06T20:00:00,55.65224639229152
2025-08-06T21:00:00,48.10007045579993
2025-08-06T22:00:00,44.86030678127123
2025-08-06T23:00:00,45.94096639881963
2025-08-07T00:00:00,50.824046093484625
2025-08-07T01:00:00,54.88274400130562
2025-08-07T02:00:00,51.41922594153362
2025-08-07T03:00:00,40.72901103807532
2025-08-07T04:00:00,34.0728124535602
2025-08-07T05:00:00,31.941039873206094
2025-08-07T06:00:00,30.521636548249614
2025-08-07T07:00:00,28.822870835014008
2025-08-07T08:00:00,29.130569872648817
2025-08-07T09:00:00,32.067612026048735
2025-08-07T10:00:00,36.22770607989767
2025-08-07T11:00:00,40.21211640731148
2025-08-07T12:00:00,52.33560197249702
2025-08-07T13:00:00,69.4979833519977
2025-08-07T14:00:00,81.56619494894275
2025-08-07T15:00:00,87.71367413064708
2025-08-07T16:00:00,80.26224385137142
2025-08-07T17:00:00,71.30550085979958
2025-08-07T18:00:00,65.53927064978558
2025-08-07T19:00:00,65.22474421625552
2025-08-07T20:00:00,64.91156437086022
2025-08-07T21:00:00,65.08180767556894
2025-08-07T22:00:00,64.58142836197563
2025-08-07T23:00:00,63.999896008035414
2025-08-08T00:00:00,62.87998962402343
2025-08-08T01:00:00,59.977093406345524
2025-08-08T02:00:00,41.792582802150555
2025-08-08T03:00:00,31.737462831580114
2025-08-08T04:00:00,28.14630135245945
2025-08-08T05:00:00,26.38856879524562
2025-08-08T06:00:00,25.920947282210637
2025-08-08T07:00:00,26.337396041206688
2025-08-08T08:00:00,27.131583835767664
2025-08-08T09:00:00,28.08894480829653
2025-08-08T10:00:00,29.205973169077993
2025-08-08T11:00:00,33.181247047756024
2025-08-08T12:00:00,42.60761808312457
2025-08-08T13:00:00,53.469584257706344
2025-08-08T14:00:00,62.89555640842603
2025-08-08T15:00:00,71.27913798456606
2025-08-08T16:00:00,76.8396987915039
2025-08-08T17:00:00,80.64587767227836
2025-08-08T18:00:00,83.87783382249914
2025-08-08T19:00:00,88.02252827519955
2025-08-08T20:00:00,93.4802020529042
2025-08-08T21:00:00,99.72456127664316
2025-08-08T22:00:00,106.72304568083389
2025-08-08T23:00:00,112.29508905825406
2025-08-09T00:00:00,112.73458165707795
2025-08-09T01:00:00,109.70923614501952
2025-08-09T02:00:00,67.48475447944972
2025-08-09T03:00:00,40.630842623503305
2025-08-09T04:00:00,30.07808560910432
2025-08-09T05:00:00,24.59900026736052
2025-08-09T06:00:00,21.514875329059098
2025-08-09T07:00:00,20.26227619336999
2025-08-09T08:00:00,21.184687572976813
2025-08-09T09:00:00,22.594184129134465
2025-08-09T10:00:00,25.37426882204802
2025-08-09T11:00:00,31.51504723922066
2025-08-09T12:00:00,40.455260401186734
2025-08-09T13:00:00,50.20798807558806
2025-08-09T14:00:00,59.33387192435885
2025-08-09T15:00:00,66.35101417873216
2025-08-09T16:00:00,70.82480156939963
2025-08-09T17:00:00,73.50007264510445
2025-08-09T18:00:00,72.83407393745753
2025-08-09T19:00:00,69.51359956160836
2025-08-09T20:00:00,67.04617773968239
2025-08-09T21:00:00,65.49260048244311
2025-08-09T22:00:00,63.86251117872155
2025-08-09T23:00:00,60.991025344185196
2025-08-10T00:00:00,57.501907348632805
2025-08-10T01:00:00,55.09099131045134
2025-08-10T02:00:00,46.43801382313603
2025-08-10T03:00:00,37.17672215337338
2025-08-10T04:00:00,32.067061382791266
2025-08-10T05:00:00,29.596168766851008
2025-08-10T06:00:00,28.16344037263289
2025-08-10T07:00:00,26.80854225158691
2025-08-10T08:00:00,25.907968686974566
2025-08-10T09:00:00,25.384961169698958
2025-08-10T10:00:00,25.922027504962422
2025-08-10T11:00:00,29.177104949951172
2025-08-10T12:00:00,35.38792469190514
2025-08-10T13:00:00,41.952911874522336
2025-08-10T14:00:00,45.301085098930024
2025-08-10T15:00:00,47.02559612108313
2025-08-10T16:00:00,49.12267585422681
2025-08-10T17:00:00,52.30346696273139
2025-08-10T18:00:00,54.65028215491253
2025-08-10T19:00:00,55.86787431136421
2025-08-10T20:00:00,54.02209671683933
2025-08-10T21:00:00,49.5148867731509
2025-08-10T22:00:00,46.371414350426704
2025-08-10T23:00:00,47.32533181231954
2025-08-11T00:00:00,49.957528985064954
2025-08-11T01:00:00,46.35092129914656
2025-08-11T02:00:00,36.08705835757048
2025-08-11T03:00:00,33.5040167932925
2025-08-11T04:00:00,32.83333297397779
2025-08-11T05:00:00,32.328702926635735
2025-08-11T06:00:00,31.435066637785535
2025-08-11T07:00:00,30.768115748529844
2025-08-11T08:00:00,29.913634175839626
2025-08-11T09:00:00,29.052687188853387
2025-08-11T10:00:00,28.76815008080524
2025-08-11T11:00:00,30.5448350491731
2025-08-11T12:00:00,36.118906435759165
2025-08-11T13:00:00,42.51426447992739
2025-08-11T14:00:00,44.55697714764139
2025-08-11T15:00:00,45.016002820885696
2025-08-11T16:00:00,44.0369816655698
2025-08-11T17:00:00,42.719063302744985
2025-08-11T18:00:00,42.061411318571665
2025-08-11T19:00:00,43.50598260630732
2025-08-11T20:00:00,45.201578886612594
2025-08-11T21:00:00,45.575906338899024
2025-08-11T22:00:00,45.28655060477878
2025-08-11T23:00:00,45.66778647381326
2025-08-12T00:00:00,47.24507638682489
2025-08-12T01:00:00,47.89952900098717
2025-08-12T02:00:00,34.438784391983695
2025-08-12T03:00:00,27.292934086011805
2025-08-12T04:00:00,24.467288970947266
2025-08-12T05:00:00,23.19686989162279
2025-08-12T06:00:00,23.456700532332707
2025-08-12T07:00:00,24.72462869727093
2025-08-12T08:00:00,25.720312284386676
2025-08-12T09:00:00,26.403900229412574
2025-08-12T10:00:00,27.073249568109926
2025-08-12T11:00:00,28.405912648076594
2025-08-12T12:00:00,31.41720000557277
2025-08-12T13:00:00,32.95250768246858
2025-08-12T14:00:00,31.466533992601477
2025-08-12T15:00:00,29.905232056327485
2025-08-12T16:00:00,28.49365325596021
2025-08-12T17:00:00,27.496588748434313
2025-08-12T18:00:00,26.91447257995605
2025-08-12T19:00:00,25.604068175606102
2025-08-12T20:00:00,24.90222143090289
2025-08-12T21:00:00,24.38363456726074
2025-08-12T22:00:00,23.655185450678285
2025-08-12T23:00:00,23.208674223526664
2025-08-13T00:00:00,23.360851287841793
2025-08-13T01:00:00,23.203979409259293
2025-08-13T02:00:00,21.303785987522286
2025-08-13T03:00:00,19.1984340004299
2025-08-13T04:00:00,19.211259924847145
2025-08-13T05:00:00,18.877661083055575
2025-08-13T06:00:00,17.522382819134254
2025-08-13T07:00:00,16.23790641452955
2025-08-13T08:00:00,15.216081536334492
2025-08-13T09:00:00,14.651260210120157
2025-08-13T10:00:00,15.283671005912447
2025-08-13T11:00:00,18.107172509898312
2025-08-13T12:00:00,22.802286811496902
2025-08-13T13:00:00,27.174737266872235
2025-08-13T14:00:00,30.825726052989125
2025-08-13T15:00:00,34.093038144318946
2025-08-13T16:00:00,36.69374631798785
2025-08-13T17:00:00,37.81220908786939
2025-08-13T18:00:00,38.614757703698196
2025-08-13T19:00:00,37.325573630954906
2025-08-13T20:00:00,37.69761724057404
2025-08-13T21:00:00,36.668080703071915
2025-08-13T22:00:00,35.50981587949006
2025-08-13T23:00:00,34.497602877409555
2025-08-14T00:00:00,35.422194273575485
2025-08-14T01:00:00,34.45035486635954
2025-08-14T02:00:00,27.326073273368504
2025-08-14T03:00:00,23.76317206673
2025-08-14T04:00:00,21.688593822976816
2025-08-14T05:00:00,20.31283337136973
2025-08-14T06:00:00,19.9033611131751
2025-08-14T07:00:00,19.787333447000254
2025-08-14T08:00:00,19.816557759824004
2025-08-14T09:00:00,19.918267872022543
2025-08-14T10:00:00,20.54620328156844
2025-08-14T11:00:00,22.703116955964457
2025-08-14T12:00:00,27.76851861373238
2025-08-14T13:00:00,33.88888027357018
2025-08-14T14:00:00,36.76202525263247
2025-08-14T15:00:00,35.98619676672894
2025-08-14T16:00:00,35.314060708750844
2025-08-14T17:00:00,36.09775966146717
2025-08-14T18:00:00,36.636282630588695
2025-08-14T19:00:00,35.68553924560547
2025-08-14T20:00:00,36.3994668048361
2025-08-14T21:00:00,41.66652264802352
2025-08-14T22:00:00,47.27858419003693
2025-08-14T23:00:00,49.36473066910453
2025-08-15T00:00:00,47.11512607076893
2025-08-15T01:00:00,45.325016187584914
2025-08-15T02:00:00,36.969602501910664
2025-08-15T03:00:00,30.10483177848484
2025-08-15T04:00:00,26.67590547644573
2025-08-15T05:00:00,24.896370846292243
2025-08-15T06:00:00,23.92783969381581
2025-08-15T07:00:00,23.296671825906504
2025-08-15T08:00:00,23.147585246873934
2025-08-15T09:00:00,23.45173661605171
2025-08-15T10:00:00,24.227156182994012
2025-08-15T11:00:00,26.70059776306152
2025-08-15T12:00:00,31.51867443582286
2025-08-15T13:00:00,34.16220291801121
2025-08-15T14:00:00,35.429351972497024
2025-08-15T15:00:00,36.64718080603558
2025-08-15T16:00:00,38.33816113679305
2025-08-15T17:00:00,38.22205717667289
2025-08-15T18:00:00,36.73917388916015
2025-08-15T19:00:00,35.33892391038977
2025-08-15T20:00:00,34.54223350856615
2025-08-15T21:00:00,33.2019335705301
2025-08-15T22:00:00,30.679821014404293
2025-08-15T23:00:00,29.939121826835297
2025-08-16T00:00:00,30.537917842035704
2025-08-16T01:00:00,27.35392786108929
2025-08-16T02:00:00,18.837507164996598
2025-08-16T03:00:00,16.781971641208813
2025-08-16T04:00:00,16.131462180096168
2025-08-16T05:00:00,15.46205487458602
2025-08-16T06:00:00,14.902898746988045
2025-08-16T07:00:00,14.208293044048805
2025-08-16T08:00:00,13.60842696480129
2025-08-16T09:00:00,13.474809314893639
2025-08-16T10:00:00,13.822529544001037
2025-08-16T11:00:00,15.319022883539612
2025-08-16T12:00:00,19.495036332503606
2025-08-16T13:00:00,24.264716770337976
2025-08-16T14:00:00,27.42166228916334
2025-08-16T15:00:00,28.932856684145715
2025-08-16T16:00:00,30.855021269425098
2025-08-16T17:00:00,32.80051704075026
2025-08-16T18:00:00,32.556928385858946
2025-08-16T19:00:00,32.05393318507982
2025-08-16T20:00:00,31.16095559493355
2025-08-16T21:00:00,30.500057966812793
2025-08-16T22:00:00,29.799020767211907
2025-08-16T23:00:00,28.95681414396866
2025-08-17T00:00:00,28.467030069102407
2025-08-17T01:00:00,26.66664438662321
2025-08-17T02:00:00,21.41485073255456
2025-08-17T03:00:00,18.113502502441406
2025-08-17T04:00:00,15.656663438548211
2025-08-17T05:00:00,15.004083923671555
2025-08-17T06:00:00,15.208859194879947
2025-08-17T07:00:00,15.002090288245158
2025-08-17T08:00:00,15.064879168634828
2025-08-17T09:00:00,15.331598489180854
2025-08-17T10:00:00,16.6749152307925
2025-08-17T11:00:00,21.144956422888715
2025-08-17T12:00:00,25.457318264505137
2025-08-17T13:00:00,27.18807029724121
2025-08-17T14:00:00,30.456102371215817
2025-08-17T15:00:00,32.84555567865786
2025-08-17T16:00:00,32.22947535307511
2025-08-17T17:00:00,30.083974589472227
2025-08-17T18:00:00,29.01083946228027
2025-08-17T19:00:00,28.514053095941957
2025-08-17T20:00:00,29.49375583814538
2025-08-17T21:00:00,30.649090974227242
2025-08-17T22:00:00,32.90242700991423
2025-08-17T23:00:00,34.66560405233631
2025-08-18T00:00:00,34.124677575152845
2025-08-18T01:00:00,31.687007406483524
2025-08-18T02:00:00,25.56375337683636
2025-08-18T03:00:00,21.28458047949749
2025-08-18T04:00:00,19.838380730670426
2025-08-18T05:00:00,19.441460899684735
2025-08-18T06:00:00,18.651821551115614
2025-08-18T07:00:00,18.09201033219047
2025-08-18T08:00:00,17.873482911483098
2025-08-18T09:00:00,17.840640358302903
2025-08-18T10:00:00,17.873443520587422
2025-08-18T11:00:00,19.16845537268597
2025-08-18T12:00:00,22.522083116614297
2025-08-18T13:00:00,25.111780415410582
2025-08-18T14:00:00,26.903719445933465
2025-08-18T15:00:00,29.230857434480086
2025-08-18T16:00:00,31.69027826060419
2025-08-18T17:00:00,32.61777570973272
2025-08-18T18:00:00,30.916983231254246
2025-08-18T19:00:00,28.345777262812074
2025-08-18T20:00:00,26.2955671393353
2025-08-18T21:00:00,25.037349369214926
2025-08-18T22:00:00,25.161859180616293
2025-08-18T23:00:00,26.31648627571437
2025-08-19T00:00:00,27.763456427532688
2025-08-19T01:00:00,27.468634812728215
2025-08-19T02:00:00,20.135688781738278
2025-08-19T03:00:00,17.03332129768703
2025-08-19T04:00:00,14.977941554525623
2025-08-19T05:00:00,13.630625102830969
2025-08-19T06:00:00,12.708858241205629
2025-08-19T07:00:00,12.03645552759585
2025-08-19T08:00:00,11.235181103581967
2025-08-19T09:00:00,10.942201821700385
2025-08-19T10:00:00,11.530992383542266
2025-08-19T11:00:00,13.586928160294242
2025-08-19T12:00:00,17.572852922522504
2025-08-19T13:00:00,21.639784356822137
2025-08-19T14:00:00,25.40131444516389
2025-08-19T15:00:00,28.86170428732167
2025-08-19T16:00:00,31.56286579629649
2025-08-19T17:00:00,35.34975765062415
2025-08-19T18:00:00,42.659773785135016
2025-08-19T19:00:00,42.28231065169624
2025-08-19T20:00:00,40.99002655692722
2025-08-19T21:00:00,38.010289233663805
2025-08-19T22:00:00,36.9401220238727
2025-08-19T23:00:00,36.98703409277875
2025-08-20T00:00:00,37.519381813381024
2025-08-20T01:00:00,39.493692480999485
2025-08-20T02:00:00,31.007570017939024
2025-08-20T03:00:00,22.36277638310971
2025-08-20T04:00:00,17.133169257122535
2025-08-20T05:00:00,15.547620109889817
2025-08-20T06:00:00,14.744277415068254
2025-08-20T07:00:00,14.266468213952106
2025-08-20T08:00:00,13.970812714618184
2025-08-20T09:00:00,13.609594967054282
2025-08-20T10:00:00,13.972173110298485
2025-08-20T11:00:00,16.93335657534392
2025-08-20T12:00:00,21.972042830094047
2025-08-20T13:00:00,29.008183686629582
2025-08-20T14:00:00,31.641289918319035
2025-08-20T15:00:00,42.4581244095512
2025-08-20T16:00:00,60.58787005880604
2025-08-20T17:00:00,73.34997823963994
2025-08-20T18:00:00,80.59977987538213
2025-08-20T19:00:00,81.64557747218919
2025-08-20T20:00:00,78.20894589631453
2025-08-20T21:00:00,73.60750845204228
2025-08-20T22:00:00,67.74381123418392
2025-08-20T23:00:00,57.51762821363366
2025-08-21T00:00:00,55.744115580683165
2025-08-21T01:00:00,56.90344603165336
2025-08-21T02:00:00,33.27205127218495
2025-08-21T03:00:00,21.74738709822945
2025-08-21T04:00:00,20.018369591754414
2025-08-21T05:00:00,20.380325151526407
2025-08-21T06:00:00,21.05060403243355
2025-08-21T07:00:00,21.880701645560883
2025-08-21T08:00:00,22.88285412995711
2025-08-21T09:00:00,24.05591293003248
2025-08-21T10:00:00,25.295647330906075
2025-08-21T11:00:00,26.63429840751316
2025-08-21T12:00:00,30.806080113286555
2025-08-21T13:00:00,36.17183055048403
2025-08-21T14:00:00,42.95821596228558
2025-08-21T15:00:00,52.06485151207965
2025-08-21T16:00:00,63.33833777386209
2025-08-21T17:00:00,80.93977787183678
2025-08-21T18:00:00,97.98351287841795
2025-08-21T19:00:00,113.89512700619903
2025-08-21T20:00:00,125.03672127101731
2025-08-21T21:00:00,129.38787377398947
2025-08-21T22:00:00,124.48706320057744
2025-08-21T23:00:00,119.32669863493547
2025-08-22T00:00:00,113.94844585916269
2025-08-22T01:00:00,107.80244843856147
2025-08-22T02:00:00,80.435791015625
2025-08-22T03:00:00,46.870965708857
2025-08-22T04:00:00,38.883017830226734
2025-08-22T05:00:00,33.879180244777515
2025-08-22T06:00:00,31.34265310867973
2025-08-22T07:00:00,30.20417039290718
2025-08-22T08:00:00,29.248008645099137
2025-08-22T09:00:00,29.233240873917286
2025-08-22T10:00:00,30.294781477554984
2025-08-22T11:00:00,34.35131006655486
2025-08-22T12:00:00,43.45704551365064
2025-08-22T13:00:00,51.15377475904381
2025-08-22T14:00:00,58.65483640587848
2025-08-22T15:00:00,65.50392747961956
2025-08-22T16:00:00,72.85074117909306
2025-08-22T17:00:00,77.39847432012142
2025-08-22T18:00:00,76.3080822488536
2025-08-22T19:00:00,72.30043494183083
2025-08-22T20:00:00,67.02161042586616
2025-08-22T21:00:00,62.329315848972485
2025-08-22T22:00:00,57.678105064060375
2025-08-22T23:00:00,52.7950905509617
2025-08-23T00:00:00,50.14649100925611
2025-08-23T01:00:00,48.48079482368801
2025-08-23T02:00:00,34.1349459109099
2025-08-23T03:00:00,25.750228964764133
2025-08-23T04:00:00,22.75292529230532
2025-08-23T05:00:00,21.82935101052989
2025-08-23T06:00:00,21.899936924809992
2025-08-23T07:00:00,21.92550750400709
2025-08-23T08:00:00,22.590582391490102
2025-08-23T09:00:00,24.04953218543011
2025-08-23T10:00:00,26.488307621168047
2025-08-23T11:00:00,31.4335938329282
2025-08-23T12:00:00,42.42513955157736
2025-08-23T13:00:00,52.00518599800441
2025-08-23T14:00:00,59.203781293786086
2025-08-23T15:00:00,66.91391853664231
2025-08-23T16:00:00,74.87648043425186
2025-08-23T17:00:00,80.33888974397078
2025-08-23T18:00:00,84.93313996688178
2025-08-23T19:00:00,87.67804087763247
2025-08-23T20:00:00,87.52990291429602
2025-08-23T21:00:00,85.02143660835597
2025-08-23T22:00:00,64.04413836935291
2025-08-23T23:00:00,59.95850919640582
2025-08-24T00:00:00,59.15110513438349
2025-08-24T01:00:00,60.5867986264436
2025-08-24T02:00:00,42.4364595827849
2025-08-24T03:00:00,32.66533536496369
2025-08-24T04:00:00,26.198285807733946
2025-08-24T05:00:00,21.862245642620582
2025-08-24T06:00:00,20.532401872717813
2025-08-24T07:00:00,20.17841115205184
2025-08-24T08:00:00,20.382022774737813
2025-08-24T09:00:00,20.819997621619184
2025-08-24T10:00:00,21.673881447833516
2025-08-24T11:00:00,24.047377627828844
2025-08-24T12:00:00,30.61983655846637
2025-08-24T13:00:00,40.4819103738536
2025-08-24T14:00:00,49.3633688221807
2025-08-24T15:00:00,57.1643940469493
2025-08-24T16:00:00,62.30463027954101
2025-08-24T17:00:00,61.699840379797884
2025-08-24T18:00:00,60.88162364130434
2025-08-24T19:00:00,61.569697172745414
2025-08-24T20:00:00,65.50783339790675
2025-08-24T21:00:00,69.65975918977156
2025-08-24T22:00:00,73.46802885636039
2025-08-24T23:00:00,74.69618556810461
2025-08-25T00:00:00,69.63646631655484
2025-08-25T01:00:00,61.98273252404255
2025-08-25T02:00:00,35.99170485786769
2025-08-25T03:00:00,23.964399835337762
2025-08-25T04:00:00,19.31391649660857
2025-08-25T05:00:00,17.746163575545598
2025-08-25T06:00:00,17.272390946097993
2025-08-25T07:00:00,17.294198243514348
2025-08-25T08:00:00,17.361045091048528
2025-08-25T09:00:00,17.76435147161069
2025-08-25T10:00:00,18.808837475983992
2025-08-25T11:00:00,21.81721256090247
2025-08-25T12:00:00,27.87796186364215
2025-08-25T13:00:00,35.67065794571586
2025-08-25T14:00:00,43.91809828385062
2025-08-25T15:00:00,40.71556555706521
2025-08-25T16:00:00,49.67925030252208
2025-08-25T17:00:00,63.501536493716024
2025-08-25T18:00:00,72.27888853653616
2025-08-25T19:00:00,74.71473926046619
2025-08-25T20:00:00,73.46028866975203
2025-08-25T21:00:00,71.30140586521314
2025-08-25T22:00:00,67.05550550377886
2025-08-25T23:00:00,61.5630698826002
2025-08-26T00:00:00,57.72552374134893
2025-08-26T01:00:00,48.77059156998344
2025-08-26T02:00:00,28.44651819312054
2025-08-26T03:00:00,20.53270223866338
2025-08-26T04:00:00,18.638355006342344
2025-08-26T05:00:00,18.226531650709067
2025-08-26T06:00:00,17.624518353006113
2025-08-26T07:00:00,17.00121979091478
2025-08-26T08:00:00,16.466845056285027
2025-08-26T09:00:00,16.136784346207325
2025-08-26T10:00:00,16.31175198762313
2025-08-26T11:00:00,17.728693008422848
2025-08-26T12:00:00,21.99461912072223
2025-08-26T13:00:00,28.47998245902683
2025-08-26T14:00:00,32.02861437590226
2025-08-26T15:00:00,32.24782072979471
2025-08-26T16:00:00,33.38705062866211
2025-08-26T17:00:00,33.5495779617973
2025-08-26T18:00:00,34.64942467730978
2025-08-26T19:00:00,33.56411900727645
2025-08-26T20:00:00,32.589256452477485
2025-08-26T21:00:00,30.90190530859905
2025-08-26T22:00:00,30.925907798435375
2025-08-26T23:00:00,31.095060514367137
2025-08-27T00:00:00,31.671208837757938
2025-08-27T01:00:00,31.96968360569166
2025-08-27T02:00:00,22.434960821400512
2025-08-27T03:00:00,16.033122145611305
2025-08-27T04:00:00,13.77733267908511
2025-08-27T05:00:00,12.701835425003715
2025-08-27T06:00:00,12.183801402216371
2025-08-27T07:00:00,11.963457522184951
2025-08-27T08:00:00,12.128529465716817
2025-08-27T09:00:00,12.552935061247451
2025-08-27T10:00:00,12.962446585945461
2025-08-27T11:00:00,14.19657873070758
2025-08-27T12:00:00,17.76404049085534
2025-08-27T13:00:00,22.06596274997877
2025-08-27T14:00:00,27.470023694245707
2025-08-27T15:00:00,32.911353733228594
2025-08-27T16:00:00,33.33359668565833
2025-08-27T17:00:00,29.19278932654339
2025-08-27T18:00:00,25.605960597162657
2025-08-27T19:00:00,23.827275400576383
2025-08-27T20:00:00,25.07588046530018
2025-08-27T21:00:00,27.530277832694676
2025-08-27T22:00:00,26.82601464313009
2025-08-27T23:00:00,24.932893835979957
2025-08-28T00:00:00,24.237527764361836
2025-08-28T01:00:00,23.354228724604063
2025-08-28T02:00:00,16.103381737418797
2025-08-28T03:00:00,12.926904305167819
2025-08-28T04:00:00,11.851276397705078
2025-08-28T05:00:00,11.156626867211383
2025-08-28T06:00:00,10.727692604064941
2025-08-28T07:00:00,10.363353936568549
2025-08-28T08:00:00,10.062523966250211
2025-08-28T09:00:00,10.090916384821352
2025-08-28T10:00:00,10.510805461717688
2025-08-28T11:00:00,12.862384630286174
2025-08-28T12:00:00,19.48996659983759
2025-08-28T13:00:00,28.601976643437922
2025-08-28T14:00:00,36.04090781833815
2025-08-28T15:00:00,37.13322797028914
2025-08-28T16:00:00,30.364698990531586
2025-08-28T17:00:00,28.87958020749299
2025-08-28T18:00:00,30.682149970013157
2025-08-28T19:00:00,32.34186495905337
2025-08-28T20:00:00,27.116818220719043
2025-08-28T21:00:00,23.597296092821203
2025-08-28T22:00:00,22.207386680271313
2025-08-28T23:00:00,22.81194396640943
2025-08-29T00:00:00,25.106873139091157
2025-08-29T01:00:00,24.792824952498723
2025-08-29T02:00:00,19.03731702721637
2025-08-29T03:00:00,16.391899108886715
2025-08-29T04:00:00,15.372794358626653
2025-08-29T05:00:00,15.146547400433084
2025-08-29T06:00:00,14.827244343964948
2025-08-29T07:00:00,14.61468858304231
2025-08-29T08:00:00,14.469297740770422
2025-08-29T09:00:00,14.630179736925207
2025-08-29T10:00:00,15.45275484997293
2025-08-29T11:00:00,17.913826983907946
2025-08-29T12:00:00,23.70072779448136
2025-08-29T13:00:00,29.852410440859586
2025-08-29T14:00:00,33.764956432840094
2025-08-29T15:00:00,35.53308345960534
2025-08-29T16:00:00,37.2378684334133
2025-08-29T17:00:00,37.72597271463145
2025-08-29T18:00:00,35.307883552882984
2025-08-29T19:00:00,29.262918389361833
2025-08-29T20:00:00,24.445753760959786
2025-08-29T21:00:00,22.485176335210383
2025-08-29T22:00:00,22.66511610279912
2025-08-29T23:00:00,24.033324448958684
2025-08-30T00:00:00,24.68104321023692
2025-08-30T01:00:00,22.83609008789062
2025-08-30T02:00:00,17.439380065254543
2025-08-30T03:00:00,14.703666645547617
2025-08-30T04:00:00,14.129427536674166
2025-08-30T05:00:00,14.179806004399838
2025-08-30T06:00:00,14.187661917313283
2025-08-30T07:00:00,14.070086313330608
2025-08-30T08:00:00,14.318058760269828
2025-08-30T09:00:00,14.895251605821691
2025-08-30T10:00:00,15.769681101259973
2025-08-30T11:00:00,17.742588126141094
2025-08-30T12:00:00,22.49595725018045
2025-08-30T13:00:00,26.21685691501783
2025-08-30T14:00:00,26.947238839190934
2025-08-30T15:00:00,28.74103836391283
2025-08-30T16:00:00,31.025365829467766
2025-08-30T17:00:00,32.246533269467555
2025-08-30T18:00:00,32.770773431529165
2025-08-30T19:00:00,31.65559395499851
2025-08-30T20:00:00,30.395296179729954
2025-08-30T21:00:00,30.84511110057001
2025-08-30T22:00:00,32.12710115183954
2025-08-30T23:00:00,31.93661847321884
2025-08-31T00:00:00,31.90650550178859
2025-08-31T01:00:00,33.497591847958766
2025-08-31T02:00:00,25.766157316124957
2025-08-31T03:00:00,22.032157151595406
2025-08-31T04:00:00,21.585544254468832
2025-08-31T05:00:00,21.193569680918817
2025-08-31T06:00:00,21.018775276515793
2025-08-31T07:00:00,21.016348382701047
2025-08-31T08:00:00,20.95747433538022
2025-08-31T09:00:00,21.205491190371305
2025-08-31T10:00:00,22.115856170654293
2025-08-31T11:00:00,25.644994652789567
2025-08-31T12:00:00,32.876179985378094
2025-08-31T13:00:00,35.57480969636336
2025-08-31T14:00:00,38.663145977517836
2025-08-31T15:00:00,40.66487917692764
2025-08-31T16:00:00,39.24138193545134
2025-08-31T17:00:00,37.964597121528946
2025-08-31T18:00:00,39.30111495308253
2025-08-31T19:00:00,40.067383807638414
2025-08-31T20:00:00,37.883089646049164
2025-08-31T21:00:00,37.675017315408454
2025-08-31T22:00:00,38.17227521150008
2025-08-31T23:00:00,36.31648652449898
2025-09-01T00:00:00,34.99153452334196
2025-09-01T01:00:00,36.2324686465056
2025-09-01T02:00:00,29.230496945588484
2025-09-01T03:00:00,23.97645444455354
2025-09-01T04:00:00,22.853048241656758
2025-09-01T05:00:00,21.798264130302094
2025-09-01T06:00:00,20.025706664375637
2025-09-01T07:00:00,19.096628354943313
2025-09-01T08:00:00,18.82950185692828
2025-09-01T09:00:00,20.0846936599068
2025-09-01T10:00:00,23.840904069983438
2025-09-01T11:00:00,33.0165960892387
2025-09-01T12:00:00,42.07774817425271
2025-09-01T13:00:00,45.917975218399704
2025-09-01T14:00:00,46.24113116057023
2025-09-01T15:00:00,47.23360841170601
2025-09-01T16:00:00,43.79330709706182
2025-09-01T17:00:00,41.94043151192042
2025-09-01T18:00:00,41.72422409057617
2025-09-01T19:00:00,43.1901684636655
2025-09-01T20:00:00,47.816315360691235
2025-09-01T21:00:00,50.41989019642705
2025-09-01T22:00:00,48.277005237081774
2025-09-01T23:00:00,45.307261591372274
2025-09-02T00:00:00,44.40266534556513
2025-09-02T01:00:00,42.97545374994692
2025-09-02T02:00:00,40.66950109730596
2025-09-02T03:00:00,30.480698295261544
2025-09-02T04:00:00,24.91167707028596
2025-09-02T05:00:00,23.244219987288762
2025-09-02T06:00:00,22.543954434602153
2025-09-02T07:00:00,21.971512504245922
2025-09-02T08:00:00,22.01150910750679
2025-09-02T09:00:00,21.99768879102624
2025-09-02T10:00:00,24.837609498397164
2025-09-02T11:00:00,33.4921471968941
2025-09-02T12:00:00,40.45235011888587
2025-09-02T13:00:00,42.676986860192336
2025-09-02T14:00:00,45.59765475729237
2025-09-02T15:00:00,44.09941847428031
2025-09-02T16:00:00,41.617127957551375
2025-09-02T17:00:00,42.36248812468155
2025-09-02T18:00:00,44.56492681088655
2025-09-02T19:00:00,43.19896648241125
2025-09-02T20:00:00,42.51460481726605
2025-09-02T21:00:00,42.11454175866169
2025-09-02T22:00:00,40.491819132929265
2025-09-02T23:00:00,37.04347245589546
2025-09-03T00:00:00,35.74858283996581
2025-09-03T01:00:00,33.17503439861795
2025-09-03T02:00:00,24.978158867877465
2025-09-03T03:00:00,20.732762544051457
2025-09-03T04:00:00,19.546735680621598
2025-09-03T05:00:00,19.396878615669582
2025-09-03T06:00:00,19.335566313370414
2025-09-03T07:00:00,19.090440915978473
2025-09-03T08:00:00,19.04817067021909
2025-09-03T09:00:00,19.543020248413082
2025-09-03T10:00:00,20.202134671418563
2025-09-03T11:00:00,22.909686461738918
2025-09-03T12:00:00,29.072757306306254
2025-09-03T13:00:00,34.62433897930643
2025-09-03T14:00:00,37.72745911971382
2025-09-03T15:00:00,37.92756569903829
2025-09-03T16:00:00,37.24651519111965
2025-09-03T17:00:00,36.82949024698008
2025-09-03T18:00:00,36.05290197289508
2025-09-03T19:00:00,35.24399044202721
2025-09-03T20:00:00,33.15198019276494
2025-09-03T21:00:00,31.68893134075662
2025-09-03T22:00:00,29.898047074027684
2025-09-03T23:00:00,27.353135896765664
2025-09-04T00:00:00,26.213255509086274
2025-09-04T01:00:00,24.576246676237684
2025-09-04T02:00:00,20.042726931364637
2025-09-04T03:00:00,18.51422293289848
2025-09-04T04:00:00,18.655378507531204
2025-09-04T05:00:00,19.07986184825068
2025-09-04T06:00:00,19.150545783664867
2025-09-04T07:00:00,19.13979314721149
2025-09-04T08:00:00,19.31540945301885
2025-09-04T09:00:00,19.71485958928647
2025-09-04T10:00:00,20.563999507738195
2025-09-04T11:00:00,22.358686612999957
2025-09-04T12:00:00,26.69428900013799
2025-09-04T13:00:00,31.6814373679783
2025-09-04T14:00:00,35.72749262270719
2025-09-04T15:00:00,39.49840645168138
2025-09-04T16:00:00,41.55266023718792
2025-09-04T17:00:00,42.46871765800144
2025-09-04T18:00:00,40.89385521930197
2025-09-04T19:00:00,37.76789010089376
2025-09-04T20:00:00,36.910061048424765
2025-09-04T21:00:00,37.449690777322516
2025-09-04T22:00:00,37.25755915434464
2025-09-04T23:00:00,37.28565257528553
2025-09-05T00:00:00,37.87330710369607
2025-09-05T01:00:00,36.892790338267446
2025-09-05T02:00:00,27.11957624684209
2025-09-05T03:00:00,24.633668650751524
2025-09-05T04:00:00,24.13140404742697
2025-09-05T05:00:00,24.485327264536977
2025-09-05T06:00:00,25.2568069955577
2025-09-05T07:00:00,26.702788477358606
2025-09-05T08:00:00,28.855746891187582
2025-09-05T09:00:00,29.878984700078547
2025-09-05T10:00:00,30.753354031106696
2025-09-05T11:00:00,32.96215090544327
2025-09-05T12:00:00,38.03650615526282
2025-09-05T13:00:00,44.44004705677862
2025-09-05T14:00:00,51.49051002834154
2025-09-05T15:00:00,56.68862019414486
2025-09-05T16:00:00,59.896951924199634
2025-09-05T17:00:00,63.273617288340695
2025-09-05T18:00:00,66.08412070896314
2025-09-05T19:00:00,63.22131513512652
2025-09-05T20:00:00,55.35359888491423
2025-09-05T21:00:00,52.595438086468235
2025-09-05T22:00:00,49.341505133587376
2025-09-05T23:00:00,47.748608962349266
2025-09-06T00:00:00,46.92049258688222
2025-09-06T01:00:00,42.82860614942467
2025-09-06T02:00:00,28.684133612591285
2025-09-06T03:00:00,24.44516911713973
2025-09-06T04:00:00,22.52223902163298
2025-09-06T05:00:00,21.488520166148305
2025-09-06T06:00:00,20.738206034121305
2025-09-06T07:00:00,20.485660884691317
2025-09-06T08:00:00,20.47567632923955
2025-09-06T09:00:00,20.749803460162614
2025-09-06T10:00:00,21.61255032083262
2025-09-06T11:00:00,24.380853570025895
2025-09-06T12:00:00,31.674846815026317
2025-09-06T13:00:00,38.081913160241164
2025-09-06T14:00:00,47.88820017939028
2025-09-06T15:00:00,53.88582229614257
2025-09-06T16:00:00,58.68845599630603
2025-09-06T17:00:00,62.468177297840946
2025-09-06T18:00:00,65.22998527858567
2025-09-06T19:00:00,66.04288416323453
2025-09-06T20:00:00,63.7985491545304
2025-09-06T21:00:00,59.69530735845151
2025-09-06T22:00:00,56.024236264436134
2025-09-06T23:00:00,53.99406914089036
2025-09-07T00:00:00,53.298150104025126
2025-09-07T01:00:00,51.55533218383788
2025-09-07T02:00:00,34.50591924916142
2025-09-07T03:00:00,25.385351844455887
2025-09-07T04:00:00,21.59824985006581
2025-09-07T05:00:00,19.422885231349778
2025-09-07T06:00:00,17.941765826681383
2025-09-07T07:00:00,16.637266076129414
2025-09-07T08:00:00,16.33069909137228
2025-09-07T09:00:00,16.459463782932445
2025-09-07T10:00:00,17.190005260965094
2025-09-07T11:00:00,19.637403322302774
2025-09-07T12:00:00,26.676785095878266
2025-09-07T13:00:00,35.973184170930274
2025-09-07T14:00:00,46.21538825657056
2025-09-07T15:00:00,56.554264897885524
2025-09-07T16:00:00,63.326626984969415
2025-09-07T17:00:00,67.60512078326681
2025-09-07T18:00:00,71.22158846647844
2025-09-07T19:00:00,72.32207223643425
2025-09-07T20:00:00,69.85474959663722
2025-09-07T21:00:00,67.64034138555111
2025-09-07T22:00:00,66.43924679963484
2025-09-07T23:00:00,71.5313252988069
2025-09-08T00:00:00,77.63524992569633
2025-09-08T01:00:00,78.73247329048488
2025-09-08T02:00:00,49.044595635455586
2025-09-08T03:00:00,36.900917384935454
2025-09-08T04:00:00,33.2475990627123
2025-09-08T05:00:00,31.8057803278384
2025-09-08T06:00:00,30.810722268146012
2025-09-08T07:00:00,29.538451650868286
2025-09-08T08:00:00,27.474679283473797
2025-09-08T09:00:00,26.93067426266877
2025-09-08T10:00:00,30.350826014643125
2025-09-08T11:00:00,38.62142164810844
2025-09-08T12:00:00,48.140386000923485
2025-09-08T13:00:00,61.21690401823624
2025-09-08T14:00:00,76.5061098181683
2025-09-08T15:00:00,94.5978831415591
2025-09-08T16:00:00,115.34436333697774
2025-09-08T17:00:00,138.6468452785326
2025-09-08T18:00:00,160.1849033521569
2025-09-08T19:00:00,175.9148937722911
2025-09-08T20:00:00,186.6078756581182
2025-09-08T21:00:00,180.4345524000085
2025-09-08T22:00:00,176.85160363238788
2025-09-08T23:00:00,169.7268298605214
2025-09-09T00:00:00,153.42214634107506
2025-09-09T01:00:00,137.27994172469428
2025-09-09T02:00:00,68.40579887058422
2025-09-09T03:00:00,50.049366660740056
2025-09-09T04:00:00,43.75736336086106
2025-09-09T05:00:00,39.95919551020083
2025-09-09T06:00:00,36.926571555759594
2025-09-09T07:00:00,34.88412591685419
2025-09-09T08:00:00,34.16056492017663
2025-09-09T09:00:00,34.763172149658196
2025-09-09T10:00:00,37.99239050823708
2025-09-09T11:00:00,43.76546992426333
2025-09-09T12:00:00,52.726266778033704
2025-09-09T13:00:00,65.7528951893682
2025-09-09T14:00:00,75.43671649435291
2025-09-09T15:00:00,81.23127812924591
2025-09-09T16:00:00,84.5124219811481
2025-09-09T17:00:00,83.34440148395039
2025-09-09T18:00:00,78.85575933041778
2025-09-09T19:00:00,72.74410844885784
2025-09-09T20:00:00,66.9974255769149
2025-09-09T21:00:00,63.3804293093474
2025-09-09T22:00:00,60.32477552994438
2025-09-09T23:00:00,58.46944958230723
2025-09-10T00:00:00,57.689293736996845
2025-09-10T01:00:00,57.59052027826723
2025-09-10T02:00:00,46.31994463049847
2025-09-10T03:00:00,34.16449638034986
2025-09-10T04:00:00,28.917687457540758
2025-09-10T05:00:00,25.41033197485882
2025-09-10T06:00:00,22.84530283057171
2025-09-10T07:00:00,20.9424353060515
2025-09-10T08:00:00,19.7210696676503
2025-09-10T09:00:00,19.01316510076108
2025-09-10T10:00:00,19.11567323104195
2025-09-10T11:00:00,21.31632979019828
2025-09-10T12:00:00,28.657508020815637
2025-09-10T13:00:00,39.673415640126095
2025-09-10T14:00:00,51.41700296816618
2025-09-10T15:00:00,62.427774346393086
2025-09-10T16:00:00,71.20164257547128
2025-09-10T17:00:00,76.57775646707286
2025-09-10T18:00:00,78.00272502069888
2025-09-10T19:00:00,77.47003240170685
2025-09-10T20:00:00,76.06598928700322
2025-09-10T21:00:00,74.50540559188178
2025-09-10T22:00:00,74.82037121316661
2025-09-10T23:00:00,76.77891474184783
2025-09-11T00:00:00,76.83129418414572
2025-09-11T01:00:00,66.69026864093281
2025-09-11T02:00:00,39.93798313970151
2025-09-11T03:00:00,29.383425505264942
2025-09-11T04:00:00,24.610485989114512
2025-09-11T05:00:00,22.341939677362856
2025-09-11T06:00:00,21.181167270826254
2025-09-11T07:00:00,20.552059339440383
2025-09-11T08:00:00,19.852347000785493
2025-09-11T09:00:00,20.21004510962445
2025-09-11T10:00:00,21.520846905915633
2025-09-11T11:00:00,24.496904124384336
2025-09-11T12:00:00,31.800802894260567
2025-09-11T13:00:00,39.55946200826893
2025-09-11T14:00:00,44.33374686863111
2025-09-11T15:00:00,46.72997101493504
2025-09-11T16:00:00,46.86816887233568
2025-09-11T17:00:00,47.14745363981827
2025-09-11T18:00:00,48.95143906966499
2025-09-11T19:00:00,49.95462948343028
2025-09-11T20:00:00,50.386523039444626
2025-09-11T21:00:00,51.913399406101384
2025-09-11T22:00:00,55.463389521059774
2025-09-11T23:00:00,59.72112970766813
2025-09-12T00:00:00,61.831398341966704
2025-09-12T01:00:00,59.439943562383235
2025-09-12T02:00:00,43.74505598648734
2025-09-12T03:00:00,29.707079265428625
2025-09-12T04:00:00,25.3671293673308
2025-09-12T05:00:00,22.954923215119734
2025-09-12T06:00:00,21.177719447923742
2025-09-12T07:00:00,19.928359736566957
2025-09-12T08:00:00,18.8848064256751
2025-09-12T09:00:00,18.272554148798402
2025-09-12T10:00:00,18.72943704024605
2025-09-12T11:00:00,20.52762205704399
2025-09-12T12:00:00,26.175468113111407
2025-09-12T13:00:00,33.80233499278192
2025-09-12T14:00:00,41.20783416084621
2025-09-12T15:00:00,46.87813584700874
2025-09-12T16:00:00,49.908585424008564
2025-09-12T17:00:00,52.27355641904084
2025-09-12T18:00:00,54.09749934984289
2025-09-12T19:00:00,52.984285437542454
2025-09-12T20:00:00,51.1999395619268
2025-09-12T21:00:00,50.460253508194626
2025-09-12T22:00:00,50.307192097539485
2025-09-12T23:00:00,51.38454686040463
2025-09-13T00:00:00,52.06728860606317
2025-09-13T01:00:00,49.114538441533625
2025-09-13T02:00:00,41.95737988015879
2025-09-13T03:00:00,29.181838740473207
2025-09-13T04:00:00,23.319151007610813
2025-09-13T05:00:00,19.74475338148034
2025-09-13T06:00:00,16.725631796795387
2025-09-13T07:00:00,15.575483114823049
2025-09-13T08:00:00,15.135551037995711
2025-09-13T09:00:00,14.95183181762695
2025-09-13T10:00:00,14.789512800133746
2025-09-13T11:00:00,15.836677219556723
2025-09-13T12:00:00,20.13565121526303
2025-09-13T13:00:00,26.17595888220745
2025-09-13T14:00:00,31.620486798493754
2025-09-13T15:00:00,35.721191903819204
2025-09-13T16:00:00,41.000130694845446
2025-09-13T17:00:00,46.30699622112772
2025-09-13T18:00:00,51.00221351955247
2025-09-13T19:00:00,53.04675359311311
2025-09-13T20:00:00,53.099131708559774
2025-09-13T21:00:00,52.2580921338952
2025-09-13T22:00:00,52.350358880084485
2025-09-13T23:00:00,52.121279177458376
2025-09-14T00:00:00,50.83511651080587
2025-09-14T01:00:00,49.11163313492484
2025-09-14T02:00:00,36.52050963692043
2025-09-14T03:00:00,22.391230707583215
2025-09-14T04:00:00,18.434094802193016
2025-09-14T05:00:00,16.5094868203868
2025-09-14T06:00:00,14.808063465615977
2025-09-14T07:00:00,13.851297295611834
2025-09-14T08:00:00,13.531464659649393
2025-09-14T09:00:00,13.071636448735774
2025-09-14T10:00:00,12.627568037613578
2025-09-14T11:00:00,15.175058116083559
2025-09-14T12:00:00,22.191588443258535
2025-09-14T13:00:00,31.6657655135445
2025-09-14T14:00:00,40.27236076023267
2025-09-14T15:00:00,47.92504086701766
2025-09-14T16:00:00,53.72800030915633
2025-09-14T17:00:00,57.85092511384383
2025-09-14T18:00:00,57.278330098027766
2025-09-14T19:00:00,53.465378636899196
2025-09-14T20:00:00,46.91723997696586
2025-09-14T21:00:00,39.47222353064495
2025-09-14T22:00:00,35.060602934464164
2025-09-14T23:00:00,33.921177905538805
2025-09-15T00:00:00,34.13085489687712
2025-09-15T01:00:00,32.9089881233547
2025-09-15T02:00:00,25.252339404562242
2025-09-15T03:00:00,21.874307881230894
2025-09-15T04:00:00,19.649551474529762
2025-09-15T05:00:00,17.696711001188856
2025-09-15T06:00:00,16.543833276499868
2025-09-15T07:00:00,16.16191839135211
2025-09-15T08:00:00,16.058755003887672
2025-09-15T09:00:00,16.250048139820926
2025-09-15T10:00:00,17.510501861572262
2025-09-15T11:00:00,21.42010315604832
2025-09-15T12:00:00,28.688492899355676
2025-09-15T13:00:00,36.70750576516856
2025-09-15T14:00:00,43.24287132594896
2025-09-15T15:00:00,43.96637145332668
2025-09-15T16:00:00,51.1490306024966
2025-09-15T17:00:00,54.737897126570985
2025-09-15T18:00:00,55.48794290293817
2025-09-15T19:00:00,55.296615434729524
2025-09-15T20:00:00,55.091895559559696
2025-09-15T21:00:00,54.55256271362304
2025-09-15T22:00:00,54.60612719991932
2025-09-15T23:00:00,54.89013340162194
2025-09-16T00:00:00,54.60123791901961
2025-09-16T01:00:00,50.55635701055111
2025-09-16T02:00:00,28.766889820928153
2025-09-16T03:00:00,20.650417659593664
2025-09-16T04:00:00,18.235035025555153
2025-09-16T05:00:00,17.762717537257977
2025-09-16T06:00:00,17.305935818216074
2025-09-16T07:00:00,16.31772480840268
2025-09-16T08:00:00,16.195704667464547
2025-09-16T09:00:00,16.68704903644064
2025-09-16T10:00:00,17.6334637351658
2025-09-16T11:00:00,21.253275083458938
2025-09-16T12:00:00,30.39416868790336
2025-09-16T13:00:00,40.8283402816109
2025-09-16T14:00:00,48.953500498896055
2025-09-16T15:00:00,56.88491340305494
2025-09-16T16:00:00,63.946278281833806
2025-09-16T17:00:00,70.46520564867102
2025-09-16T18:00:00,77.6591106912364
2025-09-16T19:00:00,83.20129693072774
2025-09-16T20:00:00,86.65741431194802
2025-09-16T21:00:00,87.99405039911683
2025-09-16T22:00:00,88.5808161859927
2025-09-16T23:00:00,88.42302438487177
2025-09-17T00:00:00,85.11847056513247
2025-09-17T01:00:00,72.13484357750934
2025-09-17T02:00:00,34.934721739395805
2025-09-17T03:00:00,23.07024798185929
2025-09-17T04:00:00,19.488510712333344
2025-09-17T05:00:00,18.509940188864
2025-09-17T06:00:00,17.635471095209535
2025-09-17T07:00:00,16.930748649265453
2025-09-17T08:00:00,16.977332032245137
2025-09-17T09:00:00,17.472923527593196
2025-09-17T10:00:00,19.927143677421235
2025-09-17T11:00:00,26.382569935010824
2025-09-17T12:00:00,40.04463942154593
2025-09-17T13:00:00,57.33567876401154
2025-09-17T14:00:00,72.90933691936989
2025-09-17T15:00:00,85.14696933912194
2025-09-17T16:00:00,91.88893525496772
2025-09-17T17:00:00,88.599203026813
2025-09-17T18:00:00,79.30648803710938
2025-09-17T19:00:00,66.96656500774881
2025-09-17T20:00:00,57.04752300096594
2025-09-17T21:00:00,52.39909163765285
2025-09-17T22:00:00,50.35482887599778
2025-09-17T23:00:00,51.775780387546696
2025-09-18T00:00:00,50.40743587328039
2025-09-18T01:00:00,43.92657321432362
2025-09-18T02:00:00,33.29890342380689
2025-09-18T03:00:00,24.845438003540036
2025-09-18T04:00:00,20.256432243015453
2025-09-18T05:00:00,17.996546952620793
2025-09-18T06:00:00,17.476586922355317
2025-09-18T07:00:00,17.87857171763544
2025-09-18T08:00:00,19.14038616677989
2025-09-18T09:00:00,21.073107760885488
2025-09-18T10:00:00,23.956252305404
2025-09-18T11:00:00,28.306793959244434
2025-09-18T12:00:00,35.2851914115574
2025-09-18T13:00:00,44.027385214100704
2025-09-18T14:00:00,50.29960632324219
2025-09-18T15:00:00,54.62907807723335
2025-09-18T16:00:00,56.92833693131156
2025-09-18T17:00:00,54.26268420012101
2025-09-18T18:00:00,53.4956814309825
2025-09-18T19:00:00,52.3174120032269
2025-09-18T20:00:00,52.58978188556173
2025-09-18T21:00:00,52.64817975914996
2025-09-18T22:00:00,52.90697412905485
2025-09-18T23:00:00,51.35494945360266
2025-09-19T00:00:00,49.90230477374533
2025-09-19T01:00:00,47.85360535331394
2025-09-19T02:00:00,33.306344073751696
2025-09-19T03:00:00,20.374510889467984
2025-09-19T04:00:00,16.849038331404977
2025-09-19T05:00:00,15.635069473930026
2025-09-19T06:00:00,15.653544591820756
2025-09-19T07:00:00,15.70028781890869
2025-09-19T08:00:00,15.398081530695375
2025-09-19T09:00:00,15.719262827997621
2025-09-19T10:00:00,17.057143833326254
2025-09-19T11:00:00,19.706159757531207
2025-09-19T12:00:00,24.428159879601516
2025-09-19T13:00:00,29.9828872680664
2025-09-19T14:00:00,36.229684746783704
2025-09-19T15:00:00,43.48095636782439
2025-09-19T16:00:00,48.22720137886378
2025-09-19T17:00:00,50.22831659731657
2025-09-19T18:00:00,52.217757349428915
2025-09-19T19:00:00,52.1340040123981
2025-09-19T20:00:00,50.15129006427267
2025-09-19T21:00:00,48.442536727241844
2025-09-19T22:00:00,46.68850956792416
2025-09-19T23:00:00,45.17008673626443
2025-09-20T00:00:00,44.22622365536897
2025-09-20T01:00:00,40.466146386188
2025-09-20T02:00:00,24.13749263597571
2025-09-20T03:00:00,17.398044917894445
2025-09-20T04:00:00,15.13004099804422
2025-09-20T05:00:00,14.234524602475373
2025-09-20T06:00:00,13.35290025628131
2025-09-20T07:00:00,12.95479388858961
2025-09-20T08:00:00,12.830849688986072
2025-09-20T09:00:00,13.416768322820246
2025-09-20T10:00:00,15.046187773994776
2025-09-20T11:00:00,18.853091198465098
2025-09-20T12:00:00,26.27415905828061
2025-09-20T13:00:00,33.85764544943105
2025-09-20T14:00:00,39.50854027789572
2025-09-20T15:00:00,43.125137826670766
2025-09-20T16:00:00,45.64463756395422
2025-09-20T17:00:00,47.32209446119225
2025-09-20T18:00:00,47.70656154466712
2025-09-20T19:00:00,47.03315834377123
2025-09-20T20:00:00,45.5941515383513
2025-09-20T21:00:00,44.0014245406441
2025-09-20T22:00:00,42.6101888573688
2025-09-20T23:00:00,40.945240518321164
2025-09-21T00:00:00,40.49134080306342
2025-09-21T01:00:00,38.44652988599694
2025-09-21T02:00:00,28.511841981307317
2025-09-21T03:00:00,23.15885319917098
2025-09-21T04:00:00,18.103727755339246
2025-09-21T05:00:00,14.851465391076129
2025-09-21T06:00:00,13.356753598088801
2025-09-21T07:00:00,12.826129913330076
2025-09-21T08:00:00,12.533646044523818
2025-09-21T09:00:00,12.227950883948283
2025-09-21T10:00:00,12.562480470408563
2025-09-21T11:00:00,14.318233614382535
2025-09-21T12:00:00,19.888125958650008
2025-09-21T13:00:00,26.675778347512946
2025-09-21T14:00:00,33.21700137594472
2025-09-21T15:00:00,38.01906220809272
2025-09-21T16:00:00,39.65690778649371
2025-09-21T17:00:00,42.09772408526876
2025-09-21T18:00:00,45.06033673493758
2025-09-21T19:00:00,45.568889452063516
2025-09-21T20:00:00,44.33415869007939
2025-09-21T21:00:00,43.177068793255344
2025-09-21T22:00:00,41.99209163499915
2025-09-21T23:00:00,39.68705583655316
2025-09-22T00:00:00,39.19455951193105
2025-09-22T01:00:00,35.14920582978622
2025-09-22T02:00:00,19.3617991571841
2025-09-22T03:00:00,14.271715454433275
2025-09-22T04:00:00,12.367636680603027
2025-09-22T05:00:00,11.358733882074771
2025-09-22T06:00:00,10.635133701822031
2025-09-22T07:00:00,10.321880257647969
2025-09-22T08:00:00,10.170284188312031
2025-09-22T09:00:00,10.256766111954397
2025-09-22T10:00:00,10.905411554419475
2025-09-22T11:00:00,13.31047671774159
2025-09-22T12:00:00,19.761547088623043
2025-09-22T13:00:00,27.931417465209957
2025-09-22T14:00:00,34.144326334414274
2025-09-22T15:00:00,38.80002884242845
2025-09-22T16:00:00,41.029434204101555
2025-09-22T17:00:00,42.42626720926035
2025-09-22T18:00:00,42.78718185424805
2025-09-22T19:00:00,42.87980718198029
2025-09-22T20:00:00,41.410447659699805
2025-09-22T21:00:00,37.357094142747954
2025-09-22T22:00:00,34.42228002133576
2025-09-22T23:00:00,33.35626220703125
2025-09-23T00:00:00,32.84080646349035
2025-09-23T01:00:00,31.103121384330414
2025-09-23T02:00:00,21.334687772004497
2025-09-23T03:00:00,16.05247165845788
2025-09-23T04:00:00,14.336269005485201
2025-09-23T05:00:00,13.61362606546153
2025-09-23T06:00:00,13.089480151300846
2025-09-23T07:00:00,12.778489817743713
2025-09-23T08:00:00,12.586604076883066
2025-09-23T09:00:00,12.587927776834237
2025-09-23T10:00:00,13.50294320479683
2025-09-23T11:00:00,15.44430401014245
2025-09-23T12:00:00,19.37689117763353
2025-09-23T13:00:00,24.533323619676672
2025-09-23T14:00:00,28.8222019361413
2025-09-23T15:00:00,32.06232444099758
2025-09-23T16:00:00,33.92015075683593
2025-09-23T17:00:00,34.55963275743567
2025-09-23T18:00:00,33.39955039646314
2025-09-23T19:00:00,31.466963643613067
2025-09-23T20:00:00,29.23319169749384
2025-09-23T21:00:00,27.68278727324112
2025-09-23T22:00:00,26.862994069638454
2025-09-23T23:00:00,26.101565651271653
2025-09-24T00:00:00,25.73539302660071
2025-09-24T01:00:00,24.663109406181
2025-09-24T02:00:00,18.311373171599012
2025-09-24T03:00:00,16.221390599789824
2025-09-24T04:00:00,16.015915456025496
2025-09-24T05:00:00,16.219201875769574
2025-09-24T06:00:00,16.266904996789016
2025-09-24T07:00:00,16.129658989284348
2025-09-24T08:00:00,16.184420710024625
2025-09-24T09:00:00,16.96170906398607
2025-09-24T10:00:00,18.332301678864848
2025-09-24T11:00:00,20.541422636612598
2025-09-24T12:00:00,24.769806156987727
2025-09-24T13:00:00,29.02868959178095
2025-09-24T14:00:00,31.637287969174587
2025-09-24T15:00:00,33.707476574441664
2025-09-24T16:00:00,35.29871268894362
2025-09-24T17:00:00,36.08509677389393
2025-09-24T18:00:00,36.04063299427861
2025-09-24T19:00:00,35.55172066066575
2025-09-24T20:00:00,36.28843854821246
2025-09-24T21:00:00,37.90254642652429
2025-09-24T22:00:00,38.16491666047469
2025-09-24T23:00:00,38.55517578124999
2025-09-25T00:00:00,37.72320390784221
2025-09-25T01:00:00,33.65830048270847
2025-09-25T02:00:00,26.24883054650348
2025-09-25T03:00:00,19.059138754139774
2025-09-25T04:00:00,16.005982813627824
2025-09-25T05:00:00,13.37042402184528
2025-09-25T06:00:00,11.304391653641408
2025-09-25T07:00:00,10.189191486524498
2025-09-25T08:00:00,9.76182854693869
2025-09-25T09:00:00,10.122800329457158
2025-09-25T10:00:00,11.858320526454758
2025-09-25T11:00:00,15.403826837954313
2025-09-25T12:00:00,19.82873319542926
2025-09-25T13:00:00,23.375758544258446
2025-09-25T14:00:00,24.168152021325152
2025-09-25T15:00:00,23.543110640152637
2025-09-25T16:00:00,23.363908353059188
2025-09-25T17:00:00,24.360022337540332
2025-09-25T18:00:00,25.077097685440723
2025-09-25T19:00:00,24.41737307672915
2025-09-25T20:00:00,23.117348546567168
2025-09-25T21:00:00,21.944362557452656
2025-09-25T22:00:00,21.22233440565026
2025-09-25T23:00:00,21.335492092630137
2025-09-26T00:00:00,20.591103678164274
2025-09-26T01:00:00,19.179349070009977
2025-09-26T02:00:00,16.239470440408457
2025-09-26T03:00:00,14.016189284946604
2025-09-26T04:00:00,11.885775607565172
2025-09-26T05:00:00,10.495668411254883
2025-09-26T06:00:00,9.602654457092283
2025-09-26T07:00:00,9.336074787637461
2025-09-26T08:00:00,9.490455544513205
2025-09-26T09:00:00,9.942729162133256
2025-09-26T10:00:00,11.03955948871115
2025-09-26T11:00:00,12.817547839620836
2025-09-26T12:00:00,15.977865302044409
2025-09-26T13:00:00,18.838465400364086
2025-09-26T14:00:00,20.490084274955414
2025-09-26T15:00:00,20.96567610035772
2025-09-26T16:00:00,21.02692421622898
2025-09-26T17:00:00,21.446810100389563
2025-09-26T18:00:00,21.86175329788871
2025-09-26T19:00:00,21.161886463994563
2025-09-26T20:00:00,20.10441630819569
2025-09-26T21:00:00,19.251826825349227
2025-09-26T22:00:00,18.712174705837082
2025-09-26T23:00:00,18.580372188402254
2025-09-27T00:00:00,19.03245983953061
2025-09-27T01:00:00,18.33441585043202
2025-09-27T02:00:00,13.383856980696967
2025-09-27T03:00:00,11.280986495639965
2025-09-27T04:00:00,10.205253352289615
2025-09-27T05:00:00,9.61855639582095
2025-09-27T06:00:00,9.235533797222633
2025-09-27T07:00:00,9.039673432059908
2025-09-27T08:00:00,9.02142873017684
2025-09-27T09:00:00,9.09685358793839
2025-09-27T10:00:00,9.445532632910687
2025-09-27T11:00:00,11.172845467277194
2025-09-27T12:00:00,14.36698059413744
2025-09-27T13:00:00,16.82745390352995
2025-09-27T14:00:00,19.04632062497346
2025-09-27T15:00:00,21.017862983371895
2025-09-27T16:00:00,22.322458101355508
2025-09-27T17:00:00,24.22719491046408
2025-09-27T18:00:00,26.176069923069164
2025-09-27T19:00:00,27.22602437890094
2025-09-27T20:00:00,28.140840862108313
2025-09-27T21:00:00,29.384535665097438
2025-09-27T22:00:00,29.950050188147497
2025-09-27T23:00:00,30.76189223579738
2025-09-28T00:00:00,30.50908345761506
2025-09-28T01:00:00,28.997802070949387
2025-09-28T02:00:00,25.883763188901153
2025-09-28T03:00:00,19.665132025013797
2025-09-28T04:00:00,14.698798469875168
2025-09-28T05:00:00,12.073465679002844
2025-09-28T06:00:00,11.313442727793815
2025-09-28T07:00:00,11.218402116195014
2025-09-28T08:00:00,11.539469636004902
2025-09-28T09:00:00,12.55494565549104
2025-09-28T10:00:00,13.064783842667287
2025-09-28T11:00:00,14.13576665131942
2025-09-28T12:00:00,17.233739355336063
2025-09-28T13:00:00,19.51679063879925
2025-09-28T14:00:00,21.75811369522758
2025-09-28T15:00:00,23.965146603791606
2025-09-28T16:00:00,25.44241042759107
2025-09-28T17:00:00,26.868327431056805
2025-09-28T18:00:00,26.873696119888965
2025-09-28T19:00:00,26.498466491699215
2025-09-28T20:00:00,26.006119106126864
2025-09-28T21:00:00,24.56781379036281
2025-09-28T22:00:00,22.023725177930746
2025-09-28T23:00:00,20.010435187298317
2025-09-29T00:00:00,20.470092607581094
2025-09-29T01:00:00,23.716548587964926
2025-09-29T02:00:00,24.01640012989873
2025-09-29T03:00:00,19.052494795426075
2025-09-29T04:00:00,15.934890208037004
2025-09-29T05:00:00,15.168823573900305
2025-09-29T06:00:00,15.59737956005594
2025-09-29T07:00:00,15.011318082394805
2025-09-29T08:00:00,11.888745681099268
2025-09-29T09:00:00,11.274201600447944
2025-09-29T10:00:00,12.752973349198049
2025-09-29T11:00:00,16.510439582492996
2025-09-29T12:00:00,22.919362690137774
2025-09-29T13:00:00,28.539453340613324
2025-09-29T14:00:00,32.0616630885912
2025-09-29T15:00:00,34.44098240396251
2025-09-29T16:00:00,36.03864006374193
2025-09-29T17:00:00,39.1447465316109
2025-09-29T18:00:00,44.75200669661812
2025-09-29T19:00:00,46.887948906939954
2025-09-29T20:00:00,45.27641644685165
2025-09-29T21:00:00,41.19798975405486
2025-09-29T22:00:00,39.53861717555833
2025-09-29T23:00:00,40.60556378571883
2025-09-30T00:00:00,42.95526803058126
2025-09-30T01:00:00,42.988761735999056
2025-09-30T02:00:00,28.051528101382043
2025-09-30T03:00:00,21.533635512642235
2025-09-30T04:00:00,18.935371979423188
2025-09-30T05:00:00,17.282756805419922
2025-09-30T06:00:00,16.14665421195652
2025-09-30T07:00:00,15.260110067284623
2025-09-30T08:00:00,14.622543873994244
2025-09-30T09:00:00,14.250264416570246
2025-09-30T10:00:00,14.782659447711445
2025-09-30T11:00:00,17.25838279724121
2025-09-30T12:00:00,23.34324364040209
2025-09-30T13:00:00,30.254738185716707
2025-09-30T14:00:00,34.60204215671704
2025-09-30T15:00:00,37.76170183264691
2025-09-30T16:00:00,40.674403315005094
2025-09-30T17:00:00,42.51063388326893
2025-09-30T18:00:00,42.039104959239125
2025-09-30T19:00:00,39.25563414200492
2025-09-30T20:00:00,34.63895300160283
2025-09-30T21:00:00,31.856462561565888
2025-09-30T22:00:00,31.43832090626592
2025-09-30T23:00:00,33.74583418472953
2025-10-01T00:00:00,35.6356609178626
2025-10-01T01:00:00,35.38215081588081
2025-10-01T02:00:00,27.316443982331645
2025-10-01T03:00:00,23.123727383820903
2025-10-01T04:00:00,21.802810751873512
2025-10-01T05:00:00,20.915825968203336
2025-10-01T06:00:00,20.23920747508173
2025-10-01T07:00:00,19.776155554729957
2025-10-01T08:00:00,18.82398572175399
2025-10-01T09:00:00,18.229154255079184
2025-10-01T10:00:00,18.448731380960215
2025-10-01T11:00:00,20.310401336006493
2025-10-01T12:00:00,25.216002837471336
2025-10-01T13:00:00,31.00968833591627
2025-10-01T14:00:00,35.17203554899796
2025-10-01T15:00:00,38.33039955470873
2025-10-01T16:00:00,42.515731479810626
2025-10-01T17:00:00,44.86309084684952
2025-10-01T18:00:00,44.15533696050229
2025-10-01T19:00:00,43.57372118079144
2025-10-01T20:00:00,43.977792325227156
2025-10-01T21:00:00,41.58124276866083
2025-10-01T22:00:00,40.790597666864805
2025-10-01T23:00:00,41.962748320206344
2025-10-02T00:00:00,43.74430664725925
2025-10-02T01:00:00,45.79976703809655
2025-10-02T02:00:00,34.84132318911345
2025-10-02T03:00:00,24.271709193354067
2025-10-02T04:00:00,19.938859856646992
2025-10-02T05:00:00,18.648344952127207
2025-10-02T06:00:00,18.747930858446203
2025-10-02T07:00:00,18.888592346854832
2025-10-02T08:00:00,19.547382437664528
2025-10-02T09:00:00,20.309823658155356
2025-10-02T10:00:00,21.26375513491423
2025-10-02T11:00:00,24.33158575970193
2025-10-02T12:00:00,32.6323769610861
2025-10-02T13:00:00,43.423659117325485
2025-10-02T14:00:00,52.502215509829306
2025-10-02T15:00:00,59.272608052129314
2025-10-02T16:00:00,64.25890084971552
2025-10-02T17:00:00,66.63289144764775
2025-10-02T18:00:00,66.46810680886972
2025-10-02T19:00:00,65.40537162449048
2025-10-02T20:00:00,64.24521968675697
2025-10-02T21:00:00,63.978216751762055
2025-10-02T22:00:00,63.24921317722486
2025-10-02T23:00:00,62.22506813381029
2025-10-03T00:00:00,61.99093661100968
2025-10-03T01:00:00,58.68647268544073
2025-10-03T02:00:00,35.81920308652131
2025-10-03T03:00:00,22.694998450901195
2025-10-03T04:00:00,17.52971383799677
2025-10-03T05:00:00,16.30370807647705
2025-10-03T06:00:00,15.606399453204608
2025-10-03T07:00:00,15.124701873115868
2025-10-03T08:00:00,14.569872482963229
2025-10-03T09:00:00,14.403993108998174
2025-10-03T10:00:00,14.818836543871008
2025-10-03T11:00:00,16.186194875965946
2025-10-03T12:00:00,23.277389609295387
2025-10-03T13:00:00,36.10662377398947
2025-10-03T14:00:00,51.26247770889946
2025-10-03T15:00:00,66.22254977018936
2025-10-03T16:00:00,80.15394227401069
2025-10-03T17:00:00,88.41491865075153
2025-10-03T18:00:00,85.9903799969217
2025-10-03T19:00:00,89.62350032640539
2025-10-03T20:00:00,94.06344040580417
2025-10-03T21:00:00,99.21114846934441
2025-10-03T22:00:00,103.48332512896994
2025-10-03T23:00:00,106.15839286472486
2025-10-04T00:00:00,106.98229781441066
2025-10-04T01:00:00,99.87879280422044
2025-10-04T02:00:00,46.211527617081344
2025-10-04T03:00:00,28.757369746332582
2025-10-04T04:00:00,25.355251809825063
2025-10-04T05:00:00,24.349428425664488
2025-10-04T06:00:00,23.803349785182785
2025-10-04T07:00:00,23.239498055499528
2025-10-04T08:00:00,23.130619712497875
2025-10-04T09:00:00,23.898187388544493
2025-10-04T10:00:00,23.80771230614703
2025-10-04T11:00:00,25.770265081654422
2025-10-04T12:00:00,31.22681675786557
2025-10-04T13:00:00,37.706620921259336
2025-10-04T14:00:00,44.709467182988696
2025-10-04T15:00:00,55.45787131268044
2025-10-04T16:00:00,68.2353863923446
2025-10-04T17:00:00,81.49134594461192
2025-10-04T18:00:00,97.63246718696925
2025-10-04T19:00:00,112.07728012748385
2025-10-04T20:00:00,123.44092228101644
2025-10-04T21:00:00,131.69086887525475
2025-10-04T22:00:00,137.00184432319972
2025-10-04T23:00:00,141.34433978536853
2025-10-05T00:00:00,143.85733032226562
2025-10-05T01:00:00,142.96511044709575
2025-10-05T02:00:00,117.47024768331777
2025-10-05T03:00:00,65.9873391856318
2025-10-05T04:00:00,36.13288116455078
2025-10-05T05:00:00,27.997402688731313
2025-10-05T06:00:00,24.544314923493758
2025-10-05T07:00:00,23.634402150693145
2025-10-05T08:00:00,23.814399138740868
2025-10-05T09:00:00,24.693765806115188
2025-10-05T10:00:00,26.141636889913805
2025-10-05T11:00:00,28.882605345352836
2025-10-05T12:00:00,40.429948557978086
2025-10-05T13:00:00,53.26159866996433
2025-10-05T14:00:00,60.85892503157905
2025-10-05T15:00:00,65.58451213007386
2025-10-05T16:00:00,63.67522430419922
2025-10-05T17:00:00,58.717839780061134
2025-10-05T18:00:00,69.12826405400814
2025-10-05T19:00:00,62.74936211627462
2025-10-05T20:00:00,56.684402465820305
2025-10-05T21:00:00,52.091230309527845
2025-10-05T22:00:00,50.957860532014266
2025-10-05T23:00:00,50.66929294752037
2025-10-06T00:00:00,50.57190024334451
2025-10-06T01:00:00,47.78824134494947
2025-10-06T02:00:00,21.240206428196117
2025-10-06T03:00:00,14.70444824384606
2025-10-06T04:00:00,13.463371359783668
2025-10-06T05:00:00,13.543509897978407
2025-10-06T06:00:00,14.27917248269786
2025-10-06T07:00:00,15.004415968190067
2025-10-06T08:00:00,15.709525937619414
2025-10-06T09:00:00,16.33937400320302
2025-10-06T10:00:00,17.180485435154125
2025-10-06T11:00:00,19.134475956792414
2025-10-06T12:00:00,23.042765658834707
2025-10-06T13:00:00,25.882142108419664
2025-10-06T14:00:00,30.452230204706606
2025-10-06T15:00:00,39.98796662040379
2025-10-06T16:00:00,58.00191481217093
2025-10-06T17:00:00,78.08721194059952
2025-10-06T18:00:00,96.96950331978175
2025-10-06T19:00:00,109.44547537098758
2025-10-06T20:00:00,110.57683065663213
2025-10-06T21:00:00,109.57325247059697
2025-10-06T22:00:00,90.7828717439071
2025-10-06T23:00:00,64.33812531181002
2025-10-07T00:00:00,63.30185400921365
2025-10-07T01:00:00,67.50268372245456
2025-10-07T02:00:00,35.892560378364884
2025-10-07T03:00:00,21.873929645704184
2025-10-07T04:00:00,18.732747368190598
2025-10-07T05:00:00,17.982890419338062
2025-10-07T06:00:00,17.832610503486965
2025-10-07T07:00:00,17.728783151377797
2025-10-07T08:00:00,17.853879182235055
2025-10-07T09:00:00,17.680245275082797
2025-10-07T10:00:00,19.340722125509508
2025-10-07T11:00:00,25.16472567682681
2025-10-07T12:00:00,36.99581892594046
2025-10-07T13:00:00,47.819802657417625
2025-10-07T14:00:00,61.309336123259165
2025-10-07T15:00:00,77.53652622388755
2025-10-07T16:00:00,91.53093122399372
2025-10-07T17:00:00,103.86591670824133
2025-10-07T18:00:00,117.53479600989299
2025-10-07T19:00:00,122.73234889818272
2025-10-07T20:00:00,122.5879317573879
2025-10-07T21:00:00,121.25823178498638
2025-10-07T22:00:00,120.74447167438008
2025-10-07T23:00:00,120.12752234417458
2025-10-08T00:00:00,117.85388581649116
2025-10-08T01:00:00,105.96363332997197
2025-10-08T02:00:00,50.467448027237594
2025-10-08T03:00:00,27.748436803403102
2025-10-08T04:00:00,23.294482438460637
2025-10-08T05:00:00,22.680490576702613
2025-10-08T06:00:00,22.467483686364215
2025-10-08T07:00:00,21.341312491375465
2025-10-08T08:00:00,19.777453298154086
2025-10-08T09:00:00,18.951561637546703
2025-10-08T10:00:00,21.722268975299336
2025-10-08T11:00:00,27.59290363477624
2025-10-08T12:00:00,38.34486190132473
2025-10-08T13:00:00,52.700451063073196
2025-10-08T14:00:00,64.50863946002461
2025-10-08T15:00:00,66.96990004829738
2025-10-08T16:00:00,65.37318022354788
2025-10-08T17:00:00,63.77356786313264
2025-10-08T18:00:00,60.39561346302862
2025-10-08T19:00:00,58.50283763719641
2025-10-08T20:00:00,56.51256047124448
2025-10-08T21:00:00,59.311757958453626
2025-10-08T22:00:00,62.309528848399275
2025-10-08T23:00:00,64.70787778108016
2025-10-09T00:00:00,69.42158143416694
2025-10-09T01:00:00,69.58180701214334
2025-10-09T02:00:00,33.36422829006029
2025-10-09T03:00:00,22.727612205173656
2025-10-09T04:00:00,20.814989089965817
2025-10-09T05:00:00,19.628524199776027
2025-10-09T06:00:00,19.329668874325957
2025-10-09T07:00:00,19.49950077222741
2025-10-09T08:00:00,19.260497383449383
2025-10-09T09:00:00,20.651950504468832
2025-10-09T10:00:00,24.839391376661215
2025-10-09T11:00:00,30.547068637350325
2025-10-09T12:00:00,41.524334948995836
2025-10-09T13:00:00,50.181964044985556
2025-10-09T14:00:00,57.03805293207582
2025-10-09T15:00:00,62.67756337704865
2025-10-09T16:00:00,66.34695932139522
2025-10-09T17:00:00,67.68234153415845
2025-10-09T18:00:00,69.36416891346806
2025-10-09T19:00:00,70.46300970989724
2025-10-09T20:00:00,71.83074387260105
2025-10-09T21:00:00,74.47177356222402
2025-10-09T22:00:00,76.62890923541525
2025-10-09T23:00:00,77.96509518830672
2025-10-10T00:00:00,78.95981299358864
2025-10-10T01:00:00,75.8336304374363
2025-10-10T02:00:00,42.636057148809016
2025-10-10T03:00:00,25.18320979242739
2025-10-10T04:00:00,20.78796925752059
2025-10-10T05:00:00,19.566391074139137
2025-10-10T06:00:00,18.778552843176797
2025-10-10T07:00:00,18.04267518416695
2025-10-10T08:00:00,17.454587604688562
2025-10-10T09:00:00,17.354280637658157
2025-10-10T10:00:00,18.211480265078336
2025-10-10T11:00:00,21.026724359263543
2025-10-10T12:00:00,27.0488106271495
2025-10-10T13:00:00,34.4349834607995
2025-10-10T14:00:00,42.36672641920007
2025-10-10T15:00:00,49.08599339360776
2025-10-10T16:00:00,54.72990964806597
2025-10-10T17:00:00,59.75307680212933
2025-10-10T18:00:00,64.4976000578507
2025-10-10T19:00:00,68.8683096844217
2025-10-10T20:00:00,72.53380816915761
2025-10-10T21:00:00,74.80304220448369
2025-10-10T22:00:00,74.9252641097359
2025-10-10T23:00:00,73.48219995913297
2025-10-11T00:00:00,71.00073043159816
2025-10-11T01:00:00,61.92732139255689
2025-10-11T02:00:00,28.25340254410453
2025-10-11T03:00:00,18.83076236558997
2025-10-11T04:00:00,16.017340162526008
2025-10-11T05:00:00,14.871694191642428
2025-10-11T06:00:00,14.00988831727401
2025-10-11T07:00:00,13.097050791201383
2025-10-11T08:00:00,12.894275748211403
2025-10-11T09:00:00,13.348888231360393
2025-10-11T10:00:00,15.14025024745775
2025-10-11T11:00:00,18.719035936438516
2025-10-11T12:00:00,25.528965410978895
2025-10-11T13:00:00,33.8201789855957
2025-10-11T14:00:00,41.94305220894191
2025-10-11T15:00:00,48.70277603812839
2025-10-11T16:00:00,55.09264821591584
2025-10-11T17:00:00,68.92631563932999
2025-10-11T18:00:00,88.03837983504584
2025-10-11T19:00:00,104.38392473303752
2025-10-11T20:00:00,115.53521363631539
2025-10-11T21:00:00,122.78693025008491
2025-10-11T22:00:00,126.70412080184272
2025-10-11T23:00:00,126.09850742505942
2025-10-12T00:00:00,122.24187170940895
2025-10-12T01:00:00,113.1675156303074
2025-10-12T02:00:00,53.72359333867611
2025-10-12T03:00:00,25.79809528848399
2025-10-12T04:00:00,19.75742530822754
2025-10-12T05:00:00,15.19961012964663
2025-10-12T06:00:00,12.322299667026684
2025-10-12T07:00:00,11.01908480602762
2025-10-12T08:00:00,10.770755270253057
2025-10-12T09:00:00,11.434469803519871
2025-10-12T10:00:00,13.79536147739576
2025-10-12T11:00:00,16.77010544486668
2025-10-12T12:00:00,23.050025857013203
2025-10-12T13:00:00,29.90684136100437
2025-10-12T14:00:00,37.03805600041928
2025-10-12T15:00:00,45.150096395741336
2025-10-12T16:00:00,56.95834632541822
2025-10-12T17:00:00,69.32229780114216
2025-10-12T18:00:00,78.98277780284052
2025-10-12T19:00:00,85.36861419677733
2025-10-12T20:00:00,90.77074233345363
2025-10-12T21:00:00,96.06320090915844
2025-10-12T22:00:00,98.6589010487432
2025-10-12T23:00:00,97.409239395805
2025-10-13T00:00:00,91.58913919200069
2025-10-13T01:00:00,71.16683595076852
2025-10-13T02:00:00,35.582982104757555
2025-10-13T03:00:00,24.15090154564899
2025-10-13T04:00:00,21.70668950288192
2025-10-13T05:00:00,20.091524041217305
2025-10-13T06:00:00,19.0205081442128
2025-10-13T07:00:00,18.642694804979403
2025-10-13T08:00:00,19.082863185716707
2025-10-13T09:00:00,20.93776686295219
2025-10-13T10:00:00,23.191723450370453
2025-10-13T11:00:00,26.408465675685715
2025-10-13T12:00:00,31.515825520391047
2025-10-13T13:00:00,36.41315841674804
2025-10-13T14:00:00,42.05706438810929
2025-10-13T15:00:00,50.66577529907226
2025-10-13T16:00:00,61.96536735866379
2025-10-13T17:00:00,74.44805841860563
2025-10-13T18:00:00,86.21533169953717
2025-10-13T19:00:00,91.72202533224353
2025-10-13T20:00:00,90.25409499458644
2025-10-13T21:00:00,91.96927377452019
2025-10-13T22:00:00,91.61137920877206
2025-10-13T23:00:00,90.73283386230467
2025-10-14T00:00:00,87.40915779445483
2025-10-14T01:00:00,79.19702165023139
2025-10-14T02:00:00,46.69418658380922
2025-10-14T03:00:00,20.66484098849089
2025-10-14T04:00:00,14.102829145348588
2025-10-14T05:00:00,11.389888639035432
2025-10-14T06:00:00,10.09870201608409
2025-10-14T07:00:00,9.658669015635613
2025-10-14T08:00:00,9.580703569495158
2025-10-14T09:00:00,10.205841188845426
2025-10-14T10:00:00,11.25886597840682
2025-10-14T11:00:00,13.050704873126483
2025-10-14T12:00:00,16.171021917591922
2025-10-14T13:00:00,20.573001281074852
2025-10-14T14:00:00,29.030595364777934
2025-10-14T15:00:00,39.011458770088524
2025-10-14T16:00:00,47.73368951548701
2025-10-14T17:00:00,53.635644829791524
2025-10-14T18:00:00,60.26789424730382
2025-10-14T19:00:00,68.3380362469217
2025-10-14T20:00:00,80.52419645889945
2025-10-14T21:00:00,90.21700286865233
2025-10-14T22:00:00,97.98970595650049
2025-10-14T23:00:00,103.33009835948114
2025-10-15T00:00:00,106.13645537003227
2025-10-15T01:00:00,89.64561595087466
2025-10-15T02:00:00,36.68231400199558
2025-10-15T03:00:00,21.924194833506707
2025-10-15T04:00:00,19.357064952021055
2025-10-15T05:00:00,19.338967033054512
2025-10-15T06:00:00,20.084349259086274
2025-10-15T07:00:00,21.463146292644996
2025-10-15T08:00:00,22.40450560528299
2025-10-15T09:00:00,23.780623394510016
2025-10-15T10:00:00,28.756803346716836
2025-10-15T11:00:00,38.26412715082583
2025-10-15T12:00:00,50.66205779365871
2025-10-15T13:00:00,64.70435465937074
2025-10-15T14:00:00,78.86525029721467
2025-10-15T15:00:00,93.84871706755264
2025-10-15T16:00:00,107.4206891267196
2025-10-15T17:00:00,116.94466366975203
2025-10-15T18:00:00,125.88477590809697
2025-10-15T19:00:00,133.60522991677988
2025-10-15T20:00:00,138.81048185929006
2025-10-15T21:00:00,145.07413184124488
2025-10-15T22:00:00,153.30278612219766
2025-10-15T23:00:00,161.66284312372622
2025-10-16T00:00:00,169.42583366062328
2025-10-16T01:00:00,159.8746172034222
2025-10-16T02:00:00,102.2368343187415
2025-10-16T03:00:00,68.41975270146908
2025-10-16T04:00:00,41.25915444415548
2025-10-16T05:00:00,35.87774857230808
2025-10-16T06:00:00,35.19881107496178
2025-10-16T07:00:00,32.81578611290973
2025-10-16T08:00:00,30.014131960661516
2025-10-16T09:00:00,27.834252150162403
2025-10-16T10:00:00,30.31400464928668
2025-10-16T11:00:00,40.20544516521951
2025-10-16T12:00:00,55.6871979754904
2025-10-16T13:00:00,73.85088116189708
2025-10-16T14:00:00,84.00753618323284
2025-10-16T15:00:00,84.27646504277767
2025-10-16T16:00:00,84.49936410655145
2025-10-16T17:00:00,91.9096974911897
2025-10-16T18:00:00,109.60550225299336
2025-10-16T19:00:00,134.54962091860563
2025-10-16T20:00:00,161.4063939633577
2025-10-16T21:00:00,178.60064232867694
2025-10-16T22:00:00,182.38375456436816
2025-10-16T23:00:00,183.9844221032184
2025-10-17T00:00:00,182.81157717497453
2025-10-17T01:00:00,179.55863886294156
2025-10-17T02:00:00,136.8246658988621
2025-10-17T03:00:00,78.97285229226817
2025-10-17T04:00:00,59.62232274594514
2025-10-17T05:00:00,49.60259031212848
2025-10-17T06:00:00,47.594977171524704
2025-10-17T07:00:00,42.41083543196968
2025-10-17T08:00:00,38.632336492123805
2025-10-17T09:00:00,37.44470297771951
2025-10-17T10:00:00,42.0576636272928
2025-10-17T11:00:00,48.756910572881274
2025-10-17T12:00:00,59.12434718919836
2025-10-17T13:00:00,73.53628440525219
2025-10-17T14:00:00,91.00780586574388
2025-10-17T15:00:00,104.90689484969427
2025-10-17T16:00:00,106.84593466053839
2025-10-17T17:00:00,95.04650281823199
2025-10-17T18:00:00,86.24733037533967
2025-10-17T19:00:00,79.88876176917034
2025-10-17T20:00:00,74.96374743917713
2025-10-17T21:00:00,74.96193927267322
2025-10-17T22:00:00,78.4678318189538
2025-10-17T23:00:00,81.16586701766303
2025-10-18T00:00:00,83.74777022652005
2025-10-18T01:00:00,81.10090637207031
2025-10-18T02:00:00,45.61180794757345
2025-10-18T03:00:00,27.67145720772121
2025-10-18T04:00:00,22.89334736699643
2025-10-18T05:00:00,21.038779134335723
2025-10-18T06:00:00,18.88134898310122
2025-10-18T07:00:00,19.175704707270082
2025-10-18T08:00:00,20.85312685759171
2025-10-18T09:00:00,24.014393267424207
2025-10-18T10:00:00,31.31336195572562
2025-10-18T11:00:00,41.50967622839885
2025-10-18T12:00:00,53.76450580099355
2025-10-18T13:00:00,66.83773206627887
2025-10-18T14:00:00,78.04994632886803
2025-10-18T15:00:00,84.67731144117272
2025-10-18T16:00:00,88.05612613843834
2025-10-18T17:00:00,91.5437306943147
2025-10-18T18:00:00,96.07104193645975
2025-10-18T19:00:00,100.17417310631792
2025-10-18T20:00:00,103.711659638778
2025-10-18T21:00:00,108.06502466616422
2025-10-18T22:00:00,115.13742662512736
2025-10-18T23:00:00,125.5685809591542
2025-10-19T00:00:00,139.96213697350544
2025-10-19T01:00:00,153.13398809018344
2025-10-19T02:00:00,115.57289057192594
2025-10-19T03:00:00,75.01889203942339
2025-10-19T04:00:00,46.65738147238026
2025-10-19T05:00:00,31.470505921737008
2025-10-19T06:00:00,24.06424762891686
2025-10-19T07:00:00,20.630727685016133
2025-10-19T08:00:00,19.888132841690727
2025-10-19T09:00:00,21.040537460990574
2025-10-19T10:00:00,24.10930003290591
2025-10-19T11:00:00,30.86860938694166
2025-10-19T12:00:00,36.79835012684698
2025-10-19T13:00:00,42.1170249607252
2025-10-19T14:00:00,47.767608145008914
2025-10-19T15:00:00,53.21644691798997
2025-10-19T16:00:00,53.96368507716966
2025-10-19T17:00:00,45.33081519085428
2025-10-19T18:00:00,37.62285016930621
2025-10-19T19:00:00,36.669813902481735
2025-10-19T20:00:00,40.67964338219684
2025-10-19T21:00:00,47.66130961542544
2025-10-19T22:00:00,53.895833056905985
2025-10-19T23:00:00,58.24270414269488
2025-10-20T00:00:00,58.77908059825067
2025-10-20T01:00:00,58.35259512196416
2025-10-20T02:00:00,43.66487005482549
2025-10-20T03:00:00,24.58735192340353
2025-10-20T04:00:00,26.299752857374106
2025-10-20T05:00:00,30.821105210677437
2025-10-20T06:00:00,38.53237915039062
2025-10-20T07:00:00,45.84402581919794
2025-10-20T08:00:00,52.70510698401409
2025-10-20T09:00:00,58.56266967110011
2025-10-20T10:00:00,66.04388659933339
2025-10-20T11:00:00,74.51252481211786
2025-10-20T12:00:00,87.46552276611327
2025-10-20T13:00:00,103.259057086447
2025-10-20T14:00:00,119.09784798000169
2025-10-20T15:00:00,136.85393291970956
2025-10-20T16:00:00,156.17645927097485
2025-10-20T17:00:00,171.86183697244394
2025-10-20T18:00:00,179.19850357719088
2025-10-20T19:00:00,166.65496428116506
2025-10-20T20:00:00,123.2085611094599
2025-10-20T21:00:00,67.43098781419836
2025-10-20T22:00:00,41.106793445089586
2025-10-20T23:00:00,35.78533172607422
2025-10-21T00:00:00,37.67048794290294
2025-10-21T01:00:00,42.511620397153095
2025-10-21T02:00:00,41.89390663478685
2025-10-21T03:00:00,25.869734971419618
2025-10-21T04:00:00,17.70177874357804
2025-10-21T05:00:00,15.455258162125297
2025-10-21T06:00:00,16.12317027216372
2025-10-21T07:00:00,17.91345048987347
2025-10-21T08:00:00,19.88647112639054
2025-10-21T09:00:00,19.013492335443907
2025-10-21T10:00:00,18.632183323735774
2025-10-21T11:00:00,21.65224332394807
2025-10-21T12:00:00,27.358910021574598
2025-10-21T13:00:00,33.74998358021612
2025-10-21T14:00:00,39.21829870472783
2025-10-21T15:00:00,43.381193409795344
2025-10-21T16:00:00,46.704475236975625
2025-10-21T17:00:00,49.123025977093235
2025-10-21T18:00:00,49.80003406690514
2025-10-21T19:00:00,45.51940271128779
2025-10-21T20:00:00,38.69473614900008
2025-10-21T21:00:00,33.85992862867272
2025-10-21T22:00:00,31.807419735452402
2025-10-21T23:00:00,30.669971300208047
2025-10-22T00:00:00,28.785883862039316
2025-10-22T01:00:00,27.641245385874868
2025-10-22T02:00:00,23.314890737118926
2025-10-22T03:00:00,16.127700183702547
2025-10-22T04:00:00,13.902414197507111
2025-10-22T05:00:00,14.202252719713293
2025-10-22T06:00:00,14.420631781868313
2025-10-22T07:00:00,13.774599365566088
2025-10-22T08:00:00,13.84848233927851
2025-10-22T09:00:00,16.87787993057914
2025-10-22T10:00:00,19.502953653750208
2025-10-22T11:00:00,21.615549253380813
2025-10-22T12:00:00,23.278250652810797
2025-10-22T13:00:00,24.510905473128606
2025-10-22T14:00:00,29.84598466624384
2025-10-22T15:00:00,34.80769812542459
2025-10-22T16:00:00,37.89568975697393
2025-10-22T17:00:00,36.20965592757515
2025-10-22T18:00:00,31.913488056348715
2025-10-22T19:00:00,27.10252247685971
2025-10-22T20:00:00,22.232390776924465
2025-10-22T21:00:00,18.089240115621816
2025-10-22T22:00:00,15.522437012713887
2025-10-22T23:00:00,15.447909686876379
2025-10-23T00:00:00,17.205962139627207
2025-10-23T01:00:00,19.491800059442934
2025-10-23T02:00:00,19.89332356660262
2025-10-23T03:00:00,17.632918150528614
2025-10-23T04:00:00,17.23877662161122
2025-10-23T05:00:00,16.852304541546363
2025-10-23T06:00:00,16.00642515265423
2025-10-23T07:00:00,14.965303255164104
2025-10-23T08:00:00,14.725573539733887
2025-10-23T09:00:00,15.369511314060375
2025-10-23T10:00:00,16.828669340714164
2025-10-23T11:00:00,20.931981045266856
2025-10-23T12:00:00,26.30209176436714
2025-10-23T13:00:00,20.74481292392896
2025-10-23T14:00:00,19.636032021563985
2025-10-23T15:00:00,27.086959341297973
2025-10-23T16:00:00,33.77260257886804
2025-10-23T17:00:00,38.93270310111668
2025-10-23T18:00:00,43.57618431423021
2025-10-23T19:00:00,39.62490529599397
2025-10-23T20:00:00,33.540279554284126
2025-10-23T21:00:00,29.991704940795895
2025-10-23T22:00:00,27.383728607841157
2025-10-23T23:00:00,25.23712133324664
2025-10-24T00:00:00,25.372374161430024
2025-10-24T01:00:00,24.796403470246684
2025-10-24T02:00:00,22.166175925213356
2025-10-24T03:00:00,15.017453483913254
2025-10-24T04:00:00,10.739130061605701
2025-10-24T05:00:00,10.166925596154254
2025-10-24T06:00:00,10.640233703281568
2025-10-24T07:00:00,12.328020510466203
2025-10-24T08:00:00,13.410581505816914
2025-10-24T09:00:00,14.373489214026408
2025-10-24T10:00:00,15.644047405408775
2025-10-24T11:00:00,19.020882399185844
2025-10-24T12:00:00,26.426741392716117
2025-10-24T13:00:00,33.24532782513162
2025-10-24T14:00:00,33.12681032263714
2025-10-24T15:00:00,26.518441407576848
2025-10-24T16:00:00,31.542901744013246
2025-10-24T17:00:00,38.06517957604449
2025-10-24T18:00:00,42.737378493599266
2025-10-24T19:00:00,36.330357758895204
2025-10-24T20:00:00,39.63277402131454
2025-10-24T21:00:00,40.153195754341446
2025-10-24T22:00:00,37.37493216473123
2025-10-24T23:00:00,37.05555924125339
2025-10-25T00:00:00,38.30517777152683
2025-10-25T01:00:00,38.004230167554766
2025-10-25T02:00:00,31.649324251257852
2025-10-25T03:00:00,20.65384176503057
2025-10-25T04:00:00,16.195883667987324
2025-10-25T05:00:00,15.924828487893809
2025-10-25T06:00:00,15.891830900441043
2025-10-25T07:00:00,14.426346032515815
2025-10-25T08:00:00,12.91705102505891
2025-10-25T09:00:00,12.39529916514521
2025-10-25T10:00:00,13.235091624052625
2025-10-25T11:00:00,16.17402242577594
2025-10-25T12:00:00,23.404050163600754
2025-10-25T13:00:00,32.61692793472953
2025-10-25T14:00:00,41.20680336330248
2025-10-25T15:00:00,48.360546443773345
2025-10-25T16:00:00,55.644703574802556
2025-10-25T17:00:00,61.6395620263141
2025-10-25T18:00:00,64.93390672103217
2025-10-25T19:00:00,67.36541150963824
2025-10-25T20:00:00,68.25431127133577
2025-10-25T21:00:00,75.62338605134383
2025-10-25T22:00:00,80.2205581665039
2025-10-25T23:00:00,83.69290360160495
2025-10-26T00:00:00,85.38259456468666
2025-10-26T01:00:00,83.90363942021908
2025-10-26T02:00:00,64.47349050770634
2025-10-26T03:00:00,33.73611234581988
2025-10-26T04:00:00,21.77311441172724
2025-10-26T05:00:00,15.994970072870668
2025-10-26T06:00:00,13.319661057513693
2025-10-26T07:00:00,12.149774841640305
2025-10-26T08:00:00,11.712924335313879
2025-10-26T09:00:00,12.022534992383873
2025-10-26T10:00:00,14.094059197799018
2025-10-26T11:00:00,18.977426943571672
2025-10-26T12:00:00,29.268310546874996
2025-10-26T13:00:00,39.03991997760274
2025-10-26T14:00:00,51.52009963989257
2025-10-26T15:00:00,59.05582875790803
2025-10-26T16:00:00,60.123053840968915
2025-10-26T17:00:00,59.85413509866465
2025-10-26T18:00:00,61.50393842614215
2025-10-26T19:00:00,61.79589412523352
2025-10-26T20:00:00,61.33505232437797
2025-10-26T21:00:00,61.75011377749235
2025-10-26T22:00:00,63.180689936098844
2025-10-26T23:00:00,61.78515873784603
2025-10-27T00:00:00,62.288553818412446
2025-10-27T01:00:00,65.85404205322264
2025-10-27T02:00:00,52.90208667257558
2025-10-27T03:00:00,32.93070386803668
2025-10-27T04:00:00,22.700959744660747
2025-10-27T05:00:00,17.15617237920346
2025-10-27T06:00:00,14.347599941751229
2025-10-27T07:00:00,13.139455670895783
2025-10-27T08:00:00,12.1638009444527
2025-10-27T09:00:00,11.556110796721084
2025-10-27T10:00:00,12.386031233746072
2025-10-27T11:00:00,15.536356221074643
2025-10-27T12:00:00,20.992064434549082
2025-10-27T13:00:00,27.17859359409498
2025-10-27T14:00:00,32.67303367283033
2025-10-27T15:00:00,34.53502646736476
2025-10-27T16:00:00,34.9686631741731
2025-10-27T17:00:00,35.768572517063305
2025-10-27T18:00:00,35.938209450763196
2025-10-27T19:00:00,34.78844841666843
2025-10-27T20:00:00,34.39660984536876
2025-10-27T21:00:00,33.87188148498535
2025-10-27T22:00:00,33.86968761941661
2025-10-27T23:00:00,35.399931202764094
2025-10-28T00:00:00,37.41980536087699
2025-10-28T01:00:00,36.50956618267556
2025-10-28T02:00:00,33.69920796933381
2025-10-28T03:00:00,25.657001329504922
2025-10-28T04:00:00,18.877659341563348
2025-10-28T05:00:00,15.239801614180852
2025-10-28T06:00:00,12.803720971812371
2025-10-28T07:00:00,11.17867324663245
2025-10-28T08:00:00,10.643834528715713
2025-10-28T09:00:00,11.019587889961574
2025-10-28T10:00:00,12.233611604441768
2025-10-28T11:00:00,15.40113067626953
2025-10-28T12:00:00,20.46796483578889
2025-10-28T13:00:00,26.07602144324261
2025-10-28T14:00:00,31.519560855367907
2025-10-28T15:00:00,36.581226763517954
2025-10-28T16:00:00,38.39511937680451
2025-10-28T17:00:00,42.781412373418384
2025-10-28T18:00:00,47.43494116741678
2025-10-28T19:00:00,49.33510722284731
2025-10-28T20:00:00,49.88756163223929
2025-10-28T21:00:00,49.52942674056343
2025-10-28T22:00:00,49.51764164800229
2025-10-28T23:00:00,51.58220158452573
2025-10-29T00:00:00,55.141244141951844
2025-10-29T01:00:00,58.47273917820142
2025-10-29T02:00:00,36.254928257154376
2025-10-29T03:00:00,23.374941120976985
2025-10-29T04:00:00,18.334034048992653
2025-10-29T05:00:00,15.737529339997662
2025-10-29T06:00:00,14.536876346753989
2025-10-29T07:00:00,14.208939842555834
2025-10-29T08:00:00,14.30810256626295
2025-10-29T09:00:00,14.647085023962932
2025-10-29T10:00:00,15.287080764770504
2025-10-29T11:00:00,18.330357593038805
2025-10-29T12:00:00,25.970176696777337
2025-10-29T13:00:00,37.58707461149796
2025-10-29T14:00:00,49.481298529583476
2025-10-29T15:00:00,61.28917760434357
2025-10-29T16:00:00,71.84152520221213
2025-10-29T17:00:00,77.91358881411344
2025-10-29T18:00:00,80.97977513852327
2025-10-29T19:00:00,81.00678883428158
2025-10-29T20:00:00,79.15946628736411
2025-10-29T21:00:00,76.60476485542628
2025-10-29T22:00:00,73.97811425250508
2025-10-29T23:00:00,72.10089476212211
2025-10-30T00:00:00,71.49721228558084
2025-10-30T01:00:00,69.13221044125764
2025-10-30T02:00:00,39.97797659169073
2025-10-30T03:00:00,26.23133103743843
2025-10-30T04:00:00,21.59004261182702
2025-10-30T05:00:00,18.93749543894892
2025-10-30T06:00:00,17.931953181391172
2025-10-30T07:00:00,18.0640988557235
2025-10-30T08:00:00,18.701093093208645
2025-10-30T09:00:00,19.805549870366637
2025-10-30T10:00:00,21.699507340140965
2025-10-30T11:00:00,24.297536849975582
2025-10-30T12:00:00,26.456492714259934
2025-10-30T13:00:00,34.116948500923485
2025-10-30T14:00:00,48.21796251379925
2025-10-30T15:00:00,62.4595144520635
2025-10-30T16:00:00,75.15319658362345
2025-10-30T17:00:00,94.64672420335852
2025-10-30T18:00:00,107.42105998163638
2025-10-30T19:00:00,107.75256646197774
2025-10-30T20:00:00,104.16361103887142
2025-10-30T21:00:00,98.27781013820481
2025-10-30T22:00:00,92.70776831585428
2025-10-30T23:00:00,87.65267280910324
2025-10-31T00:00:00,84.43883945630944
2025-10-31T01:00:00,82.71981546153192
2025-10-31T02:00:00,51.59336206187372
2025-10-31T03:00:00,27.742067088251527
2025-10-31T04:00:00,26.451086873593535
2025-10-31T05:00:00,27.17548909394637
2025-10-31T06:00:00,26.934226823889688
2025-10-31T07:00:00,25.918832281361453
2025-10-31T08:00:00,25.13850162340247
2025-10-31T09:00:00,24.617790553880774
2025-10-31T10:00:00,25.62545187576957
2025-10-31T11:00:00,25.291903205539867
2025-10-31T12:00:00,26.90281013820482
2025-10-31T13:00:00,30.333744878354274
2025-10-31T14:00:00,34.62844516920007
2025-10-31T15:00:00,39.630056298297376
2025-10-31T16:00:00,46.07771632982337
2025-10-31T17:00:00,53.19479303774625
2025-10-31T18:00:00,61.25415984443996
2025-10-31T19:00:00,69.74134096891983
2025-10-31T20:00:00,78.00500554623811
2025-10-31T21:00:00,87.84403228759766
2025-10-31T22:00:00,97.91757102634594
2025-10-31T23:00:00,101.295666238536
2025-11-01T00:00:00,101.97727501910664
2025-11-01T01:00:00,100.07671356201172
2025-11-01T02:00:00,56.05800976960555
2025-11-01T03:00:00,35.68023134314495
2025-11-01T04:00:00,31.203895071278446
2025-11-01T05:00:00,32.16893071713655
2025-11-01T06:00:00,34.518234418786086
2025-11-01T07:00:00,35.97019494098165
2025-11-01T08:00:00,37.65125059044879
2025-11-01T09:00:00,40.524568308954656
2025-11-01T10:00:00,44.05292991969896
2025-11-01T11:00:00,46.307067705237344
2025-11-01T12:00:00,50.96943216738493
2025-11-01T13:00:00,55.81827296381411
2025-11-01T14:00:00,62.49144844386888
2025-11-01T15:00:00,70.66349726137906
2025-11-01T16:00:00,80.4922163590141
2025-11-01T17:00:00,92.52232261326002
2025-11-01T18:00:00,106.41142969546111
2025-11-01T19:00:00,123.47163955025049
2025-11-01T20:00:00,138.49559883449388
2025-11-01T21:00:00,151.1177122696586
2025-11-01T22:00:00,162.24071071458897
2025-11-01T23:00:00,169.57068866232166
2025-11-02T00:00:00,174.06413733440897
2025-11-02T01:00:00,172.350865903108
2025-11-02T02:00:00,111.61000857145889
2025-11-02T03:00:00,67.70058142620583
2025-11-02T04:00:00,50.38896510912024
2025-11-02T05:00:00,39.81661655591881
2025-11-02T06:00:00,33.66119036467179
2025-11-02T07:00:00,30.177757097327184
2025-11-02T08:00:00,28.46730787857719
2025-11-02T09:00:00,28.14362741553265
2025-11-02T10:00:00,29.35363976851753
2025-11-02T11:00:00,32.60565716287364
2025-11-02T12:00:00,38.58047452180282
2025-11-02T13:00:00,50.57842719036599
2025-11-02T14:00:00,65.14794756018595
2025-11-02T15:00:00,78.12838546089503
2025-11-02T16:00:00,89.69740229067594
2025-11-02T17:00:00,98.96633877961531
2025-11-02T18:00:00,107.12946618121602
2025-11-02T19:00:00,111.69743015455163
2025-11-02T20:00:00,112.76370305600373
2025-11-02T21:00:00,111.75594893745753
2025-11-02T22:00:00,107.37112194558847
2025-11-02T23:00:00,101.73454019297724
2025-11-03T00:00:00,96.99061584472655
2025-11-03T01:00:00,90.97570767609969
2025-11-03T02:00:00,62.45274883767833
2025-11-03T03:00:00,41.477914063826844
2025-11-03T04:00:00,34.150777899700664
2025-11-03T05:00:00,31.630138646001402
2025-11-03T06:00:00,30.550869485606317
2025-11-03T07:00:00,30.513235506804087
2025-11-03T08:00:00,31.26618551171344
2025-11-03T09:00:00,32.51229062287704
2025-11-03T10:00:00,34.5826129084048
2025-11-03T11:00:00,38.9266012440557
2025-11-03T12:00:00,47.559314727783196
2025-11-03T13:00:00,50.27371265577233
2025-11-03T14:00:00,63.21676569399625
2025-11-03T15:00:00,73.48658984640369
2025-11-03T16:00:00,79.8767268968665
2025-11-03T17:00:00,84.54933531387992
2025-11-03T18:00:00,86.92917500371519
2025-11-03T19:00:00,85.93369425898011
2025-11-03T20:00:00,82.61804962158202
2025-11-03T21:00:00,79.78594041907269
2025-11-03T22:00:00,79.86705780029297
2025-11-03T23:00:00,79.87624126931894
2025-11-04T00:00:00,78.26189721148945
2025-11-04T01:00:00,67.57265638268512
2025-11-04T02:00:00,48.05218505859374
2025-11-04T03:00:00,37.11551417475161
2025-11-04T04:00:00,30.699848672618035
2025-11-04T05:00:00,26.03772959501847
2025-11-04T06:00:00,23.870798193890113
2025-11-04T07:00:00,22.43620432978091
2025-11-04T08:00:00,21.487833437712293
2025-11-04T09:00:00,21.012627062590223
2025-11-04T10:00:00,21.09239984595257
2025-11-04T11:00:00,23.66023246101711
2025-11-04T12:00:00,32.213317705237344
2025-11-04T13:00:00,39.8899685403575
2025-11-04T14:00:00,43.454842608907946
2025-11-04T15:00:00,48.490397577700406
2025-11-04T16:00:00,50.5614595827849
2025-11-04T17:00:00,51.71403022434399
2025-11-04T18:00:00,53.03751555733058
2025-11-04T19:00:00,54.27214332248854
2025-11-04T20:00:00,53.14932333904764
2025-11-04T21:00:00,49.418640468431555
2025-11-04T22:00:00,45.9736215342646
2025-11-04T23:00:00,43.4605076002038
2025-11-05T00:00:00,46.251188361126445
2025-11-05T01:00:00,52.79177375461743
2025-11-05T02:00:00,36.38422990881878
2025-11-05T03:00:00,22.977826657502543
2025-11-05T04:00:00,19.197578761888586
2025-11-05T05:00:00,17.237360083538555
2025-11-05T06:00:00,16.501932558806043
2025-11-05T07:00:00,16.404608104539953
2025-11-05T08:00:00,16.552427457726516
2025-11-05T09:00:00,16.96022672238557
2025-11-05T10:00:00,18.161147159078844
2025-11-05T11:00:00,22.585951017296832
2025-11-05T12:00:00,30.318250490271524
2025-11-05T13:00:00,36.443029818327524
2025-11-05T14:00:00,47.31852307526961
2025-11-05T15:00:00,59.37086204860521
2025-11-05T16:00:00,68.55355088607124
2025-11-05T17:00:00,74.55625086245328
2025-11-05T18:00:00,80.05786829409392
2025-11-05T19:00:00,82.32791867463483
2025-11-05T20:00:00,86.14767555568528
2025-11-05T21:00:00,87.66409434442934
2025-11-05T22:00:00,82.287423507027
2025-11-05T23:00:00,78.22103118896483
2025-11-06T00:00:00,78.4143308556598
2025-11-06T01:00:00,80.29215605362602
2025-11-06T02:00:00,56.48142723415208
2025-11-06T03:00:00,25.462724022243332
2025-11-06T04:00:00,16.607495846955672
2025-11-06T05:00:00,13.564646057460617
2025-11-06T06:00:00,12.980455149774965
2025-11-06T07:00:00,13.093443580295727
2025-11-06T08:00:00,13.776432161745817
2025-11-06T09:00:00,14.965767155522881
2025-11-06T10:00:00,18.18167271821395
2025-11-06T11:00:00,28.02367185509723
2025-11-06T12:00:00,40.923385288404376
2025-11-06T13:00:00,56.94393041859502
2025-11-06T14:00:00,75.50977723494819
2025-11-06T15:00:00,84.60266444994055
2025-11-06T16:00:00,87.42066391654636
2025-11-06T17:00:00,90.27644746199897
2025-11-06T18:00:00,97.01278786037278
2025-11-06T19:00:00,100.96427386739978
2025-11-06T20:00:00,102.03821663234544
2025-11-06T21:00:00,102.29534514054008
2025-11-06T22:00:00,97.63236269743545
2025-11-06T23:00:00,102.19294141686481
2025-11-07T00:00:00,108.77900032375169
2025-11-07T01:00:00,108.19271518873131
2025-11-07T02:00:00,47.749129253885016
2025-11-07T03:00:00,30.81962867405104
2025-11-07T04:00:00,27.90453313744586
2025-11-07T05:00:00,24.945687584255047
2025-11-07T06:00:00,20.55964204539423
2025-11-07T07:00:00,18.730187291684356
2025-11-07T08:00:00,20.072454535442848
2025-11-07T09:00:00,23.652140161265496
2025-11-07T10:00:00,28.561223320339035
2025-11-07T11:00:00,34.84987275496772
2025-11-07T12:00:00,42.330505205237344
2025-11-07T13:00:00,50.935089774753735
2025-11-07T14:00:00,60.27234749172044
2025-11-07T15:00:00,69.40543962561566
2025-11-07T16:00:00,84.44891788648522
2025-11-07T17:00:00,103.17325459355892
2025-11-07T18:00:00,120.65558458411175
2025-11-07T19:00:00,134.9931819749915
2025-11-07T20:00:00,146.3854628853176
2025-11-07T21:00:00,155.13677514117697
2025-11-07T22:00:00,161.89718694272247
2025-11-07T23:00:00,166.89422673764435
2025-11-08T00:00:00,168.96865048615825
2025-11-08T01:00:00,155.68289847995922
2025-11-08T02:00:00,69.22447702159052
2025-11-08T03:00:00,43.274693530538805
2025-11-08T04:00:00,34.641203175420344
2025-11-08T05:00:00,30.23900090093198
2025-11-08T06:00:00,27.73493733613387
2025-11-08T07:00:00,26.292348364125125
2025-11-08T08:00:00,25.699844443279762
2025-11-08T09:00:00,25.895913663117778
2025-11-08T10:00:00,25.90984070819357
2025-11-08T11:00:00,27.00695477361264
2025-11-08T12:00:00,29.6871514527694
2025-11-08T13:00:00,35.95095642753269
2025-11-08T14:00:00,47.15283800208049
2025-11-08T15:00:00,58.33934750764266
2025-11-08T16:00:00,67.6779732082201
2025-11-08T17:00:00,75.65959432850713
2025-11-08T18:00:00,79.45767410941745
2025-11-08T19:00:00,78.72386667002803
2025-11-08T20:00:00,70.88868016782014
2025-11-08T21:00:00,70.75371850055197
2025-11-08T22:00:00,71.4812545776367
2025-11-08T23:00:00,71.13925237240998
2025-11-09T00:00:00,70.94943170962125
2025-11-09T01:00:00,66.01856148761252
2025-11-09T02:00:00,35.38980185467264
2025-11-09T03:00:00,29.945460112198536
2025-11-09T04:00:00,30.63108137379521
2025-11-09T05:00:00,32.42915700829547
2025-11-09T06:00:00,34.262513202169664
2025-11-09T07:00:00,35.433792777683415
2025-11-09T08:00:00,36.32729190328846
2025-11-09T09:00:00,36.925635462221884
2025-11-09T10:00:00,37.86876496024753
2025-11-09T11:00:00,41.497475333835766
2025-11-09T12:00:00,46.64592709748641
2025-11-09T13:00:00,52.983758511750594
2025-11-09T14:00:00,59.44724738079568
2025-11-09T15:00:00,67.17892124341881
2025-11-09T16:00:00,76.31416519828464
2025-11-09T17:00:00,91.00104589047639
2025-11-09T18:00:00,106.5539975373641
2025-11-09T19:00:00,121.45615619161853
2025-11-09T20:00:00,135.55463575280228
2025-11-09T21:00:00,148.1394865616508
2025-11-09T22:00:00,159.5156946596892
2025-11-09T23:00:00,169.72360494862428
2025-11-10T00:00:00,179.87590093198028
2025-11-10T01:00:00,165.92689182447347
2025-11-10T02:00:00,93.01745970352835
2025-11-10T03:00:00,72.43194513735563
2025-11-10T04:00:00,62.466838836669915
2025-11-10T05:00:00,56.2377120308254
2025-11-10T06:00:00,49.52833175659179
2025-11-10T07:00:00,48.53976971170176
2025-11-10T08:00:00,51.35792060520337
2025-11-10T09:00:00,56.793808149254836
2025-11-10T10:00:00,65.4716159986413
2025-11-10T11:00:00,76.15730650528617
2025-11-10T12:00:00,90.99748528521994
2025-11-10T13:00:00,111.84608957041863
2025-11-10T14:00:00,135.60359191894528
2025-11-10T15:00:00,155.98564413319463
2025-11-10T16:00:00,173.79141102666438
2025-11-10T17:00:00,189.05400483504584
2025-11-10T18:00:00,200.27283046556553
2025-11-10T19:00:00,205.29745350713313
2025-11-10T20:00:00,213.96461022418475
2025-11-10T21:00:00,219.79497627590013
2025-11-10T22:00:00,220.25625875721803
2025-11-10T23:00:00,221.5824677840523
2025-11-11T00:00:00,221.88495403787363
2025-11-11T01:00:00,217.66585374915078
2025-11-11T02:00:00,162.13315350076425
2025-11-11T03:00:00,90.99562835693358
2025-11-11T04:00:00,60.11661529541015
2025-11-11T05:00:00,48.06510576994523
2025-11-11T06:00:00,42.47978326548701
2025-11-11T07:00:00,39.51529113106105
2025-11-11T08:00:00,38.01213007387907
2025-11-11T09:00:00,39.06130019478175
2025-11-11T10:00:00,44.84907150268555
2025-11-11T11:00:00,48.82332179857336
2025-11-11T12:00:00,59.92828551582667
2025-11-11T13:00:00,75.58414459228514
2025-11-11T14:00:00,91.9570541381836
2025-11-11T15:00:00,113.99986864172892
2025-11-11T16:00:00,138.7698503577191
2025-11-11T17:00:00,158.2105381177819
2025-11-11T18:00:00,172.0730637260105
2025-11-11T19:00:00,179.72033426036003
2025-11-11T20:00:00,184.72846719493035
2025-11-11T21:00:00,187.5375757632048
2025-11-11T22:00:00,192.44187064792797
2025-11-11T23:00:00,185.54923878545344
2025-11-12T00:00:00,171.92898692255434
2025-11-12T01:00:00,132.93041959016216
2025-11-12T02:00:00,59.407198366911516
2025-11-12T03:00:00,36.07523030820099
2025-11-12T04:00:00,26.425946111264434
2025-11-12T05:00:00,21.513663001682445
2025-11-12T06:00:00,18.725790521372918
2025-11-12T07:00:00,17.12000971255095
2025-11-12T08:00:00,15.85880142709483
2025-11-12T09:00:00,14.525656451349672
2025-11-12T10:00:00,16.207179898801055
2025-11-12T11:00:00,20.297248259834618
2025-11-12T12:00:00,28.405128976573113
2025-11-12T13:00:00,37.92361616051714
2025-11-12T14:00:00,46.80489034238068
2025-11-12T15:00:00,50.255075869352915
2025-11-12T16:00:00,40.70779817000679
2025-11-12T17:00:00,32.58224976581076
2025-11-12T18:00:00,31.217125104821243
2025-11-12T19:00:00,29.952550970989723
2025-11-12T20:00:00,29.216627535612684
2025-11-12T21:00:00,30.437406374060586
2025-11-12T22:00:00,31.83533552418584
2025-11-12T23:00:00,34.4626932558806
2025-11-13T00:00:00,36.00441410230554
2025-11-13T01:00:00,36.33792081086532
2025-11-13T02:00:00,28.238263005795684
2025-11-13T03:00:00,23.22076017960258
2025-11-13T04:00:00,18.89651787799337
2025-11-13T05:00:00,16.109255168748938
2025-11-13T06:00:00,14.512271964031717
2025-11-13T07:00:00,14.36012375873068
2025-11-13T08:00:00,15.202470281849736
2025-11-13T09:00:00,16.718235015869137
2025-11-13T10:00:00,18.979519885519277
2025-11-13T11:00:00,24.62929170028023
2025-11-13T12:00:00,34.93759486986243
2025-11-13T13:00:00,47.37611223303753
2025-11-13T14:00:00,59.17786225028659
2025-11-13T15:00:00,56.61987852013629
2025-11-13T16:00:00,56.062092159105376
2025-11-13T17:00:00,57.48665635482124
2025-11-13T18:00:00,54.368473882260524
2025-11-13T19:00:00,49.256632431693696
2025-11-13T20:00:00,44.59895772519319
2025-11-13T21:00:00,48.63465897933296
2025-11-13T22:00:00,55.87385807866635
2025-11-13T23:00:00,62.477917049242095
2025-11-14T00:00:00,69.86728270157523
2025-11-14T01:00:00,77.29444852082625
2025-11-14T02:00:00,68.8159367105235
2025-11-14T03:00:00,42.51427476302437
2025-11-14T04:00:00,30.72965820975925
2025-11-14T05:00:00,27.27285360253375
2025-11-14T06:00:00,25.474315726238743
2025-11-14T07:00:00,22.737568233324133
2025-11-14T08:00:00,19.965068526889965
2025-11-14T09:00:00,18.73672311202339
2025-11-14T10:00:00,17.996605251146395
2025-11-14T11:00:00,18.76928072390349
2025-11-14T12:00:00,21.188164089037024
2025-11-14T13:00:00,26.506073246831477
2025-11-14T14:00:00,33.34882586935292
2025-11-14T15:00:00,40.031689021898345
2025-11-14T16:00:00,47.07137033213739
2025-11-14T17:00:00,60.25277179220448
2025-11-14T18:00:00,69.23467320981233
2025-11-14T19:00:00,60.103693257207446
2025-11-14T20:00:00,56.91266117925229
2025-11-14T21:00:00,50.05316726021144
2025-11-14T22:00:00,49.01015356312627
2025-11-14T23:00:00,52.920965941055954
2025-11-15T00:00:00,58.12489700317382
2025-11-15T01:00:00,63.49641036987304
2025-11-15T02:00:00,48.57079563970151
2025-11-15T03:00:00,34.52690986965013
2025-11-15T04:00:00,24.91036158022673
2025-11-15T05:00:00,22.47626379261846
2025-11-15T06:00:00,23.332942713861875
2025-11-15T07:00:00,23.661401251088016
2025-11-15T08:00:00,23.96966113214907
2025-11-15T09:00:00,23.805196596228555
2025-11-15T10:00:00,27.06472015380859
2025-11-15T11:00:00,35.11569313381029
2025-11-15T12:00:00,33.52307651353919
2025-11-15T13:00:00,22.617993562117864
2025-11-15T14:00:00,17.728607882624086
2025-11-15T15:00:00,18.85763591268788
2025-11-15T16:00:00,19.976542846016258
2025-11-15T17:00:00,19.718689213628352
2025-11-15T18:00:00,19.19207970992378
2025-11-15T19:00:00,19.80335459501847
2025-11-15T20:00:00,21.010449202164356
2025-11-15T21:00:00,24.518687870191492
2025-11-15T22:00:00,29.47958133531653
2025-11-15T23:00:00,37.01431423684825
2025-11-16T00:00:00,42.40663843569548
2025-11-16T01:00:00,45.19053782587466
2025-11-16T02:00:00,30.75496831147567
2025-11-16T03:00:00,18.19152558368185
2025-11-16T04:00:00,13.827292483785877
2025-11-16T05:00:00,11.722411653269893
2025-11-16T06:00:00,10.697676990343176
2025-11-16T07:00:00,10.509661964748217
2025-11-16T08:00:00,11.302621385325555
2025-11-16T09:00:00,13.336682526961615
2025-11-16T10:00:00,16.230248285376504
2025-11-16T11:00:00,22.457429637079652
2025-11-16T12:00:00,31.124662150507387
2025-11-16T13:00:00,40.01793571140455
2025-11-16T14:00:00,48.14771055138628
2025-11-16T15:00:00,52.50053787231445
2025-11-16T16:00:00,56.54034125286599
2025-11-16T17:00:00,53.45992710279381
2025-11-16T18:00:00,50.47008066592009
2025-11-16T19:00:00,49.10422731482464
2025-11-16T20:00:00,45.98170852661132
2025-11-16T21:00:00,42.41224056741465
2025-11-16T22:00:00,44.6804434734842
2025-11-16T23:00:00,48.46053546407948
2025-11-17T00:00:00,41.35298637721849
2025-11-17T01:00:00,32.40116343290909
2025-11-17T02:00:00,27.959098981774368
2025-11-17T03:00:00,24.590212780496344
2025-11-17T04:00:00,17.255899429321286
2025-11-17T05:00:00,14.21127767148225
2025-11-17T06:00:00,13.020217315010402
2025-11-17T07:00:00,12.105811492256494
2025-11-17T08:00:00,12.066559998885444
2025-11-17T09:00:00,12.777663935785707
2025-11-17T10:00:00,13.75078541299571
2025-11-17T11:00:00,17.03499420829441
2025-11-17T12:00:00,22.097668274589207
2025-11-17T13:00:00,25.10921121680218
2025-11-17T14:00:00,25.820426360420555
2025-11-17T15:00:00,32.6339638751486
2025-11-17T16:00:00,39.805630061937414
2025-11-17T17:00:00,46.9144287109375
2025-11-17T18:00:00,54.65099202031674
2025-11-17T19:00:00,58.21386353865913
2025-11-17T20:00:00,58.34038593458092
2025-11-17T21:00:00,57.04471704234247
2025-11-17T22:00:00,54.92140230925187
2025-11-17T23:00:00,53.65334436167841
2025-11-18T00:00:00,54.69469269462253
2025-11-18T01:00:00,57.291204037873634
2025-11-18T02:00:00,40.51111229606296
2025-11-18T03:00:00,22.887409541917883
2025-11-18T04:00:00,16.18135837886644
2025-11-18T05:00:00,14.541707702305004
2025-11-18T06:00:00,14.205482026805047
2025-11-18T07:00:00,14.546672406403914
2025-11-18T08:00:00,16.74194850092349
2025-11-18T09:00:00,20.12525811402694
2025-11-18T10:00:00,28.333586651345954
2025-11-18T11:00:00,42.22640991210937
2025-11-18T12:00:00,56.45253073650857
2025-11-18T13:00:00,68.93353702711022
2025-11-18T14:00:00,77.78344096308167
2025-11-18T15:00:00,82.10188061258067
2025-11-18T16:00:00,81.02207548721977
2025-11-18T17:00:00,82.49337304156758
2025-11-18T18:00:00,80.47158050537108
2025-11-18T19:00:00,77.67063140869139
2025-11-18T20:00:00,79.19440427033797
2025-11-18T21:00:00,76.49269170346467
2025-11-18T22:00:00,63.34424574478811
2025-11-18T23:00:00,56.140754699707024
2025-11-19T00:00:00,58.15408706665039
2025-11-19T01:00:00,56.18496936300526
2025-11-19T02:00:00,26.036619766898774
2025-11-19T03:00:00,18.009603500366207
2025-11-19T04:00:00,16.455080322597336
2025-11-19T05:00:00,15.89020596379819
2025-11-19T06:00:00,15.552245305932082
2025-11-19T07:00:00,16.567281681558356
2025-11-19T08:00:00,17.301950081535004
2025-11-19T09:00:00,19.462297356646992
2025-11-19T10:00:00,22.196191290150516
2025-11-19T11:00:00,26.151557673578672
2025-11-19T12:00:00,30.178950931714926
2025-11-19T13:00:00,35.34488296508789
2025-11-19T14:00:00,38.640020785124406
2025-11-19T15:00:00,41.11577672543733
2025-11-19T16:00:00,41.454037873641305
2025-11-19T17:00:00,45.53104433806046
2025-11-19T18:00:00,53.70543571140455
2025-11-19T19:00:00,59.89516482145889
2025-11-19T20:00:00,62.31304798955502
2025-11-19T21:00:00,62.48736821050229
2025-11-19T22:00:00,61.86999478547469
2025-11-19T23:00:00,63.431353029997446
2025-11-20T00:00:00,64.1396026611328
2025-11-20T01:00:00,54.30462580141813
2025-11-20T02:00:00,15.264087137968641
2025-11-20T03:00:00,11.239333318627397
2025-11-20T04:00:00,11.244318257207453
2025-11-20T05:00:00,11.541457010352092
2025-11-20T06:00:00,12.09884324281112
2025-11-20T07:00:00,12.467877761177393
2025-11-20T08:00:00,12.161504413770592
2025-11-20T09:00:00,11.971182159755541
2025-11-20T10:00:00,14.278320022251293
2025-11-20T11:00:00,19.4042910700259
2025-11-20T12:00:00,31.533559301625125
2025-11-20T13:00:00,51.945922519849695
2025-11-20T14:00:00,66.80059748110563
2025-11-20T15:00:00,72.29533054517663
2025-11-20T16:00:00,64.25554225755774
2025-11-20T17:00:00,63.12046880307403
2025-11-20T18:00:00,62.441992054814875
2025-11-20T19:00:00,61.64859556115191
2025-11-20T20:00:00,52.46368540888247
2025-11-20T21:00:00,56.615368884542704
2025-11-20T22:00:00,63.45556159641431
2025-11-20T23:00:00,66.29962042103642
2025-11-21T00:00:00,67.11521795521611
2025-11-21T01:00:00,63.1167174629543
2025-11-21T02:00:00,31.54243859000827
2025-11-21T03:00:00,17.153519008470617
2025-11-21T04:00:00,13.282364679419475
2025-11-21T05:00:00,11.77716304944909
2025-11-21T06:00:00,10.965247029843535
2025-11-21T07:00:00,10.521859500719152
2025-11-21T08:00:00,10.227093157560928
2025-11-21T09:00:00,10.09649658203125
2025-11-21T10:00:00,10.414890745411748
2025-11-21T11:00:00,12.227471019910729
2025-11-21T12:00:00,16.164225619772203
2025-11-21T13:00:00,24.781802135965098
2025-11-21T14:00:00,26.561887492304262
2025-11-21T15:00:00,27.34719259842582
2025-11-21T16:00:00,29.58008318362028
2025-11-21T17:00:00,26.278295268183168
2025-11-21T18:00:00,26.851647169693653
2025-11-21T19:00:00,26.78203773498535
2025-11-21T20:00:00,24.60857150865637
2025-11-21T21:00:00,25.988018865170684
2025-11-21T22:00:00,33.67514502483865
2025-11-21T23:00:00,41.13045750493588
2025-11-22T00:00:00,45.75560014144233
2025-11-22T01:00:00,47.915542104969845
2025-11-22T02:00:00,30.70776740364406
2025-11-22T03:00:00,20.17756669417671
2025-11-22T04:00:00,16.193904876708984
2025-11-22T05:00:00,13.820135655610455
2025-11-22T06:00:00,12.275876045227049
2025-11-22T07:00:00,11.485982148543647
2025-11-22T08:00:00,11.085192265717877
2025-11-22T09:00:00,10.847931530164637
2025-11-22T10:00:00,11.077074299687922
2025-11-22T11:00:00,11.353273723436438
2025-11-22T12:00:00,13.651474413664443
2025-11-22T13:00:00,19.932395188704778
2025-11-22T14:00:00,27.923909145852793
2025-11-22T15:00:00,36.462533038595446
2025-11-22T16:00:00,43.48445394764776
2025-11-22T17:00:00,56.39933478313943
2025-11-22T18:00:00,65.48923061204994
2025-11-22T19:00:00,68.75958384638247
2025-11-22T20:00:00,72.26782624617866
2025-11-22T21:00:00,70.82077358079994
2025-11-22T22:00:00,72.22028881570566
2025-11-22T23:00:00,72.5798744533373
2025-11-23T00:00:00,69.47768849911895
2025-11-23T01:00:00,58.26150894165038
2025-11-23T02:00:00,19.181515279023543
2025-11-23T03:00:00,12.404126747794773
2025-11-23T04:00:00,11.806974120762035
2025-11-23T05:00:00,11.593289458233377
2025-11-23T06:00:00,11.358493473218834
2025-11-23T07:00:00,10.617214037024455
2025-11-23T08:00:00,10.182798344156016
2025-11-23T09:00:00,9.92372006955354
2025-11-23T10:00:00,11.625589992689049
2025-11-23T11:00:00,15.624241124028742
2025-11-23T12:00:00,25.381764453390367
2025-11-23T13:00:00,35.13833916705587
2025-11-23T14:00:00,35.05757273798403
2025-11-23T15:00:00,32.344353966090985
2025-11-23T16:00:00,36.58777303281037
2025-11-23T17:00:00,38.69575152189835
2025-11-23T18:00:00,36.12013402192488
2025-11-23T19:00:00,32.994918574457586
2025-11-23T20:00:00,36.5769917861275
2025-11-23T21:00:00,43.31496130901834
2025-11-23T22:00:00,45.428836324940555
2025-11-23T23:00:00,51.43893664816151
2025-11-24T00:00:00,58.02788195402725
2025-11-24T01:00:00,60.001238283903696
2025-11-24T02:00:00,39.44300444229789
2025-11-24T03:00:00,23.812275927999746
2025-11-24T04:00:00,19.65363535673722
2025-11-24T05:00:00,17.52083392765211
2025-11-24T06:00:00,16.54160209324049
2025-11-24T07:00:00,15.695139221523116
2025-11-24T08:00:00,14.736117072727367
2025-11-24T09:00:00,15.7188721117766
2025-11-24T10:00:00,19.427783468495242
2025-11-24T11:00:00,27.262232987777043
2025-11-24T12:00:00,33.923279306162954
2025-11-24T13:00:00,33.74187204112177
2025-11-24T14:00:00,26.143812594206434
2025-11-24T15:00:00,23.106272655984625
2025-11-24T16:00:00,23.183205811873727
2025-11-24T17:00:00,21.901012254797894
2025-11-24T18:00:00,19.946846837582793
2025-11-24T19:00:00,18.025504982989766
2025-11-24T20:00:00,17.288189307503075
2025-11-24T21:00:00,18.13960481726605
2025-11-24T22:00:00,19.207182262254793
2025-11-24T23:00:00,20.26335923568062
2025-11-25T00:00:00,22.01655155679454
2025-11-25T01:00:00,24.11960195458453
2025-11-25T02:00:00,24.598606690116547
2025-11-25T03:00:00,20.07179898801057
2025-11-25T04:00:00,15.656586647033688
2025-11-25T05:00:00,13.639946025350817
2025-11-25T06:00:00,13.389555350593898
2025-11-25T07:00:00,13.147416985553242
2025-11-25T08:00:00,13.63935325456702
2025-11-25T09:00:00,15.30320063881252
2025-11-25T10:00:00,20.81328383735988
2025-11-25T11:00:00,32.12025750201681
2025-11-25T12:00:00,48.18303978961446
2025-11-25T13:00:00,53.36763547814411
2025-11-25T14:00:00,44.503517814304516
2025-11-25T15:00:00,39.58930455083432
2025-11-25T16:00:00,37.7807212497877
2025-11-25T17:00:00,41.40868162072223
2025-11-25T18:00:00,43.140744582466446
2025-11-25T19:00:00,45.48777207084324
2025-11-25T20:00:00,49.436613331670344
2025-11-25T21:00:00,52.23490076479703
2025-11-25T22:00:00,52.95544433593749
2025-11-25T23:00:00,51.813949253248126
2025-11-26T00:00:00,48.457230941109025
2025-11-26T01:00:00,48.28536771691363
2025-11-26T02:00:00,51.062282230543055
2025-11-26T03:00:00,47.923616492229954
2025-11-26T04:00:00,46.103920646335766
2025-11-26T05:00:00,45.24240211818529
2025-11-26T06:00:00,39.494245943815805
2025-11-26T07:00:00,39.66716583915378
2025-11-26T08:00:00,40.30045783001443
2025-11-26T09:00:00,38.63554896479067
2025-11-26T10:00:00,38.14503379490064
2025-11-26T11:00:00,35.90921717104704
2025-11-26T12:00:00,30.282968023548953
2025-11-26T13:00:00,30.706830812537145
2025-11-26T14:00:00,35.077454193778664
2025-11-26T15:00:00,39.1174032791801
2025-11-26T16:00:00,39.542276299518086
2025-11-26T17:00:00,38.58435191278872
2025-11-26T18:00:00,38.50167929607889
2025-11-26T19:00:00,34.340276137642235
2025-11-26T20:00:00,29.515832735144567
2025-11-26T21:00:00,27.641485711802602
2025-11-26T22:00:00,29.17457066411557
2025-11-26T23:00:00,33.77446381942085
2025-11-27T00:00:00,37.47924738344939
2025-11-27T01:00:00,38.8531029742697
2025-11-27T02:00:00,36.5935990706734
2025-11-27T03:00:00,37.35716313901155
2025-11-27T04:00:00,39.04444072557532
2025-11-27T05:00:00,40.43331428196119
2025-11-27T06:00:00,39.44729813285496
2025-11-27T07:00:00,39.25591460518215
2025-11-27T08:00:00,41.02320281318996
2025-11-27T09:00:00,41.0114047838294
2025-11-27T10:00:00,40.49444944962211
2025-11-27T11:00:00,39.12137471074643
2025-11-27T12:00:00,39.317770750626266
2025-11-27T13:00:00,43.9219509622325
2025-11-27T14:00:00,52.423446323560626
2025-11-27T15:00:00,60.745771988578454
2025-11-27T16:00:00,63.35052921461022
2025-11-27T17:00:00,67.5902388199516
2025-11-27T18:00:00,69.2545285432235
2025-11-27T19:00:00,61.14239070726477
2025-11-27T20:00:00,55.31859124225119
2025-11-27T21:00:00,57.34413113801376
2025-11-27T22:00:00,65.7455178965693
2025-11-27T23:00:00,75.70003045123556
2025-11-28T00:00:00,82.67109149435291
2025-11-28T01:00:00,86.64994745669156
2025-11-28T02:00:00,77.15134363589078
2025-11-28T03:00:00,39.088056481402845
2025-11-28T04:00:00,28.478654446809184
2025-11-28T05:00:00,23.422935900480844
2025-11-28T06:00:00,19.88336082126783
2025-11-28T07:00:00,19.0164564381475
2025-11-28T08:00:00,19.702602884043813
2025-11-28T09:00:00,20.953761971515153
2025-11-28T10:00:00,22.943428371263582
2025-11-28T11:00:00,31.750527423361074
2025-11-28T12:00:00,44.43730296259341
2025-11-28T13:00:00,52.43678913945737
2025-11-28T14:00:00,60.82386282215948
2025-11-28T15:00:00,70.39844546110733
2025-11-28T16:00:00,79.32121276855469
2025-11-28T17:00:00,87.13246022100033
2025-11-28T18:00:00,93.74100328528363
2025-11-28T19:00:00,96.55209052044411
2025-11-28T20:00:00,94.34112581999403
2025-11-28T21:00:00,84.67903601604958
2025-11-28T22:00:00,66.84117109879203
2025-11-28T23:00:00,58.914964427118704
2025-11-29T00:00:00,61.39138943216076
2025-11-29T01:00:00,67.29486880095108
2025-11-29T02:00:00,58.05605631289275
2025-11-29T03:00:00,31.086115961489465
2025-11-29T04:00:00,22.24277886100437
2025-11-29T05:00:00,18.320154107135274
2025-11-29T06:00:00,17.26672081325365
2025-11-29T07:00:00,17.022539221722145
2025-11-29T08:00:00,16.687016196872875
2025-11-29T09:00:00,17.179430339647375
2025-11-29T10:00:00,19.872884418653403
2025-11-29T11:00:00,26.111969491709832
2025-11-29T12:00:00,34.58118422135062
2025-11-29T13:00:00,39.93686941395635
2025-11-29T14:00:00,43.50256115457285
2025-11-29T15:00:00,49.45671015200407
2025-11-29T16:00:00,55.215995622717806
2025-11-29T17:00:00,59.54812091329823
2025-11-29T18:00:00,62.906807609226384
2025-11-29T19:00:00,65.88980765964673
2025-11-29T20:00:00,73.10551021410072
2025-11-29T21:00:00,82.0450970193614
2025-11-29T22:00:00,91.75496308699897
2025-11-29T23:00:00,102.1931560350501
2025-11-30T00:00:00,110.73766923987345
2025-11-30T01:00:00,113.43663787841795
2025-11-30T02:00:00,86.78945425282353
2025-11-30T03:00:00,68.19704768968666
2025-11-30T04:00:00,51.107338117516555
2025-11-30T05:00:00,41.98661157359248
2025-11-30T06:00:00,37.845263937245235
2025-11-30T07:00:00,35.92787137238875
2025-11-30T08:00:00,34.94816970825195
2025-11-30T09:00:00,34.82009141341499
2025-11-30T10:00:00,35.6407004646633
2025-11-30T11:00:00,40.382090527078375
2025-11-30T12:00:00,51.68170414800229
2025-11-30T13:00:00,62.82016256581181
2025-11-30T14:00:00,71.7452631411345
2025-11-30T15:00:00,84.62737373683763
2025-11-30T16:00:00,96.12317226244055
2025-11-30T17:00:00,104.94020544964333
2025-11-30T18:00:00,112.16839002526324
2025-11-30T19:00:00,118.17090772545853
2025-11-30T20:00:00,123.25268886400303
2025-11-30T21:00:00,127.2635856296705
2025-11-30T22:00:00,130.3086998980978
2025-11-30T23:00:00,134.85901940387228
2025-12-01T00:00:00,141.03618256942084
2025-12-01T01:00:00,144.29065870202106
2025-12-01T02:00:00,98.9143540755562
2025-12-01T03:00:00,68.46773031483525
2025-12-01T04:00:00,52.309209906536594
2025-12-01T05:00:00,44.5135851321013
2025-12-01T06:00:00,39.57982486227284
2025-12-01T07:00:00,37.792038129723586
2025-12-01T08:00:00,37.3356117580248
2025-12-01T09:00:00,37.83219511612602
2025-12-01T10:00:00,40.79610874341881
2025-12-01T11:00:00,48.44223768814749
2025-12-01T12:00:00,62.4419126095979
2025-12-01T13:00:00,80.12159065578294
2025-12-01T14:00:00,99.86056850267492
2025-12-01T15:00:00,119.3430587105129
2025-12-01T16:00:00,135.60492009701935
2025-12-01T17:00:00,148.28087781823197
2025-12-01T18:00:00,158.73061934761378
2025-12-01T19:00:00,159.28963636315385
2025-12-01T20:00:00,153.31582110861072
2025-12-01T21:00:00,145.4941240393597
2025-12-01T22:00:00,135.93452718983522
2025-12-01T23:00:00,123.65632397195566
2025-12-02T00:00:00,109.43835183848503
2025-12-02T01:00:00,98.72618169369903
2025-12-02T02:00:00,69.78564934108567
2025-12-02T03:00:00,46.928093951681376
2025-12-02T04:00:00,44.56034693510636
2025-12-02T05:00:00,44.7695430258046
2025-12-02T06:00:00,45.64511141569718
2025-12-02T07:00:00,48.10934912640115
2025-12-02T08:00:00,51.85603647646696
2025-12-02T09:00:00,57.41029938407566
2025-12-02T10:00:00,66.1923491436502
2025-12-02T11:00:00,73.15718509839928
2025-12-02T12:00:00,86.32348400613536
2025-12-02T13:00:00,104.12693421737006
2025-12-02T14:00:00,124.18677786122196
2025-12-02T15:00:00,147.19060018788213
2025-12-02T16:00:00,170.86799223526663
2025-12-02T17:00:00,192.53767328676966
2025-12-02T18:00:00,209.49074653957197
2025-12-02T19:00:00,223.25060371730638
2025-12-02T20:00:00,240.9147916047469
2025-12-02T21:00:00,258.51513539189875
2025-12-02T22:00:00,267.4286366338315
2025-12-02T23:00:00,262.9727557638417
2025-12-03T00:00:00,248.93123062797213
2025-12-03T01:00:00,228.24646327806553
2025-12-03T02:00:00,122.95507547129755
2025-12-03T03:00:00,57.9397324271824
2025-12-03T04:00:00,33.97880587370499
2025-12-03T05:00:00,25.23625290912131
2025-12-03T06:00:00,21.358784053636633
2025-12-03T07:00:00,20.356982770173445
2025-12-03T08:00:00,21.100713729858395
2025-12-03T09:00:00,22.712410221929133
2025-12-03T10:00:00,23.650488811990485
2025-12-03T11:00:00,27.313335169916567
2025-12-03T12:00:00,34.23832246531611
2025-12-03T13:00:00,43.30397813216499
2025-12-03T14:00:00,54.99221785172171
2025-12-03T15:00:00,71.67834356556767
2025-12-03T16:00:00,93.63844199802563
2025-12-03T17:00:00,113.8338686072308
2025-12-03T18:00:00,129.9083092730978
2025-12-03T19:00:00,143.86166713548744
2025-12-03T20:00:00,139.991176771081
2025-12-03T21:00:00,133.70804662289825
2025-12-03T22:00:00,122.36827419115149
2025-12-03T23:00:00,111.4313789035963
2025-12-04T00:00:00,98.37705114613406
2025-12-04T01:00:00,77.35021010689113
2025-12-04T02:00:00,41.96678327477496
2025-12-04T03:00:00,27.937320460443907
2025-12-04T04:00:00,21.635796754256535
2025-12-04T05:00:00,18.29946584286897
2025-12-04T06:00:00,16.272863553917926
2025-12-04T07:00:00,14.793667876202125
2025-12-04T08:00:00,13.498643875122069
2025-12-04T09:00:00,11.665954506915549
2025-12-04T10:00:00,11.529150838437287
2025-12-04T11:00:00,14.66183214602263
2025-12-04T12:00:00,22.78161513287088
2025-12-04T13:00:00,39.25258852087933
2025-12-04T14:00:00,56.4787131599758
2025-12-04T15:00:00,70.16308527407438
2025-12-04T16:00:00,80.24502165421195
2025-12-04T17:00:00,80.736596148947
2025-12-04T18:00:00,65.71880008863366
2025-12-04T19:00:00,52.138167505678915
2025-12-04T20:00:00,46.248459028161086
2025-12-04T21:00:00,41.514753341674805
2025-12-04T22:00:00,37.84679976753566
2025-12-04T23:00:00,34.664356480474055
2025-12-05T00:00:00,30.867636141569715
2025-12-05T01:00:00,27.584766719652258
2025-12-05T02:00:00,16.38009336720342
2025-12-05T03:00:00,12.562207180520762
2025-12-05T04:00:00,10.296576707259467
2025-12-05T05:00:00,8.970541974772575
2025-12-05T06:00:00,8.447076610896898
2025-12-05T07:00:00,8.393554397251295
2025-12-05T08:00:00,8.549119140790856
2025-12-05T09:00:00,8.902387826339057
2025-12-05T10:00:00,9.560360245082688
2025-12-05T11:00:00,12.187101405599842
2025-12-05T12:00:00,17.428796021834664
2025-12-05T13:00:00,22.900211914725922
2025-12-05T14:00:00,28.658675649891727
2025-12-05T15:00:00,28.449309224667754
2025-12-05T16:00:00,26.353087632552434
2025-12-05T17:00:00,25.650047965671703
2025-12-05T18:00:00,25.0841820758322
2025-12-05T19:00:00,24.461640731148094
2025-12-05T20:00:00,24.179522887520164
2025-12-05T21:00:00,24.178257651951
2025-12-05T22:00:00,24.355672670447305
2025-12-05T23:00:00,24.77047414365022
2025-12-06T00:00:00,25.377767231153403
2025-12-06T01:00:00,25.124817143315852
2025-12-06T02:00:00,18.058775113976516
2025-12-06T03:00:00,14.814204381859819
2025-12-06T04:00:00,12.629091553066086
2025-12-06T05:00:00,11.270646053811776
2025-12-06T06:00:00,10.322853793268619
2025-12-06T07:00:00,9.830241742341414
2025-12-06T08:00:00,9.839660437210746
2025-12-06T09:00:00,10.226232238437817
2025-12-06T10:00:00,11.01232574297034
2025-12-06T11:00:00,12.954534447711445
2025-12-06T12:00:00,19.482823579207707
2025-12-06T13:00:00,27.781903225442637
2025-12-06T14:00:00,33.35350782974907
2025-12-06T15:00:00,37.39681509266729
2025-12-06T16:00:00,40.401499043340266
2025-12-06T17:00:00,45.44853144106657
2025-12-06T18:00:00,50.32227640566618
2025-12-06T19:00:00,47.71568779323412
2025-12-06T20:00:00,43.99186607029126
2025-12-06T21:00:00,48.06457950757897
2025-12-06T22:00:00,54.27779620626698
2025-12-06T23:00:00,59.78106672867484
2025-12-07T00:00:00,63.048235685928994
2025-12-07T01:00:00,64.41175576914911
2025-12-07T02:00:00,58.58783672166906
2025-12-07T03:00:00,30.224631268045172
2025-12-07T04:00:00,20.05062783282736
2025-12-07T05:00:00,17.75931329312532
2025-12-07T06:00:00,16.37773978191873
2025-12-07T07:00:00,16.349599879720934
2025-12-07T08:00:00,19.682162326315172
2025-12-07T09:00:00,24.456543798032016
2025-12-07T10:00:00,28.26785270027492
2025-12-07T11:00:00,37.797751634017274
2025-12-07T12:00:00,44.37938292130179
2025-12-07T13:00:00,41.1233147330906
2025-12-07T14:00:00,32.15722830399223
2025-12-07T15:00:00,28.12511278235394
2025-12-07T16:00:00,27.16683943375297
2025-12-07T17:00:00,26.125360737676203
2025-12-07T18:00:00,29.004982326341707
2025-12-07T19:00:00,32.96284302421238
2025-12-07T20:00:00,35.208946228027344
2025-12-07T21:00:00,38.23086083453634
2025-12-07T22:00:00,41.52510966425356
2025-12-07T23:00:00,45.2032354603643
2025-12-08T00:00:00,47.26267341945482
2025-12-08T01:00:00,47.67908146070397
2025-12-08T02:00:00,26.328749615213145
2025-12-08T03:00:00,16.86126464346181
2025-12-08T04:00:00,14.310359332872473
2025-12-08T05:00:00,12.994556012360944
2025-12-08T06:00:00,12.470940424048383
2025-12-08T07:00:00,12.581576844920281
2025-12-08T08:00:00,13.418330524278721
2025-12-08T09:00:00,14.948240238687266
2025-12-08T10:00:00,18.158062644626778
2025-12-08T11:00:00,27.002412215523094
2025-12-08T12:00:00,37.63300273729408
2025-12-08T13:00:00,46.39123120515242
2025-12-08T14:00:00,55.79788108493971
2025-12-08T15:00:00,66.04350678817084
2025-12-08T16:00:00,76.99055514128311
2025-12-08T17:00:00,86.27439216945481
2025-12-08T18:00:00,81.27666572902514
2025-12-08T19:00:00,59.39833798615828
2025-12-08T20:00:00,42.36059139085852
2025-12-08T21:00:00,31.235708319622532
2025-12-08T22:00:00,25.98145650780719
2025-12-08T23:00:00,24.33262841597847
2025-12-09T00:00:00,24.912332534790036
2025-12-09T01:00:00,24.328874173371688
2025-12-09T02:00:00,20.972864648570184
2025-12-09T03:00:00,17.242637758669645
2025-12-09T04:00:00,14.545313503431236
2025-12-09T05:00:00,12.721028825511102
2025-12-09T06:00:00,11.231446058853813
2025-12-09T07:00:00,9.99196438167406
2025-12-09T08:00:00,9.419626360354215
2025-12-09T09:00:00,9.899290416551672
2025-12-09T10:00:00,11.186267355213992
2025-12-09T11:00:00,15.172194688216498
2025-12-09T12:00:00,20.7546793896219
2025-12-09T13:00:00,25.1761300460152
2025-12-09T14:00:00,31.839971459430195
2025-12-09T15:00:00,37.43164626411769
2025-12-09T16:00:00,42.85218064681343
2025-12-09T17:00:00,47.090279786483094
2025-12-09T18:00:00,49.487645854120665
2025-12-09T19:00:00,50.6873022991678
2025-12-09T20:00:00,51.35043733016303
2025-12-09T21:00:00,50.202768242877454
2025-12-09T22:00:00,47.6409273562224
2025-12-09T23:00:00,45.267036272131875
2025-12-10T00:00:00,44.40285757313603
2025-12-10T01:00:00,43.44235196320906
2025-12-10T02:00:00,25.131558459738024
2025-12-10T03:00:00,13.619898920473844
2025-12-10T04:00:00,10.664165413897969
2025-12-10T05:00:00,9.542461809904678
2025-12-10T06:00:00,9.103575830874236
2025-12-10T07:00:00,8.886906457983928
2025-12-10T08:00:00,8.833768637283987
2025-12-10T09:00:00,8.98133138988329
2025-12-10T10:00:00,9.680384677389393
2025-12-10T11:00:00,11.71736717224121
2025-12-10T12:00:00,15.770035121751869
2025-12-10T13:00:00,22.756078968877375
2025-12-10T14:00:00,28.04191174714461
2025-12-10T15:00:00,31.40387385824452
2025-12-10T16:00:00,27.673383298127543
2025-12-10T17:00:00,26.369658594546106
2025-12-10T18:00:00,26.28825063290803
2025-12-10T19:00:00,27.15253050430961
2025-12-10T20:00:00,28.080765765646227
2025-12-10T21:00:00,33.85669476052989
2025-12-10T22:00:00,39.61434206755265
2025-12-10T23:00:00,46.086486484693445
2025-12-11T00:00:00,54.008194633152165
2025-12-11T01:00:00,61.93972960762355
2025-12-11T02:00:00,44.4683492909307
2025-12-11T03:00:00,21.990034352178156
2025-12-11T04:00:00,15.201886301455287
2025-12-11T05:00:00,12.127203485240106
2025-12-11T06:00:00,10.948267978170643
2025-12-11T07:00:00,11.734502004540484
2025-12-11T08:00:00,13.260407199030336
2025-12-11T09:00:00,15.429641765096912
2025-12-11T10:00:00,18.697504789932914
2025-12-11T11:00:00,25.077305586441703
2025-12-11T12:00:00,32.490876570991844
2025-12-11T13:00:00,35.351319354513414
2025-12-11T14:00:00,33.624208035676375
2025-12-11T15:00:00,32.37067006981891
2025-12-11T16:00:00,31.854968112447985
2025-12-11T17:00:00,31.63330998628036
2025-12-11T18:00:00,33.60198327769404
2025-12-11T19:00:00,36.63435678896697
2025-12-11T20:00:00,43.45676123577615
2025-12-11T21:00:00,50.70103404832922
2025-12-11T22:00:00,54.84950123662533
2025-12-11T23:00:00,54.303799007249914
2025-12-12T00:00:00,53.39879707668138
2025-12-12T01:00:00,53.68277624379033
2025-12-12T02:00:00,33.02927224532418
2025-12-12T03:00:00,22.98287424833878
2025-12-12T04:00:00,18.16123978987984
2025-12-12T05:00:00,15.473269545513649
2025-12-12T06:00:00,13.650664329528807
2025-12-12T07:00:00,12.45015119469684
2025-12-12T08:00:00,11.895055356233016
2025-12-12T09:00:00,12.47187278581702
2025-12-12T10:00:00,13.880097803862197
2025-12-12T11:00:00,17.834752124288805
2025-12-12T12:00:00,25.114078770513117
2025-12-12T13:00:00,28.421632269154422
2025-12-12T14:00:00,29.41235558883003
2025-12-12T15:00:00,31.452836326930832
2025-12-12T16:00:00,32.290150352146306
2025-12-12T17:00:00,32.71312431667162
2025-12-12T18:00:00,34.525052526722774
2025-12-12T19:00:00,35.230896244878345
2025-12-12T20:00:00,35.19594399825386
2025-12-12T21:00:00,34.60813447703486
2025-12-12T22:00:00,33.49677757594896
2025-12-12T23:00:00,32.40835065427033
2025-12-13T00:00:00,31.35379409790039
2025-12-13T01:00:00,29.70306753075641
2025-12-13T02:00:00,23.118048211802606
2025-12-13T03:00:00,18.003304937611453
2025-12-13T04:00:00,15.065242269764774
2025-12-13T05:00:00,13.580860884293264
2025-12-13T06:00:00,12.851651150247324
2025-12-13T07:00:00,12.357821630394975
2025-12-13T08:00:00,11.924858093261717
2025-12-13T09:00:00,11.759593507517938
2025-12-13T10:00:00,12.178786111914594
2025-12-13T11:00:00,14.935213793878967
2025-12-13T12:00:00,19.217897083448328
2025-12-13T13:00:00,20.002500368201215
2025-12-13T14:00:00,23.979314887005348
2025-12-13T15:00:00,29.495200862055235
2025-12-13T16:00:00,31.83128580839737
2025-12-13T17:00:00,33.50527290675951
2025-12-13T18:00:00,35.5868211829144
2025-12-13T19:00:00,35.215611665145204
2025-12-13T20:00:00,36.92872901584791
2025-12-13T21:00:00,39.273136968198024
2025-12-13T22:00:00,41.20949886156165
2025-12-13T23:00:00,40.19270739348038
2025-12-14T00:00:00,37.27220468935759
2025-12-14T01:00:00,33.57074389250382
2025-12-14T02:00:00,20.833732687908665
2025-12-14T03:00:00,13.173353319582729
2025-12-14T04:00:00,10.20876532015593
2025-12-14T05:00:00,8.750240035679028
2025-12-14T06:00:00,8.106558239978293
2025-12-14T07:00:00,7.94585028938625
2025-12-14T08:00:00,7.9379291949064825
2025-12-14T09:00:00,8.20231589027073
2025-12-14T10:00:00,9.069388099338695
2025-12-14T11:00:00,11.669204877770465
2025-12-14T12:00:00,16.427157111789867
2025-12-14T13:00:00,19.87878136012865
2025-12-14T14:00:00,23.049079314522118
2025-12-14T15:00:00,26.51042233342709
2025-12-14T16:00:00,29.987235525380004
2025-12-14T17:00:00,32.90333001509957
2025-12-14T18:00:00,37.108820707901664
2025-12-14T19:00:00,43.88199549135954
2025-12-14T20:00:00,48.70564485632854
2025-12-14T21:00:00,51.448768118153446
2025-12-14T22:00:00,53.11660169518511
2025-12-14T23:00:00,54.133494833241336
2025-12-15T00:00:00,55.77224333389945
2025-12-15T01:00:00,58.063938970151156
2025-12-15T02:00:00,34.69465446472167
2025-12-15T03:00:00,17.87410387785538
2025-12-15T04:00:00,13.346018459485922
2025-12-15T05:00:00,11.472922117813773
2025-12-15T06:00:00,10.795319764510444
2025-12-15T07:00:00,10.965341858241867
2025-12-15T08:00:00,11.416415546251377
2025-12-15T09:00:00,12.045298037321668
2025-12-15T10:00:00,13.129207735476285
2025-12-15T11:00:00,17.264532255089797
2025-12-15T12:00:00,26.914868479189664
2025-12-15T13:00:00,33.9848458663277
2025-12-15T14:00:00,39.77246972788935
2025-12-15T15:00:00,52.88305912847104
2025-12-15T16:00:00,68.58155590554942
2025-12-15T17:00:00,81.04113968558933
2025-12-15T18:00:00,83.66324814506197
2025-12-15T19:00:00,80.05827530570652
2025-12-15T20:00:00,78.31262406058933
2025-12-15T21:00:00,81.84192657470703
2025-12-15T22:00:00,89.28973786727242
2025-12-15T23:00:00,97.96821129840352
2025-12-16T00:00:00,98.83163253120753
2025-12-16T01:00:00,90.03230484672213
2025-12-16T02:00:00,46.86106748166291
2025-12-16T03:00:00,23.92378815360691
2025-12-16T04:00:00,16.327423883521035
2025-12-16T05:00:00,12.70934884444527
2025-12-16T06:00:00,10.856246160424273
2025-12-16T07:00:00,9.909779299860414
2025-12-16T08:00:00,9.673890569935674
2025-12-16T09:00:00,10.231475705685822
2025-12-16T10:00:00,10.85673655634341
2025-12-16T11:00:00,13.566321663234543
2025-12-16T12:00:00,17.57765214339546
2025-12-16T13:00:00,20.673269852347993
2025-12-16T14:00:00,27.43950329656186
2025-12-16T15:00:00,34.421294005020805
2025-12-16T16:00:00,41.83993497102156
2025-12-16T17:00:00,51.65994494894276
2025-12-16T18:00:00,60.37436360898226
2025-12-16T19:00:00,66.41647969121517
2025-12-16T20:00:00,67.73474469392194
2025-12-16T21:00:00,66.79412427155867
2025-12-16T22:00:00,65.48195913563603
2025-12-16T23:00:00,64.49928980288297
2025-12-17T00:00:00,65.58766721642536
2025-12-17T01:00:00,67.75819081845489
2025-12-17T02:00:00,49.13840982188349
2025-12-17T03:00:00,21.261760545813516
2025-12-17T04:00:00,13.358600077421768
2025-12-17T05:00:00,10.160049728725266
2025-12-17T06:00:00,9.308940721594768
2025-12-17T07:00:00,9.55868513687797
2025-12-17T08:00:00,10.1831345350846
2025-12-17T09:00:00,11.391480362933615
2025-12-17T10:00:00,13.298830239669133
2025-12-17T11:00:00,17.19494214265243
2025-12-17T12:00:00,22.387757923292078
2025-12-17T13:00:00,25.769476849099863
2025-12-17T14:00:00,28.449544160262395
2025-12-17T15:00:00,30.481630242389173
2025-12-17T16:00:00,32.729000589121945
2025-12-17T17:00:00,34.24435822860054
2025-12-17T18:00:00,34.08043604311735
2025-12-17T19:00:00,32.21535375843877
2025-12-17T20:00:00,29.94283701025921
2025-12-17T21:00:00,27.312227995499317
2025-12-17T22:00:00,25.45131534078847
2025-12-17T23:00:00,24.422454004702356
2025-12-18T00:00:00,23.156131246815555
2025-12-18T01:00:00,22.044882235319715
2025-12-18T02:00:00,19.252560491147246
2025-12-18T03:00:00,12.119608298591944
2025-12-18T04:00:00,8.956264537313707
2025-12-18T05:00:00,8.101104072902512
2025-12-18T06:00:00,7.966579250667406
2025-12-18T07:00:00,7.948246250981868
2025-12-18T08:00:00,7.9276440661886465
2025-12-18T09:00:00,8.349350991456404
2025-12-18T10:00:00,9.91418871672257
2025-12-18T11:00:00,15.415577017742653
2025-12-18T12:00:00,22.505660347316574
2025-12-18T13:00:00,27.77266917021378
2025-12-18T14:00:00,31.622057624485176
2025-12-18T15:00:00,34.8573114146357
2025-12-18T16:00:00,38.17540890237559
2025-12-18T17:00:00,41.6253081611965
2025-12-18T18:00:00,44.619814831277594
2025-12-18T19:00:00,46.9805563221807
2025-12-18T20:00:00,48.822914455247954
2025-12-18T21:00:00,48.72264049364173
2025-12-18T22:00:00,47.70917710014011
2025-12-18T23:00:00,46.781187472136125
2025-12-19T00:00:00,46.21906131246815
2025-12-19T01:00:00,45.35390737782354
2025-12-19T02:00:00,35.26095265927522
2025-12-19T03:00:00,21.531617289004117
2025-12-19T04:00:00,16.610720841780953
2025-12-19T05:00:00,14.026208711707072
2025-12-19T06:00:00,13.418381234873895
2025-12-19T07:00:00,13.785278071527895
2025-12-19T08:00:00,14.59795922818391
2025-12-19T09:00:00,16.299260098001227
2025-12-19T10:00:00,19.0431139572807
2025-12-19T11:00:00,26.20871079486349
2025-12-19T12:00:00,35.707038713538125
2025-12-19T13:00:00,42.61871885216754
2025-12-19T14:00:00,52.67131042480469
2025-12-19T15:00:00,59.47859556778617
2025-12-19T16:00:00,52.637688180674665
2025-12-19T17:00:00,56.644038656483524
2025-12-19T18:00:00,64.35853344461192
2025-12-19T19:00:00,70.76699431046194
2025-12-19T20:00:00,73.23819566809613
2025-12-19T21:00:00,73.6653820535411
2025-12-19T22:00:00,73.31207806131113
2025-12-19T23:00:00,73.13155000106147
2025-12-20T00:00:00,73.75730763310972
2025-12-20T01:00:00,74.35257024350373
2025-12-20T02:00:00,52.89966749108355
2025-12-20T03:00:00,36.22156839785369
2025-12-20T04:00:00,28.43628369206967
2025-12-20T05:00:00,23.39806034253991
2025-12-20T06:00:00,20.022694795028023
2025-12-20T07:00:00,17.953876910002332
2025-12-20T08:00:00,16.826943563378375
2025-12-20T09:00:00,16.349633175393805
2025-12-20T10:00:00,17.473816249681555
2025-12-20T11:00:00,22.644775390624996
2025-12-20T12:00:00,32.09301011458687
2025-12-20T13:00:00,41.347946996274196
2025-12-20T14:00:00,51.31231838723887
2025-12-20T15:00:00,60.128907908564024
2025-12-20T16:00:00,66.0829500944718
2025-12-20T17:00:00,71.28648111094599
2025-12-20T18:00:00,75.0826017960258
2025-12-20T19:00:00,77.84985981816831
2025-12-20T20:00:00,81.01179438051969
2025-12-20T21:00:00,84.34650023087211
2025-12-20T22:00:00,86.66613769531249
2025-12-20T23:00:00,88.02519192902938
2025-12-21T00:00:00,88.85278187627377
2025-12-21T01:00:00,88.71351457678752
2025-12-21T02:00:00,64.6600517604662
2025-12-21T03:00:00,35.301605390465774
2025-12-21T04:00:00,23.641367124474563
2025-12-21T05:00:00,18.862157489942465
2025-12-21T06:00:00,16.55408017531685
2025-12-21T07:00:00,14.97831634853197
2025-12-21T08:00:00,14.399960434955096
2025-12-21T09:00:00,15.321771497311799
2025-12-21T10:00:00,16.732231762098227
2025-12-21T11:00:00,21.09139400979747
2025-12-21T12:00:00,26.96325509444527
2025-12-21T13:00:00,26.58778903795325
2025-12-21T14:00:00,27.55371160092561
2025-12-21T15:00:00,29.35701154625934
2025-12-21T16:00:00,29.724157001661215
2025-12-21T17:00:00,28.85560309368631
2025-12-21T18:00:00,29.666903951893676
2025-12-21T19:00:00,32.907449639361836
2025-12-21T20:00:00,35.790077872898266
2025-12-21T21:00:00,37.971053247866415
2025-12-21T22:00:00,37.63722229003906
2025-12-21T23:00:00,35.54610509457795
2025-12-22T00:00:00,34.550638281780735
2025-12-22T01:00:00,35.088539289391555
2025-12-22T02:00:00,23.959167480468746
2025-12-22T03:00:00,16.45852934795877
2025-12-22T04:00:00,13.526727842248002
2025-12-22T05:00:00,11.997550383858059
2025-12-22T06:00:00,11.144700091818104
2025-12-22T07:00:00,10.71158981323242
2025-12-22T08:00:00,10.388797842937965
2025-12-22T09:00:00,10.45092018790867
2025-12-22T10:00:00,10.904637419659158
2025-12-22T11:00:00,13.513402068096656
2025-12-22T12:00:00,19.52546501159668
2025-12-22T13:00:00,21.051593117091965
2025-12-22T14:00:00,21.19034717393958
2025-12-22T15:00:00,24.705334704855208
2025-12-22T16:00:00,30.973734233690337
2025-12-22T17:00:00,35.997754470161766
2025-12-22T18:00:00,39.25301891824473
2025-12-22T19:00:00,41.64230910591457
2025-12-22T20:00:00,42.736919403076165
2025-12-22T21:00:00,40.528270389722735
2025-12-22T22:00:00,37.86262280008067
2025-12-22T23:00:00,38.44960353685461
2025-12-23T00:00:00,37.590766740881875
2025-12-23T01:00:00,36.5174276932426
2025-12-23T02:00:00,21.81940526547639
2025-12-23T03:00:00,13.853097666864809
2025-12-23T04:00:00,10.755879402160643
2025-12-23T05:00:00,8.709469608638596
2025-12-23T06:00:00,7.626079352005669
2025-12-23T07:00:00,7.206659337748651
2025-12-23T08:00:00,7.24049134876417
2025-12-23T09:00:00,7.591320535411005
2025-12-23T10:00:00,8.414660453796385
2025-12-23T11:00:00,11.512068582617715
2025-12-23T12:00:00,15.7810233986896
2025-12-23T13:00:00,18.228123084358543
2025-12-23T14:00:00,19.033138772715688
2025-12-23T15:00:00,21.831770689591114
2025-12-23T16:00:00,24.843893382860266
2025-12-23T17:00:00,27.696812173594594
2025-12-23T18:00:00,29.57426311658776
2025-12-23T19:00:00,30.05607936693274
2025-12-23T20:00:00,30.53874513377314
2025-12-23T21:00:00,30.579657347305957
2025-12-23T22:00:00,30.89356364374575
2025-12-23T23:00:00,31.030631521473758
2025-12-24T00:00:00,30.425155390863832
2025-12-24T01:00:00,29.301008887912914
2025-12-24T02:00:00,17.272604403288465
2025-12-24T03:00:00,12.03651950670325
2025-12-24T04:00:00,9.853605892347252
2025-12-24T05:00:00,8.467738918636156
2025-12-24T06:00:00,7.929909747579822
2025-12-24T07:00:00,7.918267768362294
2025-12-24T08:00:00,8.095549645631207
2025-12-24T09:00:00,8.50824376811152
2025-12-24T10:00:00,9.415054279824961
2025-12-24T11:00:00,12.823405887769615
2025-12-24T12:00:00,17.468199232350223
2025-12-24T13:00:00,19.58631150618843
2025-12-24T14:00:00,20.945606065833047
2025-12-24T15:00:00,21.850892025491465
2025-12-24T16:00:00,25.124574827111285
2025-12-24T17:00:00,31.395187792570688
2025-12-24T18:00:00,36.59071681810461
2025-12-24T19:00:00,37.92382182245669
2025-12-24T20:00:00,37.326054282810375
2025-12-24T21:00:00,37.21782783840013
2025-12-24T22:00:00,36.52348792034646
2025-12-24T23:00:00,36.098294548366376
2025-12-25T00:00:00,37.28656105373216
2025-12-25T01:00:00,38.73440634686013
2025-12-25T02:00:00,22.756318050882086
2025-12-25T03:00:00,14.189555873041567
2025-12-25T04:00:00,11.029710562332815
2025-12-25T05:00:00,9.511347148729406
2025-12-25T06:00:00,8.704996813898502
2025-12-25T07:00:00,8.424523208452307
2025-12-25T08:00:00,8.578728966090988
2025-12-25T09:00:00,8.944831516431725
2025-12-25T10:00:00,10.045193630716074
2025-12-25T11:00:00,13.719179775403893
2025-12-25T12:00:00,19.929602581521735
2025-12-25T13:00:00,23.971869178440258
2025-12-25T14:00:00,24.068229094795555
2025-12-25T15:00:00,24.59239180191703
2025-12-25T16:00:00,27.985041411026664
2025-12-25T17:00:00,32.64359432718028
2025-12-25T18:00:00,37.05603757111923
2025-12-25T19:00:00,40.64459361200747
2025-12-25T20:00:00,43.74268291307531
2025-12-25T21:00:00,46.30704962688943
2025-12-25T22:00:00,48.20474508534306
2025-12-25T23:00:00,49.74061932771102
2025-12-26T00:00:00,51.82051849365234
2025-12-26T01:00:00,53.78164075768512
2025-12-26T02:00:00,32.71374594646951
2025-12-26T03:00:00,15.623450071915332
2025-12-26T04:00:00,12.745746322300121
2025-12-26T05:00:00,11.544461747874383
2025-12-26T06:00:00,10.669870500979217
2025-12-26T07:00:00,10.050876036934229
2025-12-26T08:00:00,9.790683912194293
2025-12-26T09:00:00,9.988623950792395
2025-12-26T10:00:00,11.158207147017768
2025-12-26T11:00:00,15.287542135819143
2025-12-26T12:00:00,21.700644700423528
2025-12-26T13:00:00,23.819133675616715
2025-12-26T14:00:00,24.559473452360734
2025-12-26T15:00:00,30.86765728826108
2025-12-26T16:00:00,39.35271569956903
2025-12-26T17:00:00,49.39751135784646
2025-12-26T18:00:00,58.09625443168308
2025-12-26T19:00:00,66.14958987028702
2025-12-26T20:00:00,67.53118332572605
2025-12-26T21:00:00,65.30472597868545
2025-12-26T22:00:00,63.59160481328549
2025-12-26T23:00:00,62.15710117505944
2025-12-27T00:00:00,60.386014026144274
2025-12-27T01:00:00,59.5850307630456
2025-12-27T02:00:00,30.84714731962784
2025-12-27T03:00:00,16.168831742328145
2025-12-27T04:00:00,11.362750799759572
2025-12-27T05:00:00,9.638727271038553
2025-12-27T06:00:00,9.027342796325682
2025-12-27T07:00:00,8.81294121949569
2025-12-27T08:00:00,8.919138742529826
2025-12-27T09:00:00,9.383140563964842
2025-12-27T10:00:00,10.33424543297809
2025-12-27T11:00:00,13.547000221584153
2025-12-27T12:00:00,19.61561393737793
2025-12-27T13:00:00,20.359821070795473
2025-12-27T14:00:00,23.22088291334069
2025-12-27T15:00:00,28.67844407454781
2025-12-27T16:00:00,34.27599683015243
2025-12-27T17:00:00,41.31313904472019
2025-12-27T18:00:00,46.4080876889436
2025-12-27T19:00:00,49.144761624543555
2025-12-27T20:00:00,51.09723729672639
2025-12-27T21:00:00,52.964369068975024
2025-12-27T22:00:00,54.686965278957196
2025-12-27T23:00:00,56.02263856970745
2025-12-28T00:00:00,57.94221960979959
2025-12-28T01:00:00,58.57657623291015
2025-12-28T02:00:00,29.871877670288082
2025-12-28T03:00:00,16.297731938569438
2025-12-28T04:00:00,12.363369609998617
2025-12-28T05:00:00,10.81118695632271
2025-12-28T06:00:00,9.953449622444484
2025-12-28T07:00:00,9.65617971834929
2025-12-28T08:00:00,9.82046782452127
2025-12-28T09:00:00,10.895838654559592
2025-12-28T10:00:00,13.9276647567749
2025-12-28T11:00:00,20.47573023257048
2025-12-28T12:00:00,29.37258040386697
2025-12-28T13:00:00,34.84584542979364
2025-12-28T14:00:00,39.2720715066661
2025-12-28T15:00:00,46.77836194245712
2025-12-28T16:00:00,56.63021502287491
2025-12-28T17:00:00,69.75173220427139
2025-12-28T18:00:00,80.03050331447434
2025-12-28T19:00:00,82.49391207487686
2025-12-28T20:00:00,80.65474800441574
2025-12-28T21:00:00,78.95176365064538
2025-12-28T22:00:00,78.41429204526153
2025-12-28T23:00:00,79.99507406483525
2025-12-29T00:00:00,82.40105040177055
2025-12-29T01:00:00,82.18990226413892
2025-12-29T02:00:00,48.24260545813519
2025-12-29T03:00:00,29.39055335003396
2025-12-29T04:00:00,21.558551622473672
2025-12-29T05:00:00,18.012202801911727
2025-12-29T06:00:00,16.611264270284902
2025-12-29T07:00:00,16.108797156292457
2025-12-29T08:00:00,15.83232610122017
2025-12-29T09:00:00,15.994791113811988
2025-12-29T10:00:00,16.617397059565004
2025-12-29T11:00:00,21.392669346021567
2025-12-29T12:00:00,29.36440127828846
2025-12-29T13:00:00,32.44290111375892
2025-12-29T14:00:00,33.69152608125106
2025-12-29T15:00:00,36.766113612962805
2025-12-29T16:00:00,45.836193582286
2025-12-29T17:00:00,58.555028169051454
2025-12-29T18:00:00,70.87655142079227
2025-12-29T19:00:00,78.96711929984714
2025-12-29T20:00:00,84.46092920717984
2025-12-29T21:00:00,88.96070795473844
2025-12-29T22:00:00,93.2294105861498
2025-12-29T23:00:00,97.56994794762652
2025-12-30T00:00:00,100.82842951235563
2025-12-30T01:00:00,100.95312433657438
2025-12-30T02:00:00,69.56957676099694
2025-12-30T03:00:00,43.97847615117612
2025-12-30T04:00:00,29.393272565758746
2025-12-30T05:00:00,23.53351518382197
2025-12-30T06:00:00,22.03668403625488
2025-12-30T07:00:00,21.667003134022586
2025-12-30T08:00:00,22.024113779482633
2025-12-30T09:00:00,23.437924675319504
2025-12-30T10:00:00,26.987371776414953
2025-12-30T11:00:00,37.9926291756008
2025-12-30T12:00:00,57.91963345071544
2025-12-30T13:00:00,77.40645466680112
2025-12-30T14:00:00,80.99376977008322
2025-12-30T15:00:00,79.09121438731317
2025-12-30T16:00:00,88.09195443858272
2025-12-30T17:00:00,96.02092842433764
2025-12-30T18:00:00,109.35237386952274
2025-12-30T19:00:00,123.05935337232505
2025-12-30T20:00:00,134.98917422087294
2025-12-30T21:00:00,143.62061608355978
2025-12-30T22:00:00,149.29431550399116
2025-12-30T23:00:00,151.7613253386124
2025-12-31T00:00:00,150.78198109502375
2025-12-31T01:00:00,141.57577979046363
2025-12-31T02:00:00,76.9179574717646
2025-12-31T03:00:00,43.54886660368546
2025-12-31T04:00:00,30.246785619984497
2025-12-31T05:00:00,23.845815741497532
2025-12-31T06:00:00,20.5498744301174
2025-12-31T07:00:00,20.44510990640391
2025-12-31T08:00:00,23.08256456126337
2025-12-31T09:00:00,27.2633175227953
2025-12-31T10:00:00,36.814797277035915
2025-12-31T11:00:00,57.353279445482336
2025-12-31T12:00:00,79.17480899976647
2025-12-31T13:00:00,91.90874116317084
2025-12-31T14:00:00,103.10453066618545
2025-12-31T15:00:00,113.83856964111327
2025-12-31T16:00:00,117.4041761315387
2025-12-31T17:00:00,113.65454997187075
2025-12-31T18:00:00,105.78532807723334
2025-12-31T19:00:00,99.88319231116253
2025-12-31T20:00:00,99.3451869798743
2025-12-31T21:00:00,103.73119387419325
2025-12-31T22:00:00,111.26930601700491
2025-12-31T23:00:00,118.16065945832624
