datetime,PM25_RH35_GCC
2022-01-01T00:00:00,48.29625403362771
2022-01-01T01:00:00,43.44560241699219
2022-01-01T02:00:00,26.250114772630774
2022-01-01T03:00:00,15.984934060469916
2022-01-01T04:00:00,11.774503832278045
2022-01-01T05:00:00,9.55846073316491
2022-01-01T06:00:00,8.388315387394115
2022-01-01T07:00:00,7.7969431669815705
2022-01-01T08:00:00,7.545431987099025
2022-01-01T09:00:00,7.70461202704388
2022-01-01T10:00:00,8.951250283614447
2022-01-01T11:00:00,12.335665205250615
2022-01-01T12:00:00,19.51250772890837
2022-01-01T13:00:00,26.378378909567125
2022-01-01T14:00:00,29.58342709748641
2022-01-01T15:00:00,30.75469017028808
2022-01-01T16:00:00,32.07192628279976
2022-01-01T17:00:00,33.9213749429454
2022-01-01T18:00:00,35.80758501135784
2022-01-01T19:00:00,35.79596411663553
2022-01-01T20:00:00,35.45283906356148
2022-01-01T21:00:00,33.98823215650475
2022-01-01T22:00:00,31.200805995775305
2022-01-01T23:00:00,27.516696764075235
2022-01-02T00:00:00,25.758936840554938
2022-01-02T01:00:00,26.034647651340645
2022-01-02T02:00:00,22.520983074022375
2022-01-02T03:00:00,14.241966869520104
2022-01-02T04:00:00,11.00064878878386
2022-01-02T05:00:00,9.791639535323432
2022-01-02T06:00:00,9.254337103470512
2022-01-02T07:00:00,8.83611890544062
2022-01-02T08:00:00,8.51580118096393
2022-01-02T09:00:00,8.585447062616762
2022-01-02T10:00:00,9.570694508759871
2022-01-02T11:00:00,12.94383729022482
2022-01-02T12:00:00,18.880434782608695
2022-01-02T13:00:00,24.164969319882594
2022-01-02T14:00:00,27.96393485691236
2022-01-02T15:00:00,30.248008645099134
2022-01-02T16:00:00,32.41221452795941
2022-01-02T17:00:00,34.69974020253057
2022-01-02T18:00:00,34.99417860611625
2022-01-02T19:00:00,34.10717740266219
2022-01-02T20:00:00,33.64929613859757
2022-01-02T21:00:00,34.18339240032693
2022-01-02T22:00:00,35.182804936948024
2022-01-02T23:00:00,36.19885486105214
2022-01-03T00:00:00,36.99929229072902
2022-01-03T01:00:00,38.04774491683296
2022-01-03T02:00:00,31.72995243901791
2022-01-03T03:00:00,18.891392334647797
2022-01-03T04:00:00,14.105138239653213
2022-01-03T05:00:00,12.823190440302309
2022-01-03T06:00:00,12.602385562399158
2022-01-03T07:00:00,13.048686608024264
2022-01-03T08:00:00,13.319052779156229
2022-01-03T09:00:00,13.892483089281164
2022-01-03T10:00:00,15.909297030905016
2022-01-03T11:00:00,21.57091439288595
2022-01-03T12:00:00,27.937562527863875
2022-01-03T13:00:00,29.957244209621262
2022-01-03T14:00:00,32.00193554422129
2022-01-03T15:00:00,39.14154616646144
2022-01-03T16:00:00,48.4399417379628
2022-01-03T17:00:00,53.8119132000467
2022-01-03T18:00:00,52.25636009548021
2022-01-03T19:00:00,48.98590668388035
2022-01-03T20:00:00,48.77231763756793
2022-01-03T21:00:00,49.000449802564525
2022-01-03T22:00:00,49.269705399222985
2022-01-03T23:00:00,49.533431177553915
2022-01-04T00:00:00,49.52194479237431
2022-01-04T01:00:00,49.1356262538744
2022-01-04T02:00:00,32.238233234571375
2022-01-04T03:00:00,20.760273145592727
2022-01-04T04:00:00,16.530797253484312
2022-01-04T05:00:00,14.389455422111178
2022-01-04T06:00:00,13.226565153702444
2022-01-04T07:00:00,12.64086739913277
2022-01-04T08:00:00,12.500481066496473
2022-01-04T09:00:00,12.657043457031248
2022-01-04T10:00:00,13.330213173576022
2022-01-04T11:00:00,16.03489552373471
2022-01-04T12:00:00,20.742068083389942
2022-01-04T13:00:00,27.221085506936774
2022-01-04T14:00:00,30.578329086303704
2022-01-04T15:00:00,32.609679346499234
2022-01-04T16:00:00,36.189427914826766
2022-01-04T17:00:00,41.093262548032016
2022-01-04T18:00:00,50.68385829096255
2022-01-04T19:00:00,62.29012895667034
2022-01-04T20:00:00,73.8950785761294
2022-01-04T21:00:00,83.3711345506751
2022-01-04T22:00:00,91.56964277184527
2022-01-04T23:00:00,98.69752933668052
2022-01-05T00:00:00,105.50505364459492
2022-01-05T01:00:00,103.4992679098378
2022-01-05T02:00:00,53.54923132191533
2022-01-05T03:00:00,29.599601828533665
2022-01-05T04:00:00,21.22352583512016
2022-01-05T05:00:00,17.57181930541992
2022-01-05T06:00:00,15.749305144600243
2022-01-05T07:00:00,14.936793907828951
2022-01-05T08:00:00,14.747680581134297
2022-01-05T09:00:00,14.878324798915694
2022-01-05T10:00:00,15.682417330534562
2022-01-05T11:00:00,21.256631519483484
2022-01-05T12:00:00,26.450718340666395
2022-01-05T13:00:00,31.352914312611457
2022-01-05T14:00:00,36.64651290230129
2022-01-05T15:00:00,40.0912737639054
2022-01-05T16:00:00,47.280896560005516
2022-01-05T17:00:00,51.20331888613493
2022-01-05T18:00:00,57.61337628571883
2022-01-05T19:00:00,62.03789487092391
2022-01-05T20:00:00,63.09314230213994
2022-01-05T21:00:00,61.953479269276485
2022-01-05T22:00:00,59.65174932065216
2022-01-05T23:00:00,55.767629540484876
2022-01-06T00:00:00,51.38815357374108
2022-01-06T01:00:00,48.23914602528447
2022-01-06T02:00:00,29.78842693826426
2022-01-06T03:00:00,17.57359504699707
2022-01-06T04:00:00,13.421111728834068
2022-01-06T05:00:00,11.500426624132238
2022-01-06T06:00:00,10.581102537072223
2022-01-06T07:00:00,10.307610802028488
2022-01-06T08:00:00,10.459876309270443
2022-01-06T09:00:00,10.991151975548785
2022-01-06T10:00:00,12.029616729072902
2022-01-06T11:00:00,15.07152445419975
2022-01-06T12:00:00,21.171404465385102
2022-01-06T13:00:00,26.51990434397822
2022-01-06T14:00:00,30.99381065368652
2022-01-06T15:00:00,32.8313398775847
2022-01-06T16:00:00,32.5152244567871
2022-01-06T17:00:00,34.09240125573199
2022-01-06T18:00:00,35.24624219148055
2022-01-06T19:00:00,35.68921114050823
2022-01-06T20:00:00,35.911715797756024
2022-01-06T21:00:00,35.7300680409307
2022-01-06T22:00:00,35.3883584063986
2022-01-06T23:00:00,35.28253887010657
2022-01-07T00:00:00,35.65879407136336
2022-01-07T01:00:00,35.74983845586362
2022-01-07T02:00:00,24.17338470790697
2022-01-07T03:00:00,17.19293984122898
2022-01-07T04:00:00,13.28938990053923
2022-01-07T05:00:00,10.857038456460703
2022-01-07T06:00:00,9.540124810260274
2022-01-07T07:00:00,9.035456947658373
2022-01-07T08:00:00,8.99924896074378
2022-01-07T09:00:00,9.303431842638098
2022-01-07T10:00:00,10.195004836372705
2022-01-07T11:00:00,12.478405745133108
2022-01-07T12:00:00,18.021517256031863
2022-01-07T13:00:00,25.786462866741676
2022-01-07T14:00:00,31.747267598691188
2022-01-07T15:00:00,31.534798497739043
2022-01-07T16:00:00,32.00996224776558
2022-01-07T17:00:00,34.34389512435249
2022-01-07T18:00:00,36.21281010171641
2022-01-07T19:00:00,39.14619205308996
2022-01-07T20:00:00,41.752454343049415
2022-01-07T21:00:00,49.088636481243626
2022-01-07T22:00:00,53.88950397657311
2022-01-07T23:00:00,56.23859621130901
2022-01-08T00:00:00,56.97253517482591
2022-01-08T01:00:00,55.298379317573875
2022-01-08T02:00:00,28.25755003224248
2022-01-08T03:00:00,16.851673831110414
2022-01-08T04:00:00,13.113466179889182
2022-01-08T05:00:00,11.605868422466775
2022-01-08T06:00:00,10.721436376157014
2022-01-08T07:00:00,9.932434703992762
2022-01-08T08:00:00,9.455227271370264
2022-01-08T09:00:00,9.247847432675568
2022-01-08T10:00:00,10.259354591369627
2022-01-08T11:00:00,13.852282482644783
2022-01-08T12:00:00,20.150924682617188
2022-01-08T13:00:00,21.72207848922066
2022-01-08T14:00:00,26.6751478443975
2022-01-08T15:00:00,32.15661438651707
2022-01-08T16:00:00,38.02738504824431
2022-01-08T17:00:00,44.206239451532774
2022-01-08T18:00:00,47.598351188327946
2022-01-08T19:00:00,47.46440423053244
2022-01-08T20:00:00,46.698942930802055
2022-01-08T21:00:00,46.079277204430625
2022-01-08T22:00:00,43.07778681879458
2022-01-08T23:00:00,40.63420469864555
2022-01-09T00:00:00,41.3124130912449
2022-01-09T01:00:00,41.61537867007047
2022-01-09T02:00:00,21.803627594657563
2022-01-09T03:00:00,13.643266512000043
2022-01-09T04:00:00,10.780173716337782
2022-01-09T05:00:00,9.499883444412895
2022-01-09T06:00:00,8.89255320507547
2022-01-09T07:00:00,8.655313989390498
2022-01-09T08:00:00,9.141604962556258
2022-01-09T09:00:00,9.456578835197115
2022-01-09T10:00:00,10.376192590464715
2022-01-09T11:00:00,13.40498928401781
2022-01-09T12:00:00,17.639603573343027
2022-01-09T13:00:00,17.967615708060887
2022-01-09T14:00:00,17.931685074515965
2022-01-09T15:00:00,18.740565092667286
2022-01-09T16:00:00,20.835312221361242
2022-01-09T17:00:00,25.053609267525047
2022-01-09T18:00:00,31.55130187324855
2022-01-09T19:00:00,37.924118871274196
2022-01-09T20:00:00,45.17171909498131
2022-01-09T21:00:00,53.98173572706139
2022-01-09T22:00:00,61.72628950036089
2022-01-09T23:00:00,68.09858952397884
2022-01-10T00:00:00,75.31762662141217
2022-01-10T01:00:00,79.51631164550781
2022-01-10T02:00:00,42.364835324494734
2022-01-10T03:00:00,24.264206844827402
2022-01-10T04:00:00,18.282050879105274
2022-01-10T05:00:00,13.944083047949748
2022-01-10T06:00:00,11.79729129957116
2022-01-10T07:00:00,10.947247339331584
2022-01-10T08:00:00,10.753235858419666
2022-01-10T09:00:00,11.144230386485225
2022-01-10T10:00:00,12.75779570703921
2022-01-10T11:00:00,19.0053364297618
2022-01-10T12:00:00,24.684080787326977
2022-01-10T13:00:00,25.029591850612473
2022-01-10T14:00:00,28.65221728449282
2022-01-10T15:00:00,33.953207347704016
2022-01-10T16:00:00,37.862549823263414
2022-01-10T17:00:00,42.06964890853218
2022-01-10T18:00:00,47.34969147391941
2022-01-10T19:00:00,48.847148231838055
2022-01-10T20:00:00,47.702107968537696
2022-01-10T21:00:00,45.01963457853897
2022-01-10T22:00:00,44.60398450105086
2022-01-10T23:00:00,45.08565819781759
2022-01-11T00:00:00,45.19543191661005
2022-01-11T01:00:00,43.815950808317766
2022-01-11T02:00:00,23.194449549135953
2022-01-11T03:00:00,14.399790017501166
2022-01-11T04:00:00,10.801036420075787
2022-01-11T05:00:00,8.911214434582254
2022-01-11T06:00:00,8.031148765398108
2022-01-11T07:00:00,7.828756809234618
2022-01-11T08:00:00,7.975091706151546
2022-01-11T09:00:00,8.344338209732717
2022-01-11T10:00:00,9.109405185865317
2022-01-11T11:00:00,12.383993978085725
2022-01-11T12:00:00,18.49495688728664
2022-01-11T13:00:00,20.762238461038336
2022-01-11T14:00:00,22.599483572918434
2022-01-11T15:00:00,25.08966304944909
2022-01-11T16:00:00,28.246720355489977
2022-01-11T17:00:00,34.349861891373344
2022-01-11T18:00:00,41.347361689028524
2022-01-11T19:00:00,48.472056347390875
2022-01-11T20:00:00,56.94823041169539
2022-01-11T21:00:00,63.247940726902165
2022-01-11T22:00:00,66.38282825635827
2022-01-11T23:00:00,68.32007350092348
2022-01-12T00:00:00,69.9172545723293
2022-01-12T01:00:00,68.55134864475416
2022-01-12T02:00:00,32.05532447151515
2022-01-12T03:00:00,18.133893883746605
2022-01-12T04:00:00,13.704882497372832
2022-01-12T05:00:00,11.621970135232674
2022-01-12T06:00:00,10.789681932200557
2022-01-12T07:00:00,10.518152154010274
2022-01-12T08:00:00,10.46209604843803
2022-01-12T09:00:00,10.6319057630456
2022-01-12T10:00:00,11.64424834044083
2022-01-12T11:00:00,14.560778949571691
2022-01-12T12:00:00,19.653545628423274
2022-01-12T13:00:00,23.665479494177774
2022-01-12T14:00:00,27.697307420813516
2022-01-12T15:00:00,30.880185085794203
2022-01-12T16:00:00,32.215715159540586
2022-01-12T17:00:00,31.2343987174656
2022-01-12T18:00:00,30.123512350994606
2022-01-12T19:00:00,31.24218982198964
2022-01-12T20:00:00,31.911540985107422
2022-01-12T21:00:00,32.61585832678753
2022-01-12T22:00:00,34.86007507987644
2022-01-12T23:00:00,38.600464364756704
2022-01-13T00:00:00,45.32939910888671
2022-01-13T01:00:00,49.81680264680281
2022-01-13T02:00:00,38.42119382775348
2022-01-13T03:00:00,18.383058216260824
2022-01-13T04:00:00,13.357739241226858
2022-01-13T05:00:00,12.590675395468004
2022-01-13T06:00:00,12.576901891957156
2022-01-13T07:00:00,11.16081266817839
2022-01-13T08:00:00,10.29684821419094
2022-01-13T09:00:00,10.445136858069377
2022-01-13T10:00:00,10.8885266262552
2022-01-13T11:00:00,11.46870530169943
2022-01-13T12:00:00,13.118211455967113
2022-01-13T13:00:00,20.535693458888844
2022-01-13T14:00:00,29.374543397322945
2022-01-13T15:00:00,38.6298942565918
2022-01-13T16:00:00,49.850304313327946
2022-01-13T17:00:00,50.06225702036981
2022-01-13T18:00:00,42.14085918924083
2022-01-13T19:00:00,38.30375671386719
2022-01-13T20:00:00,36.541240526282266
2022-01-13T21:00:00,34.81931354688561
2022-01-13T22:00:00,33.712651625923485
2022-01-13T23:00:00,32.824247609014094
2022-01-14T00:00:00,34.65961456298828
2022-01-14T01:00:00,36.97600372977879
2022-01-14T02:00:00,25.420836407205332
2022-01-14T03:00:00,15.79964032380477
2022-01-14T04:00:00,13.87377879930579
2022-01-14T05:00:00,13.508844251218047
2022-01-14T06:00:00,13.403338515240211
2022-01-14T07:00:00,13.60929887191109
2022-01-14T08:00:00,14.08962233170219
2022-01-14T09:00:00,15.031278278516686
2022-01-14T10:00:00,15.195057993349817
2022-01-14T11:00:00,15.73965566054634
2022-01-14T12:00:00,16.98251525215481
2022-01-14T13:00:00,18.356092950572137
2022-01-14T14:00:00,20.40627570774244
2022-01-14T15:00:00,23.744156713071074
2022-01-14T16:00:00,30.00981903076172
2022-01-14T17:00:00,40.83127942292586
2022-01-14T18:00:00,52.305087213930875
2022-01-14T19:00:00,65.28911905703337
2022-01-14T20:00:00,80.22098043690555
2022-01-14T21:00:00,89.3627299433169
2022-01-14T22:00:00,90.621315665867
2022-01-14T23:00:00,86.10401186735733
2022-01-15T00:00:00,78.48805037788722
2022-01-15T01:00:00,69.0505843784498
2022-01-15T02:00:00,47.734992151675016
2022-01-15T03:00:00,19.224141411159348
2022-01-15T04:00:00,13.182254252226455
2022-01-15T05:00:00,11.333300507586934
2022-01-15T06:00:00,10.628742632658584
2022-01-15T07:00:00,10.408455309660535
2022-01-15T08:00:00,10.408700528352155
2022-01-15T09:00:00,10.614655826402748
2022-01-15T10:00:00,11.192317050436268
2022-01-15T11:00:00,12.443560973457668
2022-01-15T12:00:00,15.011537054310672
2022-01-15T13:00:00,18.73127215841542
2022-01-15T14:00:00,25.13197152510933
2022-01-15T15:00:00,32.54611670452615
2022-01-15T16:00:00,38.496379023012906
2022-01-15T17:00:00,45.61967882902725
2022-01-15T18:00:00,51.61193084716796
2022-01-15T19:00:00,51.962946021038555
2022-01-15T20:00:00,49.88016029026196
2022-01-15T21:00:00,47.67473585709281
2022-01-15T22:00:00,45.91068848319675
2022-01-15T23:00:00,44.49359114273734
2022-01-16T00:00:00,44.414398856784985
2022-01-16T01:00:00,41.868220785389774
2022-01-16T02:00:00,21.214548193890113
2022-01-16T03:00:00,12.368919787199598
2022-01-16T04:00:00,8.906037537947945
2022-01-16T05:00:00,7.280631189760954
2022-01-16T06:00:00,6.528416239697
2022-01-16T07:00:00,6.215650226758874
2022-01-16T08:00:00,6.170387019281801
2022-01-16T09:00:00,6.396896942802097
2022-01-16T10:00:00,7.147293381069018
2022-01-16T11:00:00,9.408297497293225
2022-01-16T12:00:00,13.553978878518807
2022-01-16T13:00:00,17.07214890355649
2022-01-16T14:00:00,19.24695537401282
2022-01-16T15:00:00,18.840262039847993
2022-01-16T16:00:00,18.8034029421599
2022-01-16T17:00:00,19.712497462397035
2022-01-16T18:00:00,20.478207297947094
2022-01-16T19:00:00,20.258276649143383
2022-01-16T20:00:00,19.856531889542286
2022-01-16T21:00:00,19.731138312298317
2022-01-16T22:00:00,20.159595323645547
2022-01-16T23:00:00,22.336205275162406
2022-01-17T00:00:00,25.094574803891383
2022-01-17T01:00:00,27.92599288277004
2022-01-17T02:00:00,19.03036125846531
2022-01-17T03:00:00,12.857085932856018
2022-01-17T04:00:00,9.708716351052988
2022-01-17T05:00:00,8.11525189358255
2022-01-17T06:00:00,7.463495005731997
2022-01-17T07:00:00,7.254808342975118
2022-01-17T08:00:00,7.02036948826002
2022-01-17T09:00:00,7.02673518139383
2022-01-17T10:00:00,7.57958121921705
2022-01-17T11:00:00,9.896232273267662
2022-01-17T12:00:00,14.816597316576086
2022-01-17T13:00:00,18.352421553238575
2022-01-17T14:00:00,20.038562857586403
2022-01-17T15:00:00,20.660178640614383
2022-01-17T16:00:00,23.600851473600965
2022-01-17T17:00:00,24.302487248959743
2022-01-17T18:00:00,23.83585971334706
2022-01-17T19:00:00,24.75671336961829
2022-01-17T20:00:00,28.83537010524584
2022-01-17T21:00:00,34.39302527386209
2022-01-17T22:00:00,35.656540746274196
2022-01-17T23:00:00,36.60778393952742
2022-01-18T00:00:00,37.36229423854662
2022-01-18T01:00:00,37.16325195975926
2022-01-18T02:00:00,24.632513709690258
2022-01-18T03:00:00,18.72756128725798
2022-01-18T04:00:00,15.539723935334575
2022-01-18T05:00:00,13.577782630920408
2022-01-18T06:00:00,12.763877578403637
2022-01-18T07:00:00,12.57042648481286
2022-01-18T08:00:00,12.185938047326129
2022-01-18T09:00:00,12.247439923493756
2022-01-18T10:00:00,14.018686957981275
2022-01-18T11:00:00,18.647229567818016
2022-01-18T12:00:00,26.719577457593836
2022-01-18T13:00:00,32.249330105988875
2022-01-18T14:00:00,36.356881183126696
2022-01-18T15:00:00,39.87723043690557
2022-01-18T16:00:00,36.51236111184825
2022-01-18T17:00:00,34.520943019701086
2022-01-18T18:00:00,37.351757712986156
2022-01-18T19:00:00,37.430970233419664
2022-01-18T20:00:00,37.83833346159562
2022-01-18T21:00:00,40.807352314824634
2022-01-18T22:00:00,43.67545384946076
2022-01-18T23:00:00,45.89048634404721
2022-01-19T00:00:00,47.79553653882897
2022-01-19T01:00:00,48.6257382268491
2022-01-19T02:00:00,28.926032107809313
2022-01-19T03:00:00,18.755914107612938
2022-01-19T04:00:00,14.781613225522246
2022-01-19T05:00:00,12.729850147081457
2022-01-19T06:00:00,12.124339476875635
2022-01-19T07:00:00,12.24254446444304
2022-01-19T08:00:00,12.677449184915291
2022-01-19T09:00:00,13.530860983807107
2022-01-19T10:00:00,14.888750822647756
2022-01-19T11:00:00,18.248186940732207
2022-01-19T12:00:00,24.67797677413277
2022-01-19T13:00:00,31.63082247195036
2022-01-19T14:00:00,37.687607143236235
2022-01-19T15:00:00,42.11447027455205
2022-01-19T16:00:00,46.408611131751016
2022-01-19T17:00:00,50.35133875971254
2022-01-19T18:00:00,51.70709460714588
2022-01-19T19:00:00,53.07507407146951
2022-01-19T20:00:00,54.235686260720954
2022-01-19T21:00:00,58.202632406483524
2022-01-19T22:00:00,61.91855239868163
2022-01-19T23:00:00,65.12291485330333
2022-01-20T00:00:00,66.48714712391728
2022-01-20T01:00:00,65.55100465857464
2022-01-20T02:00:00,43.97346712195354
2022-01-20T03:00:00,33.512878749681555
2022-01-20T04:00:00,28.522094477777895
2022-01-20T05:00:00,26.29165566485861
2022-01-20T06:00:00,25.51862219105596
2022-01-20T07:00:00,25.544905952785324
2022-01-20T08:00:00,26.091246563455332
2022-01-20T09:00:00,27.17642734361731
2022-01-20T10:00:00,29.644308587779168
2022-01-20T11:00:00,34.85501065461531
2022-01-20T12:00:00,46.573279339334235
2022-01-20T13:00:00,62.33516245302946
2022-01-20T14:00:00,77.3593113111413
2022-01-20T15:00:00,92.24817657470702
2022-01-20T16:00:00,107.30688576076341
2022-01-20T17:00:00,121.89991793425187
2022-01-20T18:00:00,133.84037714419156
2022-01-20T19:00:00,141.28862331224522
2022-01-20T20:00:00,145.0772950545601
2022-01-20T21:00:00,147.21350296683931
2022-01-20T22:00:00,148.31251923934272
2022-01-20T23:00:00,147.47338071076763
2022-01-21T00:00:00,144.53140590501866
2022-01-21T01:00:00,138.52016482145888
2022-01-21T02:00:00,84.41331548276153
2022-01-21T03:00:00,51.99419635275135
2022-01-21T04:00:00,41.81910722152046
2022-01-21T05:00:00,36.58171363498853
2022-01-21T06:00:00,34.054418978483774
2022-01-21T07:00:00,33.34837540336277
2022-01-21T08:00:00,33.572427334992774
2022-01-21T09:00:00,34.67185310695482
2022-01-21T10:00:00,37.29503349635912
2022-01-21T11:00:00,41.63975939543351
2022-01-21T12:00:00,54.070237698762305
2022-01-21T13:00:00,69.45976423180622
2022-01-21T14:00:00,82.41610784115997
2022-01-21T15:00:00,92.56661091680112
2022-01-21T16:00:00,99.99018063752547
2022-01-21T17:00:00,104.77277407438858
2022-01-21T18:00:00,106.03494063667628
2022-01-21T19:00:00,102.87984201182489
2022-01-21T20:00:00,96.89671093484628
2022-01-21T21:00:00,90.43472887122111
2022-01-21T22:00:00,84.69733793839164
2022-01-21T23:00:00,80.59769605553667
2022-01-22T00:00:00,78.69296629532522
2022-01-22T01:00:00,78.5445384149966
2022-01-22T02:00:00,60.30866340968919
2022-01-22T03:00:00,36.59471064028532
2022-01-22T04:00:00,33.88540126966393
2022-01-22T05:00:00,33.1884010978367
2022-01-22T06:00:00,32.89658820110819
2022-01-22T07:00:00,33.327420110287875
2022-01-22T08:00:00,34.81817825980808
2022-01-22T09:00:00,36.5810900149138
2022-01-22T10:00:00,39.05971195386803
2022-01-22T11:00:00,42.72815455561098
2022-01-22T12:00:00,54.28644943237305
2022-01-22T13:00:00,67.22726705799931
2022-01-22T14:00:00,77.31113865064538
2022-01-22T15:00:00,84.50067702583644
2022-01-22T16:00:00,88.41662995711616
2022-01-22T17:00:00,89.67031495467475
2022-01-22T18:00:00,88.77266527258831
2022-01-22T19:00:00,85.33476721722147
2022-01-22T20:00:00,80.77659175706944
2022-01-22T21:00:00,76.1739972985309
2022-01-22T22:00:00,72.16425190801205
2022-01-22T23:00:00,69.7017128985861
2022-01-23T00:00:00,68.90678737474524
2022-01-23T01:00:00,69.07802515444547
2022-01-23T02:00:00,64.20350414773692
2022-01-23T03:00:00,35.170965775199555
2022-01-23T04:00:00,30.452418534652043
2022-01-23T05:00:00,30.100801384967305
2022-01-23T06:00:00,29.86307674905528
2022-01-23T07:00:00,29.93606219084366
2022-01-23T08:00:00,30.587277702663254
2022-01-23T09:00:00,31.79904672373896
2022-01-23T10:00:00,34.15282340671705
2022-01-23T11:00:00,37.174971041472055
2022-01-23T12:00:00,49.29534630153489
2022-01-23T13:00:00,65.87233866815981
2022-01-23T14:00:00,83.4501727560292
2022-01-23T15:00:00,101.28978165336277
2022-01-23T16:00:00,117.49606091043223
2022-01-23T17:00:00,130.27380205237344
2022-01-23T18:00:00,138.59107772163722
2022-01-23T19:00:00,143.1472539487092
2022-01-23T20:00:00,145.25027797533116
2022-01-23T21:00:00,145.34714275857675
2022-01-23T22:00:00,142.77213917607844
2022-01-23T23:00:00,137.62925620701
2022-01-24T00:00:00,130.6258442090905
2022-01-24T01:00:00,122.98671656069547
2022-01-24T02:00:00,95.79440937871516
2022-01-24T03:00:00,54.29691298111625
2022-01-24T04:00:00,42.57611614724864
2022-01-24T05:00:00,36.867929873259165
2022-01-24T06:00:00,33.80322099768596
2022-01-24T07:00:00,32.09550525831139
2022-01-24T08:00:00,31.45111349354619
2022-01-24T09:00:00,31.914726257324215
2022-01-24T10:00:00,34.23433254076087
2022-01-24T11:00:00,37.54378957333772
2022-01-24T12:00:00,50.20814530745796
2022-01-24T13:00:00,70.14247396717899
2022-01-24T14:00:00,92.47469761060631
2022-01-24T15:00:00,116.50867395815641
2022-01-24T16:00:00,138.67854707137397
2022-01-24T17:00:00,155.63373963729194
2022-01-24T18:00:00,164.94001604163128
2022-01-24T19:00:00,165.38609380307406
2022-01-24T20:00:00,158.48605612049928
2022-01-24T21:00:00,147.7825944320015
2022-01-24T22:00:00,134.04636217200235
2022-01-24T23:00:00,118.38083980394445
2022-01-25T00:00:00,103.28992760699727
2022-01-25T01:00:00,91.18185756517492
2022-01-25T02:00:00,76.14168780782948
2022-01-25T03:00:00,52.15658204451851
2022-01-25T04:00:00,50.01506656149159
2022-01-25T05:00:00,45.271587205969766
2022-01-25T06:00:00,41.11355109836744
2022-01-25T07:00:00,37.96061922156292
2022-01-25T08:00:00,35.96195701930833
2022-01-25T09:00:00,35.48094309931216
2022-01-25T10:00:00,36.78080086086107
2022-01-25T11:00:00,40.518774115520976
2022-01-25T12:00:00,52.54112741221552
2022-01-25T13:00:00,71.03352455470872
2022-01-25T14:00:00,90.71605516516642
2022-01-25T15:00:00,107.6931105903957
2022-01-25T16:00:00,125.41188314686649
2022-01-25T17:00:00,140.06376979662025
2022-01-25T18:00:00,150.36652805494222
2022-01-25T19:00:00,155.30021103568697
2022-01-25T20:00:00,154.52234085746431
2022-01-25T21:00:00,148.91735275931978
2022-01-25T22:00:00,139.21619050399116
2022-01-25T23:00:00,128.5290484221085
2022-01-26T00:00:00,117.4346986853558
2022-01-26T01:00:00,102.92418438455333
2022-01-26T02:00:00,56.96606992638629
2022-01-26T03:00:00,40.046979157820985
2022-01-26T04:00:00,31.66773879009744
2022-01-26T05:00:00,26.555069384367563
2022-01-26T06:00:00,23.9735980655836
2022-01-26T07:00:00,23.08465128359587
2022-01-26T08:00:00,23.13204300921896
2022-01-26T09:00:00,23.82851343569548
2022-01-26T10:00:00,25.890210607777473
2022-01-26T11:00:00,27.482839501422383
2022-01-26T12:00:00,29.425060023432188
2022-01-26T13:00:00,33.12434113543966
2022-01-26T14:00:00,43.43488809336787
2022-01-26T15:00:00,55.633896205736235
2022-01-26T16:00:00,68.36877574091372
2022-01-26T17:00:00,78.97439342996347
2022-01-26T18:00:00,88.8566032077955
2022-01-26T19:00:00,96.04374097741167
2022-01-26T20:00:00,98.02047364608102
2022-01-26T21:00:00,95.61114070726477
2022-01-26T22:00:00,90.52427573826
2022-01-26T23:00:00,86.04521378226902
2022-01-27T00:00:00,80.48219282730766
2022-01-27T01:00:00,74.001569830853
2022-01-27T02:00:00,40.6041201715884
2022-01-27T03:00:00,22.585727111152977
2022-01-27T04:00:00,15.96994068311608
2022-01-27T05:00:00,13.268537065257195
2022-01-27T06:00:00,12.27564712192701
2022-01-27T07:00:00,11.990078179732611
2022-01-27T08:00:00,11.84352443529212
2022-01-27T09:00:00,11.592039564381475
2022-01-27T10:00:00,11.35856541343357
2022-01-27T11:00:00,12.14965480306874
2022-01-27T12:00:00,15.950430538343344
2022-01-27T13:00:00,20.818940452907395
2022-01-27T14:00:00,26.333476688550864
2022-01-27T15:00:00,32.05751369310462
2022-01-27T16:00:00,38.050545402195134
2022-01-27T17:00:00,46.72988974529763
2022-01-27T18:00:00,59.241718126379915
2022-01-27T19:00:00,65.67408802198327
2022-01-27T20:00:00,65.87214096732761
2022-01-27T21:00:00,61.131460106891126
2022-01-27T22:00:00,49.431785583496094
2022-01-27T23:00:00,46.007747152577274
2022-01-28T00:00:00,44.78630828857422
2022-01-28T01:00:00,46.34586383985437
2022-01-28T02:00:00,23.21133008210555
2022-01-28T03:00:00,14.67412753727125
2022-01-28T04:00:00,11.899181614751399
2022-01-28T05:00:00,10.611116409301758
2022-01-28T06:00:00,9.710004765054453
2022-01-28T07:00:00,9.273540787074875
2022-01-28T08:00:00,9.126082752061926
2022-01-28T09:00:00,9.158832342728324
2022-01-28T10:00:00,9.54274090476658
2022-01-28T11:00:00,12.06512098727019
2022-01-28T12:00:00,17.505389918451723
2022-01-28T13:00:00,22.29249763488769
2022-01-28T14:00:00,26.273746656334914
2022-01-28T15:00:00,32.2623294332753
2022-01-28T16:00:00,41.133819082508914
2022-01-28T17:00:00,54.84975698719853
2022-01-28T18:00:00,65.99043074898097
2022-01-28T19:00:00,72.8834872038468
2022-01-28T20:00:00,78.69598322329313
2022-01-28T21:00:00,86.02576811417289
2022-01-28T22:00:00,95.84916687011717
2022-01-28T23:00:00,107.5883911796238
2022-01-29T00:00:00,118.06472911005433
2022-01-29T01:00:00,114.67782095204227
2022-01-29T02:00:00,50.20337345289147
2022-01-29T03:00:00,22.02052066637122
2022-01-29T04:00:00,13.298544883728026
2022-01-29T05:00:00,11.112250369528065
2022-01-29T06:00:00,10.992936134338377
2022-01-29T07:00:00,11.106696336165717
2022-01-29T08:00:00,11.81889716438625
2022-01-29T09:00:00,13.396411149398139
2022-01-29T10:00:00,15.967511301455291
2022-01-29T11:00:00,20.04861719711967
2022-01-29T12:00:00,27.203951794168223
2022-01-29T13:00:00,35.98498302957285
2022-01-29T14:00:00,45.14630856721298
2022-01-29T15:00:00,54.45361095926035
2022-01-29T16:00:00,65.70740442690642
2022-01-29T17:00:00,76.54603709345278
2022-01-29T18:00:00,82.165004896081
2022-01-29T19:00:00,81.3863180409307
2022-01-29T20:00:00,81.37747789465863
2022-01-29T21:00:00,82.08990478515624
2022-01-29T22:00:00,83.74015874448028
2022-01-29T23:00:00,84.24350307298742
2022-01-30T00:00:00,83.97778088113535
2022-01-30T01:00:00,75.33010250589122
2022-01-30T02:00:00,34.901808780172594
2022-01-30T03:00:00,19.23405655570652
2022-01-30T04:00:00,14.485528697138244
2022-01-30T05:00:00,12.501039878181789
2022-01-30T06:00:00,11.329703621242356
2022-01-30T07:00:00,10.608485180398691
2022-01-30T08:00:00,10.220297232918115
2022-01-30T09:00:00,10.078771342401918
2022-01-30T10:00:00,10.413010680157205
2022-01-30T11:00:00,12.225701746733291
2022-01-30T12:00:00,16.290784006533414
2022-01-30T13:00:00,22.955795868583344
2022-01-30T14:00:00,24.638067660124406
2022-01-30T15:00:00,31.353696408479106
2022-01-30T16:00:00,36.651855302893594
2022-01-30T17:00:00,39.10280360346255
2022-01-30T18:00:00,43.119831416917876
2022-01-30T19:00:00,50.25666477369225
2022-01-30T20:00:00,58.63953067945396
2022-01-30T21:00:00,66.55105673748514
2022-01-30T22:00:00,73.06606624437414
2022-01-30T23:00:00,76.89642864724864
2022-01-31T00:00:00,77.77473715077275
2022-01-31T01:00:00,73.2871097067128
2022-01-31T02:00:00,40.76269663935122
2022-01-31T03:00:00,28.021997451782227
2022-01-31T04:00:00,21.599152108897332
2022-01-31T05:00:00,18.98282366213591
2022-01-31T06:00:00,17.84690243264903
2022-01-31T07:00:00,17.554485901542332
2022-01-31T08:00:00,17.476233938465946
2022-01-31T09:00:00,17.58358681720236
2022-01-31T10:00:00,18.87348589689835
2022-01-31T11:00:00,22.151567624962848
2022-01-31T12:00:00,26.548973912778106
2022-01-31T13:00:00,27.51102314824643
2022-01-31T14:00:00,28.08950507122537
2022-01-31T15:00:00,27.893875702567723
2022-01-31T16:00:00,29.190944837487258
2022-01-31T17:00:00,34.77954101562499
2022-01-31T18:00:00,40.7006082949431
2022-01-31T19:00:00,43.23585427325705
2022-01-31T20:00:00,44.80633229794709
2022-01-31T21:00:00,46.02879200810971
2022-01-31T22:00:00,45.49410164874532
2022-01-31T23:00:00,44.66235849131708
2022-02-01T00:00:00,43.98420201177182
2022-02-01T01:00:00,40.276441657024876
2022-02-01T02:00:00,21.462908952132512
2022-02-01T03:00:00,15.965430052384084
2022-02-01T04:00:00,13.926263892132301
2022-02-01T05:00:00,12.754704433938729
2022-02-01T06:00:00,12.063277120175567
2022-02-01T07:00:00,11.866773356562074
2022-02-01T08:00:00,12.014718967935313
2022-02-01T09:00:00,12.608425679414166
2022-02-01T10:00:00,13.72888838726541
2022-02-01T11:00:00,16.127529641856317
2022-02-01T12:00:00,22.67151210619055
2022-02-01T13:00:00,30.509438307388965
2022-02-01T14:00:00,37.326148986816406
2022-02-01T15:00:00,43.136086837105125
2022-02-01T16:00:00,47.91365515667459
2022-02-01T17:00:00,51.74469093654466
2022-02-01T18:00:00,56.71232886936353
2022-02-01T19:00:00,59.1508792379628
2022-02-01T20:00:00,59.13323758996051
2022-02-01T21:00:00,58.5221763279127
2022-02-01T22:00:00,57.757239466128134
2022-02-01T23:00:00,56.87924177750297
2022-02-02T00:00:00,55.82983564293902
2022-02-02T01:00:00,54.83424559883449
2022-02-02T02:00:00,39.54495222672172
2022-02-02T03:00:00,28.469937946485434
2022-02-02T04:00:00,24.504026910533074
2022-02-02T05:00:00,22.910105415012524
2022-02-02T06:00:00,21.790224821671192
2022-02-02T07:00:00,20.9479982956596
2022-02-02T08:00:00,20.397791489310887
2022-02-02T09:00:00,20.31872649814771
2022-02-02T10:00:00,20.89224359263544
2022-02-02T11:00:00,23.646596908569336
2022-02-02T12:00:00,31.56013613161833
2022-02-02T13:00:00,41.365669913913884
2022-02-02T14:00:00,50.96940380594005
2022-02-02T15:00:00,59.70639668340267
2022-02-02T16:00:00,66.4138707699983
2022-02-02T17:00:00,71.32515633624531
2022-02-02T18:00:00,74.04255444070567
2022-02-02T19:00:00,73.88861050813094
2022-02-02T20:00:00,71.91662995711616
2022-02-02T21:00:00,69.38927924114725
2022-02-02T22:00:00,66.6002668297809
2022-02-02T23:00:00,64.35169219970703
2022-02-03T00:00:00,63.20252559496008
2022-02-03T01:00:00,63.20277189171833
2022-02-03T02:00:00,49.5454687035602
2022-02-03T03:00:00,45.56414197838824
2022-02-03T04:00:00,43.30905566008194
2022-02-03T05:00:00,41.26692912889563
2022-02-03T06:00:00,40.83310915076214
2022-02-03T07:00:00,41.327918508778446
2022-02-03T08:00:00,42.376194497813344
2022-02-03T09:00:00,44.0586869612984
2022-02-03T10:00:00,46.32863318401834
2022-02-03T11:00:00,50.733741926110305
2022-02-03T12:00:00,61.53855000371517
2022-02-03T13:00:00,79.41268788213314
2022-02-03T14:00:00,99.48324087391728
2022-02-03T15:00:00,120.64842821204144
2022-02-03T16:00:00,141.47370645274285
2022-02-03T17:00:00,160.96277585236922
2022-02-03T18:00:00,176.8576965332031
2022-02-03T19:00:00,186.30427949324897
2022-02-03T20:00:00,187.66379912003228
2022-02-03T21:00:00,181.17617930536682
2022-02-03T22:00:00,168.3198182479195
2022-02-03T23:00:00,153.6996274201766
2022-02-04T00:00:00,140.89200061300525
2022-02-04T01:00:00,127.69843458092731
2022-02-04T02:00:00,72.15949846350628
2022-02-04T03:00:00,43.874908613122024
2022-02-04T04:00:00,34.82633126300314
2022-02-04T05:00:00,31.35172064408012
2022-02-04T06:00:00,29.304506218951676
2022-02-04T07:00:00,28.083633256995157
2022-02-04T08:00:00,27.55639449409816
2022-02-04T09:00:00,27.766572040060286
2022-02-04T10:00:00,28.900609223738957
2022-02-04T11:00:00,32.4305426556131
2022-02-04T12:00:00,43.03636998715607
2022-02-04T13:00:00,59.34283115552819
2022-02-04T14:00:00,75.36053168255349
2022-02-04T15:00:00,90.94351826543391
2022-02-04T16:00:00,104.61361395794411
2022-02-04T17:00:00,114.48475016718325
2022-02-04T18:00:00,119.49856733239214
2022-02-04T19:00:00,119.91991424560545
2022-02-04T20:00:00,116.52306133767831
2022-02-04T21:00:00,110.28457343060035
2022-02-04T22:00:00,102.5587572844132
2022-02-04T23:00:00,97.22003571883492
2022-02-05T00:00:00,93.247268345045
2022-02-05T01:00:00,88.63497891633405
2022-02-05T02:00:00,58.14673083761463
2022-02-05T03:00:00,44.737986523172125
2022-02-05T04:00:00,37.69269992994225
2022-02-05T05:00:00,33.127104303111196
2022-02-05T06:00:00,30.578336052272622
2022-02-05T07:00:00,29.510205724964965
2022-02-05T08:00:00,29.71392498845639
2022-02-05T09:00:00,30.773211106010102
2022-02-05T10:00:00,32.697420534880266
2022-02-05T11:00:00,36.79480842922044
2022-02-05T12:00:00,46.58874213177224
2022-02-05T13:00:00,57.82057687510615
2022-02-05T14:00:00,67.09037150507386
2022-02-05T15:00:00,73.68651647153108
2022-02-05T16:00:00,77.06096715512483
2022-02-05T17:00:00,77.93901924465013
2022-02-05T18:00:00,76.72920923647672
2022-02-05T19:00:00,76.45421766198199
2022-02-05T20:00:00,78.09765558657438
2022-02-05T21:00:00,73.34531833814536
2022-02-05T22:00:00,61.61874091106911
2022-02-05T23:00:00,54.98472528872282
2022-02-06T00:00:00,47.23739657194717
2022-02-06T01:00:00,44.907511337943696
2022-02-06T02:00:00,39.60695415994395
2022-02-06T03:00:00,36.325407276982844
2022-02-06T04:00:00,31.829762500265364
2022-02-06T05:00:00,28.05307305377462
2022-02-06T06:00:00,25.849531339562457
2022-02-06T07:00:00,24.738591567329735
2022-02-06T08:00:00,24.323532767917797
2022-02-06T09:00:00,24.55434533824091
2022-02-06T10:00:00,25.597142343935758
2022-02-06T11:00:00,28.923130035400387
2022-02-06T12:00:00,37.5295818163001
2022-02-06T13:00:00,46.87800681072732
2022-02-06T14:00:00,54.98885527901027
2022-02-06T15:00:00,61.82489096600075
2022-02-06T16:00:00,67.05510578984799
2022-02-06T17:00:00,70.54666237209153
2022-02-06T18:00:00,73.2660602072011
2022-02-06T19:00:00,74.14096367877463
2022-02-06T20:00:00,74.72830432394275
2022-02-06T21:00:00,77.63661525560462
2022-02-06T22:00:00,81.15874879256538
2022-02-06T23:00:00,83.9576644897461
2022-02-07T00:00:00,85.77979941990064
2022-02-07T01:00:00,82.52234052575152
2022-02-07T02:00:00,48.91833827806555
2022-02-07T03:00:00,32.87025236046832
2022-02-07T04:00:00,23.692993910416313
2022-02-07T05:00:00,18.682646378226902
2022-02-07T06:00:00,16.069883346557614
2022-02-07T07:00:00,14.546157671057658
2022-02-07T08:00:00,17.66259375862453
2022-02-07T09:00:00,22.77490541209345
2022-02-07T10:00:00,26.50061872731084
2022-02-07T11:00:00,35.38667148092519
2022-02-07T12:00:00,41.01005786398182
2022-02-07T13:00:00,40.086631940758735
2022-02-07T14:00:00,40.688806948454484
2022-02-07T15:00:00,42.37910328740658
2022-02-07T16:00:00,42.266430232835845
2022-02-07T17:00:00,44.06678788558296
2022-02-07T18:00:00,47.19877906467603
2022-02-07T19:00:00,53.25177267323369
2022-02-07T20:00:00,61.07805932086446
2022-02-07T21:00:00,66.90329941459323
2022-02-07T22:00:00,71.80109140147333
2022-02-07T23:00:00,76.12444438105045
2022-02-08T00:00:00,79.74809132451595
2022-02-08T01:00:00,75.27306531823199
2022-02-08T02:00:00,35.45798658288043
2022-02-08T03:00:00,25.152400307033368
2022-02-08T04:00:00,20.67086319301439
2022-02-08T05:00:00,18.273380777110223
2022-02-08T06:00:00,17.05186570209006
2022-02-08T07:00:00,16.98389152858568
2022-02-08T08:00:00,17.035648511803668
2022-02-08T09:00:00,17.138842624166738
2022-02-08T10:00:00,18.04226145537003
2022-02-08T11:00:00,20.838019661281418
2022-02-08T12:00:00,29.898396782253098
2022-02-08T13:00:00,41.60899203756581
2022-02-08T14:00:00,51.320311504861586
2022-02-08T15:00:00,57.65929114300271
2022-02-08T16:00:00,62.463402457859196
2022-02-08T17:00:00,68.93299782794453
2022-02-08T18:00:00,66.66801469222358
2022-02-08T19:00:00,62.88133903171705
2022-02-08T20:00:00,61.15425308890964
2022-02-08T21:00:00,62.13268180515453
2022-02-08T22:00:00,66.21263686470364
2022-02-08T23:00:00,67.81238555908202
2022-02-09T00:00:00,70.6251054846722
2022-02-09T01:00:00,64.26171161817467
2022-02-09T02:00:00,35.17013500047766
2022-02-09T03:00:00,27.475991539333172
2022-02-09T04:00:00,25.115732441777766
2022-02-09T05:00:00,23.856409736301586
2022-02-09T06:00:00,21.957093114438262
2022-02-09T07:00:00,19.95222481437351
2022-02-09T08:00:00,18.21234661599864
2022-02-09T09:00:00,17.293807900470235
2022-02-09T10:00:00,17.204212188720703
2022-02-09T11:00:00,19.150561208310332
2022-02-09T12:00:00,26.23420773381772
2022-02-09T13:00:00,33.50417543494183
2022-02-09T14:00:00,40.50805498206097
2022-02-09T15:00:00,49.295610179071836
2022-02-09T16:00:00,59.817022406536594
2022-02-09T17:00:00,64.41988007918647
2022-02-09T18:00:00,70.31563733971637
2022-02-09T19:00:00,75.65531755530316
2022-02-09T20:00:00,80.122314453125
2022-02-09T21:00:00,84.36937182882556
2022-02-09T22:00:00,88.38185617198114
2022-02-09T23:00:00,92.15105471403702
2022-02-10T00:00:00,94.84413578199303
2022-02-10T01:00:00,82.02649224322775
2022-02-10T02:00:00,34.71152687072753
2022-02-10T03:00:00,22.839980415675946
2022-02-10T04:00:00,22.67207634967306
2022-02-10T05:00:00,22.52726123643958
2022-02-10T06:00:00,20.841467152471125
2022-02-10T07:00:00,18.858875938083816
2022-02-10T08:00:00,18.11186359239661
2022-02-10T09:00:00,19.515546881634254
2022-02-10T10:00:00,23.495954762334403
2022-02-10T11:00:00,31.90645027160644
2022-02-10T12:00:00,42.84402581919794
2022-02-10T13:00:00,47.87306644605554
2022-02-10T14:00:00,55.28770314092221
2022-02-10T15:00:00,68.1062240600586
2022-02-10T16:00:00,80.25971785835597
2022-02-10T17:00:00,87.82507523246433
2022-02-10T18:00:00,95.55118693476138
2022-02-10T19:00:00,103.77124587349269
2022-02-10T20:00:00,111.91595525326936
2022-02-10T21:00:00,118.98838507610816
2022-02-10T22:00:00,120.55176112962803
2022-02-10T23:00:00,113.80267400326935
2022-02-11T00:00:00,93.41527292002802
2022-02-11T01:00:00,72.21078972194505
2022-02-11T02:00:00,25.613479448401407
2022-02-11T03:00:00,14.057767370472783
2022-02-11T04:00:00,10.40571876194166
2022-02-11T05:00:00,9.391604216202445
2022-02-11T06:00:00,9.16315398008927
2022-02-11T07:00:00,11.162295963453207
2022-02-11T08:00:00,14.110179113305133
2022-02-11T09:00:00,13.12390907951023
2022-02-11T10:00:00,11.890791768613067
2022-02-11T11:00:00,13.847596541694973
2022-02-11T12:00:00,18.187907260397203
2022-02-11T13:00:00,23.273732143899664
2022-02-11T14:00:00,29.52732252038043
2022-02-11T15:00:00,33.71300879768703
2022-02-11T16:00:00,39.76475972714631
2022-02-11T17:00:00,41.64589011150858
2022-02-11T18:00:00,37.80998039245605
2022-02-11T19:00:00,31.151624264924415
2022-02-11T20:00:00,30.381081125010613
2022-02-11T21:00:00,33.03698266070822
2022-02-11T22:00:00,37.57880501125169
2022-02-11T23:00:00,41.038644376008406
2022-02-12T00:00:00,43.679203531016476
2022-02-12T01:00:00,52.180159527322516
2022-02-12T02:00:00,40.90190605495287
2022-02-12T03:00:00,30.36896465135657
2022-02-12T04:00:00,20.704143441241715
2022-02-12T05:00:00,15.207009108170219
2022-02-12T06:00:00,13.05078601837158
2022-02-12T07:00:00,12.082291893337084
2022-02-12T08:00:00,13.46391317118769
2022-02-12T09:00:00,15.574986416360607
2022-02-12T10:00:00,17.974348109701403
2022-02-12T11:00:00,21.69529740706734
2022-02-12T12:00:00,26.12241413282311
2022-02-12T13:00:00,30.018577907396395
2022-02-12T14:00:00,33.20232499164083
2022-02-12T15:00:00,36.94194171739661
2022-02-12T16:00:00,41.723734482474946
2022-02-12T17:00:00,47.30230712890625
2022-02-12T18:00:00,52.90247660097868
2022-02-12T19:00:00,54.944258648416266
2022-02-12T20:00:00,62.48021979953931
2022-02-12T21:00:00,71.05435844089672
2022-02-12T22:00:00,77.66323222284731
2022-02-12T23:00:00,82.995048854662
2022-02-13T00:00:00,89.77306730850881
2022-02-13T01:00:00,91.06702356753141
2022-02-13T02:00:00,51.877851237421446
2022-02-13T03:00:00,30.761145964912746
2022-02-13T04:00:00,23.60659731989321
2022-02-13T05:00:00,21.44566519364066
2022-02-13T06:00:00,20.262481938237727
2022-02-13T07:00:00,19.043060551518977
2022-02-13T08:00:00,18.083961486816406
2022-02-13T09:00:00,19.171338869177774
2022-02-13T10:00:00,22.096118014791735
2022-02-13T11:00:00,28.34327697753906
2022-02-13T12:00:00,37.159159453018844
2022-02-13T13:00:00,47.4166961338209
2022-02-13T14:00:00,57.99783507637355
2022-02-13T15:00:00,66.85152932871942
2022-02-13T16:00:00,74.32633176057234
2022-02-13T17:00:00,78.01885090703549
2022-02-13T18:00:00,79.99109185260275
2022-02-13T19:00:00,83.10657766590947
2022-02-13T20:00:00,86.38175499957539
2022-02-13T21:00:00,87.28098894202189
2022-02-13T22:00:00,88.21787261962889
2022-02-13T23:00:00,92.314745032269
2022-02-14T00:00:00,97.9616825269616
2022-02-14T01:00:00,100.8227253789487
2022-02-14T02:00:00,66.59889270948327
2022-02-14T03:00:00,44.43486785888671
2022-02-14T04:00:00,34.62847535506539
2022-02-14T05:00:00,27.94610836194909
2022-02-14T06:00:00,23.149790141893465
2022-02-14T07:00:00,20.537819572117016
2022-02-14T08:00:00,21.274932446687114
2022-02-14T09:00:00,23.675597481105637
2022-02-14T10:00:00,28.765719123508617
2022-02-14T11:00:00,36.9928210714589
2022-02-14T12:00:00,44.54104365473207
2022-02-14T13:00:00,49.68396792204483
2022-02-14T14:00:00,52.74232001926587
2022-02-14T15:00:00,57.1468046437139
2022-02-14T16:00:00,61.13500959976859
2022-02-14T17:00:00,65.07243347167967
2022-02-14T18:00:00,68.76050169571585
2022-02-14T19:00:00,70.78932587996773
2022-02-14T20:00:00,73.02993376358695
2022-02-14T21:00:00,72.98776775857675
2022-02-14T22:00:00,72.17283265487006
2022-02-14T23:00:00,71.83649411408797
2022-02-15T00:00:00,72.83744778840438
2022-02-15T01:00:00,66.5060980423637
2022-02-15T02:00:00,37.44682627138884
2022-02-15T03:00:00,29.420450956925098
2022-02-15T04:00:00,25.51095904474673
2022-02-15T05:00:00,23.482275092083473
2022-02-15T06:00:00,22.221612183944035
2022-02-15T07:00:00,21.259621329929516
2022-02-15T08:00:00,21.421222189198367
2022-02-15T09:00:00,23.44381390447202
2022-02-15T10:00:00,27.01266927304475
2022-02-15T11:00:00,30.29180269655974
2022-02-15T12:00:00,36.27706876008406
2022-02-15T13:00:00,43.79817083607549
2022-02-15T14:00:00,49.06474221271017
2022-02-15T15:00:00,50.61274735823921
2022-02-15T16:00:00,52.91903437738833
2022-02-15T17:00:00,57.84399646261463
2022-02-15T18:00:00,65.66927470331606
2022-02-15T19:00:00,68.01716182542883
2022-02-15T20:00:00,67.65846351955248
2022-02-15T21:00:00,66.17457000068995
2022-02-15T22:00:00,54.532786991285235
2022-02-15T23:00:00,49.938647726307735
2022-02-16T00:00:00,47.653968976891555
2022-02-16T01:00:00,44.16994161191194
2022-02-16T02:00:00,32.136966705322266
2022-02-16T03:00:00,27.109153913414993
2022-02-16T04:00:00,24.314112455948536
2022-02-16T05:00:00,22.6991200654403
2022-02-16T06:00:00,22.73531275210173
2022-02-16T07:00:00,23.04990710382876
2022-02-16T08:00:00,23.74280498338782
2022-02-16T09:00:00,25.23329345039699
2022-02-16T10:00:00,26.00651459071947
2022-02-16T11:00:00,27.787523601366125
2022-02-16T12:00:00,34.09996132228685
2022-02-16T13:00:00,41.796333147131875
2022-02-16T14:00:00,48.61934031610903
2022-02-16T15:00:00,56.51565220045006
2022-02-16T16:00:00,65.0321222388226
2022-02-16T17:00:00,70.62799470320992
2022-02-16T18:00:00,75.23147682521653
2022-02-16T19:00:00,77.71555129341455
2022-02-16T20:00:00,79.43484729269275
2022-02-16T21:00:00,80.79584436831266
2022-02-16T22:00:00,80.69113623577614
2022-02-16T23:00:00,81.16765229598334
2022-02-17T00:00:00,84.6057662963867
2022-02-17T01:00:00,85.92031462296194
2022-02-17T02:00:00,76.97242935844089
2022-02-17T03:00:00,48.270663385805875
2022-02-17T04:00:00,33.76949227374532
2022-02-17T05:00:00,30.85573735444442
2022-02-17T06:00:00,28.246189117431637
2022-02-17T07:00:00,24.385310131570563
2022-02-17T08:00:00,22.84703329335088
2022-02-17T09:00:00,22.534411223038383
2022-02-17T10:00:00,23.054572395656418
2022-02-17T11:00:00,25.687395261681594
2022-02-17T12:00:00,32.90592906786048
2022-02-17T13:00:00,43.214952551800266
2022-02-17T14:00:00,54.765392801036
2022-02-17T15:00:00,64.73819052654764
2022-02-17T16:00:00,72.1133804321289
2022-02-17T17:00:00,78.50174746306045
2022-02-17T18:00:00,84.59717792013416
2022-02-17T19:00:00,84.38957280698028
2022-02-17T20:00:00,84.27251268469769
2022-02-17T21:00:00,83.21714251974353
2022-02-17T22:00:00,81.72137185801628
2022-02-17T23:00:00,79.92218415633491
2022-02-18T00:00:00,77.88248509946077
2022-02-18T01:00:00,74.71614986917245
2022-02-18T02:00:00,47.03550206059994
2022-02-18T03:00:00,29.18614752396293
2022-02-18T04:00:00,24.70617758709451
2022-02-18T05:00:00,21.8135871057925
2022-02-18T06:00:00,19.96575347236965
2022-02-18T07:00:00,18.458144975745157
2022-02-18T08:00:00,17.251307155774985
2022-02-18T09:00:00,16.105198279671047
2022-02-18T10:00:00,16.17461756001348
2022-02-18T11:00:00,20.777312734852664
2022-02-18T12:00:00,29.163268047830332
2022-02-18T13:00:00,39.82469011389691
2022-02-18T14:00:00,52.033376113228165
2022-02-18T15:00:00,68.18675397789995
2022-02-18T16:00:00,84.06579755700152
2022-02-18T17:00:00,97.22398608663806
2022-02-18T18:00:00,107.43799989119819
2022-02-18T19:00:00,117.07387277354363
2022-02-18T20:00:00,124.53078460693358
2022-02-18T21:00:00,129.1347125509511
2022-02-18T22:00:00,126.99418640136716
2022-02-18T23:00:00,125.23414081075916
2022-02-19T00:00:00,108.89227925176205
2022-02-19T01:00:00,95.06670777694038
2022-02-19T02:00:00,58.7076535432235
2022-02-19T03:00:00,29.44314749344535
2022-02-19T04:00:00,20.51620284370754
2022-02-19T05:00:00,16.84978580474853
2022-02-19T06:00:00,15.009355793828547
2022-02-19T07:00:00,15.370340637538744
2022-02-19T08:00:00,17.158107550247855
2022-02-19T09:00:00,20.494202655294664
2022-02-19T10:00:00,24.97884816708772
2022-02-19T11:00:00,35.18665230792501
2022-02-19T12:00:00,49.96786349752674
2022-02-19T13:00:00,61.56264661706011
2022-02-19T14:00:00,64.24948070360266
2022-02-19T15:00:00,62.108132735542625
2022-02-19T16:00:00,62.50296866375466
2022-02-19T17:00:00,67.60980274366295
2022-02-19T18:00:00,76.96645587423572
2022-02-19T19:00:00,82.00472060493799
2022-02-19T20:00:00,84.98463705311649
2022-02-19T21:00:00,88.51857326341711
2022-02-19T22:00:00,92.26074019722316
2022-02-19T23:00:00,95.76329604439114
2022-02-20T00:00:00,98.40224788499914
2022-02-20T01:00:00,83.32928135084069
2022-02-20T02:00:00,35.03935838782269
2022-02-20T03:00:00,21.89033922941788
2022-02-20T04:00:00,17.370493764462676
2022-02-20T05:00:00,15.264131836269211
2022-02-20T06:00:00,14.130462563556172
2022-02-20T07:00:00,13.623580600904381
2022-02-20T08:00:00,13.49306193641994
2022-02-20T09:00:00,13.786690090013586
2022-02-20T10:00:00,13.979465733403742
2022-02-20T11:00:00,16.40482753256093
2022-02-20T12:00:00,22.75474415654721
2022-02-20T13:00:00,28.322839156441066
2022-02-20T14:00:00,33.89000585804815
2022-02-20T15:00:00,41.257031813911766
2022-02-20T16:00:00,49.35283362347146
2022-02-20T17:00:00,59.39703037427819
2022-02-20T18:00:00,67.20535709546958
2022-02-20T19:00:00,73.2875220257303
2022-02-20T20:00:00,78.68331776494563
2022-02-20T21:00:00,83.92912159795345
2022-02-20T22:00:00,89.38574749490488
2022-02-20T23:00:00,92.6278941942298
2022-02-21T00:00:00,94.91501949144445
2022-02-21T01:00:00,85.27318108600117
2022-02-21T02:00:00,36.07540279885996
2022-02-21T03:00:00,23.728050480718196
2022-02-21T04:00:00,20.800784401271653
2022-02-21T05:00:00,19.06475158359693
2022-02-21T06:00:00,17.826545466547426
2022-02-21T07:00:00,17.08320331573486
2022-02-21T08:00:00,17.00432615694792
2022-02-21T09:00:00,17.44041467749554
2022-02-21T10:00:00,18.715852156929348
2022-02-21T11:00:00,21.23678389839504
2022-02-21T12:00:00,21.23461234051248
2022-02-21T13:00:00,23.40815154365871
2022-02-21T14:00:00,26.16074412801991
2022-02-21T15:00:00,30.02571777675462
2022-02-21T16:00:00,36.23291795150093
2022-02-21T17:00:00,49.41322708129882
2022-02-21T18:00:00,62.60317860478939
2022-02-21T19:00:00,72.1892968882685
2022-02-21T20:00:00,78.31428162947944
2022-02-21T21:00:00,81.52774877133577
2022-02-21T22:00:00,81.49069711436395
2022-02-21T23:00:00,78.93049488896908
2022-02-22T00:00:00,75.55964793329653
2022-02-22T01:00:00,73.16339708411175
2022-02-22T02:00:00,51.27365925001061
2022-02-22T03:00:00,35.33261539625084
2022-02-22T04:00:00,34.51150545866593
2022-02-22T05:00:00,34.230011981466546
2022-02-22T06:00:00,33.92506143321162
2022-02-22T07:00:00,33.446352917215094
2022-02-22T08:00:00,32.589476460995876
2022-02-22T09:00:00,32.0483282338018
2022-02-22T10:00:00,32.481438678243876
2022-02-22T11:00:00,35.012314174486235
2022-02-22T12:00:00,43.232580599577524
2022-02-22T13:00:00,55.533439304517664
2022-02-22T14:00:00,67.60911560058594
2022-02-22T15:00:00,78.28247169826341
2022-02-22T16:00:00,85.64566371751867
2022-02-22T17:00:00,88.7580801922342
2022-02-22T18:00:00,88.36793551237686
2022-02-22T19:00:00,86.13074294380519
2022-02-22T20:00:00,80.10397604237431
2022-02-22T21:00:00,73.67253510848334
2022-02-22T22:00:00,68.13719243588655
2022-02-22T23:00:00,63.947191321331516
2022-02-23T00:00:00,60.679891171662696
2022-02-23T01:00:00,56.78104599662448
2022-02-23T02:00:00,32.19002591008726
2022-02-23T03:00:00,18.651437095973797
2022-02-23T04:00:00,15.051123784935992
2022-02-23T05:00:00,13.342920510665229
2022-02-23T06:00:00,12.384474173836084
2022-02-23T07:00:00,11.712559575619903
2022-02-23T08:00:00,11.11709047400433
2022-02-23T09:00:00,11.039399686067
2022-02-23T10:00:00,11.195856260216752
2022-02-23T11:00:00,13.411680263021715
2022-02-23T12:00:00,19.518447129622746
2022-02-23T13:00:00,27.323996668276575
2022-02-23T14:00:00,31.627015569935672
2022-02-23T15:00:00,33.45703904525093
2022-02-23T16:00:00,37.39595761506454
2022-02-23T17:00:00,42.3075767185377
2022-02-23T18:00:00,47.32990596605383
2022-02-23T19:00:00,52.33807953544285
2022-02-23T20:00:00,55.85902139414911
2022-02-23T21:00:00,56.47046760890794
2022-02-23T22:00:00,54.57422190127165
2022-02-23T23:00:00,53.38342218813688
2022-02-24T00:00:00,54.686779519786
2022-02-24T01:00:00,54.32608496624489
2022-02-24T02:00:00,31.288604902184524
2022-02-24T03:00:00,20.820266391920004
2022-02-24T04:00:00,16.847399670144785
2022-02-24T05:00:00,14.949433782826297
2022-02-24T06:00:00,13.478409559830375
2022-02-24T07:00:00,12.88950774980628
2022-02-24T08:00:00,13.3171677796737
2022-02-24T09:00:00,14.626891799595041
2022-02-24T10:00:00,16.549881893655527
2022-02-24T11:00:00,20.028091845305067
2022-02-24T12:00:00,24.947827629421067
2022-02-24T13:00:00,27.011192404705543
2022-02-24T14:00:00,27.016949031663973
2022-02-24T15:00:00,27.68601740961489
2022-02-24T16:00:00,29.40802773185398
2022-02-24T17:00:00,33.53895966903023
2022-02-24T18:00:00,38.43167296699855
2022-02-24T19:00:00,40.38752580725628
2022-02-24T20:00:00,41.33846399058466
2022-02-24T21:00:00,42.02151605357294
2022-02-24T22:00:00,41.771266771399446
2022-02-24T23:00:00,43.01524834010912
2022-02-25T00:00:00,47.04265113498853
2022-02-25T01:00:00,50.3160521465799
2022-02-25T02:00:00,35.97785584822945
2022-02-25T03:00:00,28.84539413452148
2022-02-25T04:00:00,23.984660107156504
2022-02-25T05:00:00,21.24508020152216
2022-02-25T06:00:00,19.908230491306472
2022-02-25T07:00:00,19.275194002234414
2022-02-25T08:00:00,19.099272520645805
2022-02-25T09:00:00,19.18034346207328
2022-02-25T10:00:00,19.600083143814746
2022-02-25T11:00:00,21.623648270316743
2022-02-25T12:00:00,27.365044718203333
2022-02-25T13:00:00,33.41141012440556
2022-02-25T14:00:00,35.86358178180197
2022-02-25T15:00:00,39.520210100256875
2022-02-25T16:00:00,44.343301192573875
2022-02-25T17:00:00,49.37831580120584
2022-02-25T18:00:00,54.58059543112049
2022-02-25T19:00:00,57.535212309464164
2022-02-25T20:00:00,59.81889293504798
2022-02-25T21:00:00,61.7356189230214
2022-02-25T22:00:00,63.69842147827148
2022-02-25T23:00:00,66.06369980521823
2022-02-26T00:00:00,69.66046540633491
2022-02-26T01:00:00,68.26864225968069
2022-02-26T02:00:00,36.46681727533754
2022-02-26T03:00:00,24.063174040421192
2022-02-26T04:00:00,18.423190241274625
2022-02-26T05:00:00,15.476987050927203
2022-02-26T06:00:00,13.505631654158881
2022-02-26T07:00:00,12.006147923676863
2022-02-26T08:00:00,11.298489073048467
2022-02-26T09:00:00,11.46293544769287
2022-02-26T10:00:00,12.25098879440971
2022-02-26T11:00:00,15.760582550712254
2022-02-26T12:00:00,21.757318164991293
2022-02-26T13:00:00,25.158971371858016
2022-02-26T14:00:00,27.87736088296641
2022-02-26T15:00:00,31.55269174990446
2022-02-26T16:00:00,34.96362437372622
2022-02-26T17:00:00,36.74458760800569
2022-02-26T18:00:00,37.64842091435971
2022-02-26T19:00:00,35.54068407805069
2022-02-26T20:00:00,33.93609569383704
2022-02-26T21:00:00,34.28688712742018
2022-02-26T22:00:00,33.995026298191235
2022-02-26T23:00:00,32.939204672108524
2022-02-27T00:00:00,32.97873339445694
2022-02-27T01:00:00,32.54371701116147
2022-02-27T02:00:00,23.868005089137863
2022-02-27T03:00:00,20.584641663924508
2022-02-27T04:00:00,19.275972283404805
2022-02-27T05:00:00,18.478430706521735
2022-02-27T06:00:00,18.429538063381028
2022-02-27T07:00:00,18.814422192780867
2022-02-27T08:00:00,19.451097985972527
2022-02-27T09:00:00,20.31690439970597
2022-02-27T10:00:00,20.967093343320098
2022-02-27T11:00:00,22.553953170776367
2022-02-27T12:00:00,26.68933180104131
2022-02-27T13:00:00,32.5848741946013
2022-02-27T14:00:00,36.890787207561985
2022-02-27T15:00:00,39.91033156021781
2022-02-27T16:00:00,42.72513049581776
2022-02-27T17:00:00,46.54494210948115
2022-02-27T18:00:00,51.95917826113493
2022-02-27T19:00:00,57.84484946209451
2022-02-27T20:00:00,63.992602141007126
2022-02-27T21:00:00,66.05353413457455
2022-02-27T22:00:00,67.03805110765539
2022-02-27T23:00:00,68.49648782481316
2022-02-28T00:00:00,71.08151145603344
2022-02-28T01:00:00,66.7076240207838
2022-02-28T02:00:00,31.935583529265024
2022-02-28T03:00:00,21.257694824882176
2022-02-28T04:00:00,17.187160243158754
2022-02-28T05:00:00,15.453967840775197
2022-02-28T06:00:00,15.1383115519648
2022-02-28T07:00:00,15.681617239247197
2022-02-28T08:00:00,16.89764064291249
2022-02-28T09:00:00,18.723554113636844
2022-02-28T10:00:00,20.804501906685203
2022-02-28T11:00:00,24.396913030873172
2022-02-28T12:00:00,30.496101047681726
2022-02-28T13:00:00,35.62785372526749
2022-02-28T14:00:00,38.92636091812797
2022-02-28T15:00:00,40.21051473202912
2022-02-28T16:00:00,42.92900831803032
2022-02-28T17:00:00,46.51959643156632
2022-02-28T18:00:00,49.23494554602581
2022-02-28T19:00:00,50.88070944081182
2022-02-28T20:00:00,52.949192378831945
2022-02-28T21:00:00,57.64631205019742
2022-02-28T22:00:00,63.175001724906586
2022-02-28T23:00:00,65.55790876305622
2022-03-01T00:00:00,66.28378660782523
2022-03-01T01:00:00,62.4382266169009
2022-03-01T02:00:00,41.49111341393512
2022-03-01T03:00:00,34.89497607687245
2022-03-01T04:00:00,31.186068078745965
2022-03-01T05:00:00,29.251337548960805
2022-03-01T06:00:00,29.073466176572047
2022-03-01T07:00:00,30.263400036355723
2022-03-01T08:00:00,31.647251792575997
2022-03-01T09:00:00,32.53372706537662
2022-03-01T10:00:00,33.4495501310929
2022-03-01T11:00:00,36.652742800505266
2022-03-01T12:00:00,42.306556867516555
2022-03-01T13:00:00,46.47902049189028
2022-03-01T14:00:00,47.43290992405103
2022-03-01T15:00:00,46.63367412401282
2022-03-01T16:00:00,46.752329784890875
2022-03-01T17:00:00,48.47977430924125
2022-03-01T18:00:00,50.709525232729696
2022-03-01T19:00:00,51.14193758757217
2022-03-01T20:00:00,50.71643116163171
2022-03-01T21:00:00,49.194184676460594
2022-03-01T22:00:00,47.48744168488875
2022-03-01T23:00:00,46.20036481774371
2022-03-02T00:00:00,46.01153348839801
2022-03-02T01:00:00,45.23880767822265
2022-03-02T02:00:00,36.64073330423106
2022-03-02T03:00:00,31.932046641474184
2022-03-02T04:00:00,27.402251285055407
2022-03-02T05:00:00,25.037944710772965
2022-03-02T06:00:00,23.80282484966775
2022-03-02T07:00:00,23.734748259834618
2022-03-02T08:00:00,24.586352223935332
2022-03-02T09:00:00,26.088557782380477
2022-03-02T10:00:00,30.364898184071414
2022-03-02T11:00:00,38.48552521415379
2022-03-02T12:00:00,46.56295875881028
2022-03-02T13:00:00,51.79863938041355
2022-03-02T14:00:00,54.243140842603594
2022-03-02T15:00:00,55.74782412985096
2022-03-02T16:00:00,56.272813382356055
2022-03-02T17:00:00,55.35623102602751
2022-03-02T18:00:00,52.51414240961489
2022-03-02T19:00:00,49.1708521635636
2022-03-02T20:00:00,46.238657246465266
2022-03-02T21:00:00,44.92235880312712
2022-03-02T22:00:00,43.06591514919115
2022-03-02T23:00:00,43.12290141893469
2022-03-03T00:00:00,47.76981469859247
2022-03-03T01:00:00,49.374157781186305
2022-03-03T02:00:00,38.31115556799846
2022-03-03T03:00:00,33.698483674422555
2022-03-03T04:00:00,35.81015993201214
2022-03-03T05:00:00,35.98996419491975
2022-03-03T06:00:00,30.90892675648564
2022-03-03T07:00:00,27.76758127627165
2022-03-03T08:00:00,28.747948770937708
2022-03-03T09:00:00,30.538310672925864
2022-03-03T10:00:00,34.50501798546832
2022-03-03T11:00:00,42.795608520507805
2022-03-03T12:00:00,51.915830031685196
2022-03-03T13:00:00,60.50416515184485
2022-03-03T14:00:00,68.84642061979874
2022-03-03T15:00:00,79.05915799348251
2022-03-03T16:00:00,91.1522691146187
2022-03-03T17:00:00,104.850423729938
2022-03-03T18:00:00,115.67428290325661
2022-03-03T19:00:00,121.70749929676883
2022-03-03T20:00:00,123.53493665612261
2022-03-03T21:00:00,123.58366394042967
2022-03-03T22:00:00,122.4773148246433
2022-03-03T23:00:00,115.96734619140624
2022-03-04T00:00:00,105.89422706935716
2022-03-04T01:00:00,101.85756451150644
2022-03-04T02:00:00,78.17075745955756
2022-03-04T03:00:00,47.82535237851349
2022-03-04T04:00:00,35.28845471921174
2022-03-04T05:00:00,27.39794988217561
2022-03-04T06:00:00,22.706098971159555
2022-03-04T07:00:00,21.540294149647586
2022-03-04T08:00:00,21.04114424664041
2022-03-04T09:00:00,21.38169529127038
2022-03-04T10:00:00,22.820890094922934
2022-03-04T11:00:00,26.750356922978934
2022-03-04T12:00:00,30.547118394271184
2022-03-04T13:00:00,32.13045070482337
2022-03-04T14:00:00,40.27193434342094
2022-03-04T15:00:00,54.447060460629665
2022-03-04T16:00:00,63.99075947637142
2022-03-04T17:00:00,73.25585572615914
2022-03-04T18:00:00,78.6109569383704
2022-03-04T19:00:00,83.9431218686311
2022-03-04T20:00:00,89.71878748354703
2022-03-04T21:00:00,92.7065369979195
2022-03-04T22:00:00,91.89189181120497
2022-03-04T23:00:00,89.67658333156419
2022-03-05T00:00:00,85.02173647673233
2022-03-05T01:00:00,73.78821630063263
2022-03-05T02:00:00,35.279565728229024
2022-03-05T03:00:00,22.089070444521692
2022-03-05T04:00:00,19.8119944696841
2022-03-05T05:00:00,19.100505994713824
2022-03-05T06:00:00,18.879413770592727
2022-03-05T07:00:00,18.96054193247919
2022-03-05T08:00:00,19.194887410039485
2022-03-05T09:00:00,19.529060529625934
2022-03-05T10:00:00,21.147004583607547
2022-03-05T11:00:00,24.125471612681512
2022-03-05T12:00:00,24.48154905567998
2022-03-05T13:00:00,27.5761256839918
2022-03-05T14:00:00,31.362439860468324
2022-03-05T15:00:00,34.51716447913128
2022-03-05T16:00:00,38.80169976275899
2022-03-05T17:00:00,45.40804804926333
2022-03-05T18:00:00,50.875616156536594
2022-03-05T19:00:00,53.088606461234704
2022-03-05T20:00:00,57.65052778824516
2022-03-05T21:00:00,61.82031963182532
2022-03-05T22:00:00,65.10608706266983
2022-03-05T23:00:00,66.4403480861498
2022-03-06T00:00:00,65.32637057097061
2022-03-06T01:00:00,59.29621986720873
2022-03-06T02:00:00,25.44527111882749
2022-03-06T03:00:00,19.975860595703125
2022-03-06T04:00:00,19.004539738530696
2022-03-06T05:00:00,18.298938502436098
2022-03-06T06:00:00,18.428022633428156
2022-03-06T07:00:00,18.97830009460449
2022-03-06T08:00:00,19.653657664423402
2022-03-06T09:00:00,20.62679224428923
2022-03-06T10:00:00,21.841628779535707
2022-03-06T11:00:00,23.826590994130004
2022-03-06T12:00:00,31.214522486147672
2022-03-06T13:00:00,36.37451312852942
2022-03-06T14:00:00,40.79554649021314
2022-03-06T15:00:00,41.88243053270423
2022-03-06T16:00:00,46.56541890683381
2022-03-06T17:00:00,58.8786858268406
2022-03-06T18:00:00,74.65094126825747
2022-03-06T19:00:00,89.85870659869649
2022-03-06T20:00:00,103.64700450067934
2022-03-06T21:00:00,113.9362511012865
2022-03-06T22:00:00,120.62390468431555
2022-03-06T23:00:00,124.05733091934866
2022-03-07T00:00:00,123.4238652768342
2022-03-07T01:00:00,105.95919269064198
2022-03-07T02:00:00,47.6791705255923
2022-03-07T03:00:00,33.042126033617095
2022-03-07T04:00:00,26.85433354585067
2022-03-07T05:00:00,23.47770151884659
2022-03-07T06:00:00,21.268500618312665
2022-03-07T07:00:00,19.487763114597485
2022-03-07T08:00:00,17.72202918840491
2022-03-07T09:00:00,16.391904830932617
2022-03-07T10:00:00,15.949689823648203
2022-03-07T11:00:00,17.69454081162162
2022-03-07T12:00:00,21.5566641766092
2022-03-07T13:00:00,26.148195930149242
2022-03-07T14:00:00,27.236753380816914
2022-03-07T15:00:00,31.194399792215094
2022-03-07T16:00:00,33.14891931285029
2022-03-07T17:00:00,33.516206326692
2022-03-07T18:00:00,31.644002085146695
2022-03-07T19:00:00,28.971375672713567
2022-03-07T20:00:00,25.560886963554047
2022-03-07T21:00:00,25.959081235139262
2022-03-07T22:00:00,28.35579026263693
2022-03-07T23:00:00,31.564034503439192
2022-03-08T00:00:00,35.26895813319994
2022-03-08T01:00:00,39.26344631029212
2022-03-08T02:00:00,37.919011489204735
2022-03-08T03:00:00,33.152501645295516
2022-03-08T04:00:00,27.43531401261039
2022-03-08T05:00:00,24.359744528065555
2022-03-08T06:00:00,22.845483779907227
2022-03-08T07:00:00,22.873729042384934
2022-03-08T08:00:00,23.6443046901537
2022-03-08T09:00:00,24.77290584730065
2022-03-08T10:00:00,26.40673537876295
2022-03-08T11:00:00,30.186383122983184
2022-03-08T12:00:00,37.04163012297256
2022-03-08T13:00:00,46.401966094970696
2022-03-08T14:00:00,55.8554866624915
2022-03-08T15:00:00,65.37388146441916
2022-03-08T16:00:00,74.16303120488705
2022-03-08T17:00:00,82.05905317223589
2022-03-08T18:00:00,88.89556718909222
2022-03-08T19:00:00,91.894415150518
2022-03-08T20:00:00,92.61522707731827
2022-03-08T21:00:00,92.69258316703464
2022-03-08T22:00:00,89.57244574505349
2022-03-08T23:00:00,85.8883345230766
2022-03-09T00:00:00,82.49784652046534
2022-03-09T01:00:00,76.71527597178583
2022-03-09T02:00:00,58.55794326118801
2022-03-09T03:00:00,41.023586107336946
2022-03-09T04:00:00,31.89124779079271
2022-03-09T05:00:00,28.97124365101689
2022-03-09T06:00:00,28.234613750291903
2022-03-09T07:00:00,28.25794112164041
2022-03-09T08:00:00,28.539623592210848
2022-03-09T09:00:00,28.929767774498977
2022-03-09T10:00:00,29.692249132239294
2022-03-09T11:00:00,31.513507843017575
2022-03-09T12:00:00,38.526596401048735
2022-03-09T13:00:00,49.73285874076511
2022-03-09T14:00:00,59.87125496242356
2022-03-09T15:00:00,68.80438696819802
2022-03-09T16:00:00,76.15936445153277
2022-03-09T17:00:00,82.08791119119394
2022-03-09T18:00:00,86.09058147927989
2022-03-09T19:00:00,87.80078058657438
2022-03-09T20:00:00,87.86285964302394
2022-03-09T21:00:00,87.6148509149966
2022-03-09T22:00:00,87.67966394839077
2022-03-09T23:00:00,88.3947588049847
2022-03-10T00:00:00,89.80426224418306
2022-03-10T01:00:00,89.66745426343834
2022-03-10T02:00:00,63.478289728579306
2022-03-10T03:00:00,35.77798030687414
2022-03-10T04:00:00,27.56003786169964
2022-03-10T05:00:00,25.374901232512098
2022-03-10T06:00:00,24.77647880885912
2022-03-10T07:00:00,24.593478493068524
2022-03-10T08:00:00,24.820104681927223
2022-03-10T09:00:00,25.26602579199749
2022-03-10T10:00:00,26.449829350347102
2022-03-10T11:00:00,29.102426777715266
2022-03-10T12:00:00,31.074328132297676
2022-03-10T13:00:00,38.96166129734205
2022-03-10T14:00:00,49.24826149318529
2022-03-10T15:00:00,58.55984463899031
2022-03-10T16:00:00,66.06721861466117
2022-03-10T17:00:00,72.47003687982973
2022-03-10T18:00:00,78.66963394828464
2022-03-10T19:00:00,84.38598765497622
2022-03-10T20:00:00,87.54304703422214
2022-03-10T21:00:00,91.47769994321075
2022-03-10T22:00:00,94.71689141314961
2022-03-10T23:00:00,94.03218775210172
2022-03-11T00:00:00,90.40415888247283
2022-03-11T01:00:00,81.64449741529383
2022-03-11T02:00:00,51.41318976360818
2022-03-11T03:00:00,30.390411459881324
2022-03-11T04:00:00,23.91117145704186
2022-03-11T05:00:00,21.30361391150433
2022-03-11T06:00:00,20.561123972353723
2022-03-11T07:00:00,20.46671660050102
2022-03-11T08:00:00,20.41973321334175
2022-03-11T09:00:00,20.31575451726499
2022-03-11T10:00:00,20.723129852958344
2022-03-11T11:00:00,22.510382362034004
2022-03-11T12:00:00,24.05851712434188
2022-03-11T13:00:00,23.80302694569463
2022-03-11T14:00:00,27.330956749294113
2022-03-11T15:00:00,32.9508176057235
2022-03-11T16:00:00,39.55401561571204
2022-03-11T17:00:00,47.904285762621
2022-03-11T18:00:00,52.18682197902513
2022-03-11T19:00:00,58.68382611482039
2022-03-11T20:00:00,61.181858892026156
2022-03-11T21:00:00,62.78578899217688
2022-03-11T22:00:00,63.32940955784009
2022-03-11T23:00:00,62.33315011729364
2022-03-12T00:00:00,60.765899824059524
2022-03-12T01:00:00,55.66717429783033
2022-03-12T02:00:00,34.59142054682192
2022-03-12T03:00:00,22.71379470825195
2022-03-12T04:00:00,18.091129385906715
2022-03-12T05:00:00,15.430948008661684
2022-03-12T06:00:00,13.584107440450916
2022-03-12T07:00:00,11.867735572483229
2022-03-12T08:00:00,11.018852814384129
2022-03-12T09:00:00,11.324467741924781
2022-03-12T10:00:00,12.495617286018701
2022-03-12T11:00:00,15.986331607984459
2022-03-12T12:00:00,21.85763989324155
2022-03-12T13:00:00,25.92447222834048
2022-03-12T14:00:00,26.73835953422214
2022-03-12T15:00:00,26.22850923952849
2022-03-12T16:00:00,27.833321695742395
2022-03-12T17:00:00,33.54015458148458
2022-03-12T18:00:00,41.68554007488748
2022-03-12T19:00:00,49.83354817266049
2022-03-12T20:00:00,59.08737564086913
2022-03-12T21:00:00,67.32585110871688
2022-03-12T22:00:00,73.41368998651917
2022-03-12T23:00:00,75.25121871284817
2022-03-13T00:00:00,74.56736689028533
2022-03-13T01:00:00,72.40148759924847
2022-03-13T02:00:00,58.73849752674931
2022-03-13T03:00:00,50.13069832843282
2022-03-13T04:00:00,44.84741443136463
2022-03-13T05:00:00,40.04177342290463
2022-03-13T06:00:00,33.00971288266389
2022-03-13T07:00:00,29.091872837232504
2022-03-13T08:00:00,28.688401678334106
2022-03-13T09:00:00,29.267778645391044
2022-03-13T10:00:00,28.955042631729786
2022-03-13T11:00:00,30.839356712673013
2022-03-13T12:00:00,37.13988080232039
2022-03-13T13:00:00,46.299257029657774
2022-03-13T14:00:00,53.92897979072902
2022-03-13T15:00:00,59.889144565748126
2022-03-13T16:00:00,65.65457783574642
2022-03-13T17:00:00,72.68459751295006
2022-03-13T18:00:00,81.63779781175695
2022-03-13T19:00:00,87.16129170293394
2022-03-13T20:00:00,89.21132361370583
2022-03-13T21:00:00,89.88921920112941
2022-03-13T22:00:00,89.86116823942764
2022-03-13T23:00:00,89.05507593569547
2022-03-14T00:00:00,88.85720095427139
2022-03-14T01:00:00,78.21440622080927
2022-03-14T02:00:00,44.59401818980341
2022-03-14T03:00:00,31.138317191082496
2022-03-14T04:00:00,24.886158652927566
2022-03-14T05:00:00,22.49993755506432
2022-03-14T06:00:00,21.550993877908454
2022-03-14T07:00:00,21.432830561762266
2022-03-14T08:00:00,21.47010736880095
2022-03-14T09:00:00,21.675787220830497
2022-03-14T10:00:00,22.38939990168032
2022-03-14T11:00:00,24.424917303997535
2022-03-14T12:00:00,31.011152184527848
2022-03-14T13:00:00,42.12373766691788
2022-03-14T14:00:00,53.18219657566235
2022-03-14T15:00:00,63.26278620180875
2022-03-14T16:00:00,71.24943310281503
2022-03-14T17:00:00,78.87940249235733
2022-03-14T18:00:00,87.42564524774966
2022-03-14T19:00:00,94.33758246380349
2022-03-14T20:00:00,97.23975637684697
2022-03-14T21:00:00,97.61031341552733
2022-03-14T22:00:00,96.51356307319972
2022-03-14T23:00:00,94.3610382080078
2022-03-15T00:00:00,92.65346361243205
2022-03-15T01:00:00,86.05524842635444
2022-03-15T02:00:00,57.5509847558063
2022-03-15T03:00:00,37.95759648862092
2022-03-15T04:00:00,32.302625075630516
2022-03-15T05:00:00,30.31768641264542
2022-03-15T06:00:00,29.41496011485224
2022-03-15T07:00:00,29.438985575800356
2022-03-15T08:00:00,30.7750010283097
2022-03-15T09:00:00,31.445433409317673
2022-03-15T10:00:00,31.320842245350708
2022-03-15T11:00:00,33.019567738408625
2022-03-15T12:00:00,40.17603567372197
2022-03-15T13:00:00,55.72606775035028
2022-03-15T14:00:00,73.70533951469089
2022-03-15T15:00:00,92.89384792162024
2022-03-15T16:00:00,112.1949582307235
2022-03-15T17:00:00,129.4330314967943
2022-03-15T18:00:00,144.95524796195653
2022-03-15T19:00:00,153.42584361200744
2022-03-15T20:00:00,153.28286079738447
2022-03-15T21:00:00,160.59205096700916
2022-03-15T22:00:00,166.10102844238278
2022-03-15T23:00:00,172.53898487920344
2022-03-16T00:00:00,175.44035007642663
2022-03-16T01:00:00,165.6522734268852
2022-03-16T02:00:00,88.38457289985988
2022-03-16T03:00:00,57.079281516697094
2022-03-16T04:00:00,47.009300729502804
2022-03-16T05:00:00,42.36806123153022
2022-03-16T06:00:00,38.449733070705236
2022-03-16T07:00:00,34.297613226849094
2022-03-16T08:00:00,30.709294858186134
2022-03-16T09:00:00,29.44799995422363
2022-03-16T10:00:00,29.631486229274582
2022-03-16T11:00:00,32.698324203491204
2022-03-16T12:00:00,45.70464175680409
2022-03-16T13:00:00,59.20850106944208
2022-03-16T14:00:00,76.17765476392663
2022-03-16T15:00:00,95.07642331330672
2022-03-16T16:00:00,104.16675468113111
2022-03-16T17:00:00,92.90004597539487
2022-03-16T18:00:00,104.75420711351477
2022-03-16T19:00:00,120.49547643246858
2022-03-16T20:00:00,137.45747110118035
2022-03-16T21:00:00,149.79410718834916
2022-03-16T22:00:00,162.49895046068272
2022-03-16T23:00:00,171.13788969620413
2022-03-17T00:00:00,176.35563195270038
2022-03-17T01:00:00,172.34633404275644
2022-03-17T02:00:00,121.71222686767578
2022-03-17T03:00:00,79.35978997271994
2022-03-17T04:00:00,56.494339652683415
2022-03-17T05:00:00,50.35384402067764
2022-03-17T06:00:00,51.47774920256241
2022-03-17T07:00:00,53.488664544146985
2022-03-17T08:00:00,55.9538114796514
2022-03-17T09:00:00,58.66895078576128
2022-03-17T10:00:00,61.4692270030146
2022-03-17T11:00:00,63.97168499490489
2022-03-17T12:00:00,68.92527439283288
2022-03-17T13:00:00,78.21397897471552
2022-03-17T14:00:00,86.37769118599269
2022-03-17T15:00:00,95.07367905326511
2022-03-17T16:00:00,101.80252738620923
2022-03-17T17:00:00,107.053816753885
2022-03-17T18:00:00,110.61759981901747
2022-03-17T19:00:00,108.25310317329736
2022-03-17T20:00:00,109.87311354927394
2022-03-17T21:00:00,118.20205655305281
2022-03-17T22:00:00,128.60030862559444
2022-03-17T23:00:00,138.65101789391557
2022-03-18T00:00:00,135.8659498795219
2022-03-18T01:00:00,141.32360773501188
2022-03-18T02:00:00,89.57778366752292
2022-03-18T03:00:00,71.32706434830375
2022-03-18T04:00:00,62.911164159360126
2022-03-18T05:00:00,57.226411404817
2022-03-18T06:00:00,54.636155169943095
2022-03-18T07:00:00,54.09490087757939
2022-03-18T08:00:00,55.26317695949388
2022-03-18T09:00:00,59.67946425728176
2022-03-18T10:00:00,66.39977347332497
2022-03-18T11:00:00,73.2214179660963
2022-03-18T12:00:00,85.89305745000424
2022-03-18T13:00:00,99.58756753672722
2022-03-18T14:00:00,114.65583668584408
2022-03-18T15:00:00,135.6303770645805
2022-03-18T16:00:00,162.66246696140456
2022-03-18T17:00:00,186.11256475033963
2022-03-18T18:00:00,200.84535748025644
2022-03-18T19:00:00,215.3234352443529
2022-03-18T20:00:00,220.8126472804857
2022-03-18T21:00:00,217.5141793955927
2022-03-18T22:00:00,181.07647705078122
2022-03-18T23:00:00,161.89911021356997
2022-03-19T00:00:00,149.7180812669837
2022-03-19T01:00:00,140.8668982464334
2022-03-19T02:00:00,110.03349735425866
2022-03-19T03:00:00,82.31369516123895
2022-03-19T04:00:00,70.54650049624234
2022-03-19T05:00:00,61.67562899382217
2022-03-19T06:00:00,54.571722113567844
2022-03-19T07:00:00,52.74428989576256
2022-03-19T08:00:00,52.316592672596805
2022-03-19T09:00:00,56.53484361068062
2022-03-19T10:00:00,65.50209377122961
2022-03-19T11:00:00,74.82262387483016
2022-03-19T12:00:00,83.82205167024031
2022-03-19T13:00:00,90.52797831659731
2022-03-19T14:00:00,96.86978215756623
2022-03-19T15:00:00,101.89641438359799
2022-03-19T16:00:00,111.42327117919919
2022-03-19T17:00:00,119.37437770677647
2022-03-19T18:00:00,120.6140421991763
2022-03-19T19:00:00,114.45791360606317
2022-03-19T20:00:00,109.28114451532778
2022-03-19T21:00:00,104.63228938890539
2022-03-19T22:00:00,102.15608845586362
2022-03-19T23:00:00,100.64293770168138
2022-03-20T00:00:00,98.06943213421364
2022-03-20T01:00:00,96.95972177256708
2022-03-20T02:00:00,77.11445418648097
2022-03-20T03:00:00,61.083585490351126
2022-03-20T04:00:00,49.21942039158033
2022-03-20T05:00:00,42.34951699298361
2022-03-20T06:00:00,39.5354644111965
2022-03-20T07:00:00,38.887465103812836
2022-03-20T08:00:00,39.76901510487432
2022-03-20T09:00:00,41.41456521075704
2022-03-20T10:00:00,44.02401749984078
2022-03-20T11:00:00,49.23939713187839
2022-03-20T12:00:00,61.66331017535665
2022-03-20T13:00:00,74.50905974014945
2022-03-20T14:00:00,86.30610092826511
2022-03-20T15:00:00,95.73915664009427
2022-03-20T16:00:00,102.84734609852666
2022-03-20T17:00:00,109.30186628258745
2022-03-20T18:00:00,115.64369301173997
2022-03-20T19:00:00,121.51598192297892
2022-03-20T20:00:00,125.42543693210766
2022-03-20T21:00:00,127.10144042968749
2022-03-20T22:00:00,127.7185304061226
2022-03-20T23:00:00,125.94642506475033
2022-03-21T00:00:00,123.28140126103938
2022-03-21T01:00:00,110.79097382918647
2022-03-21T02:00:00,74.45591205099353
2022-03-21T03:00:00,56.88032863451086
2022-03-21T04:00:00,50.633305425229274
2022-03-21T05:00:00,48.68783121523649
2022-03-21T06:00:00,47.87960881772248
2022-03-21T07:00:00,47.24223360807999
2022-03-21T08:00:00,46.801193403161086
2022-03-21T09:00:00,46.832007864247196
2022-03-21T10:00:00,47.17493571405825
2022-03-21T11:00:00,48.62696490080459
2022-03-21T12:00:00,52.29439279307489
2022-03-21T13:00:00,61.60368579366933
2022-03-21T14:00:00,77.29629881485648
2022-03-21T15:00:00,91.94632886803669
2022-03-21T16:00:00,102.16981108292288
2022-03-21T17:00:00,106.13225588591202
2022-03-21T18:00:00,102.81965803063433
2022-03-21T19:00:00,98.58102350649625
2022-03-21T20:00:00,95.75451693327528
2022-03-21T21:00:00,92.67704905634339
2022-03-21T22:00:00,90.05153025751528
2022-03-21T23:00:00,89.07906009839928
2022-03-22T00:00:00,87.62532308827275
2022-03-22T01:00:00,82.30669535761294
2022-03-22T02:00:00,53.647685341213055
2022-03-22T03:00:00,38.76750498232634
2022-03-22T04:00:00,34.693177098813266
2022-03-22T05:00:00,35.656030571979024
2022-03-22T06:00:00,37.699703879978344
2022-03-22T07:00:00,39.2930679321289
2022-03-22T08:00:00,40.445728799571164
2022-03-22T09:00:00,42.06648552936056
2022-03-22T10:00:00,43.37430605681046
2022-03-22T11:00:00,43.26745157656462
2022-03-22T12:00:00,44.584426216457196
2022-03-22T13:00:00,47.63669370568316
2022-03-22T14:00:00,52.887469416079306
2022-03-22T15:00:00,61.489397795304
2022-03-22T16:00:00,72.73532104492188
2022-03-22T17:00:00,87.41436104152513
2022-03-22T18:00:00,106.97977679708728
2022-03-22T19:00:00,124.22479281218155
2022-03-22T20:00:00,119.72026426895805
2022-03-22T21:00:00,122.05742744777513
2022-03-22T22:00:00,126.42070604407269
2022-03-22T23:00:00,135.731424746306
2022-03-23T00:00:00,144.40684111221978
2022-03-23T01:00:00,140.30433057702103
2022-03-23T02:00:00,83.54463560684867
2022-03-23T03:00:00,65.06182761814283
2022-03-23T04:00:00,59.7935217152471
2022-03-23T05:00:00,57.92632293701171
2022-03-23T06:00:00,57.85802758258322
2022-03-23T07:00:00,58.67290928052819
2022-03-23T08:00:00,59.31906443056852
2022-03-23T09:00:00,61.27080270518426
2022-03-23T10:00:00,64.04962174788764
2022-03-23T11:00:00,68.88570503566575
2022-03-23T12:00:00,71.78725068465522
2022-03-23T13:00:00,76.90655119522756
2022-03-23T14:00:00,82.70866858440897
2022-03-23T15:00:00,89.41322956914486
2022-03-23T16:00:00,98.1505949600883
2022-03-23T17:00:00,108.12751305621603
2022-03-23T18:00:00,125.51268337083897
2022-03-23T19:00:00,144.44505509086275
2022-03-23T20:00:00,161.26007411790928
2022-03-23T21:00:00,174.37971098526663
2022-03-23T22:00:00,181.35903997006622
2022-03-23T23:00:00,186.36793120011038
2022-03-24T00:00:00,189.7464685854704
2022-03-24T01:00:00,160.32289123535156
2022-03-24T02:00:00,73.73736141038977
2022-03-24T03:00:00,60.469086356784985
2022-03-24T04:00:00,56.05377031409221
2022-03-24T05:00:00,48.657716502314024
2022-03-24T06:00:00,44.8330257249915
2022-03-24T07:00:00,44.71327607528023
2022-03-24T08:00:00,47.661022517992095
2022-03-24T09:00:00,50.3643105548361
2022-03-24T10:00:00,53.8142963906993
2022-03-24T11:00:00,60.152814782184095
2022-03-24T12:00:00,71.27481875212295
2022-03-24T13:00:00,82.67403577721636
2022-03-24T14:00:00,92.46178170909052
2022-03-24T15:00:00,97.85710177214249
2022-03-24T16:00:00,101.9110402646272
2022-03-24T17:00:00,107.92417310631794
2022-03-24T18:00:00,113.79072637143341
2022-03-24T19:00:00,118.72360494862431
2022-03-24T20:00:00,124.30458665930706
2022-03-24T21:00:00,132.88208405867866
2022-03-24T22:00:00,144.97610739003056
2022-03-24T23:00:00,155.51683906886885
2022-03-25T00:00:00,164.4861377218495
2022-03-25T01:00:00,155.80827729598334
2022-03-25T02:00:00,89.67507801885189
2022-03-25T03:00:00,55.706992605458126
2022-03-25T04:00:00,40.936682659646735
2022-03-25T05:00:00,37.37789303323496
2022-03-25T06:00:00,37.00493008157481
2022-03-25T07:00:00,36.87004984980044
2022-03-25T08:00:00,37.155838676120915
2022-03-25T09:00:00,38.651494896930195
2022-03-25T10:00:00,42.14104246056597
2022-03-25T11:00:00,48.375465393066406
2022-03-25T12:00:00,59.634627300760016
2022-03-25T13:00:00,74.41229845129924
2022-03-25T14:00:00,90.76168856413469
2022-03-25T15:00:00,105.55232603653617
2022-03-25T16:00:00,114.10319485871688
2022-03-25T17:00:00,121.47342317000678
2022-03-25T18:00:00,129.77871704101562
2022-03-25T19:00:00,137.2519372027853
2022-03-25T20:00:00,145.7635272482167
2022-03-25T21:00:00,155.04559856912363
2022-03-25T22:00:00,162.5209330683169
2022-03-25T23:00:00,165.33751379925272
2022-03-26T00:00:00,163.41604216202444
2022-03-26T01:00:00,144.23584249745244
2022-03-26T02:00:00,47.05611585534137
2022-03-26T03:00:00,28.919337479964543
2022-03-26T04:00:00,26.913604321687117
2022-03-26T05:00:00,27.24056426338527
2022-03-26T06:00:00,27.02959458724312
2022-03-26T07:00:00,26.954967581707496
2022-03-26T08:00:00,28.021406007849652
2022-03-26T09:00:00,29.31980995509935
2022-03-26T10:00:00,30.744637779567547
2022-03-26T11:00:00,32.878348309060804
2022-03-26T12:00:00,35.73484230041504
2022-03-26T13:00:00,40.76394827469535
2022-03-26T14:00:00,45.711223851079524
2022-03-26T15:00:00,50.68495062123174
2022-03-26T16:00:00,57.23832951421322
2022-03-26T17:00:00,65.20529506517492
2022-03-26T18:00:00,73.53093818996263
2022-03-26T19:00:00,84.74821322897206
2022-03-26T20:00:00,96.16086677882981
2022-03-26T21:00:00,107.47809932542883
2022-03-26T22:00:00,117.37941045346467
2022-03-26T23:00:00,124.36462369172467
2022-03-27T00:00:00,128.07437432330585
2022-03-27T01:00:00,104.45988198985222
2022-03-27T02:00:00,42.452818497367524
2022-03-27T03:00:00,27.07760487432065
2022-03-27T04:00:00,21.067451808763586
2022-03-27T05:00:00,17.734490518984586
2022-03-27T06:00:00,15.534539637358291
2022-03-27T07:00:00,14.103549293849778
2022-03-27T08:00:00,13.182329053464143
2022-03-27T09:00:00,12.668016682500422
2022-03-27T10:00:00,12.227599683015242
2022-03-27T11:00:00,11.844738338304602
2022-03-27T12:00:00,12.221116895261018
2022-03-27T13:00:00,14.658177417257557
2022-03-27T14:00:00,18.26564017586086
2022-03-27T15:00:00,25.731389004251227
2022-03-27T16:00:00,38.581011233122446
2022-03-27T17:00:00,52.05517362511676
2022-03-27T18:00:00,67.29018534784731
2022-03-27T19:00:00,81.54777427341627
2022-03-27T20:00:00,92.61153445036513
2022-03-27T21:00:00,101.90455494756283
2022-03-27T22:00:00,108.42640851891558
2022-03-27T23:00:00,107.46850585937499
2022-03-28T00:00:00,100.63152412746263
2022-03-28T01:00:00,71.87339749543563
2022-03-28T02:00:00,22.721983619358227
2022-03-28T03:00:00,17.209240954855215
2022-03-28T04:00:00,15.170796933381453
2022-03-28T05:00:00,13.219571072122324
2022-03-28T06:00:00,12.00214962337328
2022-03-28T07:00:00,11.722587378128713
2022-03-28T08:00:00,12.241403704104215
2022-03-28T09:00:00,13.695297572923742
2022-03-28T10:00:00,16.056633866351582
2022-03-28T11:00:00,18.036716958750848
2022-03-28T12:00:00,22.372657817343004
2022-03-28T13:00:00,28.942102183466368
2022-03-28T14:00:00,37.8566371254299
2022-03-28T15:00:00,48.717167315275766
2022-03-28T16:00:00,58.70478994950004
2022-03-28T17:00:00,71.36949771383533
2022-03-28T18:00:00,83.82293949956478
2022-03-28T19:00:00,92.58055545972739
2022-03-28T20:00:00,100.35867210056469
2022-03-28T21:00:00,115.04118114969002
2022-03-28T22:00:00,126.29064543350881
2022-03-28T23:00:00,137.0499350506326
2022-03-29T00:00:00,145.26888109290078
2022-03-29T01:00:00,112.87836588983949
2022-03-29T02:00:00,30.629263587619945
2022-03-29T03:00:00,20.232605975607168
2022-03-29T04:00:00,19.317547051802922
2022-03-29T05:00:00,19.550350852634594
2022-03-29T06:00:00,19.970522175664485
2022-03-29T07:00:00,20.71167622441831
2022-03-29T08:00:00,21.508656543234117
2022-03-29T09:00:00,22.49340198350989
2022-03-29T10:00:00,24.199136070583176
2022-03-29T11:00:00,27.873655982639477
2022-03-29T12:00:00,34.66802008255668
2022-03-29T13:00:00,45.65625315127165
2022-03-29T14:00:00,59.13566523012907
2022-03-29T15:00:00,73.8168072907821
2022-03-29T16:00:00,87.32567165208899
2022-03-29T17:00:00,105.20253289264181
2022-03-29T18:00:00,124.59761578103769
2022-03-29T19:00:00,143.90967294444206
2022-03-29T20:00:00,161.68163697615913
2022-03-29T21:00:00,179.2878716510275
2022-03-29T22:00:00,198.55697101095447
2022-03-29T23:00:00,217.4253679358441
2022-03-30T00:00:00,235.92238583772073
2022-03-30T01:00:00,221.3672531791355
2022-03-30T02:00:00,70.64239618052606
2022-03-30T03:00:00,38.72371706755264
2022-03-30T04:00:00,35.273792764414914
2022-03-30T05:00:00,35.33016304347826
2022-03-30T06:00:00,34.43597370645274
2022-03-30T07:00:00,34.66224803095278
2022-03-30T08:00:00,34.28688314686651
2022-03-30T09:00:00,33.98947019162385
2022-03-30T10:00:00,34.58140547379203
2022-03-30T11:00:00,35.480152876480766
2022-03-30T12:00:00,38.721180128014595
2022-03-30T13:00:00,39.342936557272196
2022-03-30T14:00:00,39.59837689607039
2022-03-30T15:00:00,43.75594711303711
2022-03-30T16:00:00,52.68655577949855
2022-03-30T17:00:00,68.82109650321628
2022-03-30T18:00:00,90.22291332742441
2022-03-30T19:00:00,112.38710784912108
2022-03-30T20:00:00,127.27616650125255
2022-03-30T21:00:00,139.17329804793644
2022-03-30T22:00:00,148.8747969917629
2022-03-30T23:00:00,120.4841836017111
2022-03-31T00:00:00,115.1302317743716
2022-03-31T01:00:00,88.59716531504755
2022-03-31T02:00:00,33.55043941995372
2022-03-31T03:00:00,26.7329859526261
2022-03-31T04:00:00,26.317094802856445
2022-03-31T05:00:00,25.92630925385848
2022-03-31T06:00:00,25.861594656239383
2022-03-31T07:00:00,25.578142995419707
2022-03-31T08:00:00,25.51939939415973
2022-03-31T09:00:00,25.514218205990996
2022-03-31T10:00:00,26.317937768023945
2022-03-31T11:00:00,26.362830618153446
2022-03-31T12:00:00,26.833710380222485
2022-03-31T13:00:00,29.424972534179684
2022-03-31T14:00:00,33.22780459860096
2022-03-31T15:00:00,37.06999397277832
2022-03-31T16:00:00,43.74832252834154
2022-03-31T17:00:00,51.67310117638629
2022-03-31T18:00:00,59.93699836730956
2022-03-31T19:00:00,69.2304454471754
2022-03-31T20:00:00,79.5706790426503
2022-03-31T21:00:00,89.94904874718706
2022-03-31T22:00:00,99.67437246571414
2022-03-31T23:00:00,112.7201060419497
2022-04-01T00:00:00,126.61635423743205
2022-04-01T01:00:00,99.69203186035153
2022-04-01T02:00:00,37.95246655008067
2022-04-01T03:00:00,29.565324285755985
2022-04-01T04:00:00,26.56428245876146
2022-04-01T05:00:00,27.27712697568147
2022-04-01T06:00:00,28.30483005357825
2022-04-01T07:00:00,29.930755200593367
2022-04-01T08:00:00,30.79705661276112
2022-04-01T09:00:00,32.16072903508725
2022-04-01T10:00:00,35.088170258895204
2022-04-01T11:00:00,37.87313013491423
2022-04-01T12:00:00,43.51599850861922
2022-04-01T13:00:00,51.27545879198157
2022-04-01T14:00:00,61.964329926863954
2022-04-01T15:00:00,70.94668280560037
2022-04-01T16:00:00,77.01936439845872
2022-04-01T17:00:00,85.55856754468834
2022-04-01T18:00:00,95.48957857878311
2022-04-01T19:00:00,101.36415133268936
2022-04-01T20:00:00,106.79388825789742
2022-04-01T21:00:00,113.15802632207453
2022-04-01T22:00:00,117.53143940801205
2022-04-01T23:00:00,123.46539041270377
2022-04-02T00:00:00,131.42576831320056
2022-04-02T01:00:00,130.23290020486584
2022-04-02T02:00:00,89.16087473993714
2022-04-02T03:00:00,63.64203063301418
2022-04-02T04:00:00,44.23453936369523
2022-04-02T05:00:00,35.14693484099014
2022-04-02T06:00:00,28.95177716794221
2022-04-02T07:00:00,23.757851393326465
2022-04-02T08:00:00,21.31370154671047
2022-04-02T09:00:00,22.887245261150852
2022-04-02T10:00:00,26.875809213389516
2022-04-02T11:00:00,32.289992622707196
2022-04-02T12:00:00,41.7224933790124
2022-04-02T13:00:00,49.34814187754755
2022-04-02T14:00:00,52.55420203830884
2022-04-02T15:00:00,61.185046652088985
2022-04-02T16:00:00,74.29329051142153
2022-04-02T17:00:00,89.42909141208816
2022-04-02T18:00:00,102.06557895826256
2022-04-02T19:00:00,113.88109389595364
2022-04-02T20:00:00,126.57560166068696
2022-04-02T21:00:00,141.6330573040506
2022-04-02T22:00:00,158.10003662109375
2022-04-02T23:00:00,174.58883136251694
2022-04-03T00:00:00,191.70639767854107
2022-04-03T01:00:00,183.74757186226222
2022-04-03T02:00:00,69.63660099195397
2022-04-03T03:00:00,36.95150806592858
2022-04-03T04:00:00,31.469359024711277
2022-04-03T05:00:00,30.1490714031717
2022-04-03T06:00:00,29.563795006793477
2022-04-03T07:00:00,29.09820341027301
2022-04-03T08:00:00,29.923600735871684
2022-04-03T09:00:00,31.597032298212465
2022-04-03T10:00:00,35.43737129543138
2022-04-03T11:00:00,37.885128684665844
2022-04-03T12:00:00,41.8234461908755
2022-04-03T13:00:00,49.61871735945991
2022-04-03T14:00:00,56.792340320089586
2022-04-03T15:00:00,65.15907834923786
2022-04-03T16:00:00,73.85542264192
2022-04-03T17:00:00,78.55177672012992
2022-04-03T18:00:00,85.01541933806045
2022-04-03T19:00:00,90.93930949335511
2022-04-03T20:00:00,96.09368332572605
2022-04-03T21:00:00,101.0904484624448
2022-04-03T22:00:00,104.9407033505647
2022-04-03T23:00:00,107.67132435674252
2022-04-04T00:00:00,108.91738758916439
2022-04-04T01:00:00,89.57065515932828
2022-04-04T02:00:00,41.15391142471977
2022-04-04T03:00:00,23.094534500785493
2022-04-04T04:00:00,19.63434551073157
2022-04-04T05:00:00,17.379771274069082
2022-04-04T06:00:00,15.977237577023713
2022-04-04T07:00:00,15.390589382337486
2022-04-04T08:00:00,15.790548407513159
2022-04-04T09:00:00,18.049984890481696
2022-04-04T10:00:00,20.346836090087884
2022-04-04T11:00:00,22.127881796463676
2022-04-04T12:00:00,26.466350513955817
2022-04-04T13:00:00,37.97580992657205
2022-04-04T14:00:00,50.401633469954774
2022-04-04T15:00:00,65.49710530820099
2022-04-04T16:00:00,82.37067181131114
2022-04-04T17:00:00,96.61186135333517
2022-04-04T18:00:00,104.71396769648013
2022-04-04T19:00:00,107.9297110516092
2022-04-04T20:00:00,111.1464681210725
2022-04-04T21:00:00,115.43265002706775
2022-04-04T22:00:00,118.75724593452783
2022-04-04T23:00:00,118.07693680472995
2022-04-05T00:00:00,118.1832563980766
2022-04-05T01:00:00,117.85436845862345
2022-04-05T02:00:00,70.20454307224438
2022-04-05T03:00:00,30.479126805844512
2022-04-05T04:00:00,21.56647375355596
2022-04-05T05:00:00,19.108368583347485
2022-04-05T06:00:00,18.713572253351625
2022-04-05T07:00:00,18.488150140513543
2022-04-05T08:00:00,18.430522130883254
2022-04-05T09:00:00,20.31433470352836
2022-04-05T10:00:00,22.382380651391067
2022-04-05T11:00:00,23.551567036172617
2022-04-05T12:00:00,25.06522373531175
2022-04-05T13:00:00,29.484728937563684
2022-04-05T14:00:00,40.868073173191235
2022-04-05T15:00:00,48.564916859502375
2022-04-05T16:00:00,51.5036334162173
2022-04-05T17:00:00,55.84051148787788
2022-04-05T18:00:00,60.361059105914556
2022-04-05T19:00:00,64.0362323263417
2022-04-05T20:00:00,68.56044686358906
2022-04-05T21:00:00,75.76871142180069
2022-04-05T22:00:00,84.2400366741678
2022-04-05T23:00:00,92.43636023479958
2022-04-06T00:00:00,99.52907197371773
2022-04-06T01:00:00,99.9967455656632
2022-04-06T02:00:00,69.52429116290548
2022-04-06T03:00:00,42.86091796211574
2022-04-06T04:00:00,31.050022208172336
2022-04-06T05:00:00,26.459334497866422
2022-04-06T06:00:00,23.287120321522586
2022-04-06T07:00:00,20.440622993137524
2022-04-06T08:00:00,19.270977351976477
2022-04-06T09:00:00,21.461591388868246
2022-04-06T10:00:00,26.84722319893215
2022-04-06T11:00:00,36.65702728603197
2022-04-06T12:00:00,47.63781058269998
2022-04-06T13:00:00,59.28179251629372
2022-04-06T14:00:00,71.06822950943656
2022-04-06T15:00:00,77.70911905039911
2022-04-06T16:00:00,81.23608696979025
2022-04-06T17:00:00,83.75268886400305
2022-04-06T18:00:00,86.48800957721211
2022-04-06T19:00:00,95.76606352432913
2022-04-06T20:00:00,112.74037236752716
2022-04-06T21:00:00,129.02451788860816
2022-04-06T22:00:00,138.89808787470275
2022-04-06T23:00:00,142.92174961255944
2022-04-07T00:00:00,132.22432410198707
2022-04-07T01:00:00,108.92907913871431
2022-04-07T02:00:00,28.87121789351753
2022-04-07T03:00:00,21.3627871637759
2022-04-07T04:00:00,20.98619693258534
2022-04-07T05:00:00,21.874374306720235
2022-04-07T06:00:00,22.063291466754414
2022-04-07T07:00:00,21.963710619055703
2022-04-07T08:00:00,21.772405375605043
2022-04-07T09:00:00,21.868502160777215
2022-04-07T10:00:00,21.695310841435973
2022-04-07T11:00:00,22.385452104651407
2022-04-07T12:00:00,21.373059894727618
2022-04-07T13:00:00,22.989383946294367
2022-04-07T14:00:00,25.242248949797254
2022-04-07T15:00:00,28.145729313726008
2022-04-07T16:00:00,31.249447117681086
2022-04-07T17:00:00,34.74566003550653
2022-04-07T18:00:00,38.376015787539274
2022-04-07T19:00:00,42.927386408266806
2022-04-07T20:00:00,49.07867249198581
2022-04-07T21:00:00,58.86977618673573
2022-04-07T22:00:00,69.91030402805494
2022-04-07T23:00:00,80.72850849317466
2022-04-08T00:00:00,93.310628808063
2022-04-08T01:00:00,89.59649226976477
2022-04-08T02:00:00,51.909928529158876
2022-04-08T03:00:00,45.58638945869777
2022-04-08T04:00:00,44.935343535050094
2022-04-08T05:00:00,42.90049809994904
2022-04-08T06:00:00,40.387171869692594
2022-04-08T07:00:00,38.555395872696586
2022-04-08T08:00:00,40.77884126746136
2022-04-08T09:00:00,45.307855191438094
2022-04-08T10:00:00,51.31569074547809
2022-04-08T11:00:00,58.38640776924465
2022-04-08T12:00:00,67.83030004086702
2022-04-08T13:00:00,87.64824875541355
2022-04-08T14:00:00,104.03355872112772
2022-04-08T15:00:00,103.41768878439197
2022-04-08T16:00:00,80.21820665442425
2022-04-08T17:00:00,64.66170733907948
2022-04-08T18:00:00,58.29779483961021
2022-04-08T19:00:00,56.879534514054
2022-04-08T20:00:00,53.355075836181626
2022-04-08T21:00:00,54.21555560568104
2022-04-08T22:00:00,55.081849139669664
2022-04-08T23:00:00,51.3420587622601
2022-04-09T00:00:00,52.34710826044497
2022-04-09T01:00:00,41.832563814909555
2022-04-09T02:00:00,17.581663546354875
2022-04-09T03:00:00,16.724950873333476
2022-04-09T04:00:00,16.922700633173402
2022-04-09T05:00:00,16.877929438715395
2022-04-09T06:00:00,16.791167217752204
2022-04-09T07:00:00,16.75699001809825
2022-04-09T08:00:00,16.754944925722867
2022-04-09T09:00:00,16.89253342669943
2022-04-09T10:00:00,17.412801410840906
2022-04-09T11:00:00,20.251266811204992
2022-04-09T12:00:00,26.57059329489003
2022-04-09T13:00:00,35.029851996380344
2022-04-09T14:00:00,41.67853280772333
2022-04-09T15:00:00,42.91753453793733
2022-04-09T16:00:00,45.068796572477915
2022-04-09T17:00:00,47.26631529434867
2022-04-09T18:00:00,53.89689636230467
2022-04-09T19:00:00,58.8505862692128
2022-04-09T20:00:00,61.733000879702345
2022-04-09T21:00:00,65.27635856296705
2022-04-09T22:00:00,70.5770213914954
2022-04-09T23:00:00,76.10692397407863
2022-04-10T00:00:00,81.82973712423572
2022-04-10T01:00:00,83.46231576670769
2022-04-10T02:00:00,43.68014576124108
2022-04-10T03:00:00,23.504797728165332
2022-04-10T04:00:00,16.606183425239895
2022-04-10T05:00:00,14.244110314742377
2022-04-10T06:00:00,14.427157153253969
2022-04-10T07:00:00,15.228465951007346
2022-04-10T08:00:00,16.587294205375336
2022-04-10T09:00:00,18.98627065575641
2022-04-10T10:00:00,23.510313282842223
2022-04-10T11:00:00,32.49932463272758
2022-04-10T12:00:00,46.50121887870457
2022-04-10T13:00:00,51.26966459854789
2022-04-10T14:00:00,56.09552018538765
2022-04-10T15:00:00,72.146554366402
2022-04-10T16:00:00,89.23545903744905
2022-04-10T17:00:00,99.96697268278702
2022-04-10T18:00:00,101.86481575343919
2022-04-10T19:00:00,97.80937427023181
2022-04-10T20:00:00,95.95675924549931
2022-04-10T21:00:00,96.6748345416525
2022-04-10T22:00:00,96.61561650815216
2022-04-10T23:00:00,107.27365742559017
2022-04-11T00:00:00,121.55286075757897
2022-04-11T01:00:00,136.50856548806894
2022-04-11T02:00:00,135.4066175377887
2022-04-11T03:00:00,86.2123565673828
2022-04-11T04:00:00,51.79886030114215
2022-04-11T05:00:00,38.67683709186056
2022-04-11T06:00:00,32.46129259855851
2022-04-11T07:00:00,30.772417483122446
2022-04-11T08:00:00,32.026643172554344
2022-04-11T09:00:00,34.40331915150518
2022-04-11T10:00:00,40.89272407863451
2022-04-11T11:00:00,53.707182345182986
2022-04-11T12:00:00,73.68577774711277
2022-04-11T13:00:00,96.51147062882131
2022-04-11T14:00:00,118.96951824685799
2022-04-11T15:00:00,138.530613111413
2022-04-11T16:00:00,156.4971346647843
2022-04-11T17:00:00,166.11514348569122
2022-04-11T18:00:00,175.87497545325235
2022-04-11T19:00:00,183.67715653129244
2022-04-11T20:00:00,172.65359828783116
2022-04-11T21:00:00,159.76108849566916
2022-04-11T22:00:00,158.5988145911175
2022-04-11T23:00:00,162.68546261994732
2022-04-12T00:00:00,173.71761355192763
2022-04-12T01:00:00,175.27101865022075
2022-04-12T02:00:00,72.67251951798148
2022-04-12T03:00:00,38.038923180621595
2022-04-12T04:00:00,32.526797750721805
2022-04-12T05:00:00,32.7480415675951
2022-04-12T06:00:00,36.873789248259165
2022-04-12T07:00:00,41.949188232421875
2022-04-12T08:00:00,43.505109040633485
2022-04-12T09:00:00,44.32692851190981
2022-04-12T10:00:00,48.46719144738238
2022-04-12T11:00:00,54.475820458453626
2022-04-12T12:00:00,66.62238245425016
2022-04-12T13:00:00,83.83411175271738
2022-04-12T14:00:00,104.65789463209069
2022-04-12T15:00:00,134.00477467412531
2022-04-12T16:00:00,164.51546113387394
2022-04-12T17:00:00,181.89365287449047
2022-04-12T18:00:00,181.01370637313175
2022-04-12T19:00:00,172.68293496836787
2022-04-12T20:00:00,153.42353024690044
2022-04-12T21:00:00,131.02175306237262
2022-04-12T22:00:00,113.02335523522417
2022-04-12T23:00:00,97.53931626029636
2022-04-13T00:00:00,93.97480840268341
2022-04-13T01:00:00,90.36048723303752
2022-04-13T02:00:00,54.60007543149201
2022-04-13T03:00:00,35.4532294895338
2022-04-13T04:00:00,26.255485534667965
2022-04-13T05:00:00,21.42945704252823
2022-04-13T06:00:00,18.5476366126019
2022-04-13T07:00:00,16.82584770866062
2022-04-13T08:00:00,15.555599461431086
2022-04-13T09:00:00,14.976223779761273
2022-04-13T10:00:00,15.269756400066873
2022-04-13T11:00:00,17.228928773299504
2022-04-13T12:00:00,22.253013362055235
2022-04-13T13:00:00,31.40941744265349
2022-04-13T14:00:00,39.364299276600704
2022-04-13T15:00:00,46.88477574224056
2022-04-13T16:00:00,53.19599781865658
2022-04-13T17:00:00,59.845658675484025
2022-04-13T18:00:00,66.38253817350969
2022-04-13T19:00:00,69.81732078220533
2022-04-13T20:00:00,69.41686016580331
2022-04-13T21:00:00,65.92463883109714
2022-04-13T22:00:00,61.662769815196164
2022-04-13T23:00:00,57.55026278288467
2022-04-14T00:00:00,54.30715643841287
2022-04-14T01:00:00,50.86891638714334
2022-04-14T02:00:00,24.056326078331985
2022-04-14T03:00:00,14.620205713355022
2022-04-14T04:00:00,13.662612376005752
2022-04-14T05:00:00,13.635051851687223
2022-04-14T06:00:00,13.732973264611285
2022-04-14T07:00:00,13.823537909466285
2022-04-14T08:00:00,14.048688473908797
2022-04-14T09:00:00,14.589014177737027
2022-04-14T10:00:00,15.694935964501422
2022-04-14T11:00:00,18.280475201814067
2022-04-14T12:00:00,20.816393230272375
2022-04-14T13:00:00,22.698874017466668
2022-04-14T14:00:00,26.127945278001867
2022-04-14T15:00:00,31.544453911159348
2022-04-14T16:00:00,36.53663685010826
2022-04-14T17:00:00,41.88081857432489
2022-04-14T18:00:00,55.99460817419964
2022-04-14T19:00:00,71.73607204271399
2022-04-14T20:00:00,81.83300549051035
2022-04-14T21:00:00,85.20211294422978
2022-04-14T22:00:00,85.49183488928753
2022-04-14T23:00:00,83.637032882027
2022-04-15T00:00:00,80.85334844174591
2022-04-15T01:00:00,76.82890850564706
2022-04-15T02:00:00,45.57460420028023
2022-04-15T03:00:00,21.485176335210383
2022-04-15T04:00:00,16.75883492179539
2022-04-15T05:00:00,15.758206450420875
2022-04-15T06:00:00,15.752373363660729
2022-04-15T07:00:00,16.163479929384977
2022-04-15T08:00:00,17.0322558361551
2022-04-15T09:00:00,18.224383810292117
2022-04-15T10:00:00,18.462825692218278
2022-04-15T11:00:00,20.732075069261633
2022-04-15T12:00:00,25.607841823412024
2022-04-15T13:00:00,33.90776642509128
2022-04-15T14:00:00,44.10717740266219
2022-04-15T15:00:00,56.92435339222783
2022-04-15T16:00:00,76.34111586860988
2022-04-15T17:00:00,94.03685196586277
2022-04-15T18:00:00,106.37976206903872
2022-04-15T19:00:00,112.16853033978005
2022-04-15T20:00:00,113.22000951352325
2022-04-15T21:00:00,111.37780894403872
2022-04-15T22:00:00,104.80269855001698
2022-04-15T23:00:00,96.87273274297299
2022-04-16T00:00:00,90.89316724694294
2022-04-16T01:00:00,74.67366691257642
2022-04-16T02:00:00,37.17358182824176
2022-04-16T03:00:00,24.619384848553196
2022-04-16T04:00:00,19.395107186358903
2022-04-16T05:00:00,17.523880336595617
2022-04-16T06:00:00,16.863042665564492
2022-04-16T07:00:00,16.853766399881113
2022-04-16T08:00:00,17.337576492972996
2022-04-16T09:00:00,18.170334857443102
2022-04-16T10:00:00,18.60691675932511
2022-04-16T11:00:00,20.166096645852793
2022-04-16T12:00:00,23.87160367551057
2022-04-16T13:00:00,29.367645927097485
2022-04-16T14:00:00,35.63125643522842
2022-04-16T15:00:00,48.477026234502375
2022-04-16T16:00:00,65.83937553737474
2022-04-16T17:00:00,82.96777410092561
2022-04-16T18:00:00,98.36465056046195
2022-04-16T19:00:00,111.1803562330163
2022-04-16T20:00:00,122.03996741253395
2022-04-16T21:00:00,128.05105060079822
2022-04-16T22:00:00,129.9854517397673
2022-04-16T23:00:00,125.39836120605467
2022-04-17T00:00:00,119.93084783139436
2022-04-17T01:00:00,86.76802228844684
2022-04-17T02:00:00,40.76827322918435
2022-04-17T03:00:00,29.105585347051203
2022-04-17T04:00:00,21.003728949505348
2022-04-17T05:00:00,18.980079236237895
2022-04-17T06:00:00,18.269024890402086
2022-04-17T07:00:00,18.157604217529293
2022-04-17T08:00:00,18.65104227480681
2022-04-17T09:00:00,19.467665464981742
2022-04-17T10:00:00,20.818599203358524
2022-04-17T11:00:00,22.951257871544875
2022-04-17T12:00:00,26.723673613175098
2022-04-17T13:00:00,33.286358128423274
2022-04-17T14:00:00,40.014195981233016
2022-04-17T15:00:00,47.83027300627335
2022-04-17T16:00:00,55.513350445291266
2022-04-17T17:00:00,68.13090365865955
2022-04-17T18:00:00,81.36884175176205
2022-04-17T19:00:00,92.84089726987092
2022-04-17T20:00:00,101.11796437139095
2022-04-17T21:00:00,103.5406719705333
2022-04-17T22:00:00,102.95273888629414
2022-04-17T23:00:00,103.29487079122791
2022-04-18T00:00:00,100.99546946649966
2022-04-18T01:00:00,98.45624343208642
2022-04-18T02:00:00,56.1296910824983
2022-04-18T03:00:00,33.002832827360734
2022-04-18T04:00:00,26.06169335738472
2022-04-18T05:00:00,22.887430025183633
2022-04-18T06:00:00,21.640838540118672
2022-04-18T07:00:00,21.4580485302469
2022-04-18T08:00:00,21.95539350095002
2022-04-18T09:00:00,22.54822606625764
2022-04-18T10:00:00,24.521902830704395
2022-04-18T11:00:00,30.218535962312114
2022-04-18T12:00:00,39.352566760519274
2022-04-18T13:00:00,53.06643958713697
2022-04-18T14:00:00,62.171214559803836
2022-04-18T15:00:00,68.86961762801461
2022-04-18T16:00:00,74.86197032099184
2022-04-18T17:00:00,79.09333137843919
2022-04-18T18:00:00,84.0394287109375
2022-04-18T19:00:00,88.4227702928626
2022-04-18T20:00:00,95.03230517843495
2022-04-18T21:00:00,102.48075734014095
2022-04-18T22:00:00,104.95791957689366
2022-04-18T23:00:00,102.49725242283033
2022-04-19T00:00:00,94.65965503195058
2022-04-19T01:00:00,83.68336420473844
2022-04-19T02:00:00,63.31187969705332
2022-04-19T03:00:00,37.139993584674336
2022-04-19T04:00:00,27.630258228467856
2022-04-19T05:00:00,25.160681102586828
2022-04-19T06:00:00,23.671953118365742
2022-04-19T07:00:00,22.650244588437285
2022-04-19T08:00:00,23.053268598473586
2022-04-19T09:00:00,25.87368301723314
2022-04-19T10:00:00,30.733499444049336
2022-04-19T11:00:00,35.00859384951384
2022-04-19T12:00:00,41.23038482666015
2022-04-19T13:00:00,48.669104368790336
2022-04-19T14:00:00,56.241057852040164
2022-04-19T15:00:00,62.45760859613833
2022-04-19T16:00:00,67.14547696320906
2022-04-19T17:00:00,71.8456039428711
2022-04-19T18:00:00,75.36996675574261
2022-04-19T19:00:00,78.18534917416778
2022-04-19T20:00:00,80.95459697557531
2022-04-19T21:00:00,83.04095541912577
2022-04-19T22:00:00,83.14934589551842
2022-04-19T23:00:00,83.32010833076808
2022-04-20T00:00:00,84.09460996544878
2022-04-20T01:00:00,76.95754125843878
2022-04-20T02:00:00,30.48955146126125
2022-04-20T03:00:00,17.105710402778957
2022-04-20T04:00:00,16.56790911633035
2022-04-20T05:00:00,16.793704903644063
2022-04-20T06:00:00,16.794270059336785
2022-04-20T07:00:00,16.71403354147206
2022-04-20T08:00:00,16.794535719830055
2022-04-20T09:00:00,17.292521601137906
2022-04-20T10:00:00,18.156021284020465
2022-04-20T11:00:00,17.528902800186817
2022-04-20T12:00:00,19.858948251475457
2022-04-20T13:00:00,24.891253678695012
2022-04-20T14:00:00,30.63276282600734
2022-04-20T15:00:00,35.476741707843274
2022-04-20T16:00:00,34.544721603393555
2022-04-20T17:00:00,42.66756671407948
2022-04-20T18:00:00,51.12072256337041
2022-04-20T19:00:00,58.73448894334875
2022-04-20T20:00:00,64.55191040039061
2022-04-20T21:00:00,68.96448085619055
2022-04-20T22:00:00,73.79574319590692
2022-04-20T23:00:00,87.23602925176203
2022-04-21T00:00:00,105.96491573167883
2022-04-21T01:00:00,119.98156340225881
2022-04-21T02:00:00,44.56023805037788
2022-04-21T03:00:00,24.253399807473883
2022-04-21T04:00:00,21.782481732575786
2022-04-21T05:00:00,22.227646869161852
2022-04-21T06:00:00,22.928803734157395
2022-04-21T07:00:00,24.087666221286938
2022-04-21T08:00:00,25.609641862952188
2022-04-21T09:00:00,27.223302426545512
2022-04-21T10:00:00,31.162447639133617
2022-04-21T11:00:00,37.66486955725628
2022-04-21T12:00:00,45.655366980511204
2022-04-21T13:00:00,57.41988472316576
2022-04-21T14:00:00,77.25458161727241
2022-04-21T15:00:00,98.32435641081436
2022-04-21T16:00:00,118.77584772524625
2022-04-21T17:00:00,130.4929491126019
2022-04-21T18:00:00,134.95954695991847
2022-04-21T19:00:00,133.7863358207371
2022-04-21T20:00:00,129.61213286026663
2022-04-21T21:00:00,125.1118462604025
2022-04-21T22:00:00,121.64544346021567
2022-04-21T23:00:00,118.96958492113195
2022-04-22T00:00:00,116.77879532523775
2022-04-22T01:00:00,100.01130842125933
2022-04-22T02:00:00,33.79152397487474
2022-04-22T03:00:00,21.01762124766474
2022-04-22T04:00:00,19.032484220421832
2022-04-22T05:00:00,17.390997430552606
2022-04-22T06:00:00,16.791204784227453
2022-04-22T07:00:00,16.92469837354577
2022-04-22T08:00:00,17.412737141484797
2022-04-22T09:00:00,18.399505615234375
2022-04-22T10:00:00,21.33040734995966
2022-04-22T11:00:00,26.763463973999016
2022-04-22T12:00:00,34.449812350065805
2022-04-22T13:00:00,43.8971411663553
2022-04-22T14:00:00,56.081372302511454
2022-04-22T15:00:00,74.94324526579483
2022-04-22T16:00:00,92.25935529625933
2022-04-22T17:00:00,108.10213569972824
2022-04-22T18:00:00,84.81935152800186
2022-04-22T19:00:00,90.62353150740914
2022-04-22T20:00:00,99.20388594917627
2022-04-22T21:00:00,107.47483925197434
2022-04-22T22:00:00,113.27871405560036
2022-04-22T23:00:00,112.19088015349013
2022-04-23T00:00:00,106.71137569261633
2022-04-23T01:00:00,95.90668454377547
2022-04-23T02:00:00,34.53318289051885
2022-04-23T03:00:00,20.165985522062883
2022-04-23T04:00:00,19.682656744252082
2022-04-23T05:00:00,20.409899089647375
2022-04-23T06:00:00,21.115339362103008
2022-04-23T07:00:00,21.94585145038107
2022-04-23T08:00:00,23.107217705768086
2022-04-23T09:00:00,24.06635126860245
2022-04-23T10:00:00,25.852608141691785
2022-04-23T11:00:00,28.067248966382895
2022-04-23T12:00:00,29.95102293595023
2022-04-23T13:00:00,33.695809405782946
2022-04-23T14:00:00,38.836866461712376
2022-04-23T15:00:00,44.709877677585766
2022-04-23T16:00:00,52.01122963946798
2022-04-23T17:00:00,60.10586149796195
2022-04-23T18:00:00,71.78431668488875
2022-04-23T19:00:00,86.04527780284052
2022-04-23T20:00:00,102.077230370563
2022-04-23T21:00:00,114.69125399382216
2022-04-23T22:00:00,119.17936208973758
2022-04-23T23:00:00,95.993618177331
2022-04-24T00:00:00,100.67781332264775
2022-04-24T01:00:00,75.2153608902641
2022-04-24T02:00:00,25.17831180406653
2022-04-24T03:00:00,16.457266227058742
2022-04-24T04:00:00,14.475676619488258
2022-04-24T05:00:00,13.669359746186627
2022-04-24T06:00:00,13.266000333039656
2022-04-24T07:00:00,13.205121330592943
2022-04-24T08:00:00,13.452805477639902
2022-04-24T09:00:00,14.167908005092455
2022-04-24T10:00:00,15.532801213471785
2022-04-24T11:00:00,16.794881406037703
2022-04-24T12:00:00,16.761065939198367
2022-04-24T13:00:00,19.001171609629754
2022-04-24T14:00:00,21.584903219471805
2022-04-24T15:00:00,24.923120498657223
2022-04-24T16:00:00,29.595717471578848
2022-04-24T17:00:00,39.135591424029805
2022-04-24T18:00:00,51.59091020667034
2022-04-24T19:00:00,65.02552828581436
2022-04-24T20:00:00,78.33627883247706
2022-04-24T21:00:00,91.09101668648097
2022-04-24T22:00:00,93.98925117824388
2022-04-24T23:00:00,82.21047509234884
2022-04-25T00:00:00,92.43696859608525
2022-04-25T01:00:00,88.9095760843028
2022-04-25T02:00:00,38.92890407728112
2022-04-25T03:00:00,27.748591879139774
2022-04-25T04:00:00,23.825679696124528
2022-04-25T05:00:00,21.49618264903193
2022-04-25T06:00:00,19.540511545927625
2022-04-25T07:00:00,18.38044290957243
2022-04-25T08:00:00,18.262878832609754
2022-04-25T09:00:00,18.727276387421977
2022-04-25T10:00:00,21.258602432582684
2022-04-25T11:00:00,23.284735430841856
2022-04-25T12:00:00,26.280018184496008
2022-04-25T13:00:00,34.56273120382558
2022-04-25T14:00:00,46.22479704151982
2022-04-25T15:00:00,59.2321433191714
2022-04-25T16:00:00,74.13304420139477
2022-04-25T17:00:00,89.13101345559824
2022-04-25T18:00:00,103.4384087272312
2022-04-25T19:00:00,125.3209361200747
2022-04-25T20:00:00,153.48457203740656
2022-04-25T21:00:00,171.4768653537916
2022-04-25T22:00:00,152.11149895709494
2022-04-25T23:00:00,172.70079836638072
2022-04-26T00:00:00,193.42194333283794
2022-04-26T01:00:00,178.8744772206182
2022-04-26T02:00:00,54.553207065748126
2022-04-26T03:00:00,36.86525825832201
2022-04-26T04:00:00,36.59274092964504
2022-04-26T05:00:00,35.43816624517026
2022-04-26T06:00:00,33.30942925162937
2022-04-26T07:00:00,31.5082250678021
2022-04-26T08:00:00,29.71977507549783
2022-04-26T09:00:00,29.14989587535029
2022-04-26T10:00:00,29.427342373391852
2022-04-26T11:00:00,31.303872730420984
2022-04-26T12:00:00,36.80568048228388
2022-04-26T13:00:00,47.203935789025344
2022-04-26T14:00:00,59.819807467253305
2022-04-26T15:00:00,72.40239516548488
2022-04-26T16:00:00,84.24727166217305
2022-04-26T17:00:00,95.69129860919455
2022-04-26T18:00:00,102.89563701463781
2022-04-26T19:00:00,106.64716936194377
2022-04-26T20:00:00,89.90585128120753
2022-04-26T21:00:00,69.01275817207667
2022-04-26T22:00:00,64.57506959334663
2022-04-26T23:00:00,63.29488837200662
2022-04-27T00:00:00,66.40889889260995
2022-04-27T01:00:00,61.577634396760345
2022-04-27T02:00:00,26.825574211452313
2022-04-27T03:00:00,19.10297107696533
2022-04-27T04:00:00,16.903127504431684
2022-04-27T05:00:00,15.786337106124213
2022-04-27T06:00:00,14.32533438309379
2022-04-27T07:00:00,13.46042541835619
2022-04-27T08:00:00,14.331067251122514
2022-04-27T09:00:00,14.807915480240531
2022-04-27T10:00:00,16.697668490202528
2022-04-27T11:00:00,17.293828466664188
2022-04-27T12:00:00,18.172756692637567
2022-04-27T13:00:00,20.20349834276282
2022-04-27T14:00:00,23.208573880402938
2022-04-27T15:00:00,27.76870785588803
2022-04-27T16:00:00,32.82052346934442
2022-04-27T17:00:00,38.44778036034625
2022-04-27T18:00:00,45.97086898140285
2022-04-27T19:00:00,59.42864874134892
2022-04-27T20:00:00,74.34726283861242
2022-04-27T21:00:00,87.3359202509341
2022-04-27T22:00:00,99.17034646739128
2022-04-27T23:00:00,112.60695482336955
2022-04-28T00:00:00,131.37620975660238
2022-04-28T01:00:00,120.41326572584067
2022-04-28T02:00:00,56.24132239300271
2022-04-28T03:00:00,38.11772230397099
2022-04-28T04:00:00,31.641015591828715
2022-04-28T05:00:00,28.749577646670133
2022-04-28T06:00:00,28.5444976143215
2022-04-28T07:00:00,28.454521013342813
2022-04-28T08:00:00,29.16962781159774
2022-04-28T09:00:00,29.702555366184395
2022-04-28T10:00:00,33.04998679783033
2022-04-28T11:00:00,38.82374904466711
2022-04-28T12:00:00,46.91566798997961
2022-04-28T13:00:00,61.658143582551375
2022-04-28T14:00:00,83.14185996677564
2022-04-28T15:00:00,106.69440228006113
2022-04-28T16:00:00,131.66128440525222
2022-04-28T17:00:00,155.99849336043647
2022-04-28T18:00:00,179.82556683084238
2022-04-28T19:00:00,186.70603213102922
2022-04-28T20:00:00,173.06452941894528
2022-04-28T21:00:00,167.3473669964334
2022-04-28T22:00:00,162.7605630625849
2022-04-28T23:00:00,160.2604715098505
2022-04-29T00:00:00,156.39076896335766
2022-04-29T01:00:00,126.40434198794155
2022-04-29T02:00:00,52.24392948979916
2022-04-29T03:00:00,37.710092461627454
2022-04-29T04:00:00,32.938285744708516
2022-04-29T05:00:00,32.008111787878946
2022-04-29T06:00:00,31.09933115088421
2022-04-29T07:00:00,30.512372058370836
2022-04-29T08:00:00,29.93013630742612
2022-04-29T09:00:00,30.008462491242778
2022-04-29T10:00:00,31.673492929209832
2022-04-29T11:00:00,34.174799214238696
2022-04-29T12:00:00,38.11833539216415
2022-04-29T13:00:00,45.74505449377972
2022-04-29T14:00:00,55.983903801959485
2022-04-29T15:00:00,70.1694158471149
2022-04-29T16:00:00,92.21489980946416
2022-04-29T17:00:00,113.84495312234628
2022-04-29T18:00:00,128.97530398161516
2022-04-29T19:00:00,132.3013113270635
2022-04-29T20:00:00,119.60589135211444
2022-04-29T21:00:00,100.14631022577699
2022-04-29T22:00:00,77.30621039349099
2022-04-29T23:00:00,68.06903573741083
2022-04-30T00:00:00,62.92879618769106
2022-04-30T01:00:00,55.99054436061692
2022-04-30T02:00:00,32.43870113206946
2022-04-30T03:00:00,22.222321883491844
2022-04-30T04:00:00,18.128854171089504
2022-04-30T05:00:00,16.58768653869629
2022-04-30T06:00:00,16.176905756411344
2022-04-30T07:00:00,16.264449741529383
2022-04-30T08:00:00,16.637203631193742
2022-04-30T09:00:00,17.408434080040973
2022-04-30T10:00:00,18.547205468882684
2022-04-30T11:00:00,20.771284766819164
2022-04-30T12:00:00,23.82798377327297
2022-04-30T13:00:00,30.42936681664508
2022-04-30T14:00:00,40.19776684304942
2022-04-30T15:00:00,50.824654123057485
2022-04-30T16:00:00,65.95624741264011
2022-04-30T17:00:00,77.28925058116083
2022-04-30T18:00:00,83.58923173987347
2022-04-30T19:00:00,84.42465972900389
2022-04-30T20:00:00,81.11610777481742
2022-04-30T21:00:00,75.9554974099864
2022-04-30T22:00:00,72.00010581638502
2022-04-30T23:00:00,69.73485930069633
2022-05-01T00:00:00,68.69999960194463
2022-05-01T01:00:00,65.01385348776112
2022-05-01T02:00:00,45.13068920633067
2022-05-01T03:00:00,31.213285363238793
2022-05-01T04:00:00,26.17993537239406
2022-05-01T05:00:00,23.373574630073875
2022-05-01T06:00:00,21.661848234093704
2022-05-01T07:00:00,20.683424493540887
2022-05-01T08:00:00,23.1515826349673
2022-05-01T09:00:00,26.972442129383914
2022-05-01T10:00:00,33.61668238432511
2022-05-01T11:00:00,44.49529133672299
2022-05-01T12:00:00,58.42119830587635
2022-05-01T13:00:00,64.53424271293308
2022-05-01T14:00:00,67.85049007249914
2022-05-01T15:00:00,73.63327424422553
2022-05-01T16:00:00,78.01510520603345
2022-05-01T17:00:00,78.16736304241677
2022-05-01T18:00:00,76.82451397439706
2022-05-01T19:00:00,73.88025797968325
2022-05-01T20:00:00,70.40759211001188
2022-05-01T21:00:00,68.87444720060928
2022-05-01T22:00:00,69.55538542374319
2022-05-01T23:00:00,71.22629115892492
2022-05-02T00:00:00,71.5265240876571
2022-05-02T01:00:00,74.41616522747537
2022-05-02T02:00:00,73.12303791875424
2022-05-02T03:00:00,60.102791993514344
2022-05-02T04:00:00,47.629922286323875
2022-05-02T05:00:00,37.14297452180281
2022-05-02T06:00:00,33.7751005421514
2022-05-02T07:00:00,32.73582491667374
2022-05-02T08:00:00,31.848501288372535
2022-05-02T09:00:00,34.42011095129924
2022-05-02T10:00:00,41.18109694771144
2022-05-02T11:00:00,46.85460248200789
2022-05-02T12:00:00,45.3349843232528
2022-05-02T13:00:00,40.70120521213696
2022-05-02T14:00:00,37.630685225777
2022-05-02T15:00:00,40.26935345193614
2022-05-02T16:00:00,44.675504933232844
2022-05-02T17:00:00,48.30645851466966
2022-05-02T18:00:00,52.17317033850628
2022-05-02T19:00:00,44.80479547251825
2022-05-02T20:00:00,43.46458501401155
2022-05-02T21:00:00,45.32956479943316
2022-05-02T22:00:00,52.07622942717178
2022-05-02T23:00:00,65.0606231689453
2022-05-03T00:00:00,73.68274920919667
2022-05-03T01:00:00,75.45409426481827
2022-05-03T02:00:00,74.04804196565047
2022-05-03T03:00:00,53.21907358584197
2022-05-03T04:00:00,43.29708198879076
2022-05-03T05:00:00,38.23081041418987
2022-05-03T06:00:00,35.34402548748513
2022-05-03T07:00:00,33.83225291708241
2022-05-03T08:00:00,33.38857659049656
2022-05-03T09:00:00,34.09320035188094
2022-05-03T10:00:00,35.3097741500191
2022-05-03T11:00:00,38.54164637690005
2022-05-03T12:00:00,47.10426728621773
2022-05-03T13:00:00,63.22968192722487
2022-05-03T14:00:00,78.3934273097826
2022-05-03T15:00:00,81.88936084249744
2022-05-03T16:00:00,86.10656904137652
2022-05-03T17:00:00,88.93057051948878
2022-05-03T18:00:00,86.85840772545855
2022-05-03T19:00:00,83.06911800218664
2022-05-03T20:00:00,82.29723125955331
2022-05-03T21:00:00,83.9121677564538
2022-05-03T22:00:00,85.5517410610033
2022-05-03T23:00:00,86.59091070423955
2022-05-04T00:00:00,86.47477456797724
2022-05-04T01:00:00,82.42351664667542
2022-05-04T02:00:00,60.00251123179559
2022-05-04T03:00:00,44.459417260211445
2022-05-04T04:00:00,37.29043164460555
2022-05-04T05:00:00,33.8714714050293
2022-05-04T06:00:00,31.748256766277805
2022-05-04T07:00:00,31.289054538892657
2022-05-04T08:00:00,32.299751779307485
2022-05-04T09:00:00,34.36771011352538
2022-05-04T10:00:00,37.58277694038723
2022-05-04T11:00:00,44.58032143634298
2022-05-04T12:00:00,55.77140725177267
2022-05-04T13:00:00,65.08537458336872
2022-05-04T14:00:00,73.41301163383152
2022-05-04T15:00:00,77.7603418101435
2022-05-04T16:00:00,70.70658907682999
2022-05-04T17:00:00,72.53446894106658
2022-05-04T18:00:00,76.77138419773266
2022-05-04T19:00:00,78.57713085672128
2022-05-04T20:00:00,78.38356150751528
2022-05-04T21:00:00,78.54975857942
2022-05-04T22:00:00,79.2789197175399
2022-05-04T23:00:00,80.78169184145719
2022-05-05T00:00:00,82.85378099524456
2022-05-05T01:00:00,80.95573723834492
2022-05-05T02:00:00,55.4442725803541
2022-05-05T03:00:00,37.145275613536
2022-05-05T04:00:00,29.18138114265773
2022-05-05T05:00:00,25.215750901595403
2022-05-05T06:00:00,22.840577830439024
2022-05-05T07:00:00,21.765953312749446
2022-05-05T08:00:00,21.912057379017703
2022-05-05T09:00:00,22.675820557967477
2022-05-05T10:00:00,24.47672877104386
2022-05-05T11:00:00,29.19495997221573
2022-05-05T12:00:00,38.44528994352921
2022-05-05T13:00:00,51.62311819325322
2022-05-05T14:00:00,61.75989018315853
2022-05-05T15:00:00,68.5865831789763
2022-05-05T16:00:00,67.52595669290294
2022-05-05T17:00:00,58.50717561141304
2022-05-05T18:00:00,52.84771678758704
2022-05-05T19:00:00,53.167201664136805
2022-05-05T20:00:00,54.7070609382961
2022-05-05T21:00:00,55.202614162279204
2022-05-05T22:00:00,55.108464116635524
2022-05-05T23:00:00,51.571170972741164
2022-05-06T00:00:00,47.38234594593877
2022-05-06T01:00:00,36.72527893729831
2022-05-06T02:00:00,29.31028150475543
2022-05-06T03:00:00,23.475937470145844
2022-05-06T04:00:00,21.582230443539828
2022-05-06T05:00:00,20.412479317706563
2022-05-06T06:00:00,20.457995290341582
2022-05-06T07:00:00,20.703218543011207
2022-05-06T08:00:00,21.085498395173442
2022-05-06T09:00:00,21.725537507430367
2022-05-06T10:00:00,22.960307660310164
2022-05-06T11:00:00,26.10394991999087
2022-05-06T12:00:00,26.98662716409434
2022-05-06T13:00:00,31.61856808869735
2022-05-06T14:00:00,41.51856248275092
2022-05-06T15:00:00,49.53307906441066
2022-05-06T16:00:00,57.25407409667968
2022-05-06T17:00:00,77.70574221403702
2022-05-06T18:00:00,90.69224813710088
2022-05-06T19:00:00,86.43337747325067
2022-05-06T20:00:00,79.96016228717306
2022-05-06T21:00:00,79.13490693465522
2022-05-06T22:00:00,80.75344981317934
2022-05-06T23:00:00,83.6692654153575
2022-05-07T00:00:00,87.55161517599355
2022-05-07T01:00:00,83.4351119995117
2022-05-07T02:00:00,40.99077357416567
2022-05-07T03:00:00,26.28986267421556
2022-05-07T04:00:00,21.39127839129904
2022-05-07T05:00:00,19.48274463155995
2022-05-07T06:00:00,18.75278108016304
2022-05-07T07:00:00,19.20671064957328
2022-05-07T08:00:00,20.15025254954462
2022-05-07T09:00:00,21.79816212861434
2022-05-07T10:00:00,24.763070645539653
2022-05-07T11:00:00,29.477977835613743
2022-05-07T12:00:00,35.1809143398119
2022-05-07T13:00:00,46.43437427023182
2022-05-07T14:00:00,59.19874075184697
2022-05-07T15:00:00,70.39882560398266
2022-05-07T16:00:00,80.11033199144445
2022-05-07T17:00:00,88.94699859619139
2022-05-07T18:00:00,94.24173570715863
2022-05-07T19:00:00,91.95571401844853
2022-05-07T20:00:00,89.44174426534902
2022-05-07T21:00:00,84.16782312807828
2022-05-07T22:00:00,77.2954632302989
2022-05-07T23:00:00,73.224249134893
2022-05-08T00:00:00,72.22750423265539
2022-05-08T01:00:00,71.86233089281164
2022-05-08T02:00:00,63.04581053360648
2022-05-08T03:00:00,45.08916888029679
2022-05-08T04:00:00,37.10562581601349
2022-05-08T05:00:00,34.39483028909434
2022-05-08T06:00:00,34.39412855065387
2022-05-08T07:00:00,35.05686834584112
2022-05-08T08:00:00,35.98681640624999
2022-05-08T09:00:00,37.4471259739088
2022-05-08T10:00:00,40.110121022100024
2022-05-08T11:00:00,45.38323261426842
2022-05-08T12:00:00,50.289260864257805
2022-05-08T13:00:00,53.607992421025806
2022-05-08T14:00:00,56.27352042820142
2022-05-08T15:00:00,60.048154582148
2022-05-08T16:00:00,65.71222802867058
2022-05-08T17:00:00,69.82834260360053
2022-05-08T18:00:00,72.15067175160283
2022-05-08T19:00:00,72.57339726323666
2022-05-08T20:00:00,72.06512136044708
2022-05-08T21:00:00,68.35372742362644
2022-05-08T22:00:00,66.11508858722189
2022-05-08T23:00:00,63.24182394276493
2022-05-09T00:00:00,62.65063526319421
2022-05-09T01:00:00,60.15726620218027
2022-05-09T02:00:00,54.22783030634341
2022-05-09T03:00:00,43.60025405883788
2022-05-09T04:00:00,40.42827888157056
2022-05-09T05:00:00,37.83555437170941
2022-05-09T06:00:00,37.24502845432447
2022-05-09T07:00:00,36.226010529891305
2022-05-09T08:00:00,35.32589705094047
2022-05-09T09:00:00,35.13030840002972
2022-05-09T10:00:00,36.031320820684016
2022-05-09T11:00:00,38.10041129070779
2022-05-09T12:00:00,39.68465523097826
2022-05-09T13:00:00,41.25687391861625
2022-05-09T14:00:00,42.98770340629246
2022-05-09T15:00:00,42.422272391941235
2022-05-09T16:00:00,41.57934321527895
2022-05-09T17:00:00,42.62474159572435
2022-05-09T18:00:00,42.87491458395253
2022-05-09T19:00:00,42.269055905549415
2022-05-09T20:00:00,42.14977679045304
2022-05-09T21:00:00,42.394272016442336
2022-05-09T22:00:00,42.646417203156844
2022-05-09T23:00:00,43.262586013130516
2022-05-10T00:00:00,43.29990851360818
2022-05-10T01:00:00,42.90190290368122
2022-05-10T02:00:00,40.28449813179348
2022-05-10T03:00:00,36.1323127746582
2022-05-10T04:00:00,34.04343994804051
2022-05-10T05:00:00,32.870728534200914
2022-05-10T06:00:00,31.55375887000042
2022-05-10T07:00:00,30.756376183551286
2022-05-10T08:00:00,31.07409037714419
2022-05-10T09:00:00,33.16648300834324
2022-05-10T10:00:00,39.258664504341446
2022-05-10T11:00:00,49.61378694617229
2022-05-10T12:00:00,58.05376782624617
2022-05-10T13:00:00,63.3553410405698
2022-05-10T14:00:00,66.3351408916971
2022-05-10T15:00:00,63.102304043977156
2022-05-10T16:00:00,59.36207066411557
2022-05-10T17:00:00,56.13839224110478
2022-05-10T18:00:00,53.21788837598717
2022-05-10T19:00:00,49.19909551869268
2022-05-10T20:00:00,46.55674975851307
2022-05-10T21:00:00,44.99882623423701
2022-05-10T22:00:00,43.97988841844641
2022-05-10T23:00:00,43.65151131671408
2022-05-11T00:00:00,43.73903622834578
2022-05-11T01:00:00,43.36993258932362
2022-05-11T02:00:00,38.72934291673743
2022-05-11T03:00:00,32.469673156738274
2022-05-11T04:00:00,31.120223999023438
2022-05-11T05:00:00,31.146125130031415
2022-05-11T06:00:00,31.22813257963761
2022-05-11T07:00:00,30.928043863047723
2022-05-11T08:00:00,30.997078605320137
2022-05-11T09:00:00,31.42240889176078
2022-05-11T10:00:00,32.50269848367442
2022-05-11T11:00:00,36.21431931205417
2022-05-11T12:00:00,40.204720041026235
2022-05-11T13:00:00,42.55313607920771
2022-05-11T14:00:00,45.047225620435626
2022-05-11T15:00:00,46.60989346711531
2022-05-11T16:00:00,45.40835256161896
2022-05-11T17:00:00,44.515858028246
2022-05-11T18:00:00,44.027699180271306
2022-05-11T19:00:00,43.00508266946544
2022-05-11T20:00:00,40.73257545802903
2022-05-11T21:00:00,39.95593444160793
2022-05-11T22:00:00,39.34081865393597
2022-05-11T23:00:00,39.16280862559443
2022-05-12T00:00:00,39.251228830088735
2022-05-12T01:00:00,38.13712758603303
2022-05-12T02:00:00,30.90514224508534
2022-05-12T03:00:00,23.225345528644063
2022-05-12T04:00:00,19.678549725076422
2022-05-12T05:00:00,17.371352237203848
2022-05-12T06:00:00,15.155741691589352
2022-05-12T07:00:00,13.515635241632875
2022-05-12T08:00:00,12.689656630806299
2022-05-12T09:00:00,14.013149759043817
2022-05-12T10:00:00,19.326594560042672
2022-05-12T11:00:00,25.325093393740445
2022-05-12T12:00:00,29.224231139473293
2022-05-12T13:00:00,30.935244104136586
2022-05-12T14:00:00,30.058363541312833
2022-05-12T15:00:00,25.903306214705754
2022-05-12T16:00:00,22.01888557102369
2022-05-12T17:00:00,19.937012796816617
2022-05-12T18:00:00,18.02676963806152
2022-05-12T19:00:00,16.444761193316914
2022-05-12T20:00:00,17.499533487402875
2022-05-12T21:00:00,21.702011108398434
2022-05-12T22:00:00,28.580239005710766
2022-05-12T23:00:00,32.52536682460619
2022-05-13T00:00:00,33.850250161212415
2022-05-13T01:00:00,35.6200415569803
2022-05-13T02:00:00,35.87812083700429
2022-05-13T03:00:00,22.401228614475414
2022-05-13T04:00:00,15.578024283699367
2022-05-13T05:00:00,13.225738442462422
2022-05-13T06:00:00,12.257704651874043
2022-05-13T07:00:00,11.595573217972463
2022-05-13T08:00:00,11.792222023010254
2022-05-13T09:00:00,12.388440132141113
2022-05-13T10:00:00,14.348905687746793
2022-05-13T11:00:00,22.513841297315512
2022-05-13T12:00:00,29.04131466409434
2022-05-13T13:00:00,28.84704722528872
2022-05-13T14:00:00,26.965784238732375
2022-05-13T15:00:00,27.347465017567508
2022-05-13T16:00:00,27.905587652455203
2022-05-13T17:00:00,27.968881275342856
2022-05-13T18:00:00,28.30384412019149
2022-05-13T19:00:00,26.34635601872983
2022-05-13T20:00:00,24.320282065350074
2022-05-13T21:00:00,23.499111756034516
2022-05-13T22:00:00,24.821801724641215
2022-05-13T23:00:00,27.079124367755387
2022-05-14T00:00:00,27.110443115234375
2022-05-14T01:00:00,28.43648106118907
2022-05-14T02:00:00,33.229938838792876
2022-05-14T03:00:00,27.67918959907863
2022-05-14T04:00:00,13.451007594232973
2022-05-14T05:00:00,11.155632475148076
2022-05-14T06:00:00,16.779559923254922
2022-05-14T07:00:00,18.99029482965884
2022-05-14T08:00:00,12.788354707800822
2022-05-14T09:00:00,10.933654743692147
2022-05-14T10:00:00,12.073085743448008
2022-05-14T11:00:00,15.759884668433148
2022-05-14T12:00:00,24.381643212359883
2022-05-14T13:00:00,31.96288714201554
2022-05-14T14:00:00,32.412856392238446
2022-05-14T15:00:00,26.345849907916524
2022-05-14T16:00:00,26.060974618662954
2022-05-14T17:00:00,29.42003581834876
2022-05-14T18:00:00,34.52787142214567
2022-05-14T19:00:00,44.049946660580844
2022-05-14T20:00:00,57.39006689320439
2022-05-14T21:00:00,65.09483635943869
2022-05-14T22:00:00,54.16429834780485
2022-05-14T23:00:00,27.832498135774028
2022-05-15T00:00:00,18.843167429384973
2022-05-15T01:00:00,17.57877851569134
2022-05-15T02:00:00,21.736945027890414
2022-05-15T03:00:00,19.111758107724395
2022-05-15T04:00:00,15.901755167090371
2022-05-15T05:00:00,13.554192833278488
2022-05-15T06:00:00,11.800281400265899
2022-05-15T07:00:00,11.20858690013056
2022-05-15T08:00:00,11.640702372011932
2022-05-15T09:00:00,12.745586478191871
2022-05-15T10:00:00,13.986327337182086
2022-05-15T11:00:00,17.18603349768597
2022-05-15T12:00:00,24.061727689660113
2022-05-15T13:00:00,29.13710967354152
2022-05-15T14:00:00,32.27395853788956
2022-05-15T15:00:00,35.63410593115764
2022-05-15T16:00:00,38.72876407789147
2022-05-15T17:00:00,40.771986754044235
2022-05-15T18:00:00,41.82319624527641
2022-05-15T19:00:00,41.491287894870915
2022-05-15T20:00:00,40.470564800760016
2022-05-15T21:00:00,39.44634860494862
2022-05-15T22:00:00,39.162900675898015
2022-05-15T23:00:00,39.200950622558594
2022-05-16T00:00:00,38.069025786026664
2022-05-16T01:00:00,33.82268167578655
2022-05-16T02:00:00,25.69273351586383
2022-05-16T03:00:00,19.851304842078164
2022-05-16T04:00:00,17.02086904774541
2022-05-16T05:00:00,15.610599227573559
2022-05-16T06:00:00,14.395008874976115
2022-05-16T07:00:00,13.377735303795854
2022-05-16T08:00:00,12.819514855094576
2022-05-16T09:00:00,12.633173901101816
2022-05-16T10:00:00,13.390575035758639
2022-05-16T11:00:00,15.691048663595446
2022-05-16T12:00:00,21.985948479693864
2022-05-16T13:00:00,30.165476259977915
2022-05-16T14:00:00,38.755801325259
2022-05-16T15:00:00,46.21604869676672
2022-05-16T16:00:00,51.65275888857634
2022-05-16T17:00:00,52.67192807404891
2022-05-16T18:00:00,44.48619842529297
2022-05-16T19:00:00,34.87396049499512
2022-05-16T20:00:00,30.652463747107458
2022-05-16T21:00:00,27.819467544555664
2022-05-16T22:00:00,27.150591062462844
2022-05-16T23:00:00,28.307376529859454
2022-05-17T00:00:00,28.533013136490528
2022-05-17T01:00:00,26.167287826538082
2022-05-17T02:00:00,21.289356895115063
2022-05-17T03:00:00,15.95744638857634
2022-05-17T04:00:00,13.66966546100119
2022-05-17T05:00:00,12.596431276072625
2022-05-17T06:00:00,11.61363236800484
2022-05-17T07:00:00,13.109190940856932
2022-05-17T08:00:00,14.579895890277362
2022-05-17T09:00:00,14.765174202297043
2022-05-17T10:00:00,16.987273589424465
2022-05-17T11:00:00,25.192995403123938
2022-05-17T12:00:00,30.208340935085126
2022-05-17T13:00:00,28.439768086309016
2022-05-17T14:00:00,24.2837438998015
2022-05-17T15:00:00,22.692500238833215
2022-05-17T16:00:00,25.29064609693444
2022-05-17T17:00:00,31.88904198356297
2022-05-17T18:00:00,38.27712697568147
2022-05-17T19:00:00,37.84767615276834
2022-05-17T20:00:00,33.06012750708538
2022-05-17T21:00:00,29.14499241372813
2022-05-17T22:00:00,27.25140870135763
2022-05-17T23:00:00,27.22665529665739
2022-05-18T00:00:00,27.849199792613152
2022-05-18T01:00:00,26.584023185398266
2022-05-18T02:00:00,20.314931454865828
2022-05-18T03:00:00,16.472670099009637
2022-05-18T04:00:00,14.77487746528957
2022-05-18T05:00:00,13.967122741367506
2022-05-18T06:00:00,13.559838336447008
2022-05-18T07:00:00,13.196642751279082
2022-05-18T08:00:00,13.070377847422721
2022-05-18T09:00:00,13.242365007815154
2022-05-18T10:00:00,13.78535743381666
2022-05-18T11:00:00,15.198749459308125
2022-05-18T12:00:00,18.63143249180006
2022-05-18T13:00:00,20.693234982697856
2022-05-18T14:00:00,23.164085719896395
2022-05-18T15:00:00,25.313514792400852
2022-05-18T16:00:00,27.772480425627332
2022-05-18T17:00:00,29.86101896866508
2022-05-18T18:00:00,30.23550066740616
2022-05-18T19:00:00,29.250081186709195
2022-05-18T20:00:00,28.014983218649157
2022-05-18T21:00:00,27.041673328565512
2022-05-18T22:00:00,26.329756778219465
2022-05-18T23:00:00,26.000853828761887
2022-05-19T00:00:00,25.949519033017364
2022-05-19T01:00:00,25.471352286960766
2022-05-19T02:00:00,20.483488995095957
2022-05-19T03:00:00,15.890024765678074
2022-05-19T04:00:00,14.334838908651598
2022-05-19T05:00:00,13.855554083119268
2022-05-19T06:00:00,13.87510063337243
2022-05-19T07:00:00,13.679089836452318
2022-05-19T08:00:00,13.583821835725203
2022-05-19T09:00:00,13.69130404099174
2022-05-19T10:00:00,14.514912646749744
2022-05-19T11:00:00,17.310232286867887
2022-05-19T12:00:00,23.239440503327742
2022-05-19T13:00:00,28.37522979404615
2022-05-19T14:00:00,32.431943644648015
2022-05-19T15:00:00,36.227605902630344
2022-05-19T16:00:00,38.060212342635445
2022-05-19T17:00:00,38.176854175070055
2022-05-19T18:00:00,36.720309547756024
2022-05-19T19:00:00,35.22305538343346
2022-05-19T20:00:00,34.05482084854789
2022-05-19T21:00:00,33.67927086871603
2022-05-19T22:00:00,34.47869549626889
2022-05-19T23:00:00,36.068223372749664
2022-05-20T00:00:00,38.311678513236664
2022-05-20T01:00:00,38.490820345671274
2022-05-20T02:00:00,28.148406153139856
2022-05-20T03:00:00,22.529894455619477
2022-05-20T04:00:00,20.550680575163465
2022-05-20T05:00:00,19.9293446748153
2022-05-20T06:00:00,19.637839358785875
2022-05-20T07:00:00,18.819500881692637
2022-05-20T08:00:00,18.36312343763268
2022-05-20T09:00:00,18.193944516389262
2022-05-20T10:00:00,18.471518889717434
2022-05-20T11:00:00,20.703736346700914
2022-05-20T12:00:00,27.68627291140349
2022-05-20T13:00:00,35.57930722443954
2022-05-20T14:00:00,41.59297362617824
2022-05-20T15:00:00,46.52977819028108
2022-05-20T16:00:00,49.09115550829016
2022-05-20T17:00:00,49.57412636798361
2022-05-20T18:00:00,47.98439639547596
2022-05-20T19:00:00,46.16604216202445
2022-05-20T20:00:00,44.170187742813766
2022-05-20T21:00:00,43.07472809501316
2022-05-20T22:00:00,42.33981290070906
2022-05-20T23:00:00,40.83667705370031
2022-05-21T00:00:00,38.638182764467984
2022-05-21T01:00:00,33.41795697419539
2022-05-21T02:00:00,22.855817380158797
2022-05-21T03:00:00,18.445797049480934
2022-05-21T04:00:00,16.60814907239831
2022-05-21T05:00:00,15.644011248712951
2022-05-21T06:00:00,15.138867585555364
2022-05-21T07:00:00,14.924076992532479
2022-05-21T08:00:00,14.747002145518426
2022-05-21T09:00:00,14.776663614355996
2022-05-21T10:00:00,15.332927372144615
2022-05-21T11:00:00,17.169375875721805
2022-05-21T12:00:00,22.52273020537003
2022-05-21T13:00:00,28.65444589697796
2022-05-21T14:00:00,32.88425022622813
2022-05-21T15:00:00,36.147826816724695
2022-05-21T16:00:00,36.3781215833581
2022-05-21T17:00:00,35.43993045972741
2022-05-21T18:00:00,35.005506349646524
2022-05-21T19:00:00,35.42002528646718
2022-05-21T20:00:00,36.68617920253587
2022-05-21T21:00:00,37.24949148426885
2022-05-21T22:00:00,35.652881871099055
2022-05-21T23:00:00,33.86688108029573
2022-05-22T00:00:00,33.537136243737265
2022-05-22T01:00:00,31.369612984035324
2022-05-22T02:00:00,22.186422348022457
2022-05-22T03:00:00,18.761852679045305
2022-05-22T04:00:00,17.32879182566767
2022-05-22T05:00:00,16.33898046742315
2022-05-22T06:00:00,15.644177519756814
2022-05-22T07:00:00,14.750508225482442
2022-05-22T08:00:00,14.051090323406717
2022-05-22T09:00:00,13.849816280862559
2022-05-22T10:00:00,14.257973961208178
2022-05-22T11:00:00,16.19476119331691
2022-05-22T12:00:00,22.334779407667078
2022-05-22T13:00:00,28.86201601443083
2022-05-22T14:00:00,32.845341889754586
2022-05-22T15:00:00,35.49618828814962
2022-05-22T16:00:00,36.15136635821798
2022-05-22T17:00:00,36.05088233947753
2022-05-22T18:00:00,36.34880256652832
2022-05-22T19:00:00,35.63844125167183
2022-05-22T20:00:00,33.206592808599055
2022-05-22T21:00:00,32.102979328321375
2022-05-22T22:00:00,32.79512803450874
2022-05-22T23:00:00,34.46781971143639
2022-05-23T00:00:00,35.95657041798467
2022-05-23T01:00:00,35.3691815086033
2022-05-23T02:00:00,24.333160649175227
2022-05-23T03:00:00,18.75188180674677
2022-05-23T04:00:00,16.639174917469852
2022-05-23T05:00:00,15.910230553668477
2022-05-23T06:00:00,15.4811198607735
2022-05-23T07:00:00,14.979332592176354
2022-05-23T08:00:00,13.978743511697518
2022-05-23T09:00:00,13.689764769180961
2022-05-23T10:00:00,14.853298809217366
2022-05-23T11:00:00,19.81331178416376
2022-05-23T12:00:00,30.715907884680703
2022-05-23T13:00:00,39.651346123736836
2022-05-23T14:00:00,44.15797756029212
2022-05-23T15:00:00,47.48806497325068
2022-05-23T16:00:00,45.86995697021484
2022-05-23T17:00:00,41.0590412305749
2022-05-23T18:00:00,39.757803377897844
2022-05-23T19:00:00,39.785591457201086
2022-05-23T20:00:00,37.71632401839546
2022-05-23T21:00:00,35.15258672963017
2022-05-23T22:00:00,34.293118518331774
2022-05-23T23:00:00,34.025708240011454
2022-05-24T00:00:00,33.172271479731016
2022-05-24T01:00:00,32.82444323664126
2022-05-24T02:00:00,25.973027021988578
2022-05-24T03:00:00,18.111798327902086
2022-05-24T04:00:00,15.222482391025707
2022-05-24T05:00:00,14.004298293072242
2022-05-24T06:00:00,13.36130030258842
2022-05-24T07:00:00,12.879150680873703
2022-05-24T08:00:00,12.66127590511156
2022-05-24T09:00:00,13.437381039495051
2022-05-24T10:00:00,14.68816740616508
2022-05-24T11:00:00,18.878387534100074
2022-05-24T12:00:00,27.233819049337633
2022-05-24T13:00:00,34.289464535920516
2022-05-24T14:00:00,38.775787353515625
2022-05-24T15:00:00,40.55289011416228
2022-05-24T16:00:00,38.97246070530103
2022-05-24T17:00:00,38.37649751746136
2022-05-24T18:00:00,37.16865100031313
2022-05-24T19:00:00,36.00064028864321
2022-05-24T20:00:00,36.007233661154046
2022-05-24T21:00:00,37.032403531281844
2022-05-24T22:00:00,38.08246098393979
2022-05-24T23:00:00,39.012861666472055
2022-05-25T00:00:00,39.31425940472146
2022-05-25T01:00:00,37.790761698847234
2022-05-25T02:00:00,24.764125658118203
2022-05-25T03:00:00,18.192494350930914
2022-05-25T04:00:00,16.994909369427223
2022-05-25T05:00:00,17.13196671527365
2022-05-25T06:00:00,17.57515716552734
2022-05-25T07:00:00,18.16973180356233
2022-05-25T08:00:00,18.786858102549676
2022-05-25T09:00:00,19.49559684421705
2022-05-25T10:00:00,21.389592543892235
2022-05-25T11:00:00,26.781197672304895
2022-05-25T12:00:00,34.55098177039105
2022-05-25T13:00:00,42.264389203942336
2022-05-25T14:00:00,50.64447684909985
2022-05-25T15:00:00,56.87869892949643
2022-05-25T16:00:00,59.401597727899954
2022-05-25T17:00:00,58.74878924825916
2022-05-25T18:00:00,57.24707893703294
2022-05-25T19:00:00,53.57579936151919
2022-05-25T20:00:00,51.123284381368876
2022-05-25T21:00:00,49.15799878991168
2022-05-25T22:00:00,46.65866636193317
2022-05-25T23:00:00,45.02913317473038
2022-05-26T00:00:00,44.02533108255137
2022-05-26T01:00:00,42.298198036525555
2022-05-26T02:00:00,35.46739229948624
2022-05-26T03:00:00,29.060194430143934
2022-05-26T04:00:00,23.831689419953715
2022-05-26T05:00:00,20.242803822393
2022-05-26T06:00:00,18.590352680372153
2022-05-26T07:00:00,18.42022000188413
2022-05-26T08:00:00,18.132322726042375
2022-05-26T09:00:00,17.21992899023968
2022-05-26T10:00:00,16.797906709753946
2022-05-26T11:00:00,19.078039583952528
2022-05-26T12:00:00,25.559561605038848
2022-05-26T13:00:00,31.82797805122707
2022-05-26T14:00:00,35.2901500204335
2022-05-26T15:00:00,37.5164386915124
2022-05-26T16:00:00,41.47522519982379
2022-05-26T17:00:00,44.72834064649499
2022-05-26T18:00:00,44.68592038361922
2022-05-26T19:00:00,42.615830297055446
2022-05-26T20:00:00,41.348209878672726
2022-05-26T21:00:00,39.99781898830248
2022-05-26T22:00:00,39.05522412839143
2022-05-26T23:00:00,37.573545373004414
2022-05-27T00:00:00,35.62350745823072
2022-05-27T01:00:00,35.660810221796446
2022-05-27T02:00:00,23.697334787119985
2022-05-27T03:00:00,18.03862488788107
2022-05-27T04:00:00,15.88535918360171
2022-05-27T05:00:00,14.852151041445522
2022-05-27T06:00:00,13.954648391060205
2022-05-27T07:00:00,13.629471530085022
2022-05-27T08:00:00,13.703104019165037
2022-05-27T09:00:00,13.665391797604768
2022-05-27T10:00:00,14.000149768331775
2022-05-27T11:00:00,15.999534358148988
2022-05-27T12:00:00,22.800556348717727
2022-05-27T13:00:00,33.287938325301454
2022-05-27T14:00:00,43.679970616879665
2022-05-27T15:00:00,50.936675693677806
2022-05-27T16:00:00,53.36679408861243
2022-05-27T17:00:00,51.600569849428915
2022-05-27T18:00:00,49.40862307341202
2022-05-27T19:00:00,46.359904579494305
2022-05-27T20:00:00,45.73536997256071
2022-05-27T21:00:00,44.05890108191448
2022-05-27T22:00:00,41.40396914274796
2022-05-27T23:00:00,37.60592336240022
2022-05-28T00:00:00,36.53789702705714
2022-05-28T01:00:00,34.545048423435375
2022-05-28T02:00:00,21.88141615494438
2022-05-28T03:00:00,15.31754448102868
2022-05-28T04:00:00,12.85099692966627
2022-05-28T05:00:00,11.261350051216457
2022-05-28T06:00:00,10.375491598378057
2022-05-28T07:00:00,10.288823708243992
2022-05-28T08:00:00,10.847797310870627
2022-05-28T09:00:00,11.960672710252844
2022-05-28T10:00:00,13.975718498229979
2022-05-28T11:00:00,18.786706261012863
2022-05-28T12:00:00,28.80579334756602
2022-05-28T13:00:00,36.16340562571649
2022-05-28T14:00:00,39.329077679177985
2022-05-28T15:00:00,41.24688836802607
2022-05-28T16:00:00,41.50584295521611
2022-05-28T17:00:00,36.417805796084195
2022-05-28T18:00:00,32.53001296001932
2022-05-28T19:00:00,30.165015179177985
2022-05-28T20:00:00,28.20453469649605
2022-05-28T21:00:00,27.884889270948324
2022-05-28T22:00:00,27.770127254983652
2022-05-28T23:00:00,26.936261052670684
2022-05-29T00:00:00,28.554095309713606
2022-05-29T01:00:00,31.250356508337934
2022-05-29T02:00:00,23.06953272612198
2022-05-29T03:00:00,14.190811115762461
2022-05-29T04:00:00,11.532679889513096
2022-05-29T05:00:00,10.647708768429961
2022-05-29T06:00:00,10.535356024037236
2022-05-29T07:00:00,10.700585033582604
2022-05-29T08:00:00,11.174770769865615
2022-05-29T09:00:00,11.841101936672043
2022-05-29T10:00:00,13.16092598956564
2022-05-29T11:00:00,17.101087404334027
2022-05-29T12:00:00,26.528333249299422
2022-05-29T13:00:00,34.29932718691618
2022-05-29T14:00:00,39.545933930770204
2022-05-29T15:00:00,42.60226672628651
2022-05-29T16:00:00,44.16142753932786
2022-05-29T17:00:00,43.992750914200485
2022-05-29T18:00:00,42.36346817016601
2022-05-29T19:00:00,40.49188365106997
2022-05-29T20:00:00,38.665650409200914
2022-05-29T21:00:00,36.710760033648945
2022-05-29T22:00:00,34.89655668839164
2022-05-29T23:00:00,33.41497437850288
2022-05-30T00:00:00,32.242508432139516
2022-05-30T01:00:00,30.380539106286086
2022-05-30T02:00:00,22.946176114289653
2022-05-30T03:00:00,15.06703546772832
2022-05-30T04:00:00,12.072754776996113
2022-05-30T05:00:00,10.901650055595066
2022-05-30T06:00:00,10.30757543315058
2022-05-30T07:00:00,9.959006433901578
2022-05-30T08:00:00,10.379036115563432
2022-05-30T09:00:00,12.365409809610117
2022-05-30T10:00:00,17.87216290183689
2022-05-30T11:00:00,28.224210490351137
2022-05-30T12:00:00,38.73387262095576
2022-05-30T13:00:00,45.02842662645422
2022-05-30T14:00:00,48.04119342306385
2022-05-30T15:00:00,47.68432119618291
2022-05-30T16:00:00,49.627722698709235
2022-05-30T17:00:00,56.752146679422125
2022-05-30T18:00:00,57.12874619857124
2022-05-30T19:00:00,40.35641446320907
2022-05-30T20:00:00,26.96616678652556
2022-05-30T21:00:00,24.7632767221202
2022-05-30T22:00:00,27.321590008942973
2022-05-30T23:00:00,29.724968122399364
2022-05-31T00:00:00,31.08660731108292
2022-05-31T01:00:00,31.984356921652086
2022-05-31T02:00:00,29.1273660245149
2022-05-31T03:00:00,20.31060094418733
2022-05-31T04:00:00,15.570844360019846
2022-05-31T05:00:00,14.062828105428943
2022-05-31T06:00:00,13.547182083129881
2022-05-31T07:00:00,13.228303826373555
2022-05-31T08:00:00,13.216748279073963
2022-05-31T09:00:00,14.102915100429367
2022-05-31T10:00:00,17.100525151128355
2022-05-31T11:00:00,23.337316513061523
2022-05-31T12:00:00,32.6585930534031
2022-05-31T13:00:00,39.37759548684825
2022-05-31T14:00:00,45.44770597374957
2022-05-31T15:00:00,48.99235667353091
2022-05-31T16:00:00,48.075325509776235
2022-05-31T17:00:00,46.73868560791015
2022-05-31T18:00:00,47.93540722390879
2022-05-31T19:00:00,47.742568969726555
2022-05-31T20:00:00,46.60057283484417
2022-05-31T21:00:00,44.69777198459791
2022-05-31T22:00:00,42.06319941645083
2022-05-31T23:00:00,42.249797821044915
2022-06-01T00:00:00,43.2276148588761
2022-06-01T01:00:00,43.42462008932362
2022-06-01T02:00:00,32.99808502197265
2022-06-01T03:00:00,20.68773203310759
2022-06-01T04:00:00,16.209807934968364
2022-06-01T05:00:00,15.169268566629158
2022-06-01T06:00:00,14.42350615625796
2022-06-01T07:00:00,13.228548588960065
2022-06-01T08:00:00,12.334650827490766
2022-06-01T09:00:00,12.163906263268512
2022-06-01T10:00:00,12.912525301394256
2022-06-01T11:00:00,16.395903048307996
2022-06-01T12:00:00,21.894883860712465
2022-06-01T13:00:00,26.433245866195012
2022-06-01T14:00:00,30.322048353112258
2022-06-01T15:00:00,34.19314011283543
2022-06-01T16:00:00,37.43108732804008
2022-06-01T17:00:00,40.98290086829144
2022-06-01T18:00:00,44.99636956919794
2022-06-01T19:00:00,46.86048093049423
2022-06-01T20:00:00,45.85955014436141
2022-06-01T21:00:00,43.2868481511655
2022-06-01T22:00:00,40.153886712115735
2022-06-01T23:00:00,37.966218865436055
2022-06-02T00:00:00,38.34099761299464
2022-06-02T01:00:00,38.4874849734099
2022-06-02T02:00:00,25.090923226397965
2022-06-02T03:00:00,18.40991086545198
2022-06-02T04:00:00,15.555445463761039
2022-06-02T05:00:00,13.844579945439877
2022-06-02T06:00:00,12.878578476283861
2022-06-02T07:00:00,12.42288195568582
2022-06-02T08:00:00,12.569473888563072
2022-06-02T09:00:00,13.271080929300057
2022-06-02T10:00:00,14.677500061366867
2022-06-02T11:00:00,19.244730410368543
2022-06-02T12:00:00,27.985391865605887
2022-06-02T13:00:00,33.7831102454144
2022-06-02T14:00:00,37.07986732151197
2022-06-02T15:00:00,42.087523584780484
2022-06-02T16:00:00,42.581501338792876
2022-06-02T17:00:00,39.74160235861073
2022-06-02T18:00:00,37.61632007101307
2022-06-02T19:00:00,36.27391077124553
2022-06-02T20:00:00,34.573211421137266
2022-06-02T21:00:00,31.78428293311077
2022-06-02T22:00:00,29.806061288584825
2022-06-02T23:00:00,27.542882504670516
2022-06-03T00:00:00,27.026039621104363
2022-06-03T01:00:00,26.000258072562836
2022-06-03T02:00:00,22.671286458554473
2022-06-03T03:00:00,20.313251992930535
2022-06-03T04:00:00,18.809806574945863
2022-06-03T05:00:00,17.53452798594599
2022-06-03T06:00:00,17.001697374426797
2022-06-03T07:00:00,17.036051294078
2022-06-03T08:00:00,17.63974836598272
2022-06-03T09:00:00,18.889645286228344
2022-06-03T10:00:00,21.315568094668176
2022-06-03T11:00:00,26.140832901000973
2022-06-03T12:00:00,30.29926880546238
2022-06-03T13:00:00,33.12506584499194
2022-06-03T14:00:00,35.03256905597189
2022-06-03T15:00:00,38.24416318147078
2022-06-03T16:00:00,42.63874568109926
2022-06-03T17:00:00,46.430307637090266
2022-06-03T18:00:00,49.53345273888629
2022-06-03T19:00:00,50.917060188625165
2022-06-03T20:00:00,48.41919658495031
2022-06-03T21:00:00,42.775879403819204
2022-06-03T22:00:00,40.638674694558844
2022-06-03T23:00:00,41.36195755004882
2022-06-04T00:00:00,42.88847168632176
2022-06-04T01:00:00,42.09855519170346
2022-06-04T02:00:00,33.272275675898015
2022-06-04T03:00:00,28.98540339262589
2022-06-04T04:00:00,27.15221910891325
2022-06-04T05:00:00,25.722862409508746
2022-06-04T06:00:00,24.803297623344086
2022-06-04T07:00:00,24.547462214594297
2022-06-04T08:00:00,24.50077554453974
2022-06-04T09:00:00,24.696381859157395
2022-06-04T10:00:00,25.411908854608946
2022-06-04T11:00:00,28.369600296020504
2022-06-04T12:00:00,36.40250960640285
2022-06-04T13:00:00,43.27915888247282
2022-06-04T14:00:00,47.816504271134086
2022-06-04T15:00:00,52.49866618280824
2022-06-04T16:00:00,56.9343440843665
2022-06-04T17:00:00,59.884417658266806
2022-06-04T18:00:00,60.7106356413468
2022-06-04T19:00:00,59.28545993307361
2022-06-04T20:00:00,57.523354405942165
2022-06-04T21:00:00,56.187379588251524
2022-06-04T22:00:00,55.09885522593623
2022-06-04T23:00:00,54.96197476594344
2022-06-05T00:00:00,55.330832937489376
2022-06-05T01:00:00,52.27033565355383
2022-06-05T02:00:00,37.31490873253864
2022-06-05T03:00:00,27.691523593405016
2022-06-05T04:00:00,23.11054039001465
2022-06-05T05:00:00,20.603608919226605
2022-06-05T06:00:00,19.110250390094258
2022-06-05T07:00:00,18.173763938572094
2022-06-05T08:00:00,17.44146877786387
2022-06-05T09:00:00,16.560764561528742
2022-06-05T10:00:00,16.429834946342133
2022-06-05T11:00:00,18.445539723271906
2022-06-05T12:00:00,23.664297352666438
2022-06-05T13:00:00,29.52312651924465
2022-06-05T14:00:00,34.968328558880344
2022-06-05T15:00:00,37.555044754691735
2022-06-05T16:00:00,39.37249888544496
2022-06-05T17:00:00,39.030932882557735
2022-06-05T18:00:00,38.434809477432914
2022-06-05T19:00:00,38.57582009356955
2022-06-05T20:00:00,39.14402953438137
2022-06-05T21:00:00,39.04943200816278
2022-06-05T22:00:00,38.798888994299844
2022-06-05T23:00:00,38.909175375233524
2022-06-06T00:00:00,39.367161958113954
2022-06-06T01:00:00,39.31115722656249
2022-06-06T02:00:00,35.96041538404381
2022-06-06T03:00:00,25.488144916036852
2022-06-06T04:00:00,20.166297415028446
2022-06-06T05:00:00,19.740993250971254
2022-06-06T06:00:00,19.13518598805303
2022-06-06T07:00:00,18.195500083591625
2022-06-06T08:00:00,18.450926573380176
2022-06-06T09:00:00,19.58096968609354
2022-06-06T10:00:00,20.21774333456288
2022-06-06T11:00:00,25.563709093176797
2022-06-06T12:00:00,32.60048435045325
2022-06-06T13:00:00,38.67115982719089
2022-06-06T14:00:00,43.23922430950662
2022-06-06T15:00:00,45.929960499639094
2022-06-06T16:00:00,46.172690847645626
2022-06-06T17:00:00,43.421739661175266
2022-06-06T18:00:00,38.18249992702318
2022-06-06T19:00:00,34.80819171407948
2022-06-06T20:00:00,32.96970433774201
2022-06-06T21:00:00,31.925013915352196
2022-06-06T22:00:00,31.653620927230172
2022-06-06T23:00:00,31.570125331049372
2022-06-07T00:00:00,32.26544463116189
2022-06-07T01:00:00,32.749828504479446
2022-06-07T02:00:00,24.754262509553325
2022-06-07T03:00:00,18.005291814389434
2022-06-07T04:00:00,15.498665975487746
2022-06-07T05:00:00,14.57504309778628
2022-06-07T06:00:00,14.72913650844408
2022-06-07T07:00:00,15.243767323701276
2022-06-07T08:00:00,16.0038483246513
2022-06-07T09:00:00,17.27120474110479
2022-06-07T10:00:00,19.479725464530613
2022-06-07T11:00:00,26.364043774812117
2022-06-07T12:00:00,37.1488154867421
2022-06-07T13:00:00,44.28593826293945
2022-06-07T14:00:00,49.46166842916737
2022-06-07T15:00:00,52.833807737930954
2022-06-07T16:00:00,54.24696151069972
2022-06-07T17:00:00,53.99037203581436
2022-06-07T18:00:00,53.84349773241126
2022-06-07T19:00:00,54.74477685016134
2022-06-07T20:00:00,54.17230970963187
2022-06-07T21:00:00,52.13229817929474
2022-06-07T22:00:00,49.09134790171747
2022-06-07T23:00:00,46.49877349190089
2022-06-08T00:00:00,46.20940880153489
2022-06-08T01:00:00,46.67247788802437
2022-06-08T02:00:00,34.81813994697902
2022-06-08T03:00:00,23.561401781828504
2022-06-08T04:00:00,19.467337732729703
2022-06-08T05:00:00,17.72296333312988
2022-06-08T06:00:00,17.10938984414805
2022-06-08T07:00:00,16.615512433259383
2022-06-08T08:00:00,15.798811829608418
2022-06-08T09:00:00,15.864509209342623
2022-06-08T10:00:00,17.50211823504904
2022-06-08T11:00:00,23.007811256076973
2022-06-08T12:00:00,32.90936934429666
2022-06-08T13:00:00,42.84471130371093
2022-06-08T14:00:00,47.103196683137305
2022-06-08T15:00:00,48.45794528463612
2022-06-08T16:00:00,48.958654818327524
2022-06-08T17:00:00,49.34278355474057
2022-06-08T18:00:00,50.726796523384415
2022-06-08T19:00:00,50.22151814336362
2022-06-08T20:00:00,47.966725556746766
2022-06-08T21:00:00,45.08328976838485
2022-06-08T22:00:00,43.80759595788043
2022-06-08T23:00:00,44.21075920436692
2022-06-09T00:00:00,45.39896857220193
2022-06-09T01:00:00,46.61288684347401
2022-06-09T02:00:00,37.32801180300505
2022-06-09T03:00:00,25.126367568969727
2022-06-09T04:00:00,21.377049155857254
2022-06-09T05:00:00,19.937314987182614
2022-06-09T06:00:00,19.942248137100883
2022-06-09T07:00:00,18.99097807511039
2022-06-09T08:00:00,17.492458841075067
2022-06-09T09:00:00,16.711140176524285
2022-06-09T10:00:00,17.706233729486875
2022-06-09T11:00:00,24.054300142371137
2022-06-09T12:00:00,33.215792282767914
2022-06-09T13:00:00,38.25823991195015
2022-06-09T14:00:00,39.35422217327615
2022-06-09T15:00:00,39.598939978558086
2022-06-09T16:00:00,40.101290080858305
2022-06-09T17:00:00,42.855358953061305
2022-06-09T18:00:00,45.582676265550695
2022-06-09T19:00:00,45.54492651897928
2022-06-09T20:00:00,44.01560741922129
2022-06-09T21:00:00,43.486944447393
2022-06-09T22:00:00,41.692686661430024
2022-06-09T23:00:00,41.08162838479746
2022-06-10T00:00:00,40.87792703379755
2022-06-10T01:00:00,37.634565187537156
2022-06-10T02:00:00,29.229649253513497
2022-06-10T03:00:00,19.17917906719705
2022-06-10T04:00:00,15.902896922567617
2022-06-10T05:00:00,14.609483096910559
2022-06-10T06:00:00,14.44680425395136
2022-06-10T07:00:00,14.205179587654445
2022-06-10T08:00:00,13.963810506074323
2022-06-10T09:00:00,13.597079981928285
2022-06-10T10:00:00,14.442021162613578
2022-06-10T11:00:00,18.00456557066544
2022-06-10T12:00:00,23.45086222109587
2022-06-10T13:00:00,27.575512347014048
2022-06-10T14:00:00,28.041057503741715
2022-06-10T15:00:00,28.89420534216839
2022-06-10T16:00:00,30.35768683060355
2022-06-10T17:00:00,31.5733294279679
2022-06-10T18:00:00,33.19936238164487
2022-06-10T19:00:00,33.06185614544412
2022-06-10T20:00:00,33.057770438816235
2022-06-10T21:00:00,32.974233046821915
2022-06-10T22:00:00,32.81565334485924
2022-06-10T23:00:00,28.790926228398856
2022-06-11T00:00:00,24.172457155974012
2022-06-11T01:00:00,22.196999508401618
2022-06-11T02:00:00,20.263524760370668
2022-06-11T03:00:00,17.235580817512844
2022-06-11T04:00:00,14.035715766575024
2022-06-11T05:00:00,12.744946562725563
2022-06-11T06:00:00,13.047632839368735
2022-06-11T07:00:00,13.844589233398436
2022-06-11T08:00:00,14.827725576317828
2022-06-11T09:00:00,15.95465440335481
2022-06-11T10:00:00,18.63358688354492
2022-06-11T11:00:00,22.15759691984757
2022-06-11T12:00:00,25.3468598904817
2022-06-11T13:00:00,28.855254712312114
2022-06-11T14:00:00,31.339666532433547
2022-06-11T15:00:00,35.390043756236196
2022-06-11T16:00:00,42.29198820694632
2022-06-11T17:00:00,48.0691962864088
2022-06-11T18:00:00,53.18372461070185
2022-06-11T19:00:00,54.948055433190376
2022-06-11T20:00:00,53.38633495828379
2022-06-11T21:00:00,52.86870309580927
2022-06-11T22:00:00,52.99665699834408
2022-06-11T23:00:00,53.99410363902216
2022-06-12T00:00:00,56.621412857719086
2022-06-12T01:00:00,58.15371637759001
2022-06-12T02:00:00,42.31119918823242
2022-06-12T03:00:00,27.19913698279339
2022-06-12T04:00:00,21.171063381692633
2022-06-12T05:00:00,19.583280231641684
2022-06-12T06:00:00,17.948146239570946
2022-06-12T07:00:00,17.614979702493414
2022-06-12T08:00:00,17.83773140285326
2022-06-12T09:00:00,18.044147657311477
2022-06-12T10:00:00,18.23554702427076
2022-06-12T11:00:00,20.764075901197348
2022-06-12T12:00:00,26.117344400157098
2022-06-12T13:00:00,29.488202136495836
2022-06-12T14:00:00,30.516160633253012
2022-06-12T15:00:00,32.54460533805515
2022-06-12T16:00:00,32.193546461022414
2022-06-12T17:00:00,33.34254903378694
2022-06-12T18:00:00,39.987635073454484
2022-06-12T19:00:00,48.33533013385274
2022-06-12T20:00:00,58.691602126411766
2022-06-12T21:00:00,65.17279019563095
2022-06-12T22:00:00,69.79322516399881
2022-06-12T23:00:00,59.87098295792289
2022-06-13T00:00:00,52.40522815870201
2022-06-13T01:00:00,47.44990804921025
2022-06-13T02:00:00,30.80306650244671
2022-06-13T03:00:00,24.146761852761973
2022-06-13T04:00:00,23.740641552469
2022-06-13T05:00:00,22.927429448003352
2022-06-13T06:00:00,21.07760570360266
2022-06-13T07:00:00,21.057937373285707
2022-06-13T08:00:00,21.448595129925273
2022-06-13T09:00:00,20.428861949754797
2022-06-13T10:00:00,20.029449960459832
2022-06-13T11:00:00,22.25013724617336
2022-06-13T12:00:00,31.124103629070778
2022-06-13T13:00:00,41.8544865483823
2022-06-13T14:00:00,51.01061895619267
2022-06-13T15:00:00,61.23001778644064
2022-06-13T16:00:00,67.16709601360817
2022-06-13T17:00:00,70.31152211064878
2022-06-13T18:00:00,69.29004917974058
2022-06-13T19:00:00,63.012972458549164
2022-06-13T20:00:00,50.737739397131875
2022-06-13T21:00:00,42.976755390996516
2022-06-13T22:00:00,39.01869185074515
2022-06-13T23:00:00,35.03269908739172
2022-06-14T00:00:00,34.40354463328486
2022-06-14T01:00:00,34.11954357313073
2022-06-14T02:00:00,25.15094956107761
2022-06-14T03:00:00,16.485797799151875
2022-06-14T04:00:00,13.699938939965287
2022-06-14T05:00:00,12.762659902157989
2022-06-14T06:00:00,13.243664202482803
2022-06-14T07:00:00,15.776074865589969
2022-06-14T08:00:00,19.038892828899876
2022-06-14T09:00:00,20.366593651149582
2022-06-14T10:00:00,25.550467698470403
2022-06-14T11:00:00,32.87145664380944
2022-06-14T12:00:00,35.3631769263226
2022-06-14T13:00:00,33.9343664749809
2022-06-14T14:00:00,34.53673719323199
2022-06-14T15:00:00,36.06414678822392
2022-06-14T16:00:00,41.314310820206344
2022-06-14T17:00:00,46.66862073151962
2022-06-14T18:00:00,53.67484266861625
2022-06-14T19:00:00,59.08819132265837
2022-06-14T20:00:00,56.60700076559315
2022-06-14T21:00:00,42.39676848701808
2022-06-14T22:00:00,38.207666314166524
2022-06-14T23:00:00,39.91722969386888
2022-06-15T00:00:00,39.55858744745669
2022-06-15T01:00:00,34.870966040569805
2022-06-15T02:00:00,23.402797118477196
2022-06-15T03:00:00,18.96372737055239
2022-06-15T04:00:00,16.32924295508343
2022-06-15T05:00:00,14.755127823871113
2022-06-15T06:00:00,13.571262940116549
2022-06-15T07:00:00,12.845558954321818
2022-06-15T08:00:00,12.64135062176248
2022-06-15T09:00:00,13.492862037990403
2022-06-15T10:00:00,15.967495171920113
2022-06-15T11:00:00,22.378649587216582
2022-06-15T12:00:00,35.842000795447305
2022-06-15T13:00:00,48.31527212391728
2022-06-15T14:00:00,60.21677116725755
2022-06-15T15:00:00,65.94096639881963
2022-06-15T16:00:00,63.44082144032353
2022-06-15T17:00:00,61.518672113833205
2022-06-15T18:00:00,64.35145618604578
2022-06-15T19:00:00,66.65165229465651
2022-06-15T20:00:00,65.67264158829398
2022-06-15T21:00:00,58.484714342200235
2022-06-15T22:00:00,55.603776019552484
2022-06-15T23:00:00,58.29934427012567
2022-06-16T00:00:00,62.80531692504883
2022-06-16T01:00:00,67.5444511745287
2022-06-16T02:00:00,72.38187308933423
2022-06-16T03:00:00,58.39477207349694
2022-06-16T04:00:00,32.73101773469344
2022-06-16T05:00:00,24.270291452822477
2022-06-16T06:00:00,18.845515624336574
2022-06-16T07:00:00,17.81842248336128
2022-06-16T08:00:00,18.99122088888417
2022-06-16T09:00:00,21.440990530926246
2022-06-16T10:00:00,26.10331303140391
2022-06-16T11:00:00,33.078330910724134
2022-06-16T12:00:00,46.32997164518936
2022-06-16T13:00:00,63.072047026261025
2022-06-16T14:00:00,78.13639466658881
2022-06-16T15:00:00,90.83144411833389
2022-06-16T16:00:00,98.722878165867
2022-06-16T17:00:00,96.14983036207116
2022-06-16T18:00:00,85.72584865404211
2022-06-16T19:00:00,80.17324032990828
2022-06-16T20:00:00,78.77817469057828
2022-06-16T21:00:00,70.25378053084663
2022-06-16T22:00:00,54.75601478244947
2022-06-16T23:00:00,45.92489358653193
2022-06-17T00:00:00,46.51584923785665
2022-06-17T01:00:00,47.84436366869055
2022-06-17T02:00:00,29.38605175847592
2022-06-17T03:00:00,20.96083583002505
2022-06-17T04:00:00,19.160496753195055
2022-06-17T05:00:00,18.147605398426883
2022-06-17T06:00:00,17.335767331330672
2022-06-17T07:00:00,16.729992576267406
2022-06-17T08:00:00,16.422653364098586
2022-06-17T09:00:00,16.22671508789062
2022-06-17T10:00:00,17.132544227268383
2022-06-17T11:00:00,21.526720461638075
2022-06-17T12:00:00,32.979202933933415
2022-06-17T13:00:00,50.272917042607844
2022-06-17T14:00:00,66.77266809214714
2022-06-17T15:00:00,74.29012530782947
2022-06-17T16:00:00,74.97157884680706
2022-06-17T17:00:00,73.24885194197944
2022-06-17T18:00:00,64.33848007865573
2022-06-17T19:00:00,53.939183774201766
2022-06-17T20:00:00,45.85547488668689
2022-06-17T21:00:00,42.454327127207875
2022-06-17T22:00:00,42.88659203570821
2022-06-17T23:00:00,44.503425929857336
2022-06-18T00:00:00,43.869117902672805
2022-06-18T01:00:00,39.82320072339928
2022-06-18T02:00:00,36.56282972252887
2022-06-18T03:00:00,30.456935882568356
2022-06-18T04:00:00,25.489742942478344
2022-06-18T05:00:00,22.826605340708856
2022-06-18T06:00:00,22.135960039885145
2022-06-18T07:00:00,23.034474994825278
2022-06-18T08:00:00,22.581271461818524
2022-06-18T09:00:00,21.08374852719514
2022-06-18T10:00:00,21.32603885816491
2022-06-18T11:00:00,25.074191217837125
2022-06-18T12:00:00,33.224053424337626
2022-06-18T13:00:00,41.77874590002972
2022-06-18T14:00:00,49.30712144271187
2022-06-18T15:00:00,53.54245094631029
2022-06-18T16:00:00,55.95171654742696
2022-06-18T17:00:00,59.17902241582455
2022-06-18T18:00:00,64.71573489645253
2022-06-18T19:00:00,70.49926127558169
2022-06-18T20:00:00,76.24387226934017
2022-06-18T21:00:00,80.82526430876358
2022-06-18T22:00:00,83.91740384309188
2022-06-18T23:00:00,84.2325678286345
2022-06-19T00:00:00,83.11329252823539
2022-06-19T01:00:00,80.42281573751698
2022-06-19T02:00:00,57.44087235823921
2022-06-19T03:00:00,35.922373232634165
2022-06-19T04:00:00,27.996463775634766
2022-06-19T05:00:00,24.06351985102114
2022-06-19T06:00:00,21.973230444866676
2022-06-19T07:00:00,21.393108782560926
2022-06-19T08:00:00,21.8574222067128
2022-06-19T09:00:00,22.094976508099098
2022-06-19T10:00:00,24.554229653399922
2022-06-19T11:00:00,31.68946788621985
2022-06-19T12:00:00,42.07746671593707
2022-06-19T13:00:00,49.64760257886803
2022-06-19T14:00:00,55.7498319874639
2022-06-19T15:00:00,58.794136710788884
2022-06-19T16:00:00,60.95160044794496
2022-06-19T17:00:00,64.25818915989088
2022-06-19T18:00:00,67.37890309872833
2022-06-19T19:00:00,67.82134528782055
2022-06-19T20:00:00,67.40731297368588
2022-06-19T21:00:00,65.89230694978133
2022-06-19T22:00:00,64.53284752887228
2022-06-19T23:00:00,63.646184506623634
2022-06-20T00:00:00,63.85473914768384
2022-06-20T01:00:00,64.48487638390581
2022-06-20T02:00:00,48.93432467916737
2022-06-20T03:00:00,30.392346921174422
2022-06-20T04:00:00,24.609962048737895
2022-06-20T05:00:00,22.29795862280804
2022-06-20T06:00:00,21.631316558174465
2022-06-20T07:00:00,21.59779548645019
2022-06-20T08:00:00,22.393177364183504
2022-06-20T09:00:00,25.406509979911466
2022-06-20T10:00:00,30.812307026075278
2022-06-20T11:00:00,40.875226228133485
2022-06-20T12:00:00,56.354808309803836
2022-06-20T13:00:00,65.74218899270763
2022-06-20T14:00:00,68.98877948263417
2022-06-20T15:00:00,69.4353145101796
2022-06-20T16:00:00,69.30713388194208
2022-06-20T17:00:00,69.83867993562117
2022-06-20T18:00:00,69.17183784816575
2022-06-20T19:00:00,63.80804310674253
2022-06-20T20:00:00,54.483619358228594
2022-06-20T21:00:00,47.62822474604067
2022-06-20T22:00:00,45.59498662533967
2022-06-20T23:00:00,45.648038615351126
2022-06-21T00:00:00,46.07625596419624
2022-06-21T01:00:00,42.621593309485384
2022-06-21T02:00:00,31.011840986168895
2022-06-21T03:00:00,24.990710963373598
2022-06-21T04:00:00,21.753580756809402
2022-06-21T05:00:00,19.9451905955439
2022-06-21T06:00:00,18.73908979996391
2022-06-21T07:00:00,18.15493716364321
2022-06-21T08:00:00,18.052928178206734
2022-06-21T09:00:00,18.792375232862387
2022-06-21T10:00:00,20.542155887769614
2022-06-21T11:00:00,24.522780625716496
2022-06-21T12:00:00,30.55148365186608
2022-06-21T13:00:00,36.2004804196565
2022-06-21T14:00:00,41.65044585518215
2022-06-21T15:00:00,45.60859398219896
2022-06-21T16:00:00,46.91280066448709
2022-06-21T17:00:00,48.76421007902726
2022-06-21T18:00:00,50.47956682288128
2022-06-21T19:00:00,49.058058365531586
2022-06-21T20:00:00,47.64419721520465
2022-06-21T21:00:00,46.438722029976226
2022-06-21T22:00:00,44.372993469238274
2022-06-21T23:00:00,41.55360777481742
2022-06-22T00:00:00,40.14198850548785
2022-06-22T01:00:00,40.78178986259128
2022-06-22T02:00:00,31.460600894430403
2022-06-22T03:00:00,23.60910838583241
2022-06-22T04:00:00,21.718345725018043
2022-06-22T05:00:00,21.576212924459703
2022-06-22T06:00:00,21.716090575508446
2022-06-22T07:00:00,22.047187556391172
2022-06-22T08:00:00,21.972328932388965
2022-06-22T09:00:00,22.685647301051926
2022-06-22T10:00:00,25.185361198757004
2022-06-22T11:00:00,31.31575385383938
2022-06-22T12:00:00,38.964273369830586
2022-06-22T13:00:00,44.87118779058041
2022-06-22T14:00:00,48.41372249437414
2022-06-22T15:00:00,51.61363701198411
2022-06-22T16:00:00,55.6198614369268
2022-06-22T17:00:00,55.53450924417246
2022-06-22T18:00:00,50.412509254787274
2022-06-22T19:00:00,45.62244896266771
2022-06-22T20:00:00,44.63172763326893
2022-06-22T21:00:00,45.6069569795028
2022-06-22T22:00:00,46.054484823475704
2022-06-22T23:00:00,44.95519903431767
2022-06-23T00:00:00,42.99897351472274
2022-06-23T01:00:00,41.02145651112432
2022-06-23T02:00:00,31.628341591876488
2022-06-23T03:00:00,22.898272887520168
2022-06-23T04:00:00,20.338219518246856
2022-06-23T05:00:00,19.54752391317616
2022-06-23T06:00:00,19.48228189219599
2022-06-23T07:00:00,20.019685828167457
2022-06-23T08:00:00,20.823628715846848
2022-06-23T09:00:00,21.51542041612708
2022-06-23T10:00:00,22.693105697631836
2022-06-23T11:00:00,25.69915846119756
2022-06-23T12:00:00,32.056734499724016
2022-06-23T13:00:00,40.951106527577274
2022-06-23T14:00:00,48.87240899127462
2022-06-23T15:00:00,55.4836312998896
2022-06-23T16:00:00,61.168164294698954
2022-06-23T17:00:00,64.07833563763161
2022-06-23T18:00:00,67.69434290346892
2022-06-23T19:00:00,69.93422732145889
2022-06-23T20:00:00,69.5177937383237
2022-06-23T21:00:00,67.95051292751145
2022-06-23T22:00:00,65.47486694999361
2022-06-23T23:00:00,61.613236800484025
2022-06-24T00:00:00,58.15787721716839
2022-06-24T01:00:00,56.784167745838985
2022-06-24T02:00:00,48.66492412401282
2022-06-24T03:00:00,31.94790981126868
2022-06-24T04:00:00,26.28565207771633
2022-06-24T05:00:00,23.4673261227815
2022-06-24T06:00:00,21.811273326044496
2022-06-24T07:00:00,21.027948047803793
2022-06-24T08:00:00,21.12857677625573
2022-06-24T09:00:00,21.49503873742145
2022-06-24T10:00:00,21.026082163271695
2022-06-24T11:00:00,22.57470089456309
2022-06-24T12:00:00,28.682577050250508
2022-06-24T13:00:00,36.227464261262305
2022-06-24T14:00:00,42.44184892073921
2022-06-24T15:00:00,45.97182928997537
2022-06-24T16:00:00,46.99097061157226
2022-06-24T17:00:00,44.204667962115735
2022-06-24T18:00:00,41.54951095581055
2022-06-24T19:00:00,37.632262354311734
2022-06-24T20:00:00,32.88745233286982
2022-06-24T21:00:00,29.24431875477666
2022-06-24T22:00:00,27.194527004076086
2022-06-24T23:00:00,26.19304748203443
2022-06-25T00:00:00,23.66770661395529
2022-06-25T01:00:00,21.156595395958938
2022-06-25T02:00:00,18.881033773007598
2022-06-25T03:00:00,15.4406275541886
2022-06-25T04:00:00,13.360427939373512
2022-06-25T05:00:00,12.021828153859014
2022-06-25T06:00:00,11.233453377433444
2022-06-25T07:00:00,10.613296633181363
2022-06-25T08:00:00,10.414085512575895
2022-06-25T09:00:00,11.013782708541205
2022-06-25T10:00:00,12.12940444117007
2022-06-25T11:00:00,13.963575860728387
2022-06-25T12:00:00,16.964513737222422
2022-06-25T13:00:00,18.920500713845957
2022-06-25T14:00:00,20.42887156942616
2022-06-25T15:00:00,22.010955976403274
2022-06-25T16:00:00,22.95108305889627
2022-06-25T17:00:00,23.450683842534602
2022-06-25T18:00:00,24.108662563821543
2022-06-25T19:00:00,24.540808470352832
2022-06-25T20:00:00,24.894390437913973
2022-06-25T21:00:00,26.333237689474352
2022-06-25T22:00:00,28.017257607501485
2022-06-25T23:00:00,29.226918759553328
2022-06-26T00:00:00,28.45788242505944
2022-06-26T01:00:00,23.708420960799504
2022-06-26T02:00:00,17.25817962314771
2022-06-26T03:00:00,15.196255974147629
2022-06-26T04:00:00,14.077097063479215
2022-06-26T05:00:00,13.283482178397799
2022-06-26T06:00:00,12.763777940169625
2022-06-26T07:00:00,12.71698238538659
2022-06-26T08:00:00,12.770848274230955
2022-06-26T09:00:00,12.821387829987897
2022-06-26T10:00:00,13.11420200182044
2022-06-26T11:00:00,15.112167316934336
2022-06-26T12:00:00,19.07636675627335
2022-06-26T13:00:00,22.419511960900348
2022-06-26T14:00:00,26.22991387740425
2022-06-26T15:00:00,28.376144409179684
2022-06-26T16:00:00,28.331169045489766
2022-06-26T17:00:00,28.284263196198832
2022-06-26T18:00:00,27.691344551418137
2022-06-26T19:00:00,28.216206592062242
2022-06-26T20:00:00,28.546524462492567
2022-06-26T21:00:00,28.066274394159727
2022-06-26T22:00:00,27.490413168202274
2022-06-26T23:00:00,27.047040773474645
2022-06-27T00:00:00,26.843946373980977
2022-06-27T01:00:00,25.028142099795133
2022-06-27T02:00:00,18.416570165882938
2022-06-27T03:00:00,17.893622356912363
2022-06-27T04:00:00,18.115181300951086
2022-06-27T05:00:00,18.209087703538977
2022-06-27T06:00:00,18.36954921224843
2022-06-27T07:00:00,18.753683670707368
2022-06-27T08:00:00,19.445025153782055
2022-06-27T09:00:00,20.627025521319844
2022-06-27T10:00:00,22.19941023121709
2022-06-27T11:00:00,24.284346953682277
2022-06-27T12:00:00,30.76122988825259
2022-06-27T13:00:00,38.97641837078592
2022-06-27T14:00:00,46.15638168998386
2022-06-27T15:00:00,51.357327502706774
2022-06-27T16:00:00,56.7233420662258
2022-06-27T17:00:00,61.80409688534943
2022-06-27T18:00:00,59.48665187669836
2022-06-27T19:00:00,55.40407976896866
2022-06-27T20:00:00,50.355786033298656
2022-06-27T21:00:00,46.768289151399024
2022-06-27T22:00:00,45.77842248004415
2022-06-27T23:00:00,46.38246287470278
2022-06-28T00:00:00,47.770344112230376
2022-06-28T01:00:00,50.47585031260614
2022-06-28T02:00:00,34.421276258385696
2022-06-28T03:00:00,28.07058135322902
2022-06-28T04:00:00,25.786433261373766
2022-06-28T05:00:00,24.936341741810672
2022-06-28T06:00:00,24.431683830592938
2022-06-28T07:00:00,24.35796381079632
2022-06-28T08:00:00,24.822304518326465
2022-06-28T09:00:00,25.323286139446754
2022-06-28T10:00:00,25.61561418616253
2022-06-28T11:00:00,27.29787005548891
2022-06-28T12:00:00,33.706390546715774
2022-06-28T13:00:00,41.309736666472055
2022-06-28T14:00:00,46.899475429369055
2022-06-28T15:00:00,51.53800898012907
2022-06-28T16:00:00,54.12983952397885
2022-06-28T17:00:00,57.07758596669072
2022-06-28T18:00:00,58.72455265211022
2022-06-28T19:00:00,57.338412243386976
2022-06-28T20:00:00,53.44494114751401
2022-06-28T21:00:00,49.674561376157
2022-06-28T22:00:00,47.45140722523564
2022-06-28T23:00:00,47.68154243800951
2022-06-29T00:00:00,47.630823715873376
2022-06-29T01:00:00,42.778740260912016
2022-06-29T02:00:00,29.928444074547805
2022-06-29T03:00:00,24.86071080746858
2022-06-29T04:00:00,22.75701696976371
2022-06-29T05:00:00,21.282307666280992
2022-06-29T06:00:00,20.605175598807953
2022-06-29T07:00:00,21.159233507902727
2022-06-29T08:00:00,22.56363843834918
2022-06-29T09:00:00,24.303413556969684
2022-06-29T10:00:00,26.413736840952996
2022-06-29T11:00:00,30.16908073425293
2022-06-29T12:00:00,34.15513776696246
2022-06-29T13:00:00,36.318944184676454
2022-06-29T14:00:00,39.80006491619607
2022-06-29T15:00:00,42.30302910182787
2022-06-29T16:00:00,42.155865379001774
2022-06-29T17:00:00,41.93414306640624
2022-06-29T18:00:00,41.80981826782226
2022-06-29T19:00:00,40.38273388406504
2022-06-29T20:00:00,38.046654742697
2022-06-29T21:00:00,35.034752555515446
2022-06-29T22:00:00,35.42530540798021
2022-06-29T23:00:00,32.25571682142175
2022-06-30T00:00:00,30.343350617781926
2022-06-30T01:00:00,27.90782729439113
2022-06-30T02:00:00,22.683675600134805
2022-06-30T03:00:00,20.658509544704266
2022-06-30T04:00:00,19.797325383061946
2022-06-30T05:00:00,18.88783090010933
2022-06-30T06:00:00,18.039217658664867
2022-06-30T07:00:00,17.44128276990807
2022-06-30T08:00:00,16.799474218617313
2022-06-30T09:00:00,16.116872372834578
2022-06-30T10:00:00,16.459775510041606
2022-06-30T11:00:00,19.519827718320098
2022-06-30T12:00:00,24.440355798472527
2022-06-30T13:00:00,28.525654170824133
2022-06-30T14:00:00,32.01478908372962
2022-06-30T15:00:00,34.89530712625255
2022-06-30T16:00:00,37.293120840321414
2022-06-30T17:00:00,38.116925281027086
2022-06-30T18:00:00,37.471720985744305
2022-06-30T19:00:00,37.32877250339673
2022-06-30T20:00:00,38.791812399159305
2022-06-30T21:00:00,41.92403378693953
2022-06-30T22:00:00,45.68232975835385
2022-06-30T23:00:00,48.1323766293733
2022-07-01T00:00:00,46.88008399631666
2022-07-01T01:00:00,41.18581523065981
2022-07-01T02:00:00,29.687580772068184
2022-07-01T03:00:00,25.38551861306895
2022-07-01T04:00:00,23.49684715270996
2022-07-01T05:00:00,22.450971271680746
2022-07-01T06:00:00,21.560564704563305
2022-07-01T07:00:00,20.634081881979235
2022-07-01T08:00:00,19.844613033792243
2022-07-01T09:00:00,19.399980213331137
2022-07-01T10:00:00,19.491660574208133
2022-07-01T11:00:00,22.120957996534262
2022-07-01T12:00:00,31.156941704128098
2022-07-01T13:00:00,42.417548967444375
2022-07-01T14:00:00,49.56359249612559
2022-07-01T15:00:00,56.57096514494522
2022-07-01T16:00:00,58.38833153766134
2022-07-01T17:00:00,56.912513401197344
2022-07-01T18:00:00,54.59132965751316
2022-07-01T19:00:00,50.82337089206861
2022-07-01T20:00:00,44.22321402508279
2022-07-01T21:00:00,39.83800191464631
2022-07-01T22:00:00,37.159336919369906
2022-07-01T23:00:00,34.77373371953549
2022-07-02T00:00:00,34.05629862909731
2022-07-02T01:00:00,33.095182667607844
2022-07-02T02:00:00,25.315127331277594
2022-07-02T03:00:00,20.28248430335003
2022-07-02T04:00:00,18.25242067419964
2022-07-02T05:00:00,17.22870801842731
2022-07-02T06:00:00,16.250354020491887
2022-07-02T07:00:00,15.840287125628924
2022-07-02T08:00:00,16.5580706389054
2022-07-02T09:00:00,17.945620578268297
2022-07-02T10:00:00,20.24549351567807
2022-07-02T11:00:00,26.151753052421235
2022-07-02T12:00:00,36.63029363880987
2022-07-02T13:00:00,45.74231321915336
2022-07-02T14:00:00,50.641100842019775
2022-07-02T15:00:00,50.237997303838306
2022-07-02T16:00:00,49.41817922177522
2022-07-02T17:00:00,50.1320978247601
2022-07-02T18:00:00,49.55147121263587
2022-07-02T19:00:00,47.26198826665463
2022-07-02T20:00:00,44.95550802479619
2022-07-02T21:00:00,43.25914631719174
2022-07-02T22:00:00,41.72801905092985
2022-07-02T23:00:00,40.87465899923573
2022-07-03T00:00:00,39.40194735319718
2022-07-03T01:00:00,38.72523299507472
2022-07-03T02:00:00,33.469381332397454
2022-07-03T03:00:00,22.4734820490298
2022-07-03T04:00:00,19.46847517594047
2022-07-03T05:00:00,18.50924309440281
2022-07-03T06:00:00,18.746723672618035
2022-07-03T07:00:00,19.55309652245563
2022-07-03T08:00:00,21.498322777126145
2022-07-03T09:00:00,23.96833867612092
2022-07-03T10:00:00,28.70979781772779
2022-07-03T11:00:00,37.21312133125637
2022-07-03T12:00:00,46.402968696925946
2022-07-03T13:00:00,53.32453056003735
2022-07-03T14:00:00,53.04121233069378
2022-07-03T15:00:00,46.68927267323369
2022-07-03T16:00:00,42.036232823910915
2022-07-03T17:00:00,42.04607242086659
2022-07-03T18:00:00,41.47513032996137
2022-07-03T19:00:00,38.11330911387568
2022-07-03T20:00:00,35.275604911472485
2022-07-03T21:00:00,33.383467881575875
2022-07-03T22:00:00,32.31076870793881
2022-07-03T23:00:00,32.083342842433765
2022-07-04T00:00:00,32.35034105052118
2022-07-04T01:00:00,32.27550390492314
2022-07-04T02:00:00,28.52292832084324
2022-07-04T03:00:00,26.637566773787785
2022-07-04T04:00:00,25.39503420954165
2022-07-04T05:00:00,24.42806633659031
2022-07-04T06:00:00,23.774823644886844
2022-07-04T07:00:00,22.842856946198836
2022-07-04T08:00:00,22.213964545208473
2022-07-04T09:00:00,22.755895863408625
2022-07-04T10:00:00,25.747206397678536
2022-07-04T11:00:00,33.14696867569632
2022-07-04T12:00:00,42.64092039025348
2022-07-04T13:00:00,50.528675742771306
2022-07-04T14:00:00,58.47697498487389
2022-07-04T15:00:00,62.85545531563136
2022-07-04T16:00:00,62.175161444622525
2022-07-04T17:00:00,56.81605546370796
2022-07-04T18:00:00,49.58505049995753
2022-07-04T19:00:00,43.027596183445134
2022-07-04T20:00:00,39.17915974492611
2022-07-04T21:00:00,37.68459071283755
2022-07-04T22:00:00,35.88320616017217
2022-07-04T23:00:00,34.74706956614619
2022-07-05T00:00:00,33.948452990988024
2022-07-05T01:00:00,33.693411702695094
2022-07-05T02:00:00,28.708280812139098
2022-07-05T03:00:00,28.090546649435293
2022-07-05T04:00:00,28.60670943882154
2022-07-05T05:00:00,27.578413921853766
2022-07-05T06:00:00,26.7789018050484
2022-07-05T07:00:00,26.324001892753266
2022-07-05T08:00:00,25.169755189315133
2022-07-05T09:00:00,23.98909129267153
2022-07-05T10:00:00,23.51475840029509
2022-07-05T11:00:00,24.321106454600454
2022-07-05T12:00:00,26.810561802076254
2022-07-05T13:00:00,30.121638919996176
2022-07-05T14:00:00,32.72559298639712
2022-07-05T15:00:00,34.12607673976732
2022-07-05T16:00:00,35.37795041955035
2022-07-05T17:00:00,36.8587532043457
2022-07-05T18:00:00,37.32675104555875
2022-07-05T19:00:00,37.55737006145974
2022-07-05T20:00:00,38.32010775027067
2022-07-05T21:00:00,38.59706845490828
2022-07-05T22:00:00,38.535255100416094
2022-07-05T23:00:00,38.52181625366211
2022-07-06T00:00:00,38.60815371637758
2022-07-06T01:00:00,38.108796990436055
2022-07-06T02:00:00,32.578470561815344
2022-07-06T03:00:00,25.68803430640179
2022-07-06T04:00:00,22.54456627887228
2022-07-06T05:00:00,21.994076521500293
2022-07-06T06:00:00,21.193949077440344
2022-07-06T07:00:00,20.594309599503223
2022-07-06T08:00:00,20.535850110261336
2022-07-06T09:00:00,20.241350339806594
2022-07-06T10:00:00,21.46488057012143
2022-07-06T11:00:00,26.66900178660517
2022-07-06T12:00:00,32.222231574680485
2022-07-06T13:00:00,33.42505206232485
2022-07-06T14:00:00,33.048882774684735
2022-07-06T15:00:00,33.52054637411366
2022-07-06T16:00:00,35.475059011708126
2022-07-06T17:00:00,39.09265070376189
2022-07-06T18:00:00,41.73481717317
2022-07-06T19:00:00,43.14989521192468
2022-07-06T20:00:00,41.14886905836022
2022-07-06T21:00:00,37.79491772858993
2022-07-06T22:00:00,35.541016454282016
2022-07-06T23:00:00,34.291744646818735
2022-07-07T00:00:00,34.482679864634626
2022-07-07T01:00:00,35.02047265094259
2022-07-07T02:00:00,35.89706089185631
2022-07-07T03:00:00,30.089118294093915
2022-07-07T04:00:00,26.362214212832242
2022-07-07T05:00:00,24.909482458363406
2022-07-07T06:00:00,23.465468779854152
2022-07-07T07:00:00,22.697973665983778
2022-07-07T08:00:00,23.20245037908139
2022-07-07T09:00:00,24.922700881958004
2022-07-07T10:00:00,27.616204717884887
2022-07-07T11:00:00,31.018029337343958
2022-07-07T12:00:00,34.42817190419072
2022-07-07T13:00:00,39.76617614082667
2022-07-07T14:00:00,46.22044588171917
2022-07-07T15:00:00,51.14784821220066
2022-07-07T16:00:00,53.433868574059524
2022-07-07T17:00:00,55.53300094604492
2022-07-07T18:00:00,57.125493588654884
2022-07-07T19:00:00,57.06216281393299
2022-07-07T20:00:00,55.510148753290586
2022-07-07T21:00:00,53.11165353526239
2022-07-07T22:00:00,50.40000600400178
2022-07-07T23:00:00,47.77867076707923
2022-07-08T00:00:00,44.87379223367442
2022-07-08T01:00:00,41.39589376034944
2022-07-08T02:00:00,36.45527964052947
2022-07-08T03:00:00,31.669595386670977
2022-07-08T04:00:00,29.941217090772543
2022-07-08T05:00:00,29.50237879545792
2022-07-08T06:00:00,29.00435165736986
2022-07-08T07:00:00,28.752010594243583
2022-07-08T08:00:00,28.50431019326915
2022-07-08T09:00:00,28.92504426707392
2022-07-08T10:00:00,30.299073426619817
2022-07-08T11:00:00,33.12680202981699
2022-07-08T12:00:00,37.207709602687665
2022-07-08T13:00:00,41.55242787236753
2022-07-08T14:00:00,45.980861497961946
2022-07-08T15:00:00,48.50353141452955
2022-07-08T16:00:00,49.87914043924082
2022-07-08T17:00:00,48.48355981577997
2022-07-08T18:00:00,49.06958422453506
2022-07-08T19:00:00,46.90178232607634
2022-07-08T20:00:00,44.74026605357294
2022-07-08T21:00:00,42.703684931216024
2022-07-08T22:00:00,39.319548565408454
2022-07-08T23:00:00,36.84584891277811
2022-07-09T00:00:00,34.9916877746582
2022-07-09T01:00:00,33.12225781316342
2022-07-09T02:00:00,30.204315931900688
2022-07-09T03:00:00,25.34237181622049
2022-07-09T04:00:00,22.771340079929516
2022-07-09T05:00:00,22.620284536610477
2022-07-09T06:00:00,22.684141324914016
2022-07-09T07:00:00,21.94899923905082
2022-07-09T08:00:00,22.1305571017058
2022-07-09T09:00:00,23.13189290917438
2022-07-09T10:00:00,24.717048230378523
2022-07-09T11:00:00,28.463606046593704
2022-07-09T12:00:00,32.81505999357804
2022-07-09T13:00:00,33.907863285230555
2022-07-09T14:00:00,35.674976348876946
2022-07-09T15:00:00,38.37925371916397
2022-07-09T16:00:00,41.0716964058254
2022-07-09T17:00:00,44.33906886888587
2022-07-09T18:00:00,44.15425955730936
2022-07-09T19:00:00,38.902121999989376
2022-07-09T20:00:00,34.277080038319454
2022-07-09T21:00:00,33.7369388912035
2022-07-09T22:00:00,34.70403853706691
2022-07-09T23:00:00,34.10854281549868
2022-07-10T00:00:00,30.535311657449473
2022-07-10T01:00:00,27.92028518345045
2022-07-10T02:00:00,21.737344658893086
2022-07-10T03:00:00,19.115319542262863
2022-07-10T04:00:00,16.936978796254028
2022-07-10T05:00:00,16.02985033781632
2022-07-10T06:00:00,15.674372548642364
2022-07-10T07:00:00,14.790136668993078
2022-07-10T08:00:00,14.26249545553456
2022-07-10T09:00:00,15.906814533731211
2022-07-10T10:00:00,18.2894404867421
2022-07-10T11:00:00,20.7203777976658
2022-07-10T12:00:00,22.660341511601988
2022-07-10T13:00:00,24.426678284354832
2022-07-10T14:00:00,26.90434231965438
2022-07-10T15:00:00,29.206403649371598
2022-07-10T16:00:00,30.400051365727958
2022-07-10T17:00:00,30.566327882849652
2022-07-10T18:00:00,29.60585494663404
2022-07-10T19:00:00,27.468496571416434
2022-07-10T20:00:00,26.481091706649114
2022-07-10T21:00:00,27.035286530204438
2022-07-10T22:00:00,27.44297707599142
2022-07-10T23:00:00,27.90550372911536
2022-07-11T00:00:00,28.445084115733266
2022-07-11T01:00:00,27.83466629360033
2022-07-11T02:00:00,26.369414868562117
2022-07-11T03:00:00,22.72557051285453
2022-07-11T04:00:00,19.914409471594766
2022-07-11T05:00:00,18.77504365340523
2022-07-11T06:00:00,18.586123922596805
2022-07-11T07:00:00,18.721079204393465
2022-07-11T08:00:00,19.072482896887735
2022-07-11T09:00:00,19.37998423369034
2022-07-11T10:00:00,20.08988645802373
2022-07-11T11:00:00,23.76680166825004
2022-07-11T12:00:00,28.767621164736536
2022-07-11T13:00:00,32.163926000180446
2022-07-11T14:00:00,34.947075968203336
2022-07-11T15:00:00,37.48806364639945
2022-07-11T16:00:00,39.11316664322562
2022-07-11T17:00:00,40.56014384394106
2022-07-11T18:00:00,41.563849241837204
2022-07-11T19:00:00,42.542989979619556
2022-07-11T20:00:00,43.53464192929475
2022-07-11T21:00:00,43.624852387801454
2022-07-11T22:00:00,41.56939183110776
2022-07-11T23:00:00,40.397835441257634
2022-07-12T00:00:00,42.14858826347019
2022-07-12T01:00:00,39.79248527858568
2022-07-12T02:00:00,27.16643549048382
2022-07-12T03:00:00,20.890475812165633
2022-07-12T04:00:00,17.91302432184634
2022-07-12T05:00:00,16.071640097576633
2022-07-12T06:00:00,14.791386272596275
2022-07-12T07:00:00,14.320825286533521
2022-07-12T08:00:00,14.317892572154168
2022-07-12T09:00:00,14.186012185138203
2022-07-12T10:00:00,14.317674885625424
2022-07-12T11:00:00,15.866561889648438
2022-07-12T12:00:00,19.584854789402172
2022-07-12T13:00:00,23.333629193513286
2022-07-12T14:00:00,24.71152031939962
2022-07-12T15:00:00,25.715538854184356
2022-07-12T16:00:00,26.018589766129203
2022-07-12T17:00:00,26.53663718182107
2022-07-12T18:00:00,26.155563354492184
2022-07-12T19:00:00,25.588865860648777
2022-07-12T20:00:00,25.238784624182657
2022-07-12T21:00:00,25.193697141564407
2022-07-12T22:00:00,24.371384827987004
2022-07-12T23:00:00,23.863961261251696
2022-07-13T00:00:00,23.342981172644574
2022-07-13T01:00:00,21.8307466092317
2022-07-13T02:00:00,17.49806909975798
2022-07-13T03:00:00,15.599485977836276
2022-07-13T04:00:00,14.794488492219344
2022-07-13T05:00:00,14.459847574648647
2022-07-13T06:00:00,13.918019502059272
2022-07-13T07:00:00,13.75980227926503
2022-07-13T08:00:00,14.214699869570524
2022-07-13T09:00:00,14.884767822597334
2022-07-13T10:00:00,15.64530791407046
2022-07-13T11:00:00,17.341163966966707
2022-07-13T12:00:00,20.06771311552628
2022-07-13T13:00:00,22.502348360807996
2022-07-13T14:00:00,25.30501780302628
2022-07-13T15:00:00,28.414571181587547
2022-07-13T16:00:00,30.17053413391113
2022-07-13T17:00:00,31.19311432216478
2022-07-13T18:00:00,30.468215278957196
2022-07-13T19:00:00,28.494783981986664
2022-07-13T20:00:00,26.675094770348586
2022-07-13T21:00:00,25.212268000063684
2022-07-13T22:00:00,23.483479872993797
2022-07-13T23:00:00,21.242051663606063
2022-07-14T00:00:00,20.603869064994477
2022-07-14T01:00:00,20.249123614767317
2022-07-14T02:00:00,15.571148126021672
2022-07-14T03:00:00,14.341538470724352
2022-07-14T04:00:00,13.647839090098504
2022-07-14T05:00:00,13.180217328278912
2022-07-14T06:00:00,12.736230020937713
2022-07-14T07:00:00,12.3639032944389
2022-07-14T08:00:00,12.153314092884893
2022-07-14T09:00:00,12.29795572032099
2022-07-14T10:00:00,12.702974775563113
2022-07-14T11:00:00,13.797523664391557
2022-07-14T12:00:00,17.427208858987555
2022-07-14T13:00:00,21.73612362405528
2022-07-14T14:00:00,24.326944517052688
2022-07-14T15:00:00,27.413200378417965
2022-07-14T16:00:00,29.00674712139627
2022-07-14T17:00:00,28.611589017121684
2022-07-14T18:00:00,27.184338859889813
2022-07-14T19:00:00,25.462623264478594
2022-07-14T20:00:00,23.68722832721212
2022-07-14T21:00:00,22.43230222619098
2022-07-14T22:00:00,20.733672681062117
2022-07-14T23:00:00,20.645598453024157
2022-07-15T00:00:00,22.857300633969512
2022-07-15T01:00:00,22.31876688418181
2022-07-15T02:00:00,16.307875591775645
2022-07-15T03:00:00,14.583108736121133
2022-07-15T04:00:00,13.264743182970129
2022-07-15T05:00:00,12.526987946551777
2022-07-15T06:00:00,11.722745936849842
2022-07-15T07:00:00,11.28058396215024
2022-07-15T08:00:00,10.968926719997238
2022-07-15T09:00:00,10.979952646338422
2022-07-15T10:00:00,11.431802169136377
2022-07-15T11:00:00,12.97357940673828
2022-07-15T12:00:00,16.975313684214715
2022-07-15T13:00:00,20.73223470604938
2022-07-15T14:00:00,24.08797280684761
2022-07-15T15:00:00,28.235787018485688
2022-07-15T16:00:00,31.116776259049125
2022-07-15T17:00:00,31.619964267896567
2022-07-15T18:00:00,30.556042298026703
2022-07-15T19:00:00,29.437685759171192
2022-07-15T20:00:00,28.996566109035324
2022-07-15T21:00:00,28.267341447913125
2022-07-15T22:00:00,27.93217667289402
2022-07-15T23:00:00,27.829327293064278
2022-07-16T00:00:00,28.08680086550505
2022-07-16T01:00:00,26.224229480909262
2022-07-16T02:00:00,18.86116077588952
2022-07-16T03:00:00,17.38708205845045
2022-07-16T04:00:00,16.15511943982995
2022-07-16T05:00:00,15.330263967099393
2022-07-16T06:00:00,14.261037577753482
2022-07-16T07:00:00,13.518232926078463
2022-07-16T08:00:00,13.527251782624615
2022-07-16T09:00:00,14.198171242423678
2022-07-16T10:00:00,15.191674730052117
2022-07-16T11:00:00,17.310171210247535
2022-07-16T12:00:00,22.64451333750849
2022-07-16T13:00:00,27.5878734588623
2022-07-16T14:00:00,31.368941265603766
2022-07-16T15:00:00,34.25055296524711
2022-07-16T16:00:00,35.91607251374618
2022-07-16T17:00:00,37.3520338638969
2022-07-16T18:00:00,38.05938720703124
2022-07-16T19:00:00,38.049475130827524
2022-07-16T20:00:00,37.492867677108094
2022-07-16T21:00:00,36.6795246290124
2022-07-16T22:00:00,36.213813118312665
2022-07-16T23:00:00,36.07048565408458
2022-07-17T00:00:00,37.29993156764818
2022-07-17T01:00:00,34.30595696490744
2022-07-17T02:00:00,25.394218030183207
2022-07-17T03:00:00,20.59105524809464
2022-07-17T04:00:00,18.656222384908922
2022-07-17T05:00:00,17.778885219408117
2022-07-17T06:00:00,16.97074226711107
2022-07-17T07:00:00,16.340014996735942
2022-07-17T08:00:00,15.79683900916058
2022-07-17T09:00:00,16.152000095533285
2022-07-17T10:00:00,17.899105320806086
2022-07-17T11:00:00,23.261182702105977
2022-07-17T12:00:00,34.35724059395168
2022-07-17T13:00:00,43.415770655092984
2022-07-17T14:00:00,46.21569475920304
2022-07-17T15:00:00,53.50464995011039
2022-07-17T16:00:00,58.463245557702095
2022-07-17T17:00:00,63.92350022689155
2022-07-17T18:00:00,67.97580967778745
2022-07-17T19:00:00,69.43546809320864
2022-07-17T20:00:00,72.1862739894701
2022-07-17T21:00:00,76.93961566427478
2022-07-17T22:00:00,79.36185521664827
2022-07-17T23:00:00,76.30565079398777
2022-07-18T00:00:00,69.96299246083136
2022-07-18T01:00:00,65.87141750169836
2022-07-18T02:00:00,55.203602998153016
2022-07-18T03:00:00,37.019625290580414
2022-07-18T04:00:00,27.071806285692293
2022-07-18T05:00:00,25.865485481593918
2022-07-18T06:00:00,21.56896118495775
2022-07-18T07:00:00,19.28221802089525
2022-07-18T08:00:00,19.455141813858692
2022-07-18T09:00:00,21.772381160570227
2022-07-18T10:00:00,26.479490446007766
2022-07-18T11:00:00,33.9473998028299
2022-07-18T12:00:00,46.226086492123805
2022-07-18T13:00:00,57.99264393682065
2022-07-18T14:00:00,71.32144198210342
2022-07-18T15:00:00,85.48809681768002
2022-07-18T16:00:00,96.13430189049761
2022-07-18T17:00:00,105.92158242930536
2022-07-18T18:00:00,112.24586121932319
2022-07-18T19:00:00,110.1742477416992
2022-07-18T20:00:00,112.46085689378819
2022-07-18T21:00:00,114.93173748513925
2022-07-18T22:00:00,114.83804155432658
2022-07-18T23:00:00,107.73828523055366
2022-07-19T00:00:00,99.1401310796323
2022-07-19T01:00:00,86.53087085226306
2022-07-19T02:00:00,59.52432599275008
2022-07-19T03:00:00,42.81099999469259
2022-07-19T04:00:00,36.21491092184315
2022-07-19T05:00:00,33.320290275242016
2022-07-19T06:00:00,31.637603676837422
2022-07-19T07:00:00,28.78376819776452
2022-07-19T08:00:00,27.501730960348375
2022-07-19T09:00:00,27.341861890709914
2022-07-19T10:00:00,31.610266975734543
2022-07-19T11:00:00,41.023155709971554
2022-07-19T12:00:00,52.36733361949091
2022-07-19T13:00:00,67.88051240340522
2022-07-19T14:00:00,85.29269376008408
2022-07-19T15:00:00,100.64510013746178
2022-07-19T16:00:00,108.02530603823453
2022-07-19T17:00:00,112.04677813986072
2022-07-19T18:00:00,111.50274724545686
2022-07-19T19:00:00,104.70371544879416
2022-07-19T20:00:00,94.76862003492272
2022-07-19T21:00:00,87.19633517057999
2022-07-19T22:00:00,78.39068271802819
2022-07-19T23:00:00,74.81838093633236
2022-07-20T00:00:00,72.30636264966881
2022-07-20T01:00:00,71.66465991476306
2022-07-20T02:00:00,50.62849459440812
2022-07-20T03:00:00,28.49094589896824
2022-07-20T04:00:00,22.192634333734926
2022-07-20T05:00:00,19.143936820652172
2022-07-20T06:00:00,18.276863927426547
2022-07-20T07:00:00,18.879964579706606
2022-07-20T08:00:00,20.565339129904043
2022-07-20T09:00:00,22.39930741683296
2022-07-20T10:00:00,25.62768463466478
2022-07-20T11:00:00,39.09148241126019
2022-07-20T12:00:00,52.76273146919582
2022-07-20T13:00:00,58.97378390768299
2022-07-20T14:00:00,56.31599592125934
2022-07-20T15:00:00,49.49237077132515
2022-07-20T16:00:00,45.83586070848547
2022-07-20T17:00:00,47.12895368493121
2022-07-20T18:00:00,51.01803273740022
2022-07-20T19:00:00,55.28731769064198
2022-07-20T20:00:00,56.49642712136973
2022-07-20T21:00:00,51.043694703475275
2022-07-20T22:00:00,47.69673455279806
2022-07-20T23:00:00,47.088298300038204
2022-07-21T00:00:00,47.360380753226906
2022-07-21T01:00:00,47.85301822164784
2022-07-21T02:00:00,42.52176732602326
2022-07-21T03:00:00,29.860364831012227
2022-07-21T04:00:00,25.281823697297465
2022-07-21T05:00:00,23.884162654047426
2022-07-21T06:00:00,23.61411600527556
2022-07-21T07:00:00,23.050861939139985
2022-07-21T08:00:00,22.97997897604237
2022-07-21T09:00:00,23.596398892609965
2022-07-21T10:00:00,26.59038170524265
2022-07-21T11:00:00,34.46260518613069
2022-07-21T12:00:00,45.90377243705418
2022-07-21T13:00:00,51.88119788791821
2022-07-21T14:00:00,57.41048049926757
2022-07-21T15:00:00,62.45012067711872
2022-07-21T16:00:00,71.18604941990064
2022-07-21T17:00:00,78.91297647227411
2022-07-21T18:00:00,81.82427281918731
2022-07-21T19:00:00,78.56836501411769
2022-07-21T20:00:00,71.43909752887228
2022-07-21T21:00:00,67.64684494681978
2022-07-21T22:00:00,65.66365781037703
2022-07-21T23:00:00,62.57344353717305
2022-07-22T00:00:00,58.851171742314875
2022-07-22T01:00:00,54.47484654965608
2022-07-22T02:00:00,33.076709913170845
2022-07-22T03:00:00,23.0957843946374
2022-07-22T04:00:00,19.37571956800378
2022-07-22T05:00:00,17.689169427622918
2022-07-22T06:00:00,16.72385846013608
2022-07-22T07:00:00,15.90239276056704
2022-07-22T08:00:00,15.840160162552543
2022-07-22T09:00:00,16.611102477363918
2022-07-22T10:00:00,19.052550191464626
2022-07-22T11:00:00,24.78152507284413
2022-07-22T12:00:00,37.04606578661048
2022-07-22T13:00:00,48.23416220623513
2022-07-22T14:00:00,55.521714915399954
2022-07-22T15:00:00,57.138579327127204
2022-07-22T16:00:00,55.49321348770805
2022-07-22T17:00:00,53.806534974471376
2022-07-22T18:00:00,54.11974450816278
2022-07-22T19:00:00,54.6986671116041
2022-07-22T20:00:00,52.765880916429595
2022-07-22T21:00:00,49.22585761028787
2022-07-22T22:00:00,46.000581160835594
2022-07-22T23:00:00,42.428783250891634
2022-07-23T00:00:00,39.46757440981657
2022-07-23T01:00:00,38.43946208124575
2022-07-23T02:00:00,36.571755948274024
2022-07-23T03:00:00,25.520297091940172
2022-07-23T04:00:00,17.996279757955797
2022-07-23T05:00:00,15.489318640335746
2022-07-23T06:00:00,14.966528519340182
2022-07-23T07:00:00,14.443505743275516
2022-07-23T08:00:00,14.194863485253375
2022-07-23T09:00:00,14.616717836131217
2022-07-23T10:00:00,15.519494844519574
2022-07-23T11:00:00,18.315095735632852
2022-07-23T12:00:00,24.889051520306126
2022-07-23T13:00:00,30.6044634114141
2022-07-23T14:00:00,33.945701599121094
2022-07-23T15:00:00,35.062505390333094
2022-07-23T16:00:00,33.911914825439446
2022-07-23T17:00:00,33.55870081030804
2022-07-23T18:00:00,33.563829753709875
2022-07-23T19:00:00,33.139217293780774
2022-07-23T20:00:00,31.134772590968918
2022-07-23T21:00:00,28.77219788924507
2022-07-23T22:00:00,27.555138463559356
2022-07-23T23:00:00,27.25217537257982
2022-07-24T00:00:00,26.453027061794113
2022-07-24T01:00:00,24.00679886859396
2022-07-24T02:00:00,18.32536755437436
2022-07-24T03:00:00,16.442702417788297
2022-07-24T04:00:00,15.357051517652426
2022-07-24T05:00:00,14.689361655193824
2022-07-24T06:00:00,14.12362480163574
2022-07-24T07:00:00,14.113443830738895
2022-07-24T08:00:00,14.745341259500252
2022-07-24T09:00:00,16.027373521224312
2022-07-24T10:00:00,17.658499842104703
2022-07-24T11:00:00,20.078550421673313
2022-07-24T12:00:00,26.119336750196368
2022-07-24T13:00:00,34.70256175165591
2022-07-24T14:00:00,41.92061299863069
2022-07-24T15:00:00,47.975984490436055
2022-07-24T16:00:00,53.87433093527088
2022-07-24T17:00:00,59.91753453793733
2022-07-24T18:00:00,65.03616051051927
2022-07-24T19:00:00,67.81704711914062
2022-07-24T20:00:00,71.69247436523436
2022-07-24T21:00:00,76.64394279148267
2022-07-24T22:00:00,80.25495777959408
2022-07-24T23:00:00,78.41846399721892
2022-07-25T00:00:00,74.97702059538467
2022-07-25T01:00:00,58.162249357804
2022-07-25T02:00:00,34.30543186353601
2022-07-25T03:00:00,27.958464083464246
2022-07-25T04:00:00,26.669899318529207
2022-07-25T05:00:00,26.536507482114043
2022-07-25T06:00:00,26.646459994108778
2022-07-25T07:00:00,26.419521000074305
2022-07-25T08:00:00,26.254536338474434
2022-07-25T09:00:00,27.800621447355848
2022-07-25T10:00:00,29.839306541111156
2022-07-25T11:00:00,31.94206370478091
2022-07-25T12:00:00,36.08916108504585
2022-07-25T13:00:00,44.16467716382897
2022-07-25T14:00:00,53.82086165054984
2022-07-25T15:00:00,72.66886835512906
2022-07-25T16:00:00,91.76325093144955
2022-07-25T17:00:00,108.65662284519361
2022-07-25T18:00:00,112.08598095437753
2022-07-25T19:00:00,93.82489279042117
2022-07-25T20:00:00,94.29341092316999
2022-07-25T21:00:00,95.9138943216075
2022-07-25T22:00:00,102.98024086330247
2022-07-25T23:00:00,108.16226926057234
2022-07-26T00:00:00,111.97318101965861
2022-07-26T01:00:00,100.44547802469005
2022-07-26T02:00:00,54.761295484459914
2022-07-26T03:00:00,40.7082229282545
2022-07-26T04:00:00,34.855364923891806
2022-07-26T05:00:00,33.78127040033755
2022-07-26T06:00:00,33.171545775040336
2022-07-26T07:00:00,32.83432852703592
2022-07-26T08:00:00,33.36638226716415
2022-07-26T09:00:00,33.55692523458729
2022-07-26T10:00:00,34.95596595432447
2022-07-26T11:00:00,35.79901554273522
2022-07-26T12:00:00,38.13609562749448
2022-07-26T13:00:00,43.375704226286516
2022-07-26T14:00:00,49.91058017896569
2022-07-26T15:00:00,61.144527601159126
2022-07-26T16:00:00,74.91620569643766
2022-07-26T17:00:00,88.86475704027258
2022-07-26T18:00:00,101.03068708336872
2022-07-26T19:00:00,110.23959947668986
2022-07-26T20:00:00,117.01684968367866
2022-07-26T21:00:00,122.10007543149199
2022-07-26T22:00:00,125.77422498620074
2022-07-26T23:00:00,129.494884988536
2022-07-27T00:00:00,132.94042703379756
2022-07-27T01:00:00,111.51780335799506
2022-07-27T02:00:00,56.34573414014733
2022-07-27T03:00:00,33.81243365743885
2022-07-27T04:00:00,27.528262096902598
2022-07-27T05:00:00,25.259060403575063
2022-07-27T06:00:00,24.71635271155316
2022-07-27T07:00:00,24.290030603823453
2022-07-27T08:00:00,22.731371423472527
2022-07-27T09:00:00,23.740882873535153
2022-07-27T10:00:00,27.853482951288633
2022-07-27T11:00:00,32.863401330035664
2022-07-27T12:00:00,36.94035289598548
2022-07-27T13:00:00,45.086860490881875
2022-07-27T14:00:00,58.507827261219845
2022-07-27T15:00:00,74.11278567106828
2022-07-27T16:00:00,88.67168061629584
2022-07-27T17:00:00,101.43724225914995
2022-07-27T18:00:00,114.92197550898013
2022-07-27T19:00:00,127.4646526834239
2022-07-27T20:00:00,138.37998033606488
2022-07-27T21:00:00,148.382732225501
2022-07-27T22:00:00,157.8463851265285
2022-07-27T23:00:00,167.99608711574385
2022-07-28T00:00:00,178.16299571161682
2022-07-28T01:00:00,142.2703986789869
2022-07-28T02:00:00,80.55799799380094
2022-07-28T03:00:00,63.87551581341286
2022-07-28T04:00:00,54.459004443624735
2022-07-28T05:00:00,48.30197226482888
2022-07-28T06:00:00,41.25972880487856
2022-07-28T07:00:00,37.01322704812754
2022-07-28T08:00:00,36.2115597932235
2022-07-28T09:00:00,38.600598210873805
2022-07-28T10:00:00,43.30832290649413
2022-07-28T11:00:00,50.365380494490914
2022-07-28T12:00:00,63.53033646293308
2022-07-28T13:00:00,79.81252554188603
2022-07-28T14:00:00,92.21367711606231
2022-07-28T15:00:00,107.03934445588484
2022-07-28T16:00:00,129.1974872091542
2022-07-28T17:00:00,153.89260532545003
2022-07-28T18:00:00,171.7730248492697
2022-07-28T19:00:00,185.95681563667628
2022-07-28T20:00:00,194.77957617718238
2022-07-28T21:00:00,199.3863644807235
2022-07-28T22:00:00,203.36084117060122
2022-07-28T23:00:00,208.78301471212635
2022-07-29T00:00:00,210.54367728855297
2022-07-29T01:00:00,204.47856869904888
2022-07-29T02:00:00,137.1184791896654
2022-07-29T03:00:00,63.44033514935036
2022-07-29T04:00:00,43.30146291981572
2022-07-29T05:00:00,39.95288401064665
2022-07-29T06:00:00,38.67002221812373
2022-07-29T07:00:00,39.119547636612594
2022-07-29T08:00:00,39.50241370823072
2022-07-29T09:00:00,41.082431129787274
2022-07-29T10:00:00,41.86493682861328
2022-07-29T11:00:00,44.62762351658033
2022-07-29T12:00:00,50.99368551503056
2022-07-29T13:00:00,59.32367789227029
2022-07-29T14:00:00,69.58283299985139
2022-07-29T15:00:00,84.45185918393342
2022-07-29T16:00:00,104.62973188317339
2022-07-29T17:00:00,122.19302069622535
2022-07-29T18:00:00,130.68272665272588
2022-07-29T19:00:00,133.11476267939028
2022-07-29T20:00:00,128.75414773692253
2022-07-29T21:00:00,117.34050584876019
2022-07-29T22:00:00,105.11650549847145
2022-07-29T23:00:00,95.02701004691745
2022-07-30T00:00:00,87.6032824308976
2022-07-30T01:00:00,81.61062024987262
2022-07-30T02:00:00,63.44888571034307
2022-07-30T03:00:00,32.510218910549
2022-07-30T04:00:00,20.77476352194081
2022-07-30T05:00:00,18.991534937982973
2022-07-30T06:00:00,19.75047741765561
2022-07-30T07:00:00,21.15533040917438
2022-07-30T08:00:00,22.052555250084918
2022-07-30T09:00:00,22.580680930096168
2022-07-30T10:00:00,24.314868014791735
2022-07-30T11:00:00,30.510707108870793
2022-07-30T12:00:00,39.481784157131024
2022-07-30T13:00:00,49.326213836669915
2022-07-30T14:00:00,57.012219802193016
2022-07-30T15:00:00,62.368112978727915
2022-07-30T16:00:00,66.8180405989937
2022-07-30T17:00:00,70.57162575099778
2022-07-30T18:00:00,73.07912047012992
2022-07-30T19:00:00,71.28810915739639
2022-07-30T20:00:00,65.9649485712466
2022-07-30T21:00:00,59.709225530209736
2022-07-30T22:00:00,52.663592960523516
2022-07-30T23:00:00,47.98406982421875
2022-07-31T00:00:00,45.953111731487766
2022-07-31T01:00:00,40.979836837105125
2022-07-31T02:00:00,24.380856887153953
2022-07-31T03:00:00,17.347092918727707
2022-07-31T04:00:00,15.326329148334006
2022-07-31T05:00:00,15.085687969041906
2022-07-31T06:00:00,15.139706736025602
2022-07-31T07:00:00,14.687640936478322
2022-07-31T08:00:00,14.167802478956139
2022-07-31T09:00:00,13.578317642211914
2022-07-31T10:00:00,13.69079652039901
2022-07-31T11:00:00,15.951399886089819
2022-07-31T12:00:00,22.253830287767492
2022-07-31T13:00:00,29.303387268729832
2022-07-31T14:00:00,34.822698261426844
2022-07-31T15:00:00,40.45214528622834
2022-07-31T16:00:00,44.80668159153149
2022-07-31T17:00:00,47.05899578592051
2022-07-31T18:00:00,46.31039826766304
2022-07-31T19:00:00,43.92377969493037
2022-07-31T20:00:00,40.66606488435164
2022-07-31T21:00:00,30.115360177081563
2022-07-31T22:00:00,23.00218980208687
2022-07-31T23:00:00,21.773747070975926
2022-08-01T00:00:00,19.25673376995584
2022-08-01T01:00:00,18.154451950736664
2022-08-01T02:00:00,17.810837289561395
2022-08-01T03:00:00,15.677007923955498
2022-08-01T04:00:00,14.202941687210746
2022-08-01T05:00:00,14.308410934779953
2022-08-01T06:00:00,16.923297343046766
2022-08-01T07:00:00,19.314701329106867
2022-08-01T08:00:00,20.311897526616633
2022-08-01T09:00:00,25.003240087757938
2022-08-01T10:00:00,25.690324285755985
2022-08-01T11:00:00,24.432262171869688
2022-08-01T12:00:00,27.974263481471848
2022-08-01T13:00:00,30.400992517885953
2022-08-01T14:00:00,31.616660988849137
2022-08-01T15:00:00,32.71872644839079
2022-08-01T16:00:00,33.67545351774796
2022-08-01T17:00:00,35.553318355394445
2022-08-01T18:00:00,37.38314752993376
2022-08-01T19:00:00,37.72353363037109
2022-08-01T20:00:00,35.789809019669235
2022-08-01T21:00:00,33.997232354205586
2022-08-01T22:00:00,33.437620080035664
2022-08-01T23:00:00,33.12188944609269
2022-08-02T00:00:00,32.419625821320906
2022-08-02T01:00:00,31.77440046227496
2022-08-02T02:00:00,30.571338570636247
2022-08-02T03:00:00,20.636601323666778
2022-08-02T04:00:00,17.127662078193996
2022-08-02T05:00:00,18.45565256865128
2022-08-02T06:00:00,19.340207307235055
2022-08-02T07:00:00,19.648895180743672
2022-08-02T08:00:00,20.259657320768934
2022-08-02T09:00:00,21.420850670855977
2022-08-02T10:00:00,23.32617958732273
2022-08-02T11:00:00,28.22963921920113
2022-08-02T12:00:00,33.9885429714037
2022-08-02T13:00:00,35.80300123795219
2022-08-02T14:00:00,34.939693450927734
2022-08-02T15:00:00,37.35087651791779
2022-08-02T16:00:00,40.27275500090226
2022-08-02T17:00:00,40.32426336537237
2022-08-02T18:00:00,38.35034876284392
2022-08-02T19:00:00,36.434876483419664
2022-08-02T20:00:00,35.361575582753055
2022-08-02T21:00:00,34.546749032062024
2022-08-02T22:00:00,33.51900672912598
2022-08-02T23:00:00,32.72397414497707
2022-08-03T00:00:00,32.275144494098164
2022-08-03T01:00:00,30.196616131326426
2022-08-03T02:00:00,23.334010248598844
2022-08-03T03:00:00,18.64535821002462
2022-08-03T04:00:00,17.276610664699387
2022-08-03T05:00:00,16.76379095989725
2022-08-03T06:00:00,16.762483762658157
2022-08-03T07:00:00,16.941852569580075
2022-08-03T08:00:00,17.38109082761018
2022-08-03T09:00:00,18.503897293754246
2022-08-03T10:00:00,19.78005201920219
2022-08-03T11:00:00,21.927529874055278
2022-08-03T12:00:00,26.91472808174465
2022-08-03T13:00:00,30.955998379251227
2022-08-03T14:00:00,32.89818415434464
2022-08-03T15:00:00,33.79576085961383
2022-08-03T16:00:00,33.86691524671471
2022-08-03T17:00:00,33.5693827090056
2022-08-03T18:00:00,33.26737893146017
2022-08-03T19:00:00,30.917056042215098
2022-08-03T20:00:00,28.014895563540247
2022-08-03T21:00:00,26.42259473386018
2022-08-03T22:00:00,25.848490258921746
2022-08-03T23:00:00,25.65430740688158
2022-08-04T00:00:00,25.84478345124618
2022-08-04T01:00:00,25.32968380140221
2022-08-04T02:00:00,21.991946510646653
2022-08-04T03:00:00,19.414920475171957
2022-08-04T04:00:00,19.026194945625633
2022-08-04T05:00:00,18.86464002858037
2022-08-04T06:00:00,18.30100523907205
2022-08-04T07:00:00,17.75139344256857
2022-08-04T08:00:00,17.407887500265367
2022-08-04T09:00:00,17.669273210608438
2022-08-04T10:00:00,18.15397843070652
2022-08-04T11:00:00,19.25461147142493
2022-08-04T12:00:00,22.35921586078146
2022-08-04T13:00:00,25.367514485898223
2022-08-04T14:00:00,26.990549916806422
2022-08-04T15:00:00,27.20137081975522
2022-08-04T16:00:00,27.474172177522075
2022-08-04T17:00:00,27.564897205518637
2022-08-04T18:00:00,26.644401633221168
2022-08-04T19:00:00,25.78377649058466
2022-08-04T20:00:00,25.525653092757512
2022-08-04T21:00:00,25.497194290161133
2022-08-04T22:00:00,24.33936235179071
2022-08-04T23:00:00,24.107859984688137
2022-08-05T00:00:00,25.32703930398692
2022-08-05T01:00:00,27.183812929236367
2022-08-05T02:00:00,22.550778928010356
2022-08-05T03:00:00,18.103946354078207
2022-08-05T04:00:00,17.2788436723792
2022-08-05T05:00:00,17.21792362047278
2022-08-05T06:00:00,16.988963334456734
2022-08-05T07:00:00,17.11040795367697
2022-08-05T08:00:00,17.28152855582859
2022-08-05T09:00:00,17.47556761036748
2022-08-05T10:00:00,18.030478601870325
2022-08-05T11:00:00,21.28402444590693
2022-08-05T12:00:00,29.65741398023522
2022-08-05T13:00:00,34.6765660824983
2022-08-05T14:00:00,36.27793353536854
2022-08-05T15:00:00,36.44949921317722
2022-08-05T16:00:00,36.56926279482634
2022-08-05T17:00:00,35.87197278893512
2022-08-05T18:00:00,33.28839293770168
2022-08-05T19:00:00,30.042549133300774
2022-08-05T20:00:00,27.052112081776492
2022-08-05T21:00:00,24.080143057781715
2022-08-05T22:00:00,22.53425125453783
2022-08-05T23:00:00,21.610436149265453
2022-08-06T00:00:00,21.184863049051035
2022-08-06T01:00:00,21.024858143018637
2022-08-06T02:00:00,17.395878916201383
2022-08-06T03:00:00,15.57753513170325
2022-08-06T04:00:00,15.680185525313664
2022-08-06T05:00:00,16.051826642907184
2022-08-06T06:00:00,16.29871318651282
2022-08-06T07:00:00,16.490777554719344
2022-08-06T08:00:00,16.874180835226305
2022-08-06T09:00:00,17.275741328363832
2022-08-06T10:00:00,17.87705678525178
2022-08-06T11:00:00,19.79729610940684
2022-08-06T12:00:00,23.228586031043008
2022-08-06T13:00:00,25.92754571334175
2022-08-06T14:00:00,26.838287104731016
2022-08-06T15:00:00,27.808933838554047
2022-08-06T16:00:00,28.28938310042671
2022-08-06T17:00:00,28.645592316337247
2022-08-06T18:00:00,29.597880239072047
2022-08-06T19:00:00,29.73730352650517
2022-08-06T20:00:00,29.362430074940555
2022-08-06T21:00:00,28.329573423966117
2022-08-06T22:00:00,26.09372752645741
2022-08-06T23:00:00,24.64830738565196
2022-08-07T00:00:00,26.64342001210088
2022-08-07T01:00:00,27.52114694014839
2022-08-07T02:00:00,19.853213517562203
2022-08-07T03:00:00,15.671581268310547
2022-08-07T04:00:00,13.6444325239762
2022-08-07T05:00:00,12.424716161644975
2022-08-07T06:00:00,11.745854750923488
2022-08-07T07:00:00,11.13137908603834
2022-08-07T08:00:00,10.88948465430218
2022-08-07T09:00:00,11.044850432354469
2022-08-07T10:00:00,11.665605462115742
2022-08-07T11:00:00,13.340027892071266
2022-08-07T12:00:00,16.705944600312606
2022-08-07T13:00:00,19.81551817189092
2022-08-07T14:00:00,22.030045965443485
2022-08-07T15:00:00,24.43740363742994
2022-08-07T16:00:00,25.971824397211485
2022-08-07T17:00:00,25.46029488936714
2022-08-07T18:00:00,26.22508729022482
2022-08-07T19:00:00,28.939275575720742
2022-08-07T20:00:00,30.834951898326043
2022-08-07T21:00:00,31.758601064267364
2022-08-07T22:00:00,31.301082362299372
2022-08-07T23:00:00,29.580341173254926
2022-08-08T00:00:00,28.456073595129922
2022-08-08T01:00:00,27.395213251528528
2022-08-08T02:00:00,24.930419756018594
2022-08-08T03:00:00,22.215794687685758
2022-08-08T04:00:00,20.509178659190297
2022-08-08T05:00:00,19.546101031096082
2022-08-08T06:00:00,18.90740527277407
2022-08-08T07:00:00,18.491190371306043
2022-08-08T08:00:00,18.129472234974735
2022-08-08T09:00:00,18.20980063728664
2022-08-08T10:00:00,18.441211285798445
2022-08-08T11:00:00,19.536884639574133
2022-08-08T12:00:00,22.295433624931
2022-08-08T13:00:00,24.067102266394574
2022-08-08T14:00:00,26.550736302914824
2022-08-08T15:00:00,29.238235556561012
2022-08-08T16:00:00,29.646999773771864
2022-08-08T17:00:00,30.3895672507908
2022-08-08T18:00:00,31.041801784349524
2022-08-08T19:00:00,30.661011405613106
2022-08-08T20:00:00,29.596523036127504
2022-08-08T21:00:00,29.277805494225543
2022-08-08T22:00:00,28.10192464745563
2022-08-08T23:00:00,27.96471670399541
2022-08-09T00:00:00,28.581509382828422
2022-08-09T01:00:00,27.857524540113364
2022-08-09T02:00:00,20.74520276940387
2022-08-09T03:00:00,18.14296987782354
2022-08-09T04:00:00,17.38105185135551
2022-08-09T05:00:00,16.831713469132133
2022-08-09T06:00:00,16.227476037066914
2022-08-09T07:00:00,15.329740109650984
2022-08-09T08:00:00,14.931831940360691
2022-08-09T09:00:00,14.94577399544094
2022-08-09T10:00:00,15.788646615069844
2022-08-09T11:00:00,17.802217566448707
2022-08-09T12:00:00,20.980136042055875
2022-08-09T13:00:00,22.846537050993547
2022-08-09T14:00:00,25.40301339522652
2022-08-09T15:00:00,26.623471052750297
2022-08-09T16:00:00,26.368056421694543
2022-08-09T17:00:00,25.93936953337296
2022-08-09T18:00:00,25.41539440984311
2022-08-09T19:00:00,25.38157769908075
2022-08-09T20:00:00,25.700297562972356
2022-08-09T21:00:00,26.01710054148798
2022-08-09T22:00:00,25.606907803079352
2022-08-09T23:00:00,25.420971082604446
2022-08-10T00:00:00,26.033792412799333
2022-08-10T01:00:00,26.28243479521378
2022-08-10T02:00:00,20.613301235696543
2022-08-10T03:00:00,16.844080551810887
2022-08-10T04:00:00,15.445228742516559
2022-08-10T05:00:00,15.403246713721233
2022-08-10T06:00:00,15.279643680738364
2022-08-10T07:00:00,14.845700305441149
2022-08-10T08:00:00,14.33465240312659
2022-08-10T09:00:00,13.85490376016368
2022-08-10T10:00:00,13.970867115518319
2022-08-10T11:00:00,15.649212588434633
2022-08-10T12:00:00,19.991213508274242
2022-08-10T13:00:00,25.329769051593278
2022-08-10T14:00:00,30.048599326092262
2022-08-10T15:00:00,33.13014818274456
2022-08-10T16:00:00,34.40830263884171
2022-08-10T17:00:00,35.02899584562882
2022-08-10T18:00:00,35.02223603621773
2022-08-10T19:00:00,34.381914802219555
2022-08-10T20:00:00,33.18000677357549
2022-08-10T21:00:00,32.69608066392981
2022-08-10T22:00:00,33.24953054345172
2022-08-10T23:00:00,34.9355181818423
2022-08-11T00:00:00,36.77585469121518
2022-08-11T01:00:00,34.98841211070185
2022-08-11T02:00:00,23.932384490966793
2022-08-11T03:00:00,18.044832644255262
2022-08-11T04:00:00,15.685988923777705
2022-08-11T05:00:00,13.843479488206945
2022-08-11T06:00:00,12.063720371412193
2022-08-11T07:00:00,10.888850958450979
2022-08-11T08:00:00,10.380056795866592
2022-08-11T09:00:00,10.60031397446342
2022-08-11T10:00:00,11.487819381382153
2022-08-11T11:00:00,13.658113396686055
2022-08-11T12:00:00,18.545578002929684
2022-08-11T13:00:00,24.08610161491062
2022-08-11T14:00:00,29.372857218203333
2022-08-11T15:00:00,33.29085690042246
2022-08-11T16:00:00,36.141076792841375
2022-08-11T17:00:00,37.20051972762398
2022-08-11T18:00:00,38.05788272360096
2022-08-11T19:00:00,39.087969904360556
2022-08-11T20:00:00,38.97797576240871
2022-08-11T21:00:00,37.428955409837805
2022-08-11T22:00:00,36.89231325232464
2022-08-11T23:00:00,36.86406226780103
2022-08-12T00:00:00,36.34844589233398
2022-08-12T01:00:00,35.2317591957424
2022-08-12T02:00:00,28.286183813343875
2022-08-12T03:00:00,22.433795348457664
2022-08-12T04:00:00,18.624132985654082
2022-08-12T05:00:00,17.282710697339926
2022-08-12T06:00:00,16.612193480781887
2022-08-12T07:00:00,15.473014043725051
2022-08-12T08:00:00,14.635146804477856
2022-08-12T09:00:00,14.946055744005285
2022-08-12T10:00:00,16.199384108833645
2022-08-12T11:00:00,18.39547430950662
2022-08-12T12:00:00,23.63733673095703
2022-08-12T13:00:00,29.95480802784795
2022-08-12T14:00:00,35.27138535872749
2022-08-12T15:00:00,38.93422665803329
2022-08-12T16:00:00,41.81451648214589
2022-08-12T17:00:00,42.54674347587253
2022-08-12T18:00:00,40.83187119857124
2022-08-12T19:00:00,39.398901897927985
2022-08-12T20:00:00,37.473456673000165
2022-08-12T21:00:00,35.33631814044455
2022-08-12T22:00:00,32.459114406419836
2022-08-12T23:00:00,31.57813528309697
2022-08-13T00:00:00,31.86306464153787
2022-08-13T01:00:00,29.555897090746004
2022-08-13T02:00:00,20.279323412024457
2022-08-13T03:00:00,15.552553052487578
2022-08-13T04:00:00,13.940556899360988
2022-08-13T05:00:00,13.698899517888606
2022-08-13T06:00:00,13.644934032274328
2022-08-13T07:00:00,13.209115525950555
2022-08-13T08:00:00,12.497584508812944
2022-08-13T09:00:00,11.97248247395391
2022-08-13T10:00:00,12.222702980041504
2022-08-13T11:00:00,14.522241094838016
2022-08-13T12:00:00,20.306626610133957
2022-08-13T13:00:00,26.767973526664402
2022-08-13T14:00:00,31.69622694927713
2022-08-13T15:00:00,32.75593417623768
2022-08-13T16:00:00,38.4542413794476
2022-08-13T17:00:00,43.910880047342054
2022-08-13T18:00:00,47.385637697966196
2022-08-13T19:00:00,48.20299894913383
2022-08-13T20:00:00,47.347938703454055
2022-08-13T21:00:00,45.98155908999235
2022-08-13T22:00:00,43.23336493450662
2022-08-13T23:00:00,39.973423501719594
2022-08-14T00:00:00,35.26791638913361
2022-08-14T01:00:00,32.21444685562797
2022-08-14T02:00:00,23.805896593176797
2022-08-14T03:00:00,18.801547672437582
2022-08-14T04:00:00,15.96604185519011
2022-08-14T05:00:00,14.581398922464121
2022-08-14T06:00:00,14.290109717327615
2022-08-14T07:00:00,14.424333489459494
2022-08-14T08:00:00,14.648929139842158
2022-08-14T09:00:00,15.019750926805578
2022-08-14T10:00:00,16.07822028450344
2022-08-14T11:00:00,19.14598962535029
2022-08-14T12:00:00,25.375186422596805
2022-08-14T13:00:00,34.80950297480044
2022-08-14T14:00:00,46.36315287714419
2022-08-14T15:00:00,58.42106097677479
2022-08-14T16:00:00,68.59173650326936
2022-08-14T17:00:00,74.02726679262908
2022-08-14T18:00:00,79.4987746528957
2022-08-14T19:00:00,82.17263528575067
2022-08-14T20:00:00,80.29060728653617
2022-08-14T21:00:00,75.81100895093834
2022-08-14T22:00:00,72.21512238875678
2022-08-14T23:00:00,69.78473431131114
2022-08-15T00:00:00,69.03430607007897
2022-08-15T01:00:00,59.24667292055875
2022-08-15T02:00:00,31.425478064495586
2022-08-15T03:00:00,24.509676560111664
2022-08-15T04:00:00,21.796601088150688
2022-08-15T05:00:00,21.200355529785153
2022-08-15T06:00:00,21.38045476830524
2022-08-15T07:00:00,22.302791097889774
2022-08-15T08:00:00,22.93826716879139
2022-08-15T09:00:00,24.04428482055664
2022-08-15T10:00:00,26.08389497839886
2022-08-15T11:00:00,30.773684460183848
2022-08-15T12:00:00,39.61234747845193
2022-08-15T13:00:00,49.828905851944626
2022-08-15T14:00:00,64.78675427644148
2022-08-15T15:00:00,84.98914934241252
2022-08-15T16:00:00,98.39086549178413
2022-08-15T17:00:00,92.51433961287789
2022-08-15T18:00:00,95.9855330094047
2022-08-15T19:00:00,108.08266482145888
2022-08-15T20:00:00,120.2612725962763
2022-08-15T21:00:00,121.70539889128311
2022-08-15T22:00:00,120.17357602326767
2022-08-15T23:00:00,117.16577347465183
2022-08-16T00:00:00,113.92891659943953
2022-08-16T01:00:00,97.30734717327613
2022-08-16T02:00:00,47.29531644738238
2022-08-16T03:00:00,28.690685355144996
2022-08-16T04:00:00,23.514514010885485
2022-08-16T05:00:00,21.113986803137735
2022-08-16T06:00:00,19.677436082259465
2022-08-16T07:00:00,18.716021247532055
2022-08-16T08:00:00,18.23348028763481
2022-08-16T09:00:00,18.057164648304813
2022-08-16T10:00:00,18.863984481148094
2022-08-16T11:00:00,21.467972713968024
2022-08-16T12:00:00,26.827918342922043
2022-08-16T13:00:00,38.802320563274876
2022-08-16T14:00:00,51.09370322849439
2022-08-16T15:00:00,56.15560432102369
2022-08-16T16:00:00,56.92990444017492
2022-08-16T17:00:00,53.89239501953125
2022-08-16T18:00:00,50.815353061841876
2022-08-16T19:00:00,47.632351916769274
2022-08-16T20:00:00,46.72881101525348
2022-08-16T21:00:00,46.46263636713442
2022-08-16T22:00:00,47.068099643873126
2022-08-16T23:00:00,46.47354407932447
2022-08-17T00:00:00,44.64257547129755
2022-08-17T01:00:00,40.205685822860055
2022-08-17T02:00:00,23.3164878513502
2022-08-17T03:00:00,17.21040095453677
2022-08-17T04:00:00,15.264566131260082
2022-08-17T05:00:00,14.494407861129096
2022-08-17T06:00:00,14.259898019873575
2022-08-17T07:00:00,14.310599741728407
2022-08-17T08:00:00,14.606575717096742
2022-08-17T09:00:00,15.131648312444272
2022-08-17T10:00:00,16.3037400452987
2022-08-17T11:00:00,19.154578499172043
2022-08-17T12:00:00,27.579385342805278
2022-08-17T13:00:00,36.55766130530316
2022-08-17T14:00:00,43.425572105076
2022-08-17T15:00:00,47.31195035188094
2022-08-17T16:00:00,49.01108418340267
2022-08-17T17:00:00,49.44782505864682
2022-08-17T18:00:00,51.18672279689623
2022-08-17T19:00:00,53.6644000177798
2022-08-17T20:00:00,53.963698345681884
2022-08-17T21:00:00,52.744311788807735
2022-08-17T22:00:00,50.728260537852414
2022-08-17T23:00:00,46.21009561289911
2022-08-18T00:00:00,44.60396492999532
2022-08-18T01:00:00,40.272418146548056
2022-08-18T02:00:00,27.373161232989766
2022-08-18T03:00:00,22.52667476819909
2022-08-18T04:00:00,20.954504842343535
2022-08-18T05:00:00,20.347371142843492
2022-08-18T06:00:00,19.980211672575575
2022-08-18T07:00:00,19.72557109335194
2022-08-18T08:00:00,19.272562026977536
2022-08-18T09:00:00,18.94336003842561
2022-08-18T10:00:00,19.322210892387055
2022-08-18T11:00:00,22.598557099052094
2022-08-18T12:00:00,30.858607831208598
2022-08-18T13:00:00,38.37608387159264
2022-08-18T14:00:00,44.28670485123344
2022-08-18T15:00:00,46.52336585003397
2022-08-18T16:00:00,45.6441124625828
2022-08-18T17:00:00,46.16246795654296
2022-08-18T18:00:00,44.856659101403274
2022-08-18T19:00:00,40.307138194208555
2022-08-18T20:00:00,34.62885466865871
2022-08-18T21:00:00,32.78513203496518
2022-08-18T22:00:00,32.67117392498513
2022-08-18T23:00:00,32.661261848781415
2022-08-19T00:00:00,31.75915320023246
2022-08-19T01:00:00,28.31554147471552
2022-08-19T02:00:00,20.18281729325004
2022-08-19T03:00:00,16.95518103889797
2022-08-19T04:00:00,15.573368031045662
2022-08-19T05:00:00,14.65353488922119
2022-08-19T06:00:00,13.826495958411174
2022-08-19T07:00:00,13.350893684055492
2022-08-19T08:00:00,13.022085189819334
2022-08-19T09:00:00,13.182835661846656
2022-08-19T10:00:00,13.67052476302437
2022-08-19T11:00:00,15.669343450795045
2022-08-19T12:00:00,22.311118416164227
2022-08-19T13:00:00,30.249429868615184
2022-08-19T14:00:00,35.35214498768681
2022-08-19T15:00:00,38.06890686698581
2022-08-19T16:00:00,39.91490820179814
2022-08-19T17:00:00,42.549995754076086
2022-08-19T18:00:00,43.514288197393
2022-08-19T19:00:00,40.18009865802267
2022-08-19T20:00:00,36.95079040527344
2022-08-19T21:00:00,33.85452353436013
2022-08-19T22:00:00,31.002283428026278
2022-08-19T23:00:00,29.359987010126527
2022-08-20T00:00:00,28.630035566247024
2022-08-20T01:00:00,26.257089780724563
2022-08-20T02:00:00,17.98742642609969
2022-08-20T03:00:00,14.56438280188519
2022-08-20T04:00:00,13.089922987896461
2022-08-20T05:00:00,12.456151879352069
2022-08-20T06:00:00,12.104942321777342
2022-08-20T07:00:00,12.138428149016006
2022-08-20T08:00:00,12.447858146999192
2022-08-20T09:00:00,13.067378002664316
2022-08-20T10:00:00,14.167927202971084
2022-08-20T11:00:00,16.70496841098951
2022-08-20T12:00:00,25.425665979800012
2022-08-20T13:00:00,35.27240935615871
2022-08-20T14:00:00,40.37974316140879
2022-08-20T15:00:00,43.93857093479322
2022-08-20T16:00:00,46.68649706633194
2022-08-20T17:00:00,48.67178095941958
2022-08-20T18:00:00,48.242925229279884
2022-08-20T19:00:00,44.957115836765446
2022-08-20T20:00:00,40.62023643825365
2022-08-20T21:00:00,36.15833945896314
2022-08-20T22:00:00,32.450462838877804
2022-08-20T23:00:00,30.85753946718962
2022-08-21T00:00:00,30.933316935663633
2022-08-21T01:00:00,30.1966145556906
2022-08-21T02:00:00,21.66423441016155
2022-08-21T03:00:00,17.54050603120223
2022-08-21T04:00:00,15.310673506363576
2022-08-21T05:00:00,13.820050902988598
2022-08-21T06:00:00,12.973642307779063
2022-08-21T07:00:00,12.84888574351435
2022-08-21T08:00:00,12.966487843057383
2022-08-21T09:00:00,13.216777967370074
2022-08-21T10:00:00,13.691597440968389
2022-08-21T11:00:00,15.311595750891643
2022-08-21T12:00:00,19.642435488493543
2022-08-21T13:00:00,24.200637568598207
2022-08-21T14:00:00,27.723472180573832
2022-08-21T15:00:00,28.68409604611604
2022-08-21T16:00:00,28.627425069394317
2022-08-21T17:00:00,29.300453766532563
2022-08-21T18:00:00,29.538898550945778
2022-08-21T19:00:00,28.336643882419747
2022-08-21T20:00:00,28.222266072812285
2022-08-21T21:00:00,30.41727522145146
2022-08-21T22:00:00,32.52684576615043
2022-08-21T23:00:00,33.16562893079674
2022-08-22T00:00:00,32.1132061170495
2022-08-22T01:00:00,30.779164024021316
2022-08-22T02:00:00,29.89593398052713
2022-08-22T03:00:00,26.18657062364661
2022-08-22T04:00:00,21.59961592632791
2022-08-22T05:00:00,16.803735650104024
2022-08-22T06:00:00,15.00610828399658
2022-08-22T07:00:00,14.569128202355426
2022-08-22T08:00:00,15.54572768833326
2022-08-22T09:00:00,17.71619481625764
2022-08-22T10:00:00,19.64853535527768
2022-08-22T11:00:00,23.68233166570249
2022-08-22T12:00:00,31.990028630132258
2022-08-22T13:00:00,38.507041433583126
2022-08-22T14:00:00,42.829613727072
2022-08-22T15:00:00,42.546020839525305
2022-08-22T16:00:00,40.34728124867314
2022-08-22T17:00:00,38.415345730988875
2022-08-22T18:00:00,37.92422651207965
2022-08-22T19:00:00,37.8302240786345
2022-08-22T20:00:00,35.27210467794667
2022-08-22T21:00:00,31.59680681643279
2022-08-22T22:00:00,29.465532966282055
2022-08-22T23:00:00,27.097366250079606
2022-08-23T00:00:00,27.780203446097993
2022-08-23T01:00:00,27.610224018926203
2022-08-23T02:00:00,17.22839181319527
2022-08-23T03:00:00,13.519031731978705
2022-08-23T04:00:00,12.270614126454229
2022-08-23T05:00:00,11.628143973972485
2022-08-23T06:00:00,11.551988477292268
2022-08-23T07:00:00,11.36091957921567
2022-08-23T08:00:00,11.439574283102283
2022-08-23T09:00:00,11.789282259733778
2022-08-23T10:00:00,12.610133958899455
2022-08-23T11:00:00,14.949013544165568
2022-08-23T12:00:00,22.710560093755305
2022-08-23T13:00:00,31.73922721199367
2022-08-23T14:00:00,39.093237835427985
2022-08-23T15:00:00,46.01791514521059
2022-08-23T16:00:00,48.196297852889344
2022-08-23T17:00:00,46.67590149589206
2022-08-23T18:00:00,43.49399268108865
2022-08-23T19:00:00,40.26839961176332
2022-08-23T20:00:00,38.96097199813179
2022-08-23T21:00:00,38.96239239236583
2022-08-23T22:00:00,38.862047278362766
2022-08-23T23:00:00,37.895797895348586
2022-08-24T00:00:00,35.813171220862344
2022-08-24T01:00:00,34.396508672963016
2022-08-24T02:00:00,26.340976051662278
2022-08-24T03:00:00,20.255739377892535
2022-08-24T04:00:00,17.393405167952828
2022-08-24T05:00:00,16.556577765423317
2022-08-24T06:00:00,17.056022726971168
2022-08-24T07:00:00,17.633923737899114
2022-08-24T08:00:00,18.00378152598505
2022-08-24T09:00:00,18.998079134070352
2022-08-24T10:00:00,21.06466027964716
2022-08-24T11:00:00,27.439570634261422
2022-08-24T12:00:00,38.63974330736242
2022-08-24T13:00:00,48.56355202716329
2022-08-24T14:00:00,56.93055144600246
2022-08-24T15:00:00,56.01002668297809
2022-08-24T16:00:00,48.06067541371221
2022-08-24T17:00:00,42.49037286509638
2022-08-24T18:00:00,39.15724762626316
2022-08-24T19:00:00,37.191777602485985
2022-08-24T20:00:00,34.882887632950485
2022-08-24T21:00:00,32.71452630084493
2022-08-24T22:00:00,31.182593884675395
2022-08-24T23:00:00,30.160705981047254
2022-08-25T00:00:00,30.95864453523055
2022-08-25T01:00:00,32.49793724391771
2022-08-25T02:00:00,26.277244236158285
2022-08-25T03:00:00,21.6963824396548
2022-08-25T04:00:00,20.287712677665375
2022-08-25T05:00:00,21.093777117521867
2022-08-25T06:00:00,22.50076592486837
2022-08-25T07:00:00,22.2889754253885
2022-08-25T08:00:00,23.680926281472907
2022-08-25T09:00:00,27.630294551020082
2022-08-25T10:00:00,30.917466370955754
2022-08-25T11:00:00,42.0657381804093
2022-08-25T12:00:00,55.659839795983345
2022-08-25T13:00:00,60.56926926322605
2022-08-25T14:00:00,61.52825795049252
2022-08-25T15:00:00,61.86830205502717
2022-08-25T16:00:00,63.44299415920091
2022-08-25T17:00:00,67.36620164954142
2022-08-25T18:00:00,69.89273966913638
2022-08-25T19:00:00,69.13249040686566
2022-08-25T20:00:00,70.68099179475205
2022-08-25T21:00:00,75.39511771824048
2022-08-25T22:00:00,77.40527244236158
2022-08-25T23:00:00,69.9180679321289
2022-08-26T00:00:00,57.20135730245838
2022-08-26T01:00:00,47.90090560913085
2022-08-26T02:00:00,43.68198328432829
2022-08-26T03:00:00,31.71411829409392
2022-08-26T04:00:00,25.450286533521567
2022-08-26T05:00:00,23.476144956505813
2022-08-26T06:00:00,21.69628864785899
2022-08-26T07:00:00,20.02539427384086
2022-08-26T08:00:00,18.888212618620496
2022-08-26T09:00:00,18.337300424990445
2022-08-26T10:00:00,18.820100867229957
2022-08-26T11:00:00,24.23828664033309
2022-08-26T12:00:00,39.07777487713357
2022-08-26T13:00:00,55.30305132658585
2022-08-26T14:00:00,66.01353023363197
2022-08-26T15:00:00,71.61086040994395
2022-08-26T16:00:00,74.08532947042714
2022-08-26T17:00:00,73.73394045622452
2022-08-26T18:00:00,72.22310140858525
2022-08-26T19:00:00,70.12964198900305
2022-08-26T20:00:00,63.77024443253226
2022-08-26T21:00:00,55.07406947923742
2022-08-26T22:00:00,48.01732735011888
2022-08-26T23:00:00,43.656556502632476
2022-08-27T00:00:00,42.12359569383704
2022-08-27T01:00:00,41.35638212121051
2022-08-27T02:00:00,26.533974523129668
2022-08-27T03:00:00,17.865468978881832
2022-08-27T04:00:00,15.630618468574852
2022-08-27T05:00:00,14.653341583583666
2022-08-27T06:00:00,13.89871597290039
2022-08-27T07:00:00,13.874897376350733
2022-08-27T08:00:00,14.421444851419198
2022-08-27T09:00:00,14.658382374307381
2022-08-27T10:00:00,15.195998150369393
2022-08-27T11:00:00,18.331709405650262
2022-08-27T12:00:00,27.346445249474563
2022-08-27T13:00:00,37.686936254086696
2022-08-27T14:00:00,43.50263429724651
2022-08-27T15:00:00,44.95268000727114
2022-08-27T16:00:00,44.81100430695906
2022-08-27T17:00:00,46.91555835889733
2022-08-27T18:00:00,50.64557913075322
2022-08-27T19:00:00,50.023609327233345
2022-08-27T20:00:00,43.89535655146059
2022-08-27T21:00:00,41.162155483079985
2022-08-27T22:00:00,42.41809629357379
2022-08-27T23:00:00,43.26166119782821
2022-08-28T00:00:00,40.612040644106656
2022-08-28T01:00:00,36.339772431746766
2022-08-28T02:00:00,22.68392562866211
2022-08-28T03:00:00,17.741492727528446
2022-08-28T04:00:00,16.018192540044367
2022-08-28T05:00:00,16.03118805263353
2022-08-28T06:00:00,16.610804267551586
2022-08-28T07:00:00,17.40566718060037
2022-08-28T08:00:00,17.84894395911175
2022-08-28T09:00:00,17.868407539699387
2022-08-28T10:00:00,18.1278948576554
2022-08-28T11:00:00,20.14685746897822
2022-08-28T12:00:00,25.705113535342008
2022-08-28T13:00:00,33.311875218930446
2022-08-28T14:00:00,41.11304556805154
2022-08-28T15:00:00,42.71325982135275
2022-08-28T16:00:00,38.91458843065344
2022-08-28T17:00:00,36.98907702902089
2022-08-28T18:00:00,37.37260553111201
2022-08-28T19:00:00,40.54948375536048
2022-08-28T20:00:00,43.52186468373174
2022-08-28T21:00:00,40.7017478942871
2022-08-28T22:00:00,38.84341082365616
2022-08-28T23:00:00,42.55761685578719
2022-08-29T00:00:00,48.152134273363195
2022-08-29T01:00:00,49.203149215034806
2022-08-29T02:00:00,32.40828240436056
2022-08-29T03:00:00,24.91219445933466
2022-08-29T04:00:00,21.47068828085194
2022-08-29T05:00:00,19.73219357366147
2022-08-29T06:00:00,18.98527079043181
2022-08-29T07:00:00,18.149631002674933
2022-08-29T08:00:00,18.110123261161473
2022-08-29T09:00:00,19.00656227443529
2022-08-29T10:00:00,20.498345333596934
2022-08-29T11:00:00,24.50675118487814
2022-08-29T12:00:00,35.218296382738195
2022-08-29T13:00:00,48.93272996985394
2022-08-29T14:00:00,57.62680285909901
2022-08-29T15:00:00,63.060152468474
2022-08-29T16:00:00,69.35465306821075
2022-08-29T17:00:00,78.98689104163128
2022-08-29T18:00:00,86.04739081341286
2022-08-29T19:00:00,81.89276023533033
2022-08-29T20:00:00,72.4602233223293
2022-08-29T21:00:00,72.83251223356827
2022-08-29T22:00:00,77.44316366444463
2022-08-29T23:00:00,81.63337840204653
2022-08-30T00:00:00,83.88487873906674
2022-08-30T01:00:00,88.08167266845702
2022-08-30T02:00:00,90.81832089631453
2022-08-30T03:00:00,69.62548396898352
2022-08-30T04:00:00,41.38356366364852
2022-08-30T05:00:00,30.659476155820098
2022-08-30T06:00:00,26.133526760598887
2022-08-30T07:00:00,24.54352859828783
2022-08-30T08:00:00,24.15011463994565
2022-08-30T09:00:00,27.267205279806387
2022-08-30T10:00:00,34.29169480696968
2022-08-30T11:00:00,50.780766694442086
2022-08-30T12:00:00,69.45740475861922
2022-08-30T13:00:00,81.42924665368122
2022-08-30T14:00:00,90.5177877674932
2022-08-30T15:00:00,95.54059766686481
2022-08-30T16:00:00,96.13488603674848
2022-08-30T17:00:00,95.54188670282778
2022-08-30T18:00:00,99.75156701129416
2022-08-30T19:00:00,106.93087669040845
2022-08-30T20:00:00,113.43180316427478
2022-08-30T21:00:00,113.04115162725031
2022-08-30T22:00:00,100.35389709472655
2022-08-30T23:00:00,86.94285683009933
2022-08-31T00:00:00,82.45625272004499
2022-08-31T01:00:00,83.85653454324472
2022-08-31T02:00:00,80.80219434655231
2022-08-31T03:00:00,59.48486477395762
2022-08-31T04:00:00,34.37295615154764
2022-08-31T05:00:00,26.953134619671367
2022-08-31T06:00:00,23.42324281775433
2022-08-31T07:00:00,22.62220581718113
2022-08-31T08:00:00,26.508163618004836
2022-08-31T09:00:00,31.09442229892896
2022-08-31T10:00:00,34.03871735282566
2022-08-31T11:00:00,43.65328266309655
2022-08-31T12:00:00,53.93436813354492
2022-08-31T13:00:00,60.75620170261548
2022-08-31T14:00:00,64.53124701458475
2022-08-31T15:00:00,65.86883180037789
2022-08-31T16:00:00,66.21797014319378
2022-08-31T17:00:00,65.60160429581352
2022-08-31T18:00:00,60.608082978621766
2022-08-31T19:00:00,51.68719897062881
2022-08-31T20:00:00,45.223917587943696
2022-08-31T21:00:00,39.43263029015582
2022-08-31T22:00:00,33.908680210942805
2022-08-31T23:00:00,34.97538948059082
2022-09-01T00:00:00,38.90445029217263
2022-09-01T01:00:00,41.92059309586235
2022-09-01T02:00:00,36.23519117935844
2022-09-01T03:00:00,26.084077254585594
2022-09-01T04:00:00,21.529272328252375
2022-09-01T05:00:00,18.639730951060418
2022-09-01T06:00:00,16.166891346807066
2022-09-01T07:00:00,15.05608102549677
2022-09-01T08:00:00,14.278720814248787
2022-09-01T09:00:00,14.115079921224842
2022-09-01T10:00:00,15.052128999129584
2022-09-01T11:00:00,17.991370574287743
2022-09-01T12:00:00,23.492498231970742
2022-09-01T13:00:00,27.53226006549337
2022-09-01T14:00:00,29.95759192756984
2022-09-01T15:00:00,30.68527229972507
2022-09-01T16:00:00,31.64871431433636
2022-09-01T17:00:00,33.84908054185951
2022-09-01T18:00:00,35.766051250955336
2022-09-01T19:00:00,37.243772423785664
2022-09-01T20:00:00,39.40195083618164
2022-09-01T21:00:00,42.029319763183594
2022-09-01T22:00:00,42.58695204361625
2022-09-01T23:00:00,41.09179040660028
2022-09-02T00:00:00,39.95501161658245
2022-09-02T01:00:00,38.15324882839037
2022-09-02T02:00:00,23.814779530400813
2022-09-02T03:00:00,17.736494727756664
2022-09-02T04:00:00,15.783082049825916
2022-09-02T05:00:00,14.613885672196098
2022-09-02T06:00:00,13.779878989509914
2022-09-02T07:00:00,13.52450938846754
2022-09-02T08:00:00,13.789965588113535
2022-09-02T09:00:00,14.313600996266238
2022-09-02T10:00:00,15.364868412847102
2022-09-02T11:00:00,18.42739793528681
2022-09-02T12:00:00,26.321537847104278
2022-09-02T13:00:00,36.11598968505859
2022-09-02T14:00:00,45.45116706516431
2022-09-02T15:00:00,52.443360370138414
2022-09-02T16:00:00,56.59702582981275
2022-09-02T17:00:00,56.95808244788128
2022-09-02T18:00:00,56.193038277004064
2022-09-02T19:00:00,53.182531108026915
2022-09-02T20:00:00,48.87354577105978
2022-09-02T21:00:00,45.00502578071926
2022-09-02T22:00:00,41.407699419104524
2022-09-02T23:00:00,40.74737963469131
2022-09-03T00:00:00,39.136464989703626
2022-09-03T01:00:00,38.74394756814707
2022-09-03T02:00:00,28.275130147519317
2022-09-03T03:00:00,22.45667391238005
2022-09-03T04:00:00,20.788488719774328
2022-09-03T05:00:00,19.202933518782903
2022-09-03T06:00:00,17.029657612676203
2022-09-03T07:00:00,15.89510507168977
2022-09-03T08:00:00,16.487424601679262
2022-09-03T09:00:00,16.056816059610117
2022-09-03T10:00:00,17.2755942966627
2022-09-03T11:00:00,23.781893771627672
2022-09-03T12:00:00,36.352406709090516
2022-09-03T13:00:00,48.989245207413376
2022-09-03T14:00:00,58.999583202859625
2022-09-03T15:00:00,68.22444152832031
2022-09-03T16:00:00,69.84069791047469
2022-09-03T17:00:00,59.888789135476806
2022-09-03T18:00:00,51.597333161727235
2022-09-03T19:00:00,50.811698084292196
2022-09-03T20:00:00,54.90760620780612
2022-09-03T21:00:00,62.35589732294496
2022-09-03T22:00:00,65.18207798833433
2022-09-03T23:00:00,61.4771791541058
2022-09-04T00:00:00,59.26984372346298
2022-09-04T01:00:00,60.44352672411047
2022-09-04T02:00:00,49.54303409742272
2022-09-04T03:00:00,24.641069495159645
2022-09-04T04:00:00,16.67662197610606
2022-09-04T05:00:00,13.67412177376125
2022-09-04T06:00:00,12.344834576482357
2022-09-04T07:00:00,11.879694938659666
2022-09-04T08:00:00,12.072105158930237
2022-09-04T09:00:00,13.073088023973547
2022-09-04T10:00:00,15.013247863106105
2022-09-04T11:00:00,22.16680145263672
2022-09-04T12:00:00,35.50887165898862
2022-09-04T13:00:00,42.08028544550356
2022-09-04T14:00:00,44.10032686979874
2022-09-04T15:00:00,48.25330435711404
2022-09-04T16:00:00,54.39832289322562
2022-09-04T17:00:00,59.72655536817467
2022-09-04T18:00:00,59.91225831404976
2022-09-04T19:00:00,50.87429743227751
2022-09-04T20:00:00,35.91129949818486
2022-09-04T21:00:00,26.249604515407395
2022-09-04T22:00:00,25.22735421553902
2022-09-04T23:00:00,29.1889242918595
2022-09-05T00:00:00,36.112338024636976
2022-09-05T01:00:00,41.92425951750381
2022-09-05T02:00:00,39.06786047894021
2022-09-05T03:00:00,26.7197093963623
2022-09-05T04:00:00,22.255224559618078
2022-09-05T05:00:00,17.558056043541946
2022-09-05T06:00:00,14.145982452060862
2022-09-05T07:00:00,13.384819072225818
2022-09-05T08:00:00,15.664847291034201
2022-09-05T09:00:00,22.01399214371391
2022-09-05T10:00:00,32.417305739029594
2022-09-05T11:00:00,42.68568917979364
2022-09-05T12:00:00,44.51000611678413
2022-09-05T13:00:00,38.68547804459281
2022-09-05T14:00:00,32.118613947992735
2022-09-05T15:00:00,32.238150223441735
2022-09-05T16:00:00,36.5199793940005
2022-09-05T17:00:00,40.16358715554942
2022-09-05T18:00:00,41.28099574213442
2022-09-05T19:00:00,40.56094294009001
2022-09-05T20:00:00,35.26581656414529
2022-09-05T21:00:00,28.705469380254325
2022-09-05T22:00:00,26.667340071304984
2022-09-05T23:00:00,26.427630797676414
2022-09-06T00:00:00,23.15239375570546
2022-09-06T01:00:00,22.13590215600055
2022-09-06T02:00:00,22.620888336845063
2022-09-06T03:00:00,19.00145165816597
2022-09-06T04:00:00,16.446852227915883
2022-09-06T05:00:00,14.588968816010848
2022-09-06T06:00:00,13.930263394894807
2022-09-06T07:00:00,14.274794495624043
2022-09-06T08:00:00,14.510527569314705
2022-09-06T09:00:00,15.607058773870051
2022-09-06T10:00:00,16.876319719397504
2022-09-06T11:00:00,19.54503357928732
2022-09-06T12:00:00,22.42364999522333
2022-09-06T13:00:00,26.02673223744268
2022-09-06T14:00:00,30.168789407481317
2022-09-06T15:00:00,31.804632269817848
2022-09-06T16:00:00,30.7594055507494
2022-09-06T17:00:00,28.681013439012606
2022-09-06T18:00:00,27.63783935878587
2022-09-06T19:00:00,27.916600434676454
2022-09-06T20:00:00,29.87517307115637
2022-09-06T21:00:00,33.57226297129755
2022-09-06T22:00:00,37.16962250419285
2022-09-06T23:00:00,39.787631325099774
2022-09-07T00:00:00,41.35030165962551
2022-09-07T01:00:00,42.35869797416355
2022-09-07T02:00:00,30.792834986811098
2022-09-07T03:00:00,22.600409134574555
2022-09-07T04:00:00,20.51737022399902
2022-09-07T05:00:00,19.412696672522504
2022-09-07T06:00:00,18.942483155623723
2022-09-07T07:00:00,18.90368619172469
2022-09-07T08:00:00,19.31478334509808
2022-09-07T09:00:00,19.821987566740617
2022-09-07T10:00:00,21.514519815859586
2022-09-07T11:00:00,25.77302426877229
2022-09-07T12:00:00,31.168122250100836
2022-09-07T13:00:00,35.56054007488748
2022-09-07T14:00:00,40.43404852825662
2022-09-07T15:00:00,46.241129004436985
2022-09-07T16:00:00,48.6847097977348
2022-09-07T17:00:00,48.4749352828316
2022-09-07T18:00:00,48.28408332492994
2022-09-07T19:00:00,47.796639152195134
2022-09-07T20:00:00,46.31942732437796
2022-09-07T21:00:00,44.277617247208305
2022-09-07T22:00:00,42.65367126464843
2022-09-07T23:00:00,42.22815239947775
2022-09-08T00:00:00,42.959996762483016
2022-09-08T01:00:00,43.87586344843325
2022-09-08T02:00:00,31.782122902248215
2022-09-08T03:00:00,24.07247800412385
2022-09-08T04:00:00,20.07876611792523
2022-09-08T05:00:00,17.6592553180197
2022-09-08T06:00:00,16.265356893124785
2022-09-08T07:00:00,16.40226787069569
2022-09-08T08:00:00,17.84240954855214
2022-09-08T09:00:00,18.791902542114254
2022-09-08T10:00:00,19.220598718394402
2022-09-08T11:00:00,21.41101704473081
2022-09-08T12:00:00,27.575422452843707
2022-09-08T13:00:00,33.55145255379054
2022-09-08T14:00:00,38.90464202217433
2022-09-08T15:00:00,42.17068564373513
2022-09-08T16:00:00,42.76112365722656
2022-09-08T17:00:00,41.3973275889521
2022-09-08T18:00:00,40.374365101689875
2022-09-08T19:00:00,37.89645385742187
2022-09-08T20:00:00,34.981261128964626
2022-09-08T21:00:00,32.81629554085109
2022-09-08T22:00:00,31.053445650183637
2022-09-08T23:00:00,30.183377058609665
2022-09-09T00:00:00,29.630903492803156
2022-09-09T01:00:00,27.932821107947305
2022-09-09T02:00:00,20.47964062898055
2022-09-09T03:00:00,16.893485774164613
2022-09-09T04:00:00,15.510233754697051
2022-09-09T05:00:00,15.190156273219895
2022-09-09T06:00:00,15.18824059030284
2022-09-09T07:00:00,14.931689055069631
2022-09-09T08:00:00,14.684509650520654
2022-09-09T09:00:00,14.501512527465819
2022-09-09T10:00:00,14.885333807572072
2022-09-09T11:00:00,17.073889359183934
2022-09-09T12:00:00,21.968682911085047
2022-09-09T13:00:00,26.95802191029424
2022-09-09T14:00:00,31.096147454303246
2022-09-09T15:00:00,32.99503442515498
2022-09-09T16:00:00,35.44007334501846
2022-09-09T17:00:00,37.8825336953868
2022-09-09T18:00:00,38.33579635620117
2022-09-09T19:00:00,36.58322641123896
2022-09-09T20:00:00,35.113307123598844
2022-09-09T21:00:00,33.98922712906547
2022-09-09T22:00:00,32.061169997505516
2022-09-09T23:00:00,27.507428957068402
2022-09-10T00:00:00,25.5065977677055
2022-09-10T01:00:00,24.861247767572817
2022-09-10T02:00:00,18.49451496290124
2022-09-10T03:00:00,15.068873156671938
2022-09-10T04:00:00,14.03625210471775
2022-09-10T05:00:00,14.053726818250572
2022-09-10T06:00:00,14.163601046023159
2022-09-10T07:00:00,14.438835807468578
2022-09-10T08:00:00,14.79555374643077
2022-09-10T09:00:00,15.18112854335619
2022-09-10T10:00:00,15.90676506705906
2022-09-10T11:00:00,18.03319333947223
2022-09-10T12:00:00,22.647339115972102
2022-09-10T13:00:00,26.859378897625465
2022-09-10T14:00:00,30.85349928814432
2022-09-10T15:00:00,31.960472687431
2022-09-10T16:00:00,30.755247862442676
2022-09-10T17:00:00,29.813598052315086
2022-09-10T18:00:00,28.58326787533967
2022-09-10T19:00:00,27.27047530464504
2022-09-10T20:00:00,26.78534076524817
2022-09-10T21:00:00,26.563907789147414
2022-09-10T22:00:00,26.736232591711953
2022-09-10T23:00:00,27.29252657682999
2022-09-11T00:00:00,28.083399399467137
2022-09-11T01:00:00,28.219684849614676
2022-09-11T02:00:00,20.422885811847188
2022-09-11T03:00:00,17.448358204053793
2022-09-11T04:00:00,16.25905617423679
2022-09-11T05:00:00,15.676633047020951
2022-09-11T06:00:00,15.292112391927967
2022-09-11T07:00:00,15.182322502136229
2022-09-11T08:00:00,15.093106477156928
2022-09-11T09:00:00,15.11323178332785
2022-09-11T10:00:00,15.541140805120051
2022-09-11T11:00:00,17.568730893342387
2022-09-11T12:00:00,22.750943640004035
2022-09-11T13:00:00,27.49113273620605
2022-09-11T14:00:00,29.77189312810483
2022-09-11T15:00:00,30.47833160732103
2022-09-11T16:00:00,31.802981169327442
2022-09-11T17:00:00,32.463531659997024
2022-09-11T18:00:00,31.642158176587973
2022-09-11T19:00:00,29.36566369429878
2022-09-11T20:00:00,28.185518596483313
2022-09-11T21:00:00,27.59761478589928
2022-09-11T22:00:00,27.508009454478383
2022-09-11T23:00:00,27.809818599535067
2022-09-12T00:00:00,27.557408954786215
2022-09-12T01:00:00,26.836687917294704
2022-09-12T02:00:00,22.113610723744266
2022-09-12T03:00:00,19.04147015447202
2022-09-12T04:00:00,18.710083754166313
2022-09-12T05:00:00,19.141680924788762
2022-09-12T06:00:00,18.77658595209536
2022-09-12T07:00:00,18.322043460348375
2022-09-12T08:00:00,18.372232022492778
2022-09-12T09:00:00,18.8579393469769
2022-09-12T10:00:00,19.77783161660899
2022-09-12T11:00:00,22.86809805165166
2022-09-12T12:00:00,30.84977755339249
2022-09-12T13:00:00,39.790859554124914
2022-09-12T14:00:00,43.646658524223
2022-09-12T15:00:00,44.50689531409222
2022-09-12T16:00:00,45.3031991046408
2022-09-12T17:00:00,47.13222769032354
2022-09-12T18:00:00,48.78852263740871
2022-09-12T19:00:00,48.915429820185125
2022-09-12T20:00:00,48.87055156541906
2022-09-12T21:00:00,47.742435123609454
2022-09-12T22:00:00,45.96510729582413
2022-09-12T23:00:00,45.60360800701638
2022-09-13T00:00:00,46.20743494448455
2022-09-13T01:00:00,44.52532030188519
2022-09-13T02:00:00,30.26418884940769
2022-09-13T03:00:00,23.935627315355383
2022-09-13T04:00:00,21.3553873145062
2022-09-13T05:00:00,20.595150242681086
2022-09-13T06:00:00,20.380949352098543
2022-09-13T07:00:00,20.81191718060037
2022-09-13T08:00:00,21.784338826718535
2022-09-13T09:00:00,22.33226054647694
2022-09-13T10:00:00,23.070073003354278
2022-09-13T11:00:00,26.59198827328889
2022-09-13T12:00:00,37.12979524031929
2022-09-13T13:00:00,50.34007578310759
2022-09-13T14:00:00,63.67141906074855
2022-09-13T15:00:00,70.24108986232591
2022-09-13T16:00:00,70.27413840915845
2022-09-13T17:00:00,70.92291458793306
2022-09-13T18:00:00,73.79675491996433
2022-09-13T19:00:00,73.46439394743545
2022-09-13T20:00:00,71.94255563487175
2022-09-13T21:00:00,71.22588912300441
2022-09-13T22:00:00,70.4068086043648
2022-09-13T23:00:00,68.7682813561481
2022-09-14T00:00:00,67.00319638459578
2022-09-14T01:00:00,60.23576786207116
2022-09-14T02:00:00,31.251370886097778
2022-09-14T03:00:00,22.135268252828844
2022-09-14T04:00:00,19.272232055664062
2022-09-14T05:00:00,18.396167755126953
2022-09-14T06:00:00,18.05705402208411
2022-09-14T07:00:00,17.981035149615742
2022-09-14T08:00:00,18.20479260320249
2022-09-14T09:00:00,18.79704831994098
2022-09-14T10:00:00,19.751924597698707
2022-09-14T11:00:00,22.25427577806555
2022-09-14T12:00:00,30.51847507642663
2022-09-14T13:00:00,38.64120218028192
2022-09-14T14:00:00,41.357339776080586
2022-09-14T15:00:00,42.34671700519064
2022-09-14T16:00:00,51.34786904376485
2022-09-14T17:00:00,61.67923305345618
2022-09-14T18:00:00,70.34490999968155
2022-09-14T19:00:00,76.83855471403702
2022-09-14T20:00:00,82.45873028299081
2022-09-14T21:00:00,86.79193811831267
2022-09-14T22:00:00,87.80975573995838
2022-09-14T23:00:00,86.98198268724525
2022-09-15T00:00:00,86.45973238737686
2022-09-15T01:00:00,75.39673780358355
2022-09-15T02:00:00,37.24486525162406
2022-09-15T03:00:00,24.65108647553817
2022-09-15T04:00:00,20.368653255960215
2022-09-15T05:00:00,18.69083902110224
2022-09-15T06:00:00,17.984345228775688
2022-09-15T07:00:00,18.00376933553944
2022-09-15T08:00:00,18.511648592741594
2022-09-15T09:00:00,19.26017611959706
2022-09-15T10:00:00,20.505249355150305
2022-09-15T11:00:00,23.535387868466586
2022-09-15T12:00:00,32.08446477807086
2022-09-15T13:00:00,45.02749666960343
2022-09-15T14:00:00,58.30335583894149
2022-09-15T15:00:00,69.29596677033797
2022-09-15T16:00:00,80.01411338474438
2022-09-15T17:00:00,90.27093140975288
2022-09-15T18:00:00,97.3150120610776
2022-09-15T19:00:00,104.26562864884086
2022-09-15T20:00:00,107.74443385912024
2022-09-15T21:00:00,109.82303354014519
2022-09-15T22:00:00,111.76208363408627
2022-09-15T23:00:00,114.46756777556045
2022-09-16T00:00:00,120.40312858249828
2022-09-16T01:00:00,127.60556262472399
2022-09-16T02:00:00,76.6446241295856
2022-09-16T03:00:00,42.35155785602072
2022-09-16T04:00:00,29.839853452599563
2022-09-16T05:00:00,25.551200203273606
2022-09-16T06:00:00,23.777205259903617
2022-09-16T07:00:00,23.42227919205375
2022-09-16T08:00:00,23.48791039508322
2022-09-16T09:00:00,23.47565924603006
2022-09-16T10:00:00,24.35054157091223
2022-09-16T11:00:00,27.52845556839652
2022-09-16T12:00:00,35.84014245738154
2022-09-16T13:00:00,45.76596284949261
2022-09-16T14:00:00,54.38307770438816
2022-09-16T15:00:00,62.304913064707875
2022-09-16T16:00:00,69.37853075110392
2022-09-16T17:00:00,75.04630213198453
2022-09-16T18:00:00,78.4788874750552
2022-09-16T19:00:00,78.84281954557999
2022-09-16T20:00:00,76.8001423711362
2022-09-16T21:00:00,74.55666052776834
2022-09-16T22:00:00,72.85226904827614
2022-09-16T23:00:00,69.88434965714163
2022-09-17T00:00:00,65.98578278914741
2022-09-17T01:00:00,55.14141829117484
2022-09-17T02:00:00,27.952429895815637
2022-09-17T03:00:00,20.4875314961309
2022-09-17T04:00:00,18.260509159253992
2022-09-17T05:00:00,17.588299709817637
2022-09-17T06:00:00,17.262203299480934
2022-09-17T07:00:00,17.29327923318614
2022-09-17T08:00:00,17.503483896670133
2022-09-17T09:00:00,17.953497430552606
2022-09-17T10:00:00,19.06835240903108
2022-09-17T11:00:00,21.705832439920176
2022-09-17T12:00:00,28.58303990571395
2022-09-17T13:00:00,37.47794093256411
2022-09-17T14:00:00,47.13859126878821
2022-09-17T15:00:00,54.586583178976305
2022-09-17T16:00:00,62.01973906807276
2022-09-17T17:00:00,67.33622973898181
2022-09-17T18:00:00,70.75684008391008
2022-09-17T19:00:00,73.16699616805366
2022-09-17T20:00:00,74.01998237941575
2022-09-17T21:00:00,71.88593756634255
2022-09-17T22:00:00,70.36719811480977
2022-09-17T23:00:00,69.8594045224397
2022-09-18T00:00:00,70.37051059888755
2022-09-18T01:00:00,67.58830078788424
2022-09-18T02:00:00,35.52197381724481
2022-09-18T03:00:00,22.085429564766258
2022-09-18T04:00:00,17.741302573162574
2022-09-18T05:00:00,16.241792678833008
2022-09-18T06:00:00,15.624169681383215
2022-09-18T07:00:00,15.562542832416035
2022-09-18T08:00:00,15.76065324700397
2022-09-18T09:00:00,16.46397308681322
2022-09-18T10:00:00,17.816924385402512
2022-09-18T11:00:00,21.113441052644145
2022-09-18T12:00:00,29.283403313678242
2022-09-18T13:00:00,35.8968275318975
2022-09-18T14:00:00,38.884887363599695
2022-09-18T15:00:00,41.321752797002375
2022-09-18T16:00:00,42.66038264398989
2022-09-18T17:00:00,43.74220309050187
2022-09-18T18:00:00,47.19125167183253
2022-09-18T19:00:00,50.324683645497196
2022-09-18T20:00:00,52.957407412321665
2022-09-18T21:00:00,54.312847800876774
2022-09-18T22:00:00,54.06080046943996
2022-09-18T23:00:00,54.752363122027845
2022-09-19T00:00:00,57.27756981227708
2022-09-19T01:00:00,57.697071738865056
2022-09-19T02:00:00,36.946068473484196
2022-09-19T03:00:00,24.715933924135953
2022-09-19T04:00:00,20.697972090347953
2022-09-19T05:00:00,19.214882975039274
2022-09-19T06:00:00,18.757858276367184
2022-09-19T07:00:00,18.044851386028785
2022-09-19T08:00:00,17.292273894600246
2022-09-19T09:00:00,17.155711961829144
2022-09-19T10:00:00,18.32240361752717
2022-09-19T11:00:00,22.687134784200914
2022-09-19T12:00:00,31.631963398145587
2022-09-19T13:00:00,40.356546982474946
2022-09-19T14:00:00,48.30098226796025
2022-09-19T15:00:00,51.25407061369523
2022-09-19T16:00:00,50.587614308232844
2022-09-19T17:00:00,48.031975124193266
2022-09-19T18:00:00,45.37634393443232
2022-09-19T19:00:00,42.86677136628523
2022-09-19T20:00:00,41.000580994979195
2022-09-19T21:00:00,39.50205512668775
2022-09-19T22:00:00,38.385076439898945
2022-09-19T23:00:00,37.35906451681385
2022-09-20T00:00:00,36.97053080019744
2022-09-20T01:00:00,37.66869171806003
2022-09-20T02:00:00,33.66451694654381
2022-09-20T03:00:00,29.643133661021356
2022-09-20T04:00:00,28.716348565143083
2022-09-20T05:00:00,27.340064173159387
2022-09-20T06:00:00,26.320400818534516
2022-09-20T07:00:00,25.369443561719805
2022-09-20T08:00:00,24.185136546259336
2022-09-20T09:00:00,23.838215869405996
2022-09-20T10:00:00,24.10904328719429
2022-09-20T11:00:00,26.54110726066257
2022-09-20T12:00:00,33.31014301465905
2022-09-20T13:00:00,41.87161304639733
2022-09-20T14:00:00,48.37894887509553
2022-09-20T15:00:00,52.88071507992951
2022-09-20T16:00:00,53.58017432171365
2022-09-20T17:00:00,53.368263576341704
2022-09-20T18:00:00,50.58017432171365
2022-09-20T19:00:00,50.251892587412954
2022-09-20T20:00:00,49.81466127478557
2022-09-20T21:00:00,50.480546370796525
2022-09-20T22:00:00,51.83878011288849
2022-09-20T23:00:00,53.67441956893257
2022-09-21T00:00:00,53.05642866051715
2022-09-21T01:00:00,49.13653514696203
2022-09-21T02:00:00,36.100906372070305
2022-09-21T03:00:00,29.50374603271484
2022-09-21T04:00:00,26.29240624800972
2022-09-21T05:00:00,24.749841690063473
2022-09-21T06:00:00,23.51790660360585
2022-09-21T07:00:00,23.200528186300524
2022-09-21T08:00:00,23.020695313163422
2022-09-21T09:00:00,22.9139230976934
2022-09-21T10:00:00,23.553856808206305
2022-09-21T11:00:00,26.394221927808676
2022-09-21T12:00:00,33.96766977724821
2022-09-21T13:00:00,42.82301496422809
2022-09-21T14:00:00,50.39888813184655
2022-09-21T15:00:00,56.40702123227326
2022-09-21T16:00:00,59.57370874156121
2022-09-21T17:00:00,59.63882396532141
2022-09-21T18:00:00,59.53281651372495
2022-09-21T19:00:00,58.34343968267026
2022-09-21T20:00:00,55.187492204749056
2022-09-21T21:00:00,50.2434261156165
2022-09-21T22:00:00,46.76432982735012
2022-09-21T23:00:00,44.34528699128524
2022-09-22T00:00:00,42.98564910888672
2022-09-22T01:00:00,40.726544587508485
2022-09-22T02:00:00,28.72979097780974
2022-09-22T03:00:00,22.47725088700004
2022-09-22T04:00:00,19.655140006023903
2022-09-22T05:00:00,18.221174323040504
2022-09-22T06:00:00,17.49921657728112
2022-09-22T07:00:00,16.98746059251868
2022-09-22T08:00:00,16.655211407205332
2022-09-22T09:00:00,16.74544525146484
2022-09-22T10:00:00,17.73200565835704
2022-09-22T11:00:00,20.886728037958555
2022-09-22T12:00:00,27.12066924053689
2022-09-22T13:00:00,34.73265142026155
2022-09-22T14:00:00,41.10485773501189
2022-09-22T15:00:00,45.9892407292905
2022-09-22T16:00:00,49.1921333644701
2022-09-22T17:00:00,51.018533126167625
2022-09-22T18:00:00,52.594304623811134
2022-09-22T19:00:00,52.142491547957704
2022-09-22T20:00:00,50.66489692356275
2022-09-22T21:00:00,49.492727196734876
2022-09-22T22:00:00,48.95402875153914
2022-09-22T23:00:00,48.74732772163722
2022-09-23T00:00:00,48.697294484014094
2022-09-23T01:00:00,46.08301146134086
2022-09-23T02:00:00,30.744476318359368
2022-09-23T03:00:00,22.30159577079441
2022-09-23T04:00:00,19.803143874458645
2022-09-23T05:00:00,18.31709737363069
2022-09-23T06:00:00,17.444658362347145
2022-09-23T07:00:00,17.255442329075024
2022-09-23T08:00:00,17.33477310512377
2022-09-23T09:00:00,17.45278507730235
2022-09-23T10:00:00,18.152789903723676
2022-09-23T11:00:00,20.457114841627035
2022-09-23T12:00:00,26.466211816538934
2022-09-23T13:00:00,35.82039078422215
2022-09-23T14:00:00,44.78157292241635
2022-09-23T15:00:00,52.59303913945736
2022-09-23T16:00:00,57.60852714206861
2022-09-23T17:00:00,62.171888434368626
2022-09-23T18:00:00,62.773546467656665
2022-09-23T19:00:00,60.73958023734715
2022-09-23T20:00:00,59.59938696156376
2022-09-23T21:00:00,55.40027834021526
2022-09-23T22:00:00,51.25927485590395
2022-09-23T23:00:00,53.63186197695524
2022-09-24T00:00:00,55.44776816990064
2022-09-24T01:00:00,48.89373696368673
2022-09-24T02:00:00,31.716800938481864
2022-09-24T03:00:00,26.281993368397586
2022-09-24T04:00:00,22.97240771418032
2022-09-24T05:00:00,18.600841522216793
2022-09-24T06:00:00,15.981222318566362
2022-09-24T07:00:00,14.832857131958006
2022-09-24T08:00:00,14.782951230588164
2022-09-24T09:00:00,15.558082290317701
2022-09-24T10:00:00,16.360845648724098
2022-09-24T11:00:00,18.59813126273777
2022-09-24T12:00:00,25.47668199953825
2022-09-24T13:00:00,35.27389493195906
2022-09-24T14:00:00,44.34995900029721
2022-09-24T15:00:00,51.980500594429344
2022-09-24T16:00:00,60.47502136230468
2022-09-24T17:00:00,67.5931691708772
2022-09-24T18:00:00,69.82586868949558
2022-09-24T19:00:00,69.6303893379543
2022-09-24T20:00:00,69.24156885561734
2022-09-24T21:00:00,70.22070047129755
2022-09-24T22:00:00,63.84772756825323
2022-09-24T23:00:00,53.724468397057564
2022-09-25T00:00:00,50.913604902184524
2022-09-25T01:00:00,47.38696255891219
2022-09-25T02:00:00,32.18906568444293
2022-09-25T03:00:00,24.435995267785113
2022-09-25T04:00:00,20.020420737888504
2022-09-25T05:00:00,18.30804957514224
2022-09-25T06:00:00,17.351339008497156
2022-09-25T07:00:00,16.92612258247707
2022-09-25T08:00:00,17.044578966887098
2022-09-25T09:00:00,17.53577887493631
2022-09-25T10:00:00,18.5168981966765
2022-09-25T11:00:00,22.25578059320864
2022-09-25T12:00:00,29.62235749286154
2022-09-25T13:00:00,40.86958097374958
2022-09-25T14:00:00,51.41518020629883
2022-09-25T15:00:00,65.7529708198879
2022-09-25T16:00:00,83.8762034540591
2022-09-25T17:00:00,95.3539405491041
2022-09-25T18:00:00,105.80942734428075
2022-09-25T19:00:00,113.70427438487175
2022-09-25T20:00:00,112.07826730479364
2022-09-25T21:00:00,107.91645481275475
2022-09-25T22:00:00,101.97476494830586
2022-09-25T23:00:00,97.45944744607677
2022-09-26T00:00:00,94.7584978186566
2022-09-26T01:00:00,88.21904024870499
2022-09-26T02:00:00,49.76977024907651
2022-09-26T03:00:00,30.211136361827023
2022-09-26T04:00:00,23.881419057431426
2022-09-26T05:00:00,21.71636191658352
2022-09-26T06:00:00,20.46282552636188
2022-09-26T07:00:00,19.63552674003269
2022-09-26T08:00:00,19.06504373965056
2022-09-26T09:00:00,19.20312342436417
2022-09-26T10:00:00,20.152818679809567
2022-09-26T11:00:00,23.792882007101305
2022-09-26T12:00:00,30.707396134086274
2022-09-26T13:00:00,35.61595601620881
2022-09-26T14:00:00,39.130085986593485
2022-09-26T15:00:00,45.87667050568953
2022-09-26T16:00:00,51.02401235829228
2022-09-26T17:00:00,57.908598858377204
2022-09-26T18:00:00,66.00241337651791
2022-09-26T19:00:00,68.96033212412958
2022-09-26T20:00:00,66.36076172538425
2022-09-26T21:00:00,63.472245091977314
2022-09-26T22:00:00,60.495033595872954
2022-09-26T23:00:00,53.96437553737474
2022-09-27T00:00:00,48.840989154318095
2022-09-27T01:00:00,44.40981027354365
2022-09-27T02:00:00,26.918417059856907
2022-09-27T03:00:00,19.79717395616614
2022-09-27T04:00:00,17.183385517286215
2022-09-27T05:00:00,16.12888701065727
2022-09-27T06:00:00,15.690219464509381
2022-09-27T07:00:00,15.525626555733057
2022-09-27T08:00:00,15.573257860930068
2022-09-27T09:00:00,15.980309196140452
2022-09-27T10:00:00,16.896228790283203
2022-09-27T11:00:00,20.48545339833135
2022-09-27T12:00:00,28.29080896792204
2022-09-27T13:00:00,34.31013405841329
2022-09-27T14:00:00,38.83204617707626
2022-09-27T15:00:00,43.37931508603303
2022-09-27T16:00:00,46.27778360118037
2022-09-27T17:00:00,48.20637611720872
2022-09-27T18:00:00,48.60928759367569
2022-09-27T19:00:00,46.780584915824555
2022-09-27T20:00:00,43.658348083496094
2022-09-27T21:00:00,41.107648600702696
2022-09-27T22:00:00,38.66952564405358
2022-09-27T23:00:00,36.628122578496516
2022-09-28T00:00:00,35.273720202238664
2022-09-28T01:00:00,32.95506004665208
2022-09-28T02:00:00,24.04681753075641
2022-09-28T03:00:00,17.28499304729959
2022-09-28T04:00:00,15.037425331447434
2022-09-28T05:00:00,13.676969196485434
2022-09-28T06:00:00,12.811866967574408
2022-09-28T07:00:00,12.37647019261899
2022-09-28T08:00:00,12.450257135474162
2022-09-28T09:00:00,13.039371780727219
2022-09-28T10:00:00,14.03731984677522
2022-09-28T11:00:00,16.550752308057703
2022-09-28T12:00:00,22.80263170988663
2022-09-28T13:00:00,30.512232573136032
2022-09-28T14:00:00,36.09311526754628
2022-09-28T15:00:00,38.14100846000339
2022-09-28T16:00:00,37.600181579589844
2022-09-28T17:00:00,34.70934983958368
2022-09-28T18:00:00,35.1964519334876
2022-09-28T19:00:00,37.56059455871582
2022-09-28T20:00:00,39.09985849131708
2022-09-28T21:00:00,38.407699253248126
2022-09-28T22:00:00,35.69237377332605
2022-09-28T23:00:00,32.53325802346934
2022-09-29T00:00:00,31.494706527046528
2022-09-29T01:00:00,31.058531139207915
2022-09-29T02:00:00,21.236326881076977
2022-09-29T03:00:00,17.639133453369137
2022-09-29T04:00:00,15.93711765952732
2022-09-29T05:00:00,14.883599654487941
2022-09-29T06:00:00,14.360239526499871
2022-09-29T07:00:00,14.196219817451809
2022-09-29T08:00:00,14.057492463485053
2022-09-29T09:00:00,13.889979694200598
2022-09-29T10:00:00,14.050202037977137
2022-09-29T11:00:00,15.931992655215055
2022-09-29T12:00:00,20.59632973048998
2022-09-29T13:00:00,24.698900139850114
2022-09-29T14:00:00,29.017954619034473
2022-09-29T15:00:00,36.90776426895805
2022-09-29T16:00:00,46.123046045717984
2022-09-29T17:00:00,41.989929530931555
2022-09-29T18:00:00,25.328085774960723
2022-09-29T19:00:00,19.446208373360008
2022-09-29T20:00:00,18.752925789874528
2022-09-29T21:00:00,19.492235515428625
2022-09-29T22:00:00,19.048118176667582
2022-09-29T23:00:00,18.509449088055153
2022-09-30T00:00:00,19.843249528304387
2022-09-30T01:00:00,22.502784065578293
2022-09-30T02:00:00,23.52068627398947
2022-09-30T03:00:00,15.342326081317402
2022-09-30T04:00:00,12.25319298453953
2022-09-30T05:00:00,11.102057954539422
2022-09-30T06:00:00,10.225447737652322
2022-09-30T07:00:00,9.383207445559293
2022-09-30T08:00:00,9.051517859749172
2022-09-30T09:00:00,9.16610066787056
2022-09-30T10:00:00,10.033764548923658
2022-09-30T11:00:00,13.118128610693889
2022-09-30T12:00:00,19.861592334249746
2022-09-30T13:00:00,27.38838477756666
2022-09-30T14:00:00,32.128211228743844
2022-09-30T15:00:00,33.44998450901197
2022-09-30T16:00:00,33.840519366057016
2022-09-30T17:00:00,35.38763394563094
2022-09-30T18:00:00,36.919494960619055
2022-09-30T19:00:00,34.648154300192125
2022-09-30T20:00:00,31.884963657545
2022-09-30T21:00:00,32.09168716098951
2022-09-30T22:00:00,32.84484498397163
2022-09-30T23:00:00,30.583123663197394
2022-10-01T00:00:00,29.499564212301497
2022-10-01T01:00:00,32.065546284551196
2022-10-01T02:00:00,22.358351251353387
2022-10-01T03:00:00,13.783841091653574
2022-10-01T04:00:00,11.221563629482102
2022-10-01T05:00:00,10.445398413616676
2022-10-01T06:00:00,10.25578917627749
2022-10-01T07:00:00,10.14785107322361
2022-10-01T08:00:00,9.962008600649625
2022-10-01T09:00:00,9.72681883107061
2022-10-01T10:00:00,10.101914530215055
2022-10-01T11:00:00,12.511763780013375
2022-10-01T12:00:00,19.857899292655613
2022-10-01T13:00:00,27.818328193996262
2022-10-01T14:00:00,32.63914415110712
2022-10-01T15:00:00,35.59704291302224
2022-10-01T16:00:00,38.70399392169455
2022-10-01T17:00:00,40.93139349895974
2022-10-01T18:00:00,39.26786936884341
2022-10-01T19:00:00,35.05003937431003
2022-10-01T20:00:00,32.851307412852414
2022-10-01T21:00:00,32.90667168990425
2022-10-01T22:00:00,32.472921371459954
2022-10-01T23:00:00,30.21978651958963
2022-10-02T00:00:00,28.170443244602367
2022-10-02T01:00:00,26.33989682404891
2022-10-02T02:00:00,16.816446138464883
2022-10-02T03:00:00,11.837181671806002
2022-10-02T04:00:00,10.68868711720342
2022-10-02T05:00:00,9.755630700484566
2022-10-02T06:00:00,9.1606911368992
2022-10-02T07:00:00,8.923258283863897
2022-10-02T08:00:00,8.990356362384297
2022-10-02T09:00:00,9.486043515412703
2022-10-02T10:00:00,10.408140845920727
2022-10-02T11:00:00,12.268001432004182
2022-10-02T12:00:00,15.373971690302307
2022-10-02T13:00:00,18.47102704255477
2022-10-02T14:00:00,21.697753076967984
2022-10-02T15:00:00,24.605227014292836
2022-10-02T16:00:00,25.41807241025178
2022-10-02T17:00:00,24.43898308795431
2022-10-02T18:00:00,22.710752653039016
2022-10-02T19:00:00,21.96527306929878
2022-10-02T20:00:00,24.080643695333727
2022-10-02T21:00:00,24.913229569144868
2022-10-02T22:00:00,23.59691536944845
2022-10-02T23:00:00,23.367809461510696
2022-10-03T00:00:00,25.47888929947563
2022-10-03T01:00:00,29.438005696172297
2022-10-03T02:00:00,25.545558183089543
2022-10-03T03:00:00,18.821037707121473
2022-10-03T04:00:00,14.307306123816447
2022-10-03T05:00:00,12.606978914012078
2022-10-03T06:00:00,11.452390878096871
2022-10-03T07:00:00,10.984160298886506
2022-10-03T08:00:00,10.703568665877631
2022-10-03T09:00:00,11.16428284023119
2022-10-03T10:00:00,12.354541239531143
2022-10-03T11:00:00,15.316211990688155
2022-10-03T12:00:00,24.305486762005348
2022-10-03T13:00:00,32.031224789826766
2022-10-03T14:00:00,36.88458102682362
2022-10-03T15:00:00,44.74530742479407
2022-10-03T16:00:00,50.6130784076193
2022-10-03T17:00:00,52.62263953167459
2022-10-03T18:00:00,50.32350523575492
2022-10-03T19:00:00,47.13411944845448
2022-10-03T20:00:00,45.90161912337593
2022-10-03T21:00:00,46.65195863143257
2022-10-03T22:00:00,47.40886970188306
2022-10-03T23:00:00,47.50357022492781
2022-10-04T00:00:00,47.496375540028446
2022-10-04T01:00:00,45.77271021967348
2022-10-04T02:00:00,28.65949721958326
2022-10-04T03:00:00,20.013244463049844
2022-10-04T04:00:00,17.5895590574845
2022-10-04T05:00:00,16.95008667655613
2022-10-04T06:00:00,16.69259104521378
2022-10-04T07:00:00,16.598845523336657
2022-10-04T08:00:00,16.70752019467561
2022-10-04T09:00:00,16.14450686910878
2022-10-04T10:00:00,17.42918976493504
2022-10-04T11:00:00,25.776905225670856
2022-10-04T12:00:00,38.92545384946076
2022-10-04T13:00:00,49.857831872027845
2022-10-04T14:00:00,58.01842498779296
2022-10-04T15:00:00,65.97217592985733
2022-10-04T16:00:00,67.95577239990234
2022-10-04T17:00:00,62.68921843818996
2022-10-04T18:00:00,57.93677354895549
2022-10-04T19:00:00,54.57265837296195
2022-10-04T20:00:00,51.23045780347741
2022-10-04T21:00:00,46.548129371974774
2022-10-04T22:00:00,41.064160388448954
2022-10-04T23:00:00,38.615516165028446
2022-10-05T00:00:00,39.426028707753055
2022-10-05T01:00:00,38.93928627345873
2022-10-05T02:00:00,26.900933887647543
2022-10-05T03:00:00,20.72923718328061
2022-10-05T04:00:00,18.769292333851688
2022-10-05T05:00:00,18.130709192027215
2022-10-05T06:00:00,17.95732896224312
2022-10-05T07:00:00,17.766869337662403
2022-10-05T08:00:00,17.704533369644828
2022-10-05T09:00:00,18.228026680324387
2022-10-05T10:00:00,19.46393236906632
2022-10-05T11:00:00,25.973061768904973
2022-10-05T12:00:00,33.756929978080414
2022-10-05T13:00:00,38.13170872563901
2022-10-05T14:00:00,41.77291007663892
2022-10-05T15:00:00,44.35143213686736
2022-10-05T16:00:00,45.10116129336149
2022-10-05T17:00:00,45.109492758046024
2022-10-05T18:00:00,44.92427145916482
2022-10-05T19:00:00,43.27778409874957
2022-10-05T20:00:00,40.900280330492095
2022-10-05T21:00:00,36.47362178304921
2022-10-05T22:00:00,32.99212430871051
2022-10-05T23:00:00,32.70602450163467
2022-10-06T00:00:00,34.060954384181805
2022-10-06T01:00:00,33.309812711632766
2022-10-06T02:00:00,27.006621236386504
2022-10-06T03:00:00,22.70397161400836
2022-10-06T04:00:00,21.275818451591157
2022-10-06T05:00:00,18.119858368583344
2022-10-06T06:00:00,17.78323754020359
2022-10-06T07:00:00,18.806188500445824
2022-10-06T08:00:00,19.175238733706266
2022-10-06T09:00:00,19.83039449608844
2022-10-06T10:00:00,22.5248443769372
2022-10-06T11:00:00,28.51703361842943
2022-10-06T12:00:00,35.74630986089291
2022-10-06T13:00:00,42.73946612814198
2022-10-06T14:00:00,48.34731740536897
2022-10-06T15:00:00,52.68353636368461
2022-10-06T16:00:00,54.62498208750849
2022-10-06T17:00:00,55.99338000753651
2022-10-06T18:00:00,56.29782320105512
2022-10-06T19:00:00,51.7184071748153
2022-10-06T20:00:00,45.95215623275093
2022-10-06T21:00:00,40.84826079658839
2022-10-06T22:00:00,39.33279949685801
2022-10-06T23:00:00,38.477407621300735
2022-10-07T00:00:00,38.64410035506538
2022-10-07T01:00:00,37.756462180096165
2022-10-07T02:00:00,25.537889978160027
2022-10-07T03:00:00,20.001914065817125
2022-10-07T04:00:00,16.883619142615277
2022-10-07T05:00:00,15.386029119076932
2022-10-07T06:00:00,14.707839717035707
2022-10-07T07:00:00,14.489295710688051
2022-10-07T08:00:00,14.04205562757409
2022-10-07T09:00:00,14.10714236549709
2022-10-07T10:00:00,14.511283750119414
2022-10-07T11:00:00,16.7703508294147
2022-10-07T12:00:00,24.088701414025348
2022-10-07T13:00:00,33.107297814410664
2022-10-07T14:00:00,40.35183251422384
2022-10-07T15:00:00,49.08578756581182
2022-10-07T16:00:00,55.930713155995235
2022-10-07T17:00:00,56.24879671179729
2022-10-07T18:00:00,53.866041266399876
2022-10-07T19:00:00,47.885845018469766
2022-10-07T20:00:00,45.61799057670261
2022-10-07T21:00:00,40.47681974328083
2022-10-07T22:00:00,38.29429676221764
2022-10-07T23:00:00,37.47789930260699
2022-10-08T00:00:00,37.53410870095957
2022-10-08T01:00:00,37.64318200816278
2022-10-08T02:00:00,33.2321724269701
2022-10-08T03:00:00,25.104488704515536
2022-10-08T04:00:00,21.35817121422809
2022-10-08T05:00:00,19.46050378550654
2022-10-08T06:00:00,16.747889808986493
2022-10-08T07:00:00,14.762721310491147
2022-10-08T08:00:00,14.471395824266514
2022-10-08T09:00:00,18.03083792976711
2022-10-08T10:00:00,23.17372985508131
2022-10-08T11:00:00,31.666792662247364
2022-10-08T12:00:00,49.76673209148904
2022-10-08T13:00:00,74.55429740574048
2022-10-08T14:00:00,95.59487384298572
2022-10-08T15:00:00,114.0082606440005
2022-10-08T16:00:00,129.0310755190642
2022-10-08T17:00:00,136.3704429294752
2022-10-08T18:00:00,136.6673696766729
2022-10-08T19:00:00,136.2116108769956
2022-10-08T20:00:00,136.8098336924677
2022-10-08T21:00:00,140.28973919412363
2022-10-08T22:00:00,143.09166087274963
2022-10-08T23:00:00,141.2957883088485
2022-10-09T00:00:00,113.74575805664062
2022-10-09T01:00:00,111.28672127101731
2022-10-09T02:00:00,89.45480811077616
2022-10-09T03:00:00,45.35531500111455
2022-10-09T04:00:00,30.693552265996516
2022-10-09T05:00:00,23.619180181752082
2022-10-09T06:00:00,19.673439689304516
2022-10-09T07:00:00,18.396530234295387
2022-10-09T08:00:00,17.57020676654318
2022-10-09T09:00:00,17.58579594156016
2022-10-09T10:00:00,17.79952439017918
2022-10-09T11:00:00,21.40843233854874
2022-10-09T12:00:00,30.026653455651324
2022-10-09T13:00:00,42.28010277126146
2022-10-09T14:00:00,57.60418966542119
2022-10-09T15:00:00,76.5649941485861
2022-10-09T16:00:00,101.17114921238111
2022-10-09T17:00:00,117.40555439824644
2022-10-09T18:00:00,121.5935642408288
2022-10-09T19:00:00,110.74140963347061
2022-10-09T20:00:00,109.88342351498811
2022-10-09T21:00:00,115.53365956182064
2022-10-09T22:00:00,122.56709986147672
2022-10-09T23:00:00,128.52724224588144
2022-10-10T00:00:00,133.02820354959238
2022-10-10T01:00:00,131.47438115658966
2022-10-10T02:00:00,81.2685198576554
2022-10-10T03:00:00,35.13693817802097
2022-10-10T04:00:00,28.923823232236114
2022-10-10T05:00:00,27.418725967407223
2022-10-10T06:00:00,26.52113922782566
2022-10-10T07:00:00,26.24091927901558
2022-10-10T08:00:00,27.001833376677137
2022-10-10T09:00:00,27.833032193391215
2022-10-10T10:00:00,28.300451693327528
2022-10-10T11:00:00,31.23044503253439
2022-10-10T12:00:00,37.42913005663
2022-10-10T13:00:00,41.418925575588055
2022-10-10T14:00:00,50.7172854879628
2022-10-10T15:00:00,61.54421549258024
2022-10-10T16:00:00,78.01405964726986
2022-10-10T17:00:00,90.59864840300186
2022-10-10T18:00:00,102.26304991348928
2022-10-10T19:00:00,111.77082692021908
2022-10-10T20:00:00,118.33869602369224
2022-10-10T21:00:00,119.6567090905231
2022-10-10T22:00:00,116.34209873365319
2022-10-10T23:00:00,108.96150273862091
2022-10-11T00:00:00,100.43954500944717
2022-10-11T01:00:00,86.91216079048488
2022-10-11T02:00:00,42.62949238652768
2022-10-11T03:00:00,20.621505073879074
2022-10-11T04:00:00,15.188631430916162
2022-10-11T05:00:00,13.256996942603068
2022-10-11T06:00:00,12.583102309185524
2022-10-11T07:00:00,12.787617849267045
2022-10-11T08:00:00,13.417678045189897
2022-10-11T09:00:00,14.800920444986094
2022-10-11T10:00:00,17.42336497099503
2022-10-11T11:00:00,18.942383558853813
2022-10-11T12:00:00,20.98893704621688
2022-10-11T13:00:00,24.143200169438902
2022-10-11T14:00:00,27.081997829934824
2022-10-11T15:00:00,29.854417220405907
2022-10-11T16:00:00,32.55563006193741
2022-10-11T17:00:00,36.11697006225586
2022-10-11T18:00:00,39.555276787799336
2022-10-11T19:00:00,42.23370145714801
2022-10-11T20:00:00,47.11263308317764
2022-10-11T21:00:00,58.15727698284646
2022-10-11T22:00:00,67.33933589769445
2022-10-11T23:00:00,65.20664098988408
2022-10-12T00:00:00,80.46306842306386
2022-10-12T01:00:00,97.1144793966542
2022-10-12T02:00:00,106.89838774307914
2022-10-12T03:00:00,81.42140098240063
2022-10-12T04:00:00,50.97373962402343
2022-10-12T05:00:00,38.588912632154376
2022-10-12T06:00:00,37.312316065249234
2022-10-12T07:00:00,39.54143010015072
2022-10-12T08:00:00,42.40836566427479
2022-10-12T09:00:00,45.839247330375336
2022-10-12T10:00:00,52.70187759399413
2022-10-12T11:00:00,58.76884593134341
2022-10-12T12:00:00,55.90752676258916
2022-10-12T13:00:00,56.890427465024196
2022-10-12T14:00:00,62.86144936603047
2022-10-12T15:00:00,74.28478141452955
2022-10-12T16:00:00,91.39641736901324
2022-10-12T17:00:00,104.48148412289825
2022-10-12T18:00:00,114.01537953252377
2022-10-12T19:00:00,121.96585083007811
2022-10-12T20:00:00,133.9634678052819
2022-10-12T21:00:00,142.64712126358694
2022-10-12T22:00:00,151.63297105872113
2022-10-12T23:00:00,155.31824194866675
2022-10-13T00:00:00,147.57085120159644
2022-10-13T01:00:00,129.39648371157438
2022-10-13T02:00:00,67.51670439346977
2022-10-13T03:00:00,34.60950071915335
2022-10-13T04:00:00,23.89803770314092
2022-10-13T05:00:00,20.016039309294328
2022-10-13T06:00:00,18.147483659827188
2022-10-13T07:00:00,16.772739825041395
2022-10-13T08:00:00,16.09022538558296
2022-10-13T09:00:00,16.563628486965012
2022-10-13T10:00:00,20.192557708076805
2022-10-13T11:00:00,28.64605372884999
2022-10-13T12:00:00,48.183706200641126
2022-10-13T13:00:00,66.6592267907184
2022-10-13T14:00:00,73.4037920081097
2022-10-13T15:00:00,74.19665228802224
2022-10-13T16:00:00,78.01463417384934
2022-10-13T17:00:00,86.56744086224099
2022-10-13T18:00:00,94.73770440143086
2022-10-13T19:00:00,98.93728073783541
2022-10-13T20:00:00,100.26169685695481
2022-10-13T21:00:00,99.06501471478005
2022-10-13T22:00:00,91.19481625764264
2022-10-13T23:00:00,80.1595930016559
2022-10-14T00:00:00,76.60862499734628
2022-10-14T01:00:00,74.51711107336955
2022-10-14T02:00:00,45.74020800383194
2022-10-14T03:00:00,23.20813402922257
2022-10-14T04:00:00,16.973526000976562
2022-10-14T05:00:00,15.016732091489043
2022-10-14T06:00:00,15.511765272720998
2022-10-14T07:00:00,16.383631415989086
2022-10-14T08:00:00,16.278892600018043
2022-10-14T09:00:00,16.01591864876125
2022-10-14T10:00:00,18.975636772487473
2022-10-14T11:00:00,27.82051542530889
2022-10-14T12:00:00,40.075493854025126
2022-10-14T13:00:00,52.314944889234454
2022-10-14T14:00:00,54.735181891399876
2022-10-14T15:00:00,57.27921245409094
2022-10-14T16:00:00,65.39411080401875
2022-10-14T17:00:00,79.74819515062414
2022-10-14T18:00:00,95.85522991677988
2022-10-14T19:00:00,105.67772077477495
2022-10-14T20:00:00,107.27394468887992
2022-10-14T21:00:00,100.3605197408925
2022-10-14T22:00:00,89.83798715342645
2022-10-14T23:00:00,85.93159153150474
2022-10-15T00:00:00,86.19757544476052
2022-10-15T01:00:00,88.47804790994394
2022-10-15T02:00:00,45.903624161430024
2022-10-15T03:00:00,24.468072227809735
2022-10-15T04:00:00,17.99993133544922
2022-10-15T05:00:00,16.29657521455184
2022-10-15T06:00:00,17.09203396672788
2022-10-15T07:00:00,17.814619727756664
2022-10-15T08:00:00,19.962922884070352
2022-10-15T09:00:00,21.701018291970954
2022-10-15T10:00:00,23.89223065583602
2022-10-15T11:00:00,31.582535785177473
2022-10-15T12:00:00,44.4642103443975
2022-10-15T13:00:00,53.03019581670346
2022-10-15T14:00:00,52.26939110133958
2022-10-15T15:00:00,57.08853514298148
2022-10-15T16:00:00,65.00233608743419
2022-10-15T17:00:00,71.41229148533033
2022-10-15T18:00:00,73.50060106360392
2022-10-15T19:00:00,73.0298372351605
2022-10-15T20:00:00,71.94359024711277
2022-10-15T21:00:00,71.00749272885528
2022-10-15T22:00:00,72.0400685849397
2022-10-15T23:00:00,75.13718281621517
2022-10-16T00:00:00,79.85406029742697
2022-10-16T01:00:00,79.54778953220533
2022-10-16T02:00:00,37.949987494427226
2022-10-16T03:00:00,19.95185395945673
2022-10-16T04:00:00,14.65076736781908
2022-10-16T05:00:00,12.580284740613854
2022-10-16T06:00:00,11.845999759176502
2022-10-16T07:00:00,11.509247613989787
2022-10-16T08:00:00,11.413389579109522
2022-10-16T09:00:00,11.782029981198516
2022-10-16T10:00:00,12.987122991810672
2022-10-16T11:00:00,17.439288844232973
2022-10-16T12:00:00,29.06979220846425
2022-10-16T13:00:00,44.04120055488918
2022-10-16T14:00:00,55.914965919826344
2022-10-16T15:00:00,61.86571336829144
2022-10-16T16:00:00,64.8469878486965
2022-10-16T17:00:00,63.562274269435704
2022-10-16T18:00:00,68.15670726610266
2022-10-16T19:00:00,75.95094299316406
2022-10-16T20:00:00,80.55050095267916
2022-10-16T21:00:00,82.10722914985988
2022-10-16T22:00:00,78.90110148554261
2022-10-16T23:00:00,68.028634444527
2022-10-17T00:00:00,61.7612135513969
2022-10-17T01:00:00,58.30908501666524
2022-10-17T02:00:00,30.54803035570227
2022-10-17T03:00:00,19.734392829563305
2022-10-17T04:00:00,15.996609812197475
2022-10-17T05:00:00,14.443697390349014
2022-10-17T06:00:00,13.761085717574408
2022-10-17T07:00:00,13.62981203328008
2022-10-17T08:00:00,13.80022152610447
2022-10-17T09:00:00,14.183988737023393
2022-10-17T10:00:00,14.931254221045451
2022-10-17T11:00:00,18.4555956799051
2022-10-17T12:00:00,27.318639506464418
2022-10-17T13:00:00,33.90051078796386
2022-10-17T14:00:00,39.2208719668181
2022-10-17T15:00:00,44.4518641596255
2022-10-17T16:00:00,53.40289389568826
2022-10-17T17:00:00,61.94709446119225
2022-10-17T18:00:00,68.01043369459067
2022-10-17T19:00:00,70.19160627282184
2022-10-17T20:00:00,71.49571261198624
2022-10-17T21:00:00,75.43501182224439
2022-10-17T22:00:00,79.3751224020253
2022-10-17T23:00:00,81.08590399700661
2022-10-18T00:00:00,80.80096070662788
2022-10-18T01:00:00,77.87400353473166
2022-10-18T02:00:00,43.78553771972656
2022-10-18T03:00:00,24.872802651446797
2022-10-18T04:00:00,17.214566189309824
2022-10-18T05:00:00,13.92103448121444
2022-10-18T06:00:00,12.602279248444928
2022-10-18T07:00:00,12.796980567600414
2022-10-18T08:00:00,12.938783106596574
2022-10-18T09:00:00,12.447410624960193
2022-10-18T10:00:00,13.007912926051926
2022-10-18T11:00:00,17.252173796943996
2022-10-18T12:00:00,28.21859741210937
2022-10-18T13:00:00,40.81019907412321
2022-10-18T14:00:00,49.399064271346376
2022-10-18T15:00:00,56.41609855320142
2022-10-18T16:00:00,62.64809069426162
2022-10-18T17:00:00,71.66872024536133
2022-10-18T18:00:00,83.93280228324556
2022-10-18T19:00:00,77.73749343208644
2022-10-18T20:00:00,49.76930999755859
2022-10-18T21:00:00,34.42020258696182
2022-10-18T22:00:00,36.380638703056
2022-10-18T23:00:00,39.04272892164147
2022-10-19T00:00:00,33.96269491444463
2022-10-19T01:00:00,28.725038860155184
2022-10-19T02:00:00,20.782055730405062
2022-10-19T03:00:00,15.888983602109164
2022-10-19T04:00:00,13.34623320206352
2022-10-19T05:00:00,13.108410254768703
2022-10-19T06:00:00,13.249201940453569
2022-10-19T07:00:00,13.254127502441404
2022-10-19T08:00:00,12.281615464583686
2022-10-19T09:00:00,11.74722912000573
2022-10-19T10:00:00,12.323287383369776
2022-10-19T11:00:00,15.686436570209004
2022-10-19T12:00:00,23.331059663192082
2022-10-19T13:00:00,29.884712550951086
2022-10-19T14:00:00,35.56418825232464
2022-10-19T15:00:00,40.01305754288383
2022-10-19T16:00:00,41.45616149902343
2022-10-19T17:00:00,42.39813116322392
2022-10-19T18:00:00,42.95287190312924
2022-10-19T19:00:00,41.250950854757555
2022-10-19T20:00:00,41.14866405984629
2022-10-19T21:00:00,42.489720220151156
2022-10-19T22:00:00,47.86603380286175
2022-10-19T23:00:00,50.27389559538467
2022-10-20T00:00:00,50.04942537390667
2022-10-20T01:00:00,53.14925799162491
2022-10-20T02:00:00,42.993289615796954
2022-10-20T03:00:00,23.70334442802097
2022-10-20T04:00:00,17.343188327291735
2022-10-20T05:00:00,14.094736223635465
2022-10-20T06:00:00,12.547997350278107
2022-10-20T07:00:00,11.906588139741315
2022-10-20T08:00:00,11.807758123978322
2022-10-20T09:00:00,12.747431298960809
2022-10-20T10:00:00,14.492029563240383
2022-10-20T11:00:00,20.589721513831098
2022-10-20T12:00:00,34.79713788239852
2022-10-20T13:00:00,51.56883886586064
2022-10-20T14:00:00,60.99208433731742
2022-10-20T15:00:00,69.4246822854747
2022-10-20T16:00:00,78.02297376549762
2022-10-20T17:00:00,86.43782541026239
2022-10-20T18:00:00,93.56945037841795
2022-10-20T19:00:00,96.77399345066236
2022-10-20T20:00:00,94.8938459313434
2022-10-20T21:00:00,89.94540372102156
2022-10-20T22:00:00,88.0034415203592
2022-10-20T23:00:00,90.00260726265284
2022-10-21T00:00:00,91.11759981901749
2022-10-21T01:00:00,87.76891923987345
2022-10-21T02:00:00,56.58525947902513
2022-10-21T03:00:00,30.23209265004033
2022-10-21T04:00:00,22.910244568534516
2022-10-21T05:00:00,19.128634162571117
2022-10-21T06:00:00,18.133541936459746
2022-10-21T07:00:00,17.90623789248259
2022-10-21T08:00:00,17.80572866356891
2022-10-21T09:00:00,18.372173226397965
2022-10-21T10:00:00,22.330220346865445
2022-10-21T11:00:00,29.743324943210766
2022-10-21T12:00:00,42.452879532523774
2022-10-21T13:00:00,60.424715125042454
2022-10-21T14:00:00,73.6888374660326
2022-10-21T15:00:00,92.61562181555705
2022-10-21T16:00:00,108.84925908627717
2022-10-21T17:00:00,119.05195086935291
2022-10-21T18:00:00,124.82259468410324
2022-10-21T19:00:00,127.99861012334408
2022-10-21T20:00:00,127.94745138417119
2022-10-21T21:00:00,126.27663255774455
2022-10-21T22:00:00,125.79002645741338
2022-10-21T23:00:00,105.70985943338144
2022-10-22T00:00:00,91.9497299194336
2022-10-22T01:00:00,78.34140047819717
2022-10-22T02:00:00,45.344194163446836
2022-10-22T03:00:00,26.8012639750605
2022-10-22T04:00:00,20.912523186725117
2022-10-22T05:00:00,18.696370415065598
2022-10-22T06:00:00,17.415068253226902
2022-10-22T07:00:00,16.365730036859926
2022-10-22T08:00:00,16.09641705388608
2022-10-22T09:00:00,16.855955621470574
2022-10-22T10:00:00,19.875363225522246
2022-10-22T11:00:00,26.599452557771098
2022-10-22T12:00:00,41.8784237737241
2022-10-22T13:00:00,60.39145876013714
2022-10-22T14:00:00,74.76433132005774
2022-10-22T15:00:00,92.43216373609458
2022-10-22T16:00:00,113.74968022885528
2022-10-22T17:00:00,132.40710581903872
2022-10-22T18:00:00,148.5154810366423
2022-10-22T19:00:00,152.74186507515284
2022-10-22T20:00:00,159.0578454059103
2022-10-22T21:00:00,163.49369612984034
2022-10-22T22:00:00,166.8426513671875
2022-10-22T23:00:00,169.5509431258492
2022-10-23T00:00:00,138.99921981148097
2022-10-23T01:00:00,124.14477439548656
2022-10-23T02:00:00,81.76178807797639
2022-10-23T03:00:00,50.17132070790166
2022-10-23T04:00:00,37.65109219758406
2022-10-23T05:00:00,30.471998048865274
2022-10-23T06:00:00,26.031591166620665
2022-10-23T07:00:00,23.354140488997746
2022-10-23T08:00:00,22.06855193428371
2022-10-23T09:00:00,22.31016266864279
2022-10-23T10:00:00,24.585228215093196
2022-10-23T11:00:00,29.25036463530167
2022-10-23T12:00:00,37.460027777630344
2022-10-23T13:00:00,46.49407345315684
2022-10-23T14:00:00,53.87050910617994
2022-10-23T15:00:00,61.27509523474651
2022-10-23T16:00:00,63.07086115298063
2022-10-23T17:00:00,67.1855943099312
2022-10-23T18:00:00,73.04095326299252
2022-10-23T19:00:00,75.97723886241083
2022-10-23T20:00:00,78.39619014574133
2022-10-23T21:00:00,80.27446315599524
2022-10-23T22:00:00,80.2886617909307
2022-10-23T23:00:00,79.60585519541864
2022-10-24T00:00:00,82.71437537151833
2022-10-24T01:00:00,85.65610106095023
2022-10-24T02:00:00,51.61770397683848
2022-10-24T03:00:00,29.678372175797172
2022-10-24T04:00:00,22.787316944288172
2022-10-24T05:00:00,19.903257950492527
2022-10-24T06:00:00,17.992908892424207
2022-10-24T07:00:00,17.024430648140285
2022-10-24T08:00:00,16.756607138592262
2022-10-24T09:00:00,16.938866242118504
2022-10-24T10:00:00,17.950205015099566
2022-10-24T11:00:00,22.939541443534516
2022-10-24T12:00:00,32.729739645253055
2022-10-24T13:00:00,37.27866413282311
2022-10-24T14:00:00,41.873166291610055
2022-10-24T15:00:00,43.93691120976987
2022-10-24T16:00:00,49.90024616407311
2022-10-24T17:00:00,60.285838583241336
2022-10-24T18:00:00,71.89677993110988
2022-10-24T19:00:00,83.66605476711106
2022-10-24T20:00:00,85.58178644594938
2022-10-24T21:00:00,79.10733529795769
2022-10-24T22:00:00,81.23461151123045
2022-10-24T23:00:00,89.18180482283881
2022-10-25T00:00:00,95.55963035251781
2022-10-25T01:00:00,95.6878957333772
2022-10-25T02:00:00,45.76927118716032
2022-10-25T03:00:00,25.667238650114633
2022-10-25T04:00:00,19.607803261798356
2022-10-25T05:00:00,17.252203982809316
2022-10-25T06:00:00,16.161399426667582
2022-10-25T07:00:00,15.525572901186734
2022-10-25T08:00:00,14.81381839254628
2022-10-25T09:00:00,14.545105353645654
2022-10-25T10:00:00,15.066814754320227
2022-10-25T11:00:00,18.210684817770254
2022-10-25T12:00:00,27.25355455149775
2022-10-25T13:00:00,33.20546175085979
2022-10-25T14:00:00,38.654877869979195
2022-10-25T15:00:00,46.777085345724345
2022-10-25T16:00:00,59.03685627812924
2022-10-25T17:00:00,70.71406522004501
2022-10-25T18:00:00,80.91699086064878
2022-10-25T19:00:00,88.45998846966287
2022-10-25T20:00:00,95.17090772545855
2022-10-25T21:00:00,103.32297748068103
2022-10-25T22:00:00,104.84211764128311
2022-10-25T23:00:00,105.37310857358186
2022-10-26T00:00:00,104.85121154785155
2022-10-26T01:00:00,100.71453326681385
2022-10-26T02:00:00,46.741331680961274
2022-10-26T03:00:00,26.09911047894021
2022-10-26T04:00:00,25.60486951081649
2022-10-26T05:00:00,27.55779581484587
2022-10-26T06:00:00,28.446829671445098
2022-10-26T07:00:00,28.404885084732715
2022-10-26T08:00:00,28.194905073746387
2022-10-26T09:00:00,30.17650197899859
2022-10-26T10:00:00,34.94080866938052
2022-10-26T11:00:00,44.187015533447266
2022-10-26T12:00:00,58.045351277226985
2022-10-26T13:00:00,76.857479924741
2022-10-26T14:00:00,97.17669777248216
2022-10-26T15:00:00,117.32672019626781
2022-10-26T16:00:00,128.97779215937075
2022-10-26T17:00:00,129.87865381655484
2022-10-26T18:00:00,127.00581890603769
2022-10-26T19:00:00,123.81654324738874
2022-10-26T20:00:00,113.91394640051799
2022-10-26T21:00:00,111.45783664869224
2022-10-26T22:00:00,112.74860415251358
2022-10-26T23:00:00,113.73299175760019
2022-10-27T00:00:00,115.34693908691405
2022-10-27T01:00:00,111.00355562956435
2022-10-27T02:00:00,83.2609229709791
2022-10-27T03:00:00,72.5310698799465
2022-10-27T04:00:00,65.59369062340777
2022-10-27T05:00:00,60.059635991635524
2022-10-27T06:00:00,57.38569375743036
2022-10-27T07:00:00,56.60267058662746
2022-10-27T08:00:00,57.85587891288425
2022-10-27T09:00:00,60.48686301189918
2022-10-27T10:00:00,64.08474101190981
2022-10-27T11:00:00,66.23866437829058
2022-10-27T12:00:00,72.50364121146823
2022-10-27T13:00:00,87.12569626517916
2022-10-27T14:00:00,104.56167934251867
2022-10-27T15:00:00,123.19815162990402
2022-10-27T16:00:00,140.42118371051288
2022-10-27T17:00:00,152.62171405294666
2022-10-27T18:00:00,156.70663120435628
2022-10-27T19:00:00,151.5015185812245
2022-10-27T20:00:00,140.93630649732503
2022-10-27T21:00:00,129.13932733950406
2022-10-27T22:00:00,118.10931197456691
2022-10-27T23:00:00,108.82634967306386
2022-10-28T00:00:00,101.00595159115998
2022-10-28T01:00:00,83.73210641612177
2022-10-28T02:00:00,38.368649026621945
2022-10-28T03:00:00,34.46819736646569
2022-10-28T04:00:00,31.201710576596465
2022-10-28T05:00:00,27.765544227931812
2022-10-28T06:00:00,24.948886705481485
2022-10-28T07:00:00,22.720081578130305
2022-10-28T08:00:00,20.89393375230872
2022-10-28T09:00:00,19.799517424210254
2022-10-28T10:00:00,20.702351860378098
2022-10-28T11:00:00,21.006871845411215
2022-10-28T12:00:00,22.07706385073454
2022-10-28T13:00:00,27.615500906239383
2022-10-28T14:00:00,35.24023114080014
2022-10-28T15:00:00,46.03710224317467
2022-10-28T16:00:00,58.085134091584564
2022-10-28T17:00:00,66.41359511665675
2022-10-28T18:00:00,70.38421083533245
2022-10-28T19:00:00,70.1360042406165
2022-10-28T20:00:00,67.84647170357083
2022-10-28T21:00:00,65.59104936019234
2022-10-28T22:00:00,63.85102910580842
2022-10-28T23:00:00,62.857025312340774
2022-10-29T00:00:00,62.44841235616932
2022-10-29T01:00:00,56.97589492797851
2022-10-29T02:00:00,25.300081253051758
2022-10-29T03:00:00,22.652123990266215
2022-10-29T04:00:00,22.073444283526875
2022-10-29T05:00:00,21.530733440233313
2022-10-29T06:00:00,20.937031787374746
2022-10-29T07:00:00,20.459143514218535
2022-10-29T08:00:00,20.069845780082368
2022-10-29T09:00:00,19.86001984969429
2022-10-29T10:00:00,19.928527168605637
2022-10-29T11:00:00,19.674405471138332
2022-10-29T12:00:00,23.58738086534583
2022-10-29T13:00:00,27.10491910188094
2022-10-29T14:00:00,29.261889416238535
2022-10-29T15:00:00,31.630717733631965
2022-10-29T16:00:00,31.786207696665883
2022-10-29T17:00:00,33.34015854545261
2022-10-29T18:00:00,34.915153420489766
2022-10-29T19:00:00,34.15853915007217
2022-10-29T20:00:00,32.38898758266283
2022-10-29T21:00:00,30.01520256374193
2022-10-29T22:00:00,33.35752901823624
2022-10-29T23:00:00,41.6721601071565
2022-10-30T00:00:00,50.096320940100625
2022-10-30T01:00:00,52.152153844418734
2022-10-30T02:00:00,33.70174208931301
2022-10-30T03:00:00,19.17355272044306
2022-10-30T04:00:00,14.609815017036768
2022-10-30T05:00:00,12.600914374641748
2022-10-30T06:00:00,12.540759708570397
2022-10-30T07:00:00,12.685993194580078
2022-10-30T08:00:00,12.58762853041939
2022-10-30T09:00:00,12.77731638369353
2022-10-30T10:00:00,13.208660498909328
2022-10-30T11:00:00,15.427329809769336
2022-10-30T12:00:00,19.27167527571968
2022-10-30T13:00:00,25.306618566098418
2022-10-30T14:00:00,37.68977206686268
2022-10-30T15:00:00,51.81590105139691
2022-10-30T16:00:00,68.60680555260699
2022-10-30T17:00:00,84.19309068762736
2022-10-30T18:00:00,82.0107826564623
2022-10-30T19:00:00,66.15413267716117
2022-10-30T20:00:00,53.70541381835937
2022-10-30T21:00:00,44.60082692685334
2022-10-30T22:00:00,45.485904859459914
2022-10-30T23:00:00,43.8980890356976
2022-10-31T00:00:00,36.9622980200726
2022-10-31T01:00:00,32.66093892636507
2022-10-31T02:00:00,32.722533350405484
2022-10-31T03:00:00,30.237530252207872
2022-10-31T04:00:00,25.460067085597824
2022-10-31T05:00:00,18.510126943173614
2022-10-31T06:00:00,13.246003482652744
2022-10-31T07:00:00,10.735270168470299
2022-10-31T08:00:00,9.839860584424887
2022-10-31T09:00:00,9.615654240483822
2022-10-31T10:00:00,10.656400182972783
2022-10-31T11:00:00,13.731571238973867
2022-10-31T12:00:00,21.44944190979004
2022-10-31T13:00:00,31.536033464514688
2022-10-31T14:00:00,43.8629735863727
2022-10-31T15:00:00,55.73104725713315
2022-10-31T16:00:00,67.74377209207285
2022-10-31T17:00:00,68.21393634961998
2022-10-31T18:00:00,74.09934234619139
2022-10-31T19:00:00,86.02805195684019
2022-10-31T20:00:00,99.79605003025219
2022-10-31T21:00:00,114.4011648426885
2022-10-31T22:00:00,128.66124924369478
2022-10-31T23:00:00,140.62991399350372
2022-11-01T00:00:00,149.71315732209578
2022-11-01T01:00:00,156.88417119565216
2022-11-01T02:00:00,117.46354144552478
2022-11-01T03:00:00,47.84116479624872
2022-11-01T04:00:00,23.457719554071836
2022-11-01T05:00:00,16.657721975575317
2022-11-01T06:00:00,14.298466889754582
2022-11-01T07:00:00,13.289013240648352
2022-11-01T08:00:00,13.323204994201657
2022-11-01T09:00:00,13.943919181823729
2022-11-01T10:00:00,15.318677238796065
2022-11-01T11:00:00,17.614939938420832
2022-11-01T12:00:00,23.37614192133364
2022-11-01T13:00:00,31.29452274156653
2022-11-01T14:00:00,42.59300795845363
2022-11-01T15:00:00,55.545346135678486
2022-11-01T16:00:00,68.31886291503905
2022-11-01T17:00:00,80.37986357315727
2022-11-01T18:00:00,92.11023513130519
2022-11-01T19:00:00,108.02277241582455
2022-11-01T20:00:00,120.96865877897842
2022-11-01T21:00:00,131.3758199940557
2022-11-01T22:00:00,139.43778726328975
2022-11-01T23:00:00,142.35173101010528
2022-11-02T00:00:00,147.5872451118801
2022-11-02T01:00:00,140.54224097210428
2022-11-02T02:00:00,82.2389383730681
2022-11-02T03:00:00,56.89785003662109
2022-11-02T04:00:00,44.67074286419412
2022-11-02T05:00:00,41.11082159954568
2022-11-02T06:00:00,44.11817650173021
2022-11-02T07:00:00,42.28605718198029
2022-11-02T08:00:00,37.57300832997198
2022-11-02T09:00:00,35.90848640773607
2022-11-02T10:00:00,37.93532927139945
2022-11-02T11:00:00,45.078285383141555
2022-11-02T12:00:00,55.842626322870665
2022-11-02T13:00:00,61.13942353621772
2022-11-02T14:00:00,57.294926518979274
2022-11-02T15:00:00,56.84064151929772
2022-11-02T16:00:00,60.28938492484714
2022-11-02T17:00:00,68.14878032518469
2022-11-02T18:00:00,76.71687615436056
2022-11-02T19:00:00,83.12422279689622
2022-11-02T20:00:00,88.23864314867102
2022-11-02T21:00:00,92.06969949473505
2022-11-02T22:00:00,95.50898609990658
2022-11-02T23:00:00,97.85630864682405
2022-11-03T00:00:00,98.84493554156758
2022-11-03T01:00:00,100.36094997240149
2022-11-03T02:00:00,81.44815063476561
2022-11-03T03:00:00,47.65845788043478
2022-11-03T04:00:00,37.89125956659731
2022-11-03T05:00:00,33.67091386214546
2022-11-03T06:00:00,31.192674553912617
2022-11-03T07:00:00,28.586522475532863
2022-11-03T08:00:00,26.66332974641219
2022-11-03T09:00:00,25.972416753354278
2022-11-03T10:00:00,27.41069238082222
2022-11-03T11:00:00,36.052226190981656
2022-11-03T12:00:00,51.855409373407774
2022-11-03T13:00:00,75.09291076660156
2022-11-03T14:00:00,100.2312190843665
2022-11-03T15:00:00,121.0522832455842
2022-11-03T16:00:00,136.1453121019446
2022-11-03T17:00:00,132.7033067786175
2022-11-03T18:00:00,97.03676207169242
2022-11-03T19:00:00,80.51461858334748
2022-11-03T20:00:00,74.23796081542969
2022-11-03T21:00:00,74.08842667289402
2022-11-03T22:00:00,74.37040212880011
2022-11-03T23:00:00,70.42295439346977
2022-11-04T00:00:00,65.38513979704483
2022-11-04T01:00:00,58.132263515306555
2022-11-04T02:00:00,25.580321602199387
2022-11-04T03:00:00,16.36425723200259
2022-11-04T04:00:00,15.358396447223162
2022-11-04T05:00:00,15.401289069134254
2022-11-04T06:00:00,16.04642586086107
2022-11-04T07:00:00,17.001739419024922
2022-11-04T08:00:00,17.876040831856102
2022-11-04T09:00:00,18.790650740913723
2022-11-04T10:00:00,21.40940475463867
2022-11-04T11:00:00,23.946348190307617
2022-11-04T12:00:00,27.92477184793223
2022-11-04T13:00:00,33.58513508672299
2022-11-04T14:00:00,43.88930793430493
2022-11-04T15:00:00,57.936328887939446
2022-11-04T16:00:00,74.67343239162278
2022-11-04T17:00:00,91.76122814676035
2022-11-04T18:00:00,106.51176220437755
2022-11-04T19:00:00,118.83276533043903
2022-11-04T20:00:00,128.8748779296875
2022-11-04T21:00:00,134.69962211277175
2022-11-04T22:00:00,131.99253579844597
2022-11-04T23:00:00,104.55153257950491
2022-11-05T00:00:00,93.72172745414402
2022-11-05T01:00:00,84.98086166381836
2022-11-05T02:00:00,58.22216017349906
2022-11-05T03:00:00,29.812644543855086
2022-11-05T04:00:00,18.11272156756857
2022-11-05T05:00:00,14.144185978433358
2022-11-05T06:00:00,12.537547318831734
2022-11-05T07:00:00,12.272931700167447
2022-11-05T08:00:00,13.745227813720701
2022-11-05T09:00:00,15.580487251281735
2022-11-05T10:00:00,19.111814291580863
2022-11-05T11:00:00,27.053747591765028
2022-11-05T12:00:00,38.42791748046875
2022-11-05T13:00:00,49.720367099927806
2022-11-05T14:00:00,59.63305879675823
2022-11-05T15:00:00,67.40743272200874
2022-11-05T16:00:00,77.488805356233
2022-11-05T17:00:00,88.52312568996261
2022-11-05T18:00:00,98.79059998885444
2022-11-05T19:00:00,106.76116014563517
2022-11-05T20:00:00,110.90443287725033
2022-11-05T21:00:00,110.71836322286853
2022-11-05T22:00:00,107.80488287884255
2022-11-05T23:00:00,103.58096678360647
2022-11-06T00:00:00,99.56066032077955
2022-11-06T01:00:00,82.75889935700789
2022-11-06T02:00:00,21.68993290610935
2022-11-06T03:00:00,13.851563495138414
2022-11-06T04:00:00,12.781997929448664
2022-11-06T05:00:00,12.011482155841328
2022-11-06T06:00:00,11.456760821135147
2022-11-06T07:00:00,11.249756771585215
2022-11-06T08:00:00,11.350912591685418
2022-11-06T09:00:00,11.730644848035727
2022-11-06T10:00:00,12.34882939380148
2022-11-06T11:00:00,12.798022975092348
2022-11-06T12:00:00,14.80798758631167
2022-11-06T13:00:00,20.338076881740403
2022-11-06T14:00:00,25.469148138295047
2022-11-06T15:00:00,33.733870630678915
2022-11-06T16:00:00,38.45065092003863
2022-11-06T17:00:00,39.16121059915293
2022-11-06T18:00:00,41.24817093558933
2022-11-06T19:00:00,42.625240989353344
2022-11-06T20:00:00,43.70195853191873
2022-11-06T21:00:00,44.82279404349948
2022-11-06T22:00:00,44.125683162523345
2022-11-06T23:00:00,42.50198530114215
2022-11-07T00:00:00,41.10045947199282
2022-11-07T01:00:00,38.62232830213463
2022-11-07T02:00:00,25.682328763215434
2022-11-07T03:00:00,17.764012253802754
2022-11-07T04:00:00,14.937703547270402
2022-11-07T05:00:00,13.881171267965565
2022-11-07T06:00:00,12.839783088020654
2022-11-07T07:00:00,11.697280635004457
2022-11-07T08:00:00,11.09772897803265
2022-11-07T09:00:00,11.630588863206945
2022-11-07T10:00:00,13.84631177653437
2022-11-07T11:00:00,18.905140918234117
2022-11-07T12:00:00,29.727727807086445
2022-11-07T13:00:00,41.63726756883704
2022-11-07T14:00:00,39.381910407024876
2022-11-07T15:00:00,38.85170364379883
2022-11-07T16:00:00,44.97374476557192
2022-11-07T17:00:00,58.77534750233525
2022-11-07T18:00:00,73.75573597783627
2022-11-07T19:00:00,83.88228242293647
2022-11-07T20:00:00,82.11578236455502
2022-11-07T21:00:00,75.90999570100202
2022-11-07T22:00:00,71.81261742633322
2022-11-07T23:00:00,68.07083196225373
2022-11-08T00:00:00,66.85306681757388
2022-11-08T01:00:00,68.3542722619098
2022-11-08T02:00:00,46.6824840048085
2022-11-08T03:00:00,25.291321961776067
2022-11-08T04:00:00,17.35051113626231
2022-11-08T05:00:00,13.860645957615063
2022-11-08T06:00:00,12.641722886458686
2022-11-08T07:00:00,12.221934816111688
2022-11-08T08:00:00,11.632689683333686
2022-11-08T09:00:00,11.63437449413797
2022-11-08T10:00:00,13.929568041925844
2022-11-08T11:00:00,20.034640353658926
2022-11-08T12:00:00,31.43191586370053
2022-11-08T13:00:00,35.61005899180537
2022-11-08T14:00:00,36.7208603568699
2022-11-08T15:00:00,35.368343602056086
2022-11-08T16:00:00,33.840437018353
2022-11-08T17:00:00,34.45995015683381
2022-11-08T18:00:00,36.75708687823751
2022-11-08T19:00:00,31.272733356641687
2022-11-08T20:00:00,27.603960534800652
2022-11-08T21:00:00,24.967760998269785
2022-11-08T22:00:00,22.1777345408564
2022-11-08T23:00:00,21.286547785219938
2022-11-09T00:00:00,23.406697231790293
2022-11-09T01:00:00,24.8270090351934
2022-11-09T02:00:00,26.96344765372898
2022-11-09T03:00:00,22.220798741216246
2022-11-09T04:00:00,21.20684748110564
2022-11-09T05:00:00,21.10288404381793
2022-11-09T06:00:00,19.083260702050246
2022-11-09T07:00:00,17.087452059206754
2022-11-09T08:00:00,17.181282375169836
2022-11-09T09:00:00,18.044277481410813
2022-11-09T10:00:00,21.835182770438816
2022-11-09T11:00:00,30.298332711924676
2022-11-09T12:00:00,26.9362387449845
2022-11-09T13:00:00,25.384041827657942
2022-11-09T14:00:00,31.679615601249356
2022-11-09T15:00:00,37.63925237240998
2022-11-09T16:00:00,41.0988832556683
2022-11-09T17:00:00,41.71897374028744
2022-11-09T18:00:00,33.226617398469344
2022-11-09T19:00:00,21.6831231324569
2022-11-09T20:00:00,21.976690375286598
2022-11-09T21:00:00,25.588671808657438
2022-11-09T22:00:00,29.94381216297979
2022-11-09T23:00:00,34.71664163340693
2022-11-10T00:00:00,42.29140986566958
2022-11-10T01:00:00,31.010853643002715
2022-11-10T02:00:00,18.092619895935055
2022-11-10T03:00:00,12.953519572382385
2022-11-10T04:00:00,11.226716124493143
2022-11-10T05:00:00,10.81787938657014
2022-11-10T06:00:00,11.424294264420217
2022-11-10T07:00:00,12.123811265696649
2022-11-10T08:00:00,13.183912152829377
2022-11-10T09:00:00,16.378981963447902
2022-11-10T10:00:00,21.59263362055239
2022-11-10T11:00:00,21.45395469665527
2022-11-10T12:00:00,29.365256765614383
2022-11-10T13:00:00,41.525604248046875
2022-11-10T14:00:00,53.90244409312373
2022-11-10T15:00:00,64.83377207880434
2022-11-10T16:00:00,75.32066544242527
2022-11-10T17:00:00,86.08927652110224
2022-11-10T18:00:00,98.1227271038553
2022-11-10T19:00:00,107.78843589451
2022-11-10T20:00:00,118.50648598048997
2022-11-10T21:00:00,128.48333541206688
2022-11-10T22:00:00,133.68648495881453
2022-11-10T23:00:00,139.51985566512397
2022-11-11T00:00:00,141.84430993121603
2022-11-11T01:00:00,140.42923703400984
2022-11-11T02:00:00,138.2105029562245
2022-11-11T03:00:00,118.86551002834152
2022-11-11T04:00:00,74.71435845416525
2022-11-11T05:00:00,52.91937206102454
2022-11-11T06:00:00,48.43150810573412
2022-11-11T07:00:00,44.410074151080586
2022-11-11T08:00:00,39.65437233966329
2022-11-11T09:00:00,41.019845547883406
2022-11-11T10:00:00,48.47041370557701
2022-11-11T11:00:00,57.10975729900857
2022-11-11T12:00:00,64.63219601175058
2022-11-11T13:00:00,71.20324640688689
2022-11-11T14:00:00,76.84191595989724
2022-11-11T15:00:00,84.39493361763331
2022-11-11T16:00:00,92.86628955343494
2022-11-11T17:00:00,97.94905488387397
2022-11-11T18:00:00,98.87632486094599
2022-11-11T19:00:00,95.58755659020464
2022-11-11T20:00:00,91.11462866741678
2022-11-11T21:00:00,86.86821448284645
2022-11-11T22:00:00,80.15960726530655
2022-11-11T23:00:00,70.71611951745074
2022-11-12T00:00:00,66.50061151255731
2022-11-12T01:00:00,62.229009379511275
2022-11-12T02:00:00,38.82397278495456
2022-11-12T03:00:00,24.636900528617527
2022-11-12T04:00:00,19.064604634824004
2022-11-12T05:00:00,16.535097205120582
2022-11-12T06:00:00,15.845393180847168
2022-11-12T07:00:00,16.059009883714758
2022-11-12T08:00:00,16.45535792475161
2022-11-12T09:00:00,17.350486589514688
2022-11-12T10:00:00,19.069030595862344
2022-11-12T11:00:00,23.915517060653023
2022-11-12T12:00:00,33.17939011946967
2022-11-12T13:00:00,50.9529914855957
2022-11-12T14:00:00,70.82840596074642
2022-11-12T15:00:00,93.72022645369819
2022-11-12T16:00:00,117.96895732050355
2022-11-12T17:00:00,130.51613915484884
2022-11-12T18:00:00,138.01822629182234
2022-11-12T19:00:00,147.88808142620584
2022-11-12T20:00:00,157.8972877834154
2022-11-12T21:00:00,158.24103977369222
2022-11-12T22:00:00,150.66138226052988
2022-11-12T23:00:00,138.91561756963313
2022-11-13T00:00:00,127.21681545091712
2022-11-13T01:00:00,115.81453472635019
2022-11-13T02:00:00,45.88369485606317
2022-11-13T03:00:00,16.61215093861455
2022-11-13T04:00:00,14.893497010935908
2022-11-13T05:00:00,15.939593771229616
2022-11-13T06:00:00,16.373071587604024
2022-11-13T07:00:00,17.009320134701934
2022-11-13T08:00:00,18.397826982581098
2022-11-13T09:00:00,20.38061415630838
2022-11-13T10:00:00,23.283009985218875
2022-11-13T11:00:00,26.81425169239873
2022-11-13T12:00:00,37.863516268522844
2022-11-13T13:00:00,55.81192895640497
2022-11-13T14:00:00,67.86704718548317
2022-11-13T15:00:00,59.228750145953626
2022-11-13T16:00:00,42.25170235011888
2022-11-13T17:00:00,37.48732558540676
2022-11-13T18:00:00,36.53433360224184
2022-11-13T19:00:00,34.26620002414869
2022-11-13T20:00:00,34.05526857790739
2022-11-13T21:00:00,35.40419570259426
2022-11-13T22:00:00,37.09709930419921
2022-11-13T23:00:00,39.950501483419664
2022-11-14T00:00:00,44.815981160039485
2022-11-14T01:00:00,48.80490410846212
2022-11-14T02:00:00,33.19840356577997
2022-11-14T03:00:00,19.081128286278766
2022-11-14T04:00:00,16.294980629630707
2022-11-14T05:00:00,15.232836847719936
2022-11-14T06:00:00,14.317786631376846
2022-11-14T07:00:00,13.54799992105235
2022-11-14T08:00:00,13.27455487458602
2022-11-14T09:00:00,13.564320937446924
2022-11-14T10:00:00,15.465741281924037
2022-11-14T11:00:00,20.11896821726923
2022-11-14T12:00:00,27.889575792395547
2022-11-14T13:00:00,37.35766535219939
2022-11-14T14:00:00,47.015996518342384
2022-11-14T15:00:00,56.46760111269743
2022-11-14T16:00:00,62.66577745520549
2022-11-14T17:00:00,67.18116494883661
2022-11-14T18:00:00,65.7444723378057
2022-11-14T19:00:00,53.98244808031165
2022-11-14T20:00:00,51.29718200020167
2022-11-14T21:00:00,48.849701093590774
2022-11-14T22:00:00,46.07524954754373
2022-11-14T23:00:00,44.64436655459196
2022-11-15T00:00:00,44.5078649106233
2022-11-15T01:00:00,44.059350055197
2022-11-15T02:00:00,37.10599020253056
2022-11-15T03:00:00,18.126966974009637
2022-11-15T04:00:00,9.877851610598356
2022-11-15T05:00:00,8.870749286983322
2022-11-15T06:00:00,8.888238450755242
2022-11-15T07:00:00,9.174971062204111
2022-11-15T08:00:00,9.828269419462783
2022-11-15T09:00:00,11.634375945381496
2022-11-15T10:00:00,14.839902836343516
2022-11-15T11:00:00,19.25157605046811
2022-11-15T12:00:00,17.309655479762863
2022-11-15T13:00:00,21.92599346326745
2022-11-15T14:00:00,29.057344519573707
2022-11-15T15:00:00,33.155863057012134
2022-11-15T16:00:00,35.25978934246561
2022-11-15T17:00:00,36.608702783999234
2022-11-15T18:00:00,37.230300903320305
2022-11-15T19:00:00,34.9143593829611
2022-11-15T20:00:00,30.98998094641644
2022-11-15T21:00:00,29.129618022752844
2022-11-15T22:00:00,29.145719776982844
2022-11-15T23:00:00,30.249533777651575
2022-11-16T00:00:00,31.75034672281016
2022-11-16T01:00:00,33.339138777359665
2022-11-16T02:00:00,20.317483155623723
2022-11-16T03:00:00,12.58505174388056
2022-11-16T04:00:00,14.235606027686076
2022-11-16T05:00:00,16.001379054525625
2022-11-16T06:00:00,16.76212750310483
2022-11-16T07:00:00,16.861385386923082
2022-11-16T08:00:00,16.108369246773094
2022-11-16T09:00:00,15.230137203050695
2022-11-16T10:00:00,16.6461066785066
2022-11-16T11:00:00,22.416027566661004
2022-11-16T12:00:00,32.87675127775773
2022-11-16T13:00:00,48.60281222799549
2022-11-16T14:00:00,69.83311396059783
2022-11-16T15:00:00,89.85673755148183
2022-11-16T16:00:00,99.17970906133236
2022-11-16T17:00:00,100.34345444389011
2022-11-16T18:00:00,99.68107472295345
2022-11-16T19:00:00,89.88863405974013
2022-11-16T20:00:00,79.91754747473674
2022-11-16T21:00:00,68.34554987368377
2022-11-16T22:00:00,66.15907088569972
2022-11-16T23:00:00,69.00218698252802
2022-11-17T00:00:00,73.05432228420091
2022-11-17T01:00:00,72.58635877526325
2022-11-17T02:00:00,49.58568987639054
2022-11-17T03:00:00,43.18081764552904
2022-11-17T04:00:00,40.769443843675695
2022-11-17T05:00:00,38.99435159434442
2022-11-17T06:00:00,37.9838114199431
2022-11-17T07:00:00,37.97615648352581
2022-11-17T08:00:00,39.02890976615574
2022-11-17T09:00:00,40.58171263985012
2022-11-17T10:00:00,43.592593815015704
2022-11-17T11:00:00,48.80785270359205
2022-11-17T12:00:00,56.34553129776664
2022-11-17T13:00:00,63.323655169943095
2022-11-17T14:00:00,67.70759798132855
2022-11-17T15:00:00,73.51237089737602
2022-11-17T16:00:00,81.14183442488961
2022-11-17T17:00:00,88.63471885349438
2022-11-17T18:00:00,95.24889241094174
2022-11-17T19:00:00,99.57484170664911
2022-11-17T20:00:00,102.97475665548573
2022-11-17T21:00:00,105.75625112782353
2022-11-17T22:00:00,108.32671256687328
2022-11-17T23:00:00,109.89743340533711
2022-11-18T00:00:00,110.13160207997196
2022-11-18T01:00:00,105.59923752494478
2022-11-18T02:00:00,73.39439425261124
2022-11-18T03:00:00,58.68534071549125
2022-11-18T04:00:00,50.35827586961829
2022-11-18T05:00:00,44.86992744777513
2022-11-18T06:00:00,42.17740846716839
2022-11-18T07:00:00,40.82713201771611
2022-11-18T08:00:00,40.25584146250849
2022-11-18T09:00:00,39.29985759569251
2022-11-18T10:00:00,41.59404539025347
2022-11-18T11:00:00,48.20668676625127
2022-11-18T12:00:00,61.44808197021485
2022-11-18T13:00:00,75.61147507377292
2022-11-18T14:00:00,86.49780008067255
2022-11-18T15:00:00,95.09897812553073
2022-11-18T16:00:00,103.38915252685547
2022-11-18T17:00:00,109.70141468877378
2022-11-18T18:00:00,114.15322444749914
2022-11-18T19:00:00,118.0530664195185
2022-11-18T20:00:00,120.45462467359458
2022-11-18T21:00:00,122.47833948550017
2022-11-18T22:00:00,123.11729431152342
2022-11-18T23:00:00,121.88461137854534
2022-11-19T00:00:00,122.16051649010697
2022-11-19T01:00:00,120.66011213219684
2022-11-19T02:00:00,80.15458811884339
2022-11-19T03:00:00,56.37294288303541
2022-11-19T04:00:00,45.764469312584914
2022-11-19T05:00:00,39.00982549916143
2022-11-19T06:00:00,34.53030063795006
2022-11-19T07:00:00,30.97525662961213
2022-11-19T08:00:00,28.996769697769828
2022-11-19T09:00:00,30.18860344264818
2022-11-19T10:00:00,33.500007463538125
2022-11-19T11:00:00,41.742796358854875
2022-11-19T12:00:00,46.67200552898904
2022-11-19T13:00:00,52.156556834345274
2022-11-19T14:00:00,60.65213891734248
2022-11-19T15:00:00,69.57562803185503
2022-11-19T16:00:00,84.92373988939367
2022-11-19T17:00:00,99.53939620308253
2022-11-19T18:00:00,110.0912160458772
2022-11-19T19:00:00,117.7350380938986
2022-11-19T20:00:00,124.2231053891389
2022-11-19T21:00:00,129.04716292671534
2022-11-19T22:00:00,132.52766020401663
2022-11-19T23:00:00,134.88843304177985
2022-11-20T00:00:00,136.17059923254925
2022-11-20T01:00:00,134.0090511156165
2022-11-20T02:00:00,90.2107407943062
2022-11-20T03:00:00,63.58772078804346
2022-11-20T04:00:00,49.08863266654636
2022-11-20T05:00:00,40.983763321586274
2022-11-20T06:00:00,38.009214318316914
2022-11-20T07:00:00,38.36823936130689
2022-11-20T08:00:00,39.80817313816236
2022-11-20T09:00:00,41.982612444006875
2022-11-20T10:00:00,47.15525104688562
2022-11-20T11:00:00,59.054053928541094
2022-11-20T12:00:00,75.2770999410878
2022-11-20T13:00:00,88.06273485266642
2022-11-20T14:00:00,90.0231246948242
2022-11-20T15:00:00,94.13566323985222
2022-11-20T16:00:00,96.78460494331691
2022-11-20T17:00:00,98.97987830120583
2022-11-20T18:00:00,99.53676936937414
2022-11-20T19:00:00,103.08571558413297
2022-11-20T20:00:00,112.72508471945056
2022-11-20T21:00:00,121.05702872898266
2022-11-20T22:00:00,127.15769029700238
2022-11-20T23:00:00,130.78468123726222
2022-11-21T00:00:00,130.20909251337463
2022-11-21T01:00:00,125.06086565100627
2022-11-21T02:00:00,92.68479753577189
2022-11-21T03:00:00,71.38540384043817
2022-11-21T04:00:00,65.91243279498556
2022-11-21T05:00:00,62.526311459748634
2022-11-21T06:00:00,58.960670637047805
2022-11-21T07:00:00,56.460689710534126
2022-11-21T08:00:00,54.22243284142535
2022-11-21T09:00:00,54.44981118907098
2022-11-21T10:00:00,55.666846399721884
2022-11-21T11:00:00,60.586664946182914
2022-11-21T12:00:00,64.03981150751527
2022-11-21T13:00:00,72.11363419242527
2022-11-21T14:00:00,86.92190618100373
2022-11-21T15:00:00,103.6766543181046
2022-11-21T16:00:00,113.37179532258406
2022-11-21T17:00:00,125.50706548276155
2022-11-21T18:00:00,138.72373298976729
2022-11-21T19:00:00,149.33078400985053
2022-11-21T20:00:00,156.81965504521906
2022-11-21T21:00:00,162.63343811035153
2022-11-21T22:00:00,168.40336144488788
2022-11-21T23:00:00,171.5976861041525
2022-11-22T00:00:00,172.51950869352916
2022-11-22T01:00:00,165.49760171641472
2022-11-22T02:00:00,110.73930325715438
2022-11-22T03:00:00,76.44502888555111
2022-11-22T04:00:00,66.27527518894361
2022-11-22T05:00:00,64.61886381066363
2022-11-22T06:00:00,65.94456581447434
2022-11-22T07:00:00,68.74089249320652
2022-11-22T08:00:00,70.95609150762142
2022-11-22T09:00:00,72.00959512461785
2022-11-22T10:00:00,76.911749134893
2022-11-22T11:00:00,85.69947450057319
2022-11-22T12:00:00,97.09782077955161
2022-11-22T13:00:00,110.68373704993205
2022-11-22T14:00:00,122.56058070970616
2022-11-22T15:00:00,131.8094820768937
2022-11-22T16:00:00,143.79455367378566
2022-11-22T17:00:00,156.80112556789234
2022-11-22T18:00:00,170.1103973388672
2022-11-22T19:00:00,182.44458206840181
2022-11-22T20:00:00,191.6006980564283
2022-11-22T21:00:00,196.73740950874657
2022-11-22T22:00:00,199.56032263714332
2022-11-22T23:00:00,197.54638605532435
2022-11-23T00:00:00,191.8802755604619
2022-11-23T01:00:00,183.6071326214334
2022-11-23T02:00:00,143.82287597656247
2022-11-23T03:00:00,91.16431360659391
2022-11-23T04:00:00,65.28014390364936
2022-11-23T05:00:00,56.87887971297554
2022-11-23T06:00:00,50.41812996242357
2022-11-23T07:00:00,45.76696429045304
2022-11-23T08:00:00,43.256186277970016
2022-11-23T09:00:00,41.888466213060454
2022-11-23T10:00:00,43.206393366274625
2022-11-23T11:00:00,46.41378734422766
2022-11-23T12:00:00,56.606491918149196
2022-11-23T13:00:00,69.47581813646399
2022-11-23T14:00:00,83.23981077774711
2022-11-23T15:00:00,96.43437194824217
2022-11-23T16:00:00,104.7228426725968
2022-11-23T17:00:00,107.878872083581
2022-11-23T18:00:00,107.34579799486242
2022-11-23T19:00:00,103.53116043754245
2022-11-23T20:00:00,99.12785737410834
2022-11-23T21:00:00,93.41958850363027
2022-11-23T22:00:00,87.6575516410496
2022-11-23T23:00:00,83.01011823571247
2022-11-24T00:00:00,80.1674980495287
2022-11-24T01:00:00,76.87962241794752
2022-11-24T02:00:00,49.85294823024583
2022-11-24T03:00:00,36.3158660556959
2022-11-24T04:00:00,33.07015128757642
2022-11-24T05:00:00,31.17981794606084
2022-11-24T06:00:00,29.180105706919793
2022-11-24T07:00:00,27.401564141978383
2022-11-24T08:00:00,26.472782135009762
2022-11-24T09:00:00,26.34997177124023
2022-11-24T10:00:00,27.477178573608395
2022-11-24T11:00:00,30.955083349476684
2022-11-24T12:00:00,40.000062030294664
2022-11-24T13:00:00,55.468237835427985
2022-11-24T14:00:00,72.59110790750253
2022-11-24T15:00:00,89.44141620138416
2022-11-24T16:00:00,103.86377284837805
2022-11-24T17:00:00,114.48162908139435
2022-11-24T18:00:00,120.46177441140878
2022-11-24T19:00:00,123.21042898426883
2022-11-24T20:00:00,124.26579649552055
2022-11-24T21:00:00,124.50726650072178
2022-11-24T22:00:00,124.42398237145464
2022-11-24T23:00:00,123.84656027088992
2022-11-25T00:00:00,122.00871873938517
2022-11-25T01:00:00,118.7257438327955
2022-11-25T02:00:00,69.27455769414486
2022-11-25T03:00:00,38.21327076787533
2022-11-25T04:00:00,29.75605848561162
2022-11-25T05:00:00,27.571320243503738
2022-11-25T06:00:00,26.83446768055791
2022-11-25T07:00:00,26.799123681109883
2022-11-25T08:00:00,27.44664275127908
2022-11-25T09:00:00,28.668254520582114
2022-11-25T10:00:00,30.543815446936563
2022-11-25T11:00:00,35.36792771712592
2022-11-25T12:00:00,46.08532416302224
2022-11-25T13:00:00,60.33044848234756
2022-11-25T14:00:00,72.92415751581606
2022-11-25T15:00:00,69.57444431470788
2022-11-25T16:00:00,74.56338136092475
2022-11-25T17:00:00,81.57209678318188
2022-11-25T18:00:00,89.47820746380349
2022-11-25T19:00:00,81.88841562685757
2022-11-25T20:00:00,72.57999055281928
2022-11-25T21:00:00,68.63058969248895
2022-11-25T22:00:00,65.436244301174
2022-11-25T23:00:00,61.55896725861922
2022-11-26T00:00:00,57.851791547692336
2022-11-26T01:00:00,54.63400351482888
2022-11-26T02:00:00,32.67629258528999
2022-11-26T03:00:00,24.45828072921089
2022-11-26T04:00:00,22.159855966982633
2022-11-26T05:00:00,21.192999466605805
2022-11-26T06:00:00,20.328212489252504
2022-11-26T07:00:00,19.475205462911852
2022-11-26T08:00:00,18.99816803310228
2022-11-26T09:00:00,19.00962962274966
2022-11-26T10:00:00,20.13330857650093
2022-11-26T11:00:00,19.914578976838484
2022-11-26T12:00:00,27.5440499678902
2022-11-26T13:00:00,41.205426423445985
2022-11-26T14:00:00,55.18793951946755
2022-11-26T15:00:00,69.34847160007641
2022-11-26T16:00:00,82.0695110818614
2022-11-26T17:00:00,92.47448498269785
2022-11-26T18:00:00,98.05440189527428
2022-11-26T19:00:00,101.19531017801036
2022-11-26T20:00:00,103.43698219631027
2022-11-26T21:00:00,101.89113185716712
2022-11-26T22:00:00,102.36842113992442
2022-11-26T23:00:00,104.87299380095108
2022-11-27T00:00:00,110.20839392620584
2022-11-27T01:00:00,112.82215052065641
2022-11-27T02:00:00,53.40979368790336
2022-11-27T03:00:00,36.11509721175484
2022-11-27T04:00:00,31.563408893087633
2022-11-27T05:00:00,29.85178806470788
2022-11-27T06:00:00,29.343200517737344
2022-11-27T07:00:00,29.442531668621555
2022-11-27T08:00:00,29.9805442975915
2022-11-27T09:00:00,31.150060073189113
2022-11-27T10:00:00,33.36604441767153
2022-11-27T11:00:00,35.83353938227115
2022-11-27T12:00:00,44.8326887047809
2022-11-27T13:00:00,57.84633454032566
2022-11-27T14:00:00,70.8292299353558
2022-11-27T15:00:00,85.76578123673147
2022-11-27T16:00:00,102.15460835332455
2022-11-27T17:00:00,99.8434896054475
2022-11-27T18:00:00,95.2629570339037
2022-11-27T19:00:00,101.33529945041822
2022-11-27T20:00:00,105.09784798000169
2022-11-27T21:00:00,105.294945758322
2022-11-27T22:00:00,102.14833301046619
2022-11-27T23:00:00,97.75560528299081
2022-11-28T00:00:00,97.7917948183806
2022-11-28T01:00:00,93.87304455301035
2022-11-28T02:00:00,51.52651927782141
2022-11-28T03:00:00,37.60262281998343
2022-11-28T04:00:00,32.167268421338946
2022-11-28T05:00:00,28.77622944375743
2022-11-28T06:00:00,26.531719539476477
2022-11-28T07:00:00,24.84365877897843
2022-11-28T08:00:00,23.429622152577274
2022-11-28T09:00:00,22.58548305345618
2022-11-28T10:00:00,22.68855451500934
2022-11-28T11:00:00,22.114065999570098
2022-11-28T12:00:00,21.378588303275727
2022-11-28T13:00:00,25.078837519106656
2022-11-28T14:00:00,33.69902967370074
2022-11-28T15:00:00,42.15812318221382
2022-11-28T16:00:00,47.91155889759893
2022-11-28T17:00:00,42.14348950593368
2022-11-28T18:00:00,44.05449212115744
2022-11-28T19:00:00,43.741280099619985
2022-11-28T20:00:00,42.50109050584876
2022-11-28T21:00:00,42.513128695280656
2022-11-28T22:00:00,44.066610585088306
2022-11-28T23:00:00,44.18338725877844
2022-11-29T00:00:00,44.33920437356699
2022-11-29T01:00:00,43.3035362907078
2022-11-29T02:00:00,34.29047957710598
2022-11-29T03:00:00,27.1134326768958
2022-11-29T04:00:00,23.27251459204632
2022-11-29T05:00:00,21.74829400104025
2022-11-29T06:00:00,20.939100099646527
2022-11-29T07:00:00,20.5154680998429
2022-11-29T08:00:00,20.564446656600285
2022-11-29T09:00:00,21.20732705489449
2022-11-29T10:00:00,22.964037107384723
2022-11-29T11:00:00,26.879235143246856
2022-11-29T12:00:00,37.24608031563136
2022-11-29T13:00:00,51.59933737049931
2022-11-29T14:00:00,63.434356855309524
2022-11-29T15:00:00,72.91296784774117
2022-11-29T16:00:00,77.70173877218495
2022-11-29T17:00:00,81.34947204589844
2022-11-29T18:00:00,85.37047112506367
2022-11-29T19:00:00,86.47326660156249
2022-11-29T20:00:00,86.7116875026537
2022-11-29T21:00:00,87.42816327965777
2022-11-29T22:00:00,87.36233553679092
2022-11-29T23:00:00,86.97491720448369
2022-11-30T00:00:00,85.91535584822944
2022-11-30T01:00:00,83.68066837476647
2022-11-30T02:00:00,62.30858197419539
2022-11-30T03:00:00,40.244241631549336
2022-11-30T04:00:00,31.28542103974715
2022-11-30T05:00:00,26.817056655883786
2022-11-30T06:00:00,24.087711085443907
2022-11-30T07:00:00,22.227139182712715
2022-11-30T08:00:00,20.851633071899414
2022-11-30T09:00:00,19.88722104611604
2022-11-30T10:00:00,19.460374417512313
2022-11-30T11:00:00,20.755100084387735
2022-11-30T12:00:00,26.179349401722778
2022-11-30T13:00:00,33.35086565432341
2022-11-30T14:00:00,37.45491857114045
2022-11-30T15:00:00,40.63803797182829
2022-11-30T16:00:00,44.71800580232039
2022-11-30T17:00:00,47.46166295590607
2022-11-30T18:00:00,46.9360938694166
2022-11-30T19:00:00,47.71659071549125
2022-11-30T20:00:00,48.47771221658457
2022-11-30T21:00:00,46.230701778246
2022-11-30T22:00:00,41.87415628847869
2022-11-30T23:00:00,42.71085822063944
2022-12-01T00:00:00,44.26252547554348
2022-12-01T01:00:00,47.684461178986915
2022-12-01T02:00:00,30.78009107838506
2022-12-01T03:00:00,20.308697244395375
2022-12-01T04:00:00,15.645358790522033
2022-12-01T05:00:00,12.967602356620455
2022-12-01T06:00:00,11.340724820676057
2022-12-01T07:00:00,10.416319391001824
2022-12-01T08:00:00,10.117038229237432
2022-12-01T09:00:00,9.888484913369883
2022-12-01T10:00:00,10.533489559007727
2022-12-01T11:00:00,12.470229563505752
2022-12-01T12:00:00,17.13698096897291
2022-12-01T13:00:00,24.023151729417883
2022-12-01T14:00:00,30.269045290739633
2022-12-01T15:00:00,37.54041174183721
2022-12-01T16:00:00,44.06298347141431
2022-12-01T17:00:00,49.831001945163884
2022-12-01T18:00:00,55.466302954632305
2022-12-01T19:00:00,64.8621534264606
2022-12-01T20:00:00,75.32676597263502
2022-12-01T21:00:00,81.43180216913638
2022-12-01T22:00:00,85.04038603409477
2022-12-01T23:00:00,86.34667703379756
2022-12-02T00:00:00,85.6836464923361
2022-12-02T01:00:00,81.96155548095702
2022-12-02T02:00:00,43.75585904328719
2022-12-02T03:00:00,24.642590149589207
2022-12-02T04:00:00,17.495243279830266
2022-12-02T05:00:00,14.232670535211977
2022-12-02T06:00:00,12.407021937162979
2022-12-02T07:00:00,11.213275785031524
2022-12-02T08:00:00,11.221353240635082
2022-12-02T09:00:00,12.458305193030315
2022-12-02T10:00:00,15.306661854619565
2022-12-02T11:00:00,21.565061154572856
2022-12-02T12:00:00,26.94266841722571
2022-12-02T13:00:00,31.899461414503012
2022-12-02T14:00:00,35.55185168722401
2022-12-02T15:00:00,36.241212181423016
2022-12-02T16:00:00,39.057936709860094
2022-12-02T17:00:00,37.43111021622367
2022-12-02T18:00:00,42.62746827498726
2022-12-02T19:00:00,49.05411911010742
2022-12-02T20:00:00,52.1115785681683
2022-12-02T21:00:00,56.95912502122961
2022-12-02T22:00:00,60.85199057537575
2022-12-02T23:00:00,54.13515323141346
2022-12-03T00:00:00,49.49464126255201
2022-12-03T01:00:00,46.863730886708126
2022-12-03T02:00:00,27.604311818661895
2022-12-03T03:00:00,16.01653347844663
2022-12-03T04:00:00,11.993352392445438
2022-12-03T05:00:00,10.41923066844111
2022-12-03T06:00:00,9.236586487811545
2022-12-03T07:00:00,8.476307599440863
2022-12-03T08:00:00,8.685282645018205
2022-12-03T09:00:00,9.781054662621537
2022-12-03T10:00:00,12.439602810403574
2022-12-03T11:00:00,17.589363844498344
2022-12-03T12:00:00,25.91601089809252
2022-12-03T13:00:00,35.589517012886375
2022-12-03T14:00:00,36.09236393804135
2022-12-03T15:00:00,41.58238668027131
2022-12-03T16:00:00,50.51181428328804
2022-12-03T17:00:00,65.50022523299506
2022-12-03T18:00:00,77.84736566958219
2022-12-03T19:00:00,84.51627383024795
2022-12-03T20:00:00,86.28321141782014
2022-12-03T21:00:00,83.67893583878225
2022-12-03T22:00:00,79.1125206325365
2022-12-03T23:00:00,75.30240100363025
2022-12-04T00:00:00,71.69561668064283
2022-12-04T01:00:00,66.74609590613323
2022-12-04T02:00:00,40.33476688550866
2022-12-04T03:00:00,19.306379608486008
2022-12-04T04:00:00,14.01142646955407
2022-12-04T05:00:00,11.64279091876486
2022-12-04T06:00:00,9.80516019074813
2022-12-04T07:00:00,7.907220964846403
2022-12-04T08:00:00,7.592141192892322
2022-12-04T09:00:00,8.149973599807076
2022-12-04T10:00:00,8.58141455443009
2022-12-04T11:00:00,9.425042193868883
2022-12-04T12:00:00,14.422935195591137
2022-12-04T13:00:00,23.291880566140875
2022-12-04T14:00:00,27.626601675282352
2022-12-04T15:00:00,27.39449302009914
2022-12-04T16:00:00,30.49614218006963
2022-12-04T17:00:00,32.368787848431126
2022-12-04T18:00:00,36.80303324823794
2022-12-04T19:00:00,41.13612796949303
2022-12-04T20:00:00,46.000319439431884
2022-12-04T21:00:00,53.70764989438264
2022-12-04T22:00:00,63.94279645836871
2022-12-04T23:00:00,72.1591680775518
2022-12-05T00:00:00,77.93037082837974
2022-12-05T01:00:00,76.40393962030824
2022-12-05T02:00:00,37.882806860882305
2022-12-05T03:00:00,20.90426552813986
2022-12-05T04:00:00,16.02080983700959
2022-12-05T05:00:00,14.177610480267068
2022-12-05T06:00:00,13.15946574833082
2022-12-05T07:00:00,12.608718374501104
2022-12-05T08:00:00,12.601052947666332
2022-12-05T09:00:00,12.839772058569865
2022-12-05T10:00:00,13.590416783871856
2022-12-05T11:00:00,16.619633425836977
2022-12-05T12:00:00,22.056528257287066
2022-12-05T13:00:00,31.547111511230465
2022-12-05T14:00:00,41.21624341218367
2022-12-05T15:00:00,50.298743040665336
2022-12-05T16:00:00,57.59305041769276
2022-12-05T17:00:00,65.92302936056385
2022-12-05T18:00:00,75.28133923074472
2022-12-05T19:00:00,79.82583054252292
2022-12-05T20:00:00,80.47536203135614
2022-12-05T21:00:00,79.91854725713316
2022-12-05T22:00:00,83.67369975214419
2022-12-05T23:00:00,86.84533923605213
2022-12-06T00:00:00,87.82111292300016
2022-12-06T01:00:00,87.09665414561395
2022-12-06T02:00:00,64.48190572987431
2022-12-06T03:00:00,33.30911553424337
2022-12-06T04:00:00,22.948062399159305
2022-12-06T05:00:00,20.360306117845617
2022-12-06T06:00:00,20.87632378287937
2022-12-06T07:00:00,21.653719031292457
2022-12-06T08:00:00,22.16276774199112
2022-12-06T09:00:00,22.819403689840563
2022-12-06T10:00:00,24.46415345565132
2022-12-06T11:00:00,27.828468986179512
2022-12-06T12:00:00,32.79524977310844
2022-12-06T13:00:00,42.897203030793555
2022-12-06T14:00:00,52.02699694426163
2022-12-06T15:00:00,63.66068101965862
2022-12-06T16:00:00,74.30212866741677
2022-12-06T17:00:00,83.58974489958388
2022-12-06T18:00:00,90.11194179369053
2022-12-06T19:00:00,92.63905467157777
2022-12-06T20:00:00,94.99381090247111
2022-12-06T21:00:00,97.53876926587975
2022-12-06T22:00:00,98.10227501910664
2022-12-06T23:00:00,98.29112940249234
2022-12-07T00:00:00,99.17656143851902
2022-12-07T01:00:00,99.47117117176884
2022-12-07T02:00:00,89.17675184166949
2022-12-07T03:00:00,76.64743406876272
2022-12-07T04:00:00,71.30484705385953
2022-12-07T05:00:00,66.65361421004586
2022-12-07T06:00:00,62.62301984040633
2022-12-07T07:00:00,61.391020567520805
2022-12-07T08:00:00,60.686079439909555
2022-12-07T09:00:00,62.477092079494305
2022-12-07T10:00:00,70.8363395359205
2022-12-07T11:00:00,83.78159232761548
2022-12-07T12:00:00,98.5025923355766
2022-12-07T13:00:00,112.55293970522672
2022-12-07T14:00:00,123.27755869989808
2022-12-07T15:00:00,130.88124250329057
2022-12-07T16:00:00,134.7624292788298
2022-12-07T17:00:00,133.9047101891559
2022-12-07T18:00:00,131.23687279742694
2022-12-07T19:00:00,128.1679753842561
2022-12-07T20:00:00,126.86416161578633
2022-12-07T21:00:00,122.47372701893681
2022-12-07T22:00:00,114.8968389759893
2022-12-07T23:00:00,108.14053444240403
2022-12-08T00:00:00,103.75390956712805
2022-12-08T01:00:00,100.38909248683763
2022-12-08T02:00:00,100.39932118291438
2022-12-08T03:00:00,101.30635004458219
2022-12-08T04:00:00,98.80039646314536
2022-12-08T05:00:00,93.58259317149285
2022-12-08T06:00:00,90.67468692945397
2022-12-08T07:00:00,89.59844738504161
2022-12-08T08:00:00,91.81641089397927
2022-12-08T09:00:00,97.53929801609205
2022-12-08T10:00:00,105.35963738482931
2022-12-08T11:00:00,112.90851991072944
2022-12-08T12:00:00,116.65818421737006
2022-12-08T13:00:00,115.03118531600288
2022-12-08T14:00:00,109.61732549252716
2022-12-08T15:00:00,96.99739406419837
2022-12-08T16:00:00,71.57453387716542
2022-12-08T17:00:00,45.68863628221594
2022-12-08T18:00:00,33.446562062139094
2022-12-08T19:00:00,29.910883696182914
2022-12-08T20:00:00,28.164124944935672
2022-12-08T21:00:00,24.635852979577106
2022-12-08T22:00:00,21.903290292491082
2022-12-08T23:00:00,21.655029213946797
2022-12-09T00:00:00,22.912691199261207
2022-12-09T01:00:00,24.058680078257684
2022-12-09T02:00:00,21.9699592590332
2022-12-09T03:00:00,16.889981891797934
2022-12-09T04:00:00,15.259392613949982
2022-12-09T05:00:00,16.143183708190918
2022-12-09T06:00:00,17.51964361771293
2022-12-09T07:00:00,16.563971975575317
2022-12-09T08:00:00,14.306653354478918
2022-12-09T09:00:00,12.887883600981338
2022-12-09T10:00:00,13.814570012299908
2022-12-09T11:00:00,17.734659692515496
2022-12-09T12:00:00,22.87154844532842
2022-12-09T13:00:00,27.24206037106721
2022-12-09T14:00:00,28.958972267482586
2022-12-09T15:00:00,29.768587609995958
2022-12-09T16:00:00,32.75549241770869
2022-12-09T17:00:00,35.70880475251571
2022-12-09T18:00:00,37.64936928127123
2022-12-09T19:00:00,39.74626590894616
2022-12-09T20:00:00,43.445856177288555
2022-12-09T21:00:00,46.45787662008534
2022-12-09T22:00:00,46.8825514420219
2022-12-09T23:00:00,45.77715052729067
2022-12-10T00:00:00,45.759531435759165
2022-12-10T01:00:00,49.33117028941278
2022-12-10T02:00:00,41.33044168223505
2022-12-10T03:00:00,18.04418331643809
2022-12-10T04:00:00,12.449695794478705
2022-12-10T05:00:00,10.862509105516516
2022-12-10T06:00:00,10.01178219007409
2022-12-10T07:00:00,9.447176394255264
2022-12-10T08:00:00,8.942934326503588
2022-12-10T09:00:00,8.752450818600861
2022-12-10T10:00:00,11.289803339087443
2022-12-10T11:00:00,17.635065866553262
2022-12-10T12:00:00,24.468263294385824
2022-12-10T13:00:00,25.222900307696797
2022-12-10T14:00:00,23.165950775146484
2022-12-10T15:00:00,23.17900043985118
2022-12-10T16:00:00,22.569092294444204
2022-12-10T17:00:00,22.548025794651192
2022-12-10T18:00:00,21.374396946119223
2022-12-10T19:00:00,19.066855472067125
2022-12-10T20:00:00,18.434445256772246
2022-12-10T21:00:00,18.407222996587333
2022-12-10T22:00:00,16.948352979577106
2022-12-10T23:00:00,14.89877348360808
2022-12-11T00:00:00,12.875148026839545
2022-12-11T01:00:00,11.915171996406885
2022-12-11T02:00:00,14.113140023272969
2022-12-11T03:00:00,16.954426226408582
2022-12-11T04:00:00,17.588533318561055
2022-12-11T05:00:00,15.899752285169516
2022-12-11T06:00:00,13.948436861452848
2022-12-11T07:00:00,12.91286111914593
2022-12-11T08:00:00,13.034784524337104
2022-12-11T09:00:00,12.775350238965904
2022-12-11T10:00:00,13.008012149644934
2022-12-11T11:00:00,15.178464765134061
2022-12-11T12:00:00,18.52687246903129
2022-12-11T13:00:00,18.752160445503566
2022-12-11T14:00:00,22.817513341489043
2022-12-11T15:00:00,30.331961922023606
2022-12-11T16:00:00,38.10175821055537
2022-12-11T17:00:00,46.74023586770762
2022-12-11T18:00:00,56.99792646325152
2022-12-11T19:00:00,65.52576280676799
2022-12-11T20:00:00,72.43759221615998
2022-12-11T21:00:00,78.29451619023862
2022-12-11T22:00:00,83.67569102411684
2022-12-11T23:00:00,89.18200816278872
2022-12-12T00:00:00,94.78078029466711
2022-12-12T01:00:00,99.97035681683083
2022-12-12T02:00:00,73.05155480426289
2022-12-12T03:00:00,40.34205975739852
2022-12-12T04:00:00,30.22260002467943
2022-12-12T05:00:00,25.83195462434188
2022-12-12T06:00:00,23.9533401986827
2022-12-12T07:00:00,23.741457980612047
2022-12-12T08:00:00,24.123227990191914
2022-12-12T09:00:00,25.52284995369289
2022-12-12T10:00:00,28.614488435828164
2022-12-12T11:00:00,33.958175327466876
2022-12-12T12:00:00,41.17376244586446
2022-12-12T13:00:00,39.64772663945737
2022-12-12T14:00:00,47.945670749830164
2022-12-12T15:00:00,52.04362885848335
2022-12-12T16:00:00,60.911458720331595
2022-12-12T17:00:00,64.72900092083475
2022-12-12T18:00:00,58.29458584992781
2022-12-12T19:00:00,46.6097936215608
2022-12-12T20:00:00,52.97534179687499
2022-12-12T21:00:00,61.14998294996178
2022-12-12T22:00:00,67.02487447987431
2022-12-12T23:00:00,67.11591604481573
2022-12-13T00:00:00,66.52127672278363
2022-12-13T01:00:00,63.92882438327954
2022-12-13T02:00:00,34.258676446002454
2022-12-13T03:00:00,20.001046139260993
2022-12-13T04:00:00,16.96545924311099
2022-12-13T05:00:00,16.408858506575875
2022-12-13T06:00:00,16.6146879610808
2022-12-13T07:00:00,17.185532113780145
2022-12-13T08:00:00,18.07548390264096
2022-12-13T09:00:00,19.209421323693316
2022-12-13T10:00:00,20.438787792039953
2022-12-13T11:00:00,23.15468290577764
2022-12-13T12:00:00,27.16983081983483
2022-12-13T13:00:00,34.68772904769234
2022-12-13T14:00:00,43.69612851350203
2022-12-13T15:00:00,54.31334172124448
2022-12-13T16:00:00,69.42382397858992
2022-12-13T17:00:00,85.3830284450365
2022-12-13T18:00:00,98.78555331022842
2022-12-13T19:00:00,108.46313874617866
2022-12-13T20:00:00,114.08781399934188
2022-12-13T21:00:00,116.52662758205247
2022-12-13T22:00:00,109.36183365531586
2022-12-13T23:00:00,105.75342493471891
2022-12-14T00:00:00,95.71547135062838
2022-12-14T01:00:00,81.30210743779722
2022-12-14T02:00:00,44.963158317234196
2022-12-14T03:00:00,31.275850296020508
2022-12-14T04:00:00,23.475344118864637
2022-12-14T05:00:00,18.951249827509336
2022-12-14T06:00:00,16.41365333225416
2022-12-14T07:00:00,14.954227613366168
2022-12-14T08:00:00,14.325959661732547
2022-12-14T09:00:00,14.427241698555322
2022-12-14T10:00:00,15.20707901664402
2022-12-14T11:00:00,17.83391712022864
2022-12-14T12:00:00,24.86909128272015
2022-12-14T13:00:00,30.632627404254414
2022-12-14T14:00:00,35.1095670617145
2022-12-14T15:00:00,39.89692770916482
2022-12-14T16:00:00,43.79209899902343
2022-12-14T17:00:00,48.16471116439155
2022-12-14T18:00:00,52.47512452498725
2022-12-14T19:00:00,54.95890509563943
2022-12-14T20:00:00,56.736915256666094
2022-12-14T21:00:00,57.65066213193147
2022-12-14T22:00:00,57.54202618806258
2022-12-14T23:00:00,58.82809232628863
2022-12-15T00:00:00,61.148992953093156
2022-12-15T01:00:00,58.57560381682021
2022-12-15T02:00:00,20.335277598837145
2022-12-15T03:00:00,11.46013305498206
2022-12-15T04:00:00,11.267141756804092
2022-12-15T05:00:00,11.349565423053244
2022-12-15T06:00:00,11.712614722873852
2022-12-15T07:00:00,12.542965723120648
2022-12-15T08:00:00,14.188228648641834
2022-12-15T09:00:00,16.655933545983352
2022-12-15T10:00:00,18.81734624116317
2022-12-15T11:00:00,21.930852392445438
2022-12-15T12:00:00,32.414192448491626
2022-12-15T13:00:00,42.96593558269998
2022-12-15T14:00:00,47.10325357188349
2022-12-15T15:00:00,45.215954656186305
2022-12-15T16:00:00,45.846201357634165
2022-12-15T17:00:00,46.69214298414147
2022-12-15T18:00:00,46.41818353404169
2022-12-15T19:00:00,45.18965845522673
2022-12-15T20:00:00,43.50710628343665
2022-12-15T21:00:00,42.17182955534561
2022-12-15T22:00:00,40.83384041164232
2022-12-15T23:00:00,39.126353388247274
2022-12-16T00:00:00,37.0490087426227
2022-12-16T01:00:00,35.3783891097359
2022-12-16T02:00:00,28.555172132409133
2022-12-16T03:00:00,23.382243944251016
2022-12-16T04:00:00,20.55732619244119
2022-12-16T05:00:00,19.02233828669009
2022-12-16T06:00:00,18.82745029615319
2022-12-16T07:00:00,19.578451073688008
2022-12-16T08:00:00,20.787497644839075
2022-12-16T09:00:00,23.1589589326278
2022-12-16T10:00:00,27.20783780968707
2022-12-16T11:00:00,34.18703377765158
2022-12-16T12:00:00,45.148667376974345
2022-12-16T13:00:00,55.87343149599821
2022-12-16T14:00:00,63.07007084722103
2022-12-16T15:00:00,68.57825702169666
2022-12-16T16:00:00,74.21350097656249
2022-12-16T17:00:00,81.89245207413383
2022-12-16T18:00:00,91.79395460045855
2022-12-16T19:00:00,96.60083040983778
2022-12-16T20:00:00,98.69822162130605
2022-12-16T21:00:00,102.68742072063944
2022-12-16T22:00:00,108.26911030644955
2022-12-16T23:00:00,112.21989208719003
2022-12-17T00:00:00,114.57098620870838
2022-12-17T01:00:00,115.2936673371688
2022-12-17T02:00:00,97.90463157322095
2022-12-17T03:00:00,73.87649635646653
2022-12-17T04:00:00,62.37447622547978
2022-12-17T05:00:00,54.62125363557235
2022-12-17T06:00:00,47.98524674125339
2022-12-17T07:00:00,43.42083043637483
2022-12-17T08:00:00,43.43951648214589
2022-12-17T09:00:00,47.97392073921535
2022-12-17T10:00:00,52.92132385917331
2022-12-17T11:00:00,56.07293833856996
2022-12-17T12:00:00,56.28963022646696
2022-12-17T13:00:00,53.898468183434524
2022-12-17T14:00:00,52.69066586701766
2022-12-17T15:00:00,53.44597857931385
2022-12-17T16:00:00,55.03153378030527
2022-12-17T17:00:00,58.08192178477412
2022-12-17T18:00:00,62.38351009203039
2022-12-17T19:00:00,67.28897724980892
2022-12-17T20:00:00,72.8434242580248
2022-12-17T21:00:00,76.54518260126528
2022-12-17T22:00:00,76.17573945418647
2022-12-17T23:00:00,73.67546479598334
2022-12-18T00:00:00,71.06517460035239
2022-12-18T01:00:00,69.0431608117145
2022-12-18T02:00:00,65.63205519966456
2022-12-18T03:00:00,55.050567792809524
2022-12-18T04:00:00,46.49306769992994
2022-12-18T05:00:00,43.042896436608345
2022-12-18T06:00:00,39.87282114443571
2022-12-18T07:00:00,37.38531195599099
2022-12-18T08:00:00,37.51348827196204
2022-12-18T09:00:00,40.12526371168054
2022-12-18T10:00:00,44.427578304124914
2022-12-18T11:00:00,48.34463500976562
2022-12-18T12:00:00,52.21902979975161
2022-12-18T13:00:00,54.65048599243164
2022-12-18T14:00:00,53.932684027630344
2022-12-18T15:00:00,54.02908474466075
2022-12-18T16:00:00,54.59527239592178
2022-12-18T17:00:00,54.87791160915208
2022-12-18T18:00:00,55.17403992362644
2022-12-18T19:00:00,55.2185990706734
2022-12-18T20:00:00,54.01075860728388
2022-12-18T21:00:00,53.02176417475161
2022-12-18T22:00:00,53.19198309856912
2022-12-18T23:00:00,53.97130601302436
2022-12-19T00:00:00,56.6618654002314
2022-12-19T01:00:00,61.584539496380344
2022-12-19T02:00:00,60.56147915384043
2022-12-19T03:00:00,38.948370228643
2022-12-19T04:00:00,26.480713968691614
2022-12-19T05:00:00,21.14497126703677
2022-12-19T06:00:00,18.980849473372746
2022-12-19T07:00:00,19.107146802155867
2022-12-19T08:00:00,19.52032379482103
2022-12-19T09:00:00,21.41686580492102
2022-12-19T10:00:00,23.451630385025684
2022-12-19T11:00:00,30.22623584581458
2022-12-19T12:00:00,33.473796678626016
2022-12-19T13:00:00,33.589115308678664
2022-12-19T14:00:00,33.30812064461085
2022-12-19T15:00:00,34.454301585321836
2022-12-19T16:00:00,37.27287043695864
2022-12-19T17:00:00,41.16210075046705
2022-12-19T18:00:00,44.98404726774796
2022-12-19T19:00:00,46.54124085799507
2022-12-19T20:00:00,48.10482273931088
2022-12-19T21:00:00,48.71501093325407
2022-12-19T22:00:00,46.65492430977199
2022-12-19T23:00:00,45.028360283893086
2022-12-20T00:00:00,43.78678711600925
2022-12-20T01:00:00,44.46698180488918
2022-12-20T02:00:00,45.84988983817722
2022-12-20T03:00:00,42.346204840618626
2022-12-20T04:00:00,28.597070859826125
2022-12-20T05:00:00,24.088082106217094
2022-12-20T06:00:00,20.642270378444504
2022-12-20T07:00:00,18.56022677214249
2022-12-20T08:00:00,19.694990075152848
2022-12-20T09:00:00,22.68158439967943
2022-12-20T10:00:00,28.360325274260145
2022-12-20T11:00:00,35.25630818242612
2022-12-20T12:00:00,41.36240237692128
2022-12-20T13:00:00,45.0157182112984
2022-12-20T14:00:00,45.70602334063986
2022-12-20T15:00:00,46.659190634022586
2022-12-20T16:00:00,49.82717033054517
2022-12-20T17:00:00,52.04358756023904
2022-12-20T18:00:00,51.75353489751401
2022-12-20T19:00:00,49.027417721955665
2022-12-20T20:00:00,46.448494952657946
2022-12-20T21:00:00,45.39675621364427
2022-12-20T22:00:00,43.92569235096806
2022-12-20T23:00:00,41.61157226562499
2022-12-21T00:00:00,40.162828694219165
2022-12-21T01:00:00,39.681358337402344
2022-12-21T02:00:00,37.03678214031717
2022-12-21T03:00:00,25.981069316034727
2022-12-21T04:00:00,19.786263507345442
2022-12-21T05:00:00,16.432950268621028
2022-12-21T06:00:00,14.896361931510592
2022-12-21T07:00:00,13.924600269483483
2022-12-21T08:00:00,13.731162651725436
2022-12-21T09:00:00,14.116295441337252
2022-12-21T10:00:00,14.784189473027766
2022-12-21T11:00:00,19.811057629792586
2022-12-21T12:00:00,22.67547673764436
2022-12-21T13:00:00,23.38415004896081
2022-12-21T14:00:00,27.186850920967427
2022-12-21T15:00:00,31.682719603828758
2022-12-21T16:00:00,35.11631161233653
2022-12-21T17:00:00,33.53359205826469
2022-12-21T18:00:00,29.092051630434778
2022-12-21T19:00:00,27.67804502404254
2022-12-21T20:00:00,26.68639879641325
2022-12-21T21:00:00,26.462158037268594
2022-12-21T22:00:00,26.952807799629543
2022-12-21T23:00:00,25.17177283245584
2022-12-22T00:00:00,24.460331875344977
2022-12-22T01:00:00,25.0970056782598
2022-12-22T02:00:00,23.093049090841543
2022-12-22T03:00:00,18.990434812462848
2022-12-22T04:00:00,17.195084779158883
2022-12-22T05:00:00,14.62644875567892
2022-12-22T06:00:00,13.115766815517258
2022-12-22T07:00:00,12.529318021691363
2022-12-22T08:00:00,13.399221876393192
2022-12-22T09:00:00,14.925747083581012
2022-12-22T10:00:00,16.54985419563625
2022-12-22T11:00:00,21.945008982782777
2022-12-22T12:00:00,30.36527575617251
2022-12-22T13:00:00,38.13697798355766
2022-12-22T14:00:00,44.601865519648
2022-12-22T15:00:00,57.35879317573878
2022-12-22T16:00:00,71.84873066777769
2022-12-22T17:00:00,80.00288988196331
2022-12-22T18:00:00,85.73554030708644
2022-12-22T19:00:00,88.83381387461786
2022-12-22T20:00:00,91.5756603738536
2022-12-22T21:00:00,94.40419636601986
2022-12-22T22:00:00,97.58045926301374
2022-12-22T23:00:00,100.86776766569717
2022-12-23T00:00:00,102.88088790230128
2022-12-23T01:00:00,104.68347068454906
2022-12-23T02:00:00,72.25099978239639
2022-12-23T03:00:00,45.52922273718792
2022-12-23T04:00:00,36.24156587020211
2022-12-23T05:00:00,31.751868621162743
2022-12-23T06:00:00,30.673137996507727
2022-12-23T07:00:00,30.178754474805746
2022-12-23T08:00:00,30.083000597746473
2022-12-23T09:00:00,30.411505408909
2022-12-23T10:00:00,33.791337718134336
2022-12-23T11:00:00,44.07571261862049
2022-12-23T12:00:00,56.509410526441485
2022-12-23T13:00:00,65.57587665060292
2022-12-23T14:00:00,83.82072913128395
2022-12-23T15:00:00,102.83919259776239
2022-12-23T16:00:00,120.98564944059953
2022-12-23T17:00:00,136.80754023012906
2022-12-23T18:00:00,149.86208642047382
2022-12-23T19:00:00,156.9675876783288
2022-12-23T20:00:00,158.31194471276322
2022-12-23T21:00:00,151.78208259914234
2022-12-23T22:00:00,140.32777338442594
2022-12-23T23:00:00,131.90599657141644
2022-12-24T00:00:00,129.82360242760697
2022-12-24T01:00:00,130.45491890285325
2022-12-24T02:00:00,119.9296005912449
2022-12-24T03:00:00,94.16286302649456
2022-12-24T04:00:00,79.0451364931853
2022-12-24T05:00:00,69.36750030517578
2022-12-24T06:00:00,55.72347856604534
2022-12-24T07:00:00,45.773112587306805
2022-12-24T08:00:00,43.45731154732082
2022-12-24T09:00:00,48.1993932309358
2022-12-24T10:00:00,57.40558309140412
2022-12-24T11:00:00,71.23550149668817
2022-12-24T12:00:00,86.69442151940385
2022-12-24T13:00:00,99.93507020369819
2022-12-24T14:00:00,112.77955959154211
2022-12-24T15:00:00,123.59648596722145
2022-12-24T16:00:00,130.71766861625338
2022-12-24T17:00:00,136.69719596531078
2022-12-24T18:00:00,141.1743582020635
2022-12-24T19:00:00,138.03174159837806
2022-12-24T20:00:00,123.70527317212975
2022-12-24T21:00:00,108.65155858578889
2022-12-24T22:00:00,104.08160068677817
2022-12-24T23:00:00,99.58522730288298
2022-12-25T00:00:00,93.9578164142111
2022-12-25T01:00:00,91.36093637217645
2022-12-25T02:00:00,89.57768680738366
2022-12-25T03:00:00,72.11038970947266
2022-12-25T04:00:00,59.911842346191406
2022-12-25T05:00:00,52.948762976604954
2022-12-25T06:00:00,51.07750519462254
2022-12-25T07:00:00,54.70039931587551
2022-12-25T08:00:00,55.52996527630349
2022-12-25T09:00:00,60.99838522206181
2022-12-25T10:00:00,68.67229063614555
2022-12-25T11:00:00,78.15567348314367
2022-12-25T12:00:00,87.43184031610903
2022-12-25T13:00:00,95.68115367060122
2022-12-25T14:00:00,97.52346868100373
2022-12-25T15:00:00,95.19254966404127
2022-12-25T16:00:00,95.02053633980128
2022-12-25T17:00:00,91.82681440270466
2022-12-25T18:00:00,83.7840227873429
2022-12-25T19:00:00,78.90552587094513
2022-12-25T20:00:00,78.9206831558891
2022-12-25T21:00:00,81.65344039253566
2022-12-25T22:00:00,75.9899086330248
2022-12-25T23:00:00,82.7777918940005
2022-12-26T00:00:00,99.86736529806385
2022-12-26T01:00:00,112.43026335343069
2022-12-26T02:00:00,63.411385245945134
2022-12-26T03:00:00,34.682855191438094
2022-12-26T04:00:00,28.968566148177434
2022-12-26T05:00:00,26.347900971122407
2022-12-26T06:00:00,24.556831194006875
2022-12-26T07:00:00,23.46127742269765
2022-12-26T08:00:00,23.669934065445606
2022-12-26T09:00:00,24.84648629893427
2022-12-26T10:00:00,28.27015768963357
2022-12-26T11:00:00,31.845552444458004
2022-12-26T12:00:00,38.468199605527126
2022-12-26T13:00:00,45.24860597693401
2022-12-26T14:00:00,53.89323027237601
2022-12-26T15:00:00,62.587372655453876
2022-12-26T16:00:00,69.88012794826341
2022-12-26T17:00:00,76.7571384595788
2022-12-26T18:00:00,89.32553780597188
2022-12-26T19:00:00,103.73762976604958
2022-12-26T20:00:00,100.60669542395547
2022-12-26T21:00:00,108.41216327833091
2022-12-26T22:00:00,114.2623062133789
2022-12-26T23:00:00,115.40197355850881
2022-12-27T00:00:00,111.64533598526663
2022-12-27T01:00:00,106.60749568109925
2022-12-27T02:00:00,54.47436407338017
2022-12-27T03:00:00,35.48049279917841
2022-12-27T04:00:00,28.597834048063852
2022-12-27T05:00:00,23.40425109863281
2022-12-27T06:00:00,19.34218025207519
2022-12-27T07:00:00,17.134486613066297
2022-12-27T08:00:00,17.29560955711033
2022-12-27T09:00:00,17.78094490714695
2022-12-27T10:00:00,18.090109286100965
2022-12-27T11:00:00,18.452274488366168
2022-12-27T12:00:00,21.514441282852836
2022-12-27T13:00:00,27.34879991282587
2022-12-27T14:00:00,37.60196735547937
2022-12-27T15:00:00,52.44214596955672
2022-12-27T16:00:00,65.36847753110138
2022-12-27T17:00:00,76.68177994437839
2022-12-27T18:00:00,85.69183316438095
2022-12-27T19:00:00,91.25290514075238
2022-12-27T20:00:00,93.15543763533883
2022-12-27T21:00:00,95.37934709631878
2022-12-27T22:00:00,95.24666927171789
2022-12-27T23:00:00,92.32262387483014
2022-12-28T00:00:00,86.92986961033031
2022-12-28T01:00:00,80.05124581378439
2022-12-28T02:00:00,45.94013413139011
2022-12-28T03:00:00,19.3784181346064
2022-12-28T04:00:00,14.283755343893299
2022-12-28T05:00:00,12.413877860359522
2022-12-28T06:00:00,11.491928764011547
2022-12-28T07:00:00,10.994659506756326
2022-12-28T08:00:00,10.85591295491094
2022-12-28T09:00:00,11.313717137212338
2022-12-28T10:00:00,12.655538890672766
2022-12-28T11:00:00,15.361797830332879
2022-12-28T12:00:00,19.63876674486243
2022-12-28T13:00:00,24.71572104744289
2022-12-28T14:00:00,27.247990235038422
2022-12-28T15:00:00,28.48675130761188
2022-12-28T16:00:00,31.24311480314835
2022-12-28T17:00:00,33.43020082556683
2022-12-28T18:00:00,27.70416118787682
2022-12-28T19:00:00,25.518855219301965
2022-12-28T20:00:00,24.03339145494544
2022-12-28T21:00:00,24.658018858536426
2022-12-28T22:00:00,26.740058152571965
2022-12-28T23:00:00,25.291630703469977
2022-12-29T00:00:00,23.496760575667672
2022-12-29T01:00:00,23.561076952063516
2022-12-29T02:00:00,20.39193028989045
2022-12-29T03:00:00,15.819505111030907
2022-12-29T04:00:00,13.701875520789104
2022-12-29T05:00:00,12.402044088944143
2022-12-29T06:00:00,11.608577272166375
2022-12-29T07:00:00,11.248593454775602
2022-12-29T08:00:00,11.048818671185037
2022-12-29T09:00:00,11.435553758040719
2022-12-29T10:00:00,12.351723422174867
2022-12-29T11:00:00,14.674283152041227
2022-12-29T12:00:00,20.442686080932614
2022-12-29T13:00:00,26.08410851851753
2022-12-29T14:00:00,30.123435061910875
2022-12-29T15:00:00,32.72890132406483
2022-12-29T16:00:00,35.14733720862347
2022-12-29T17:00:00,37.159850908362344
2022-12-29T18:00:00,38.83860364167587
2022-12-29T19:00:00,40.93818200152853
2022-12-29T20:00:00,42.999728327212125
2022-12-29T21:00:00,46.552676159402594
2022-12-29T22:00:00,48.81209746651027
2022-12-29T23:00:00,47.945810566777766
2022-12-30T00:00:00,47.25927585104237
2022-12-30T01:00:00,46.81571048239003
2022-12-30T02:00:00,26.42715553615404
2022-12-30T03:00:00,15.87357404957647
2022-12-30T04:00:00,12.3484700659047
2022-12-30T05:00:00,10.56913608053456
2022-12-30T06:00:00,9.70288338868514
2022-12-30T07:00:00,9.395565489064092
2022-12-30T08:00:00,9.429985668348227
2022-12-30T09:00:00,9.899623622065002
2022-12-30T10:00:00,10.909909580064856
2022-12-30T11:00:00,13.539103632387906
2022-12-30T12:00:00,18.476167761761207
2022-12-30T13:00:00,22.047939466393508
2022-12-30T14:00:00,24.177095496136207
2022-12-30T15:00:00,24.978180843850836
2022-12-30T16:00:00,28.191640273384426
2022-12-30T17:00:00,31.779740955518637
2022-12-30T18:00:00,34.387391629426375
2022-12-30T19:00:00,36.16014812303626
2022-12-30T20:00:00,37.57491335661514
2022-12-30T21:00:00,39.10834868057914
2022-12-30T22:00:00,40.26327315620754
2022-12-30T23:00:00,41.52472637010657
2022-12-31T00:00:00,44.31333193571671
2022-12-31T01:00:00,48.70733476721722
2022-12-31T02:00:00,28.640494139298145
2022-12-31T03:00:00,17.454478719960086
2022-12-31T04:00:00,14.206287301104998
2022-12-31T05:00:00,12.722650652346402
2022-12-31T06:00:00,12.009117789890455
2022-12-31T07:00:00,11.783163236535113
2022-12-31T08:00:00,11.965401193369988
2022-12-31T09:00:00,12.58641827624777
2022-12-31T10:00:00,13.92183623106583
2022-12-31T11:00:00,17.418144640715223
2022-12-31T12:00:00,22.822159808614977
2022-12-31T13:00:00,26.789305396701977
2022-12-31T14:00:00,27.955234527587887
2022-12-31T15:00:00,29.157325910485305
2022-12-31T16:00:00,33.53953966887101
2022-12-31T17:00:00,37.341260992962376
2022-12-31T18:00:00,40.43931214705757
2022-12-31T19:00:00,42.776928611423656
2022-12-31T20:00:00,46.11041491964588
2022-12-31T21:00:00,48.87142811650814
2022-12-31T22:00:00,49.94838731185249
2022-12-31T23:00:00,49.723300270412274
