datetime,PM25_RH35_GCC
2020-01-01T00:00:00,48.40943975033967
2020-01-01T01:00:00,46.74957772959833
2020-01-01T02:00:00,28.90784188975458
2020-01-01T03:00:00,19.195183422254477
2020-01-01T04:00:00,15.350663433904232
2020-01-01T05:00:00,13.491881329080332
2020-01-01T06:00:00,12.680606924969215
2020-01-01T07:00:00,12.441348490507707
2020-01-01T08:00:00,12.54180974545686
2020-01-01T09:00:00,13.035467521004053
2020-01-01T10:00:00,13.819455063861348
2020-01-01T11:00:00,14.18456114893374
2020-01-01T12:00:00,17.902549329011336
2020-01-01T13:00:00,24.258126797883403
2020-01-01T14:00:00,30.94462403007175
2020-01-01T15:00:00,40.425886568815805
2020-01-01T16:00:00,52.953569992728845
2020-01-01T17:00:00,64.47119505509086
2020-01-01T18:00:00,72.84865669582202
2020-01-01T19:00:00,77.54057958851688
2020-01-01T20:00:00,83.61450908495031
2020-01-01T21:00:00,86.21275478860605
2020-01-01T22:00:00,84.31804640396781
2020-01-01T23:00:00,79.6680972887122
2020-01-02T00:00:00,75.40441115006156
2020-01-02T01:00:00,70.95618322621219
2020-01-02T02:00:00,37.25248734847358
2020-01-02T03:00:00,21.08468428902004
2020-01-02T04:00:00,16.185486254484754
2020-01-02T05:00:00,13.804796218872069
2020-01-02T06:00:00,12.45095402261485
2020-01-02T07:00:00,12.129751910334047
2020-01-02T08:00:00,12.409371458965799
2020-01-02T09:00:00,13.120064030522883
2020-01-02T10:00:00,14.515361454175864
2020-01-02T11:00:00,17.453177078910496
2020-01-02T12:00:00,21.787429892498515
2020-01-02T13:00:00,26.140839120616082
2020-01-02T14:00:00,32.38106138809867
2020-01-02T15:00:00,36.485095480213985
2020-01-02T16:00:00,38.142946492070735
2020-01-02T17:00:00,40.33376594211744
2020-01-02T18:00:00,41.94450361832329
2020-01-02T19:00:00,45.80943248582923
2020-01-02T20:00:00,49.40148560897164
2020-01-02T21:00:00,52.77445983886718
2020-01-02T22:00:00,52.38673500392748
2020-01-02T23:00:00,45.50704259457795
2020-01-03T00:00:00,40.774713599163555
2020-01-03T01:00:00,36.615189262058415
2020-01-03T02:00:00,23.79634732785432
2020-01-03T03:00:00,17.185153007507324
2020-01-03T04:00:00,13.83734839895497
2020-01-03T05:00:00,12.306701826012652
2020-01-03T06:00:00,11.747303257817807
2020-01-03T07:00:00,11.64318789606509
2020-01-03T08:00:00,11.871187873508617
2020-01-03T09:00:00,12.45755734650985
2020-01-03T10:00:00,13.628502679907756
2020-01-03T11:00:00,15.095765113830563
2020-01-03T12:00:00,16.790085751077402
2020-01-03T13:00:00,24.319647415824555
2020-01-03T14:00:00,34.83724826315175
2020-01-03T15:00:00,44.0577861951745
2020-01-03T16:00:00,55.71653681216032
2020-01-03T17:00:00,73.15087691597317
2020-01-03T18:00:00,81.9509114804475
2020-01-03T19:00:00,84.43534718389095
2020-01-03T20:00:00,79.39977562945822
2020-01-03T21:00:00,74.63170623779297
2020-01-03T22:00:00,74.08597465183423
2020-01-03T23:00:00,72.1213146707286
2020-01-04T00:00:00,68.68994853807531
2020-01-04T01:00:00,62.58310185308041
2020-01-04T02:00:00,33.68365320952042
2020-01-04T03:00:00,18.750699292058528
2020-01-04T04:00:00,14.669421237447986
2020-01-04T05:00:00,13.198637091595192
2020-01-04T06:00:00,12.440099716186522
2020-01-04T07:00:00,12.043207127115
2020-01-04T08:00:00,11.879731053891387
2020-01-04T09:00:00,12.075117194134256
2020-01-04T10:00:00,12.692470509073008
2020-01-04T11:00:00,14.26827165354853
2020-01-04T12:00:00,18.840377558832582
2020-01-04T13:00:00,23.008406265922215
2020-01-04T14:00:00,23.67071599545686
2020-01-04T15:00:00,26.95593651481296
2020-01-04T16:00:00,32.95852097221042
2020-01-04T17:00:00,37.606044603430696
2020-01-04T18:00:00,41.6955569723378
2020-01-04T19:00:00,45.96552359539528
2020-01-04T20:00:00,51.400882223378055
2020-01-04T21:00:00,54.85182936295218
2020-01-04T22:00:00,57.629323876422376
2020-01-04T23:00:00,60.01238466345746
2020-01-05T00:00:00,59.28401631894319
2020-01-05T01:00:00,55.25905542788298
2020-01-05T02:00:00,32.27088181868843
2020-01-05T03:00:00,17.902453049369477
2020-01-05T04:00:00,13.265973961871602
2020-01-05T05:00:00,11.315884175507916
2020-01-05T06:00:00,10.606819443080736
2020-01-05T07:00:00,10.451703113058338
2020-01-05T08:00:00,10.546775444694187
2020-01-05T09:00:00,10.985306781271229
2020-01-05T10:00:00,11.833156544229258
2020-01-05T11:00:00,14.054251131804092
2020-01-05T12:00:00,19.623901533043902
2020-01-05T13:00:00,25.05146598815918
2020-01-05T14:00:00,26.310971135678493
2020-01-05T15:00:00,25.740655733191446
2020-01-05T16:00:00,26.11202944879946
2020-01-05T17:00:00,26.059751427691914
2020-01-05T18:00:00,25.331425376560375
2020-01-05T19:00:00,23.927750628927477
2020-01-05T20:00:00,22.97559953772503
2020-01-05T21:00:00,20.86610255034073
2020-01-05T22:00:00,21.193215328714118
2020-01-05T23:00:00,21.474126732867695
2020-01-06T00:00:00,22.115435807601262
2020-01-06T01:00:00,24.03988912831182
2020-01-06T02:00:00,17.896929450657055
2020-01-06T03:00:00,12.640844386556871
2020-01-06T04:00:00,10.884932269220766
2020-01-06T05:00:00,9.688954311868418
2020-01-06T06:00:00,8.774216195811396
2020-01-06T07:00:00,8.354054057079813
2020-01-06T08:00:00,8.263068074765412
2020-01-06T09:00:00,8.595624778581701
2020-01-06T10:00:00,9.601079028585682
2020-01-06T11:00:00,12.321934451227602
2020-01-06T12:00:00,18.008330967115317
2020-01-06T13:00:00,22.197834346605383
2020-01-06T14:00:00,24.54208655979322
2020-01-06T15:00:00,25.699373659880262
2020-01-06T16:00:00,27.41670840719471
2020-01-06T17:00:00,30.027427009914227
2020-01-06T18:00:00,33.549023006273345
2020-01-06T19:00:00,35.595183165177055
2020-01-06T20:00:00,35.61510268501613
2020-01-06T21:00:00,34.92326653521994
2020-01-06T22:00:00,34.08232348898182
2020-01-06T23:00:00,33.41641749506412
2020-01-07T00:00:00,32.443472737851344
2020-01-07T01:00:00,30.738815307617188
2020-01-07T02:00:00,20.248614186825957
2020-01-07T03:00:00,13.59391162706458
2020-01-07T04:00:00,11.139053593511166
2020-01-07T05:00:00,9.699036639669668
2020-01-07T06:00:00,8.655260438504424
2020-01-07T07:00:00,8.275083935779074
2020-01-07T08:00:00,8.42125714343527
2020-01-07T09:00:00,9.113738806351371
2020-01-07T10:00:00,10.773065276767895
2020-01-07T11:00:00,14.354879835377568
2020-01-07T12:00:00,21.629185635110602
2020-01-07T13:00:00,26.424898811008614
2020-01-07T14:00:00,29.049633026123043
2020-01-07T15:00:00,32.32408689415973
2020-01-07T16:00:00,35.01993477862814
2020-01-07T17:00:00,35.981256733769946
2020-01-07T18:00:00,37.509894163712204
2020-01-07T19:00:00,37.40807375700577
2020-01-07T20:00:00,36.10178640614385
2020-01-07T21:00:00,36.29446792602539
2020-01-07T22:00:00,38.99943310281504
2020-01-07T23:00:00,41.563090117081344
2020-01-08T00:00:00,43.50834937717603
2020-01-08T01:00:00,42.708894646686055
2020-01-08T02:00:00,28.953512689341665
2020-01-08T03:00:00,19.781265424645465
2020-01-08T04:00:00,15.825520059336785
2020-01-08T05:00:00,13.874766888825787
2020-01-08T06:00:00,13.130144782688307
2020-01-08T07:00:00,12.470928565315576
2020-01-08T08:00:00,12.068943521250848
2020-01-08T09:00:00,12.373950046041736
2020-01-08T10:00:00,13.79037347047225
2020-01-08T11:00:00,17.776701305223547
2020-01-08T12:00:00,23.99531787374745
2020-01-08T13:00:00,25.385543325672977
2020-01-08T14:00:00,27.225840941719387
2020-01-08T15:00:00,30.287645837535027
2020-01-08T16:00:00,36.77484744528065
2020-01-08T17:00:00,42.986494976541266
2020-01-08T18:00:00,47.518321659253985
2020-01-08T19:00:00,50.38335999198582
2020-01-08T20:00:00,53.641666080640704
2020-01-08T21:00:00,57.93260126528533
2020-01-08T22:00:00,61.62364014335301
2020-01-08T23:00:00,63.935167727263064
2020-01-09T00:00:00,64.93057814888331
2020-01-09T01:00:00,63.428299116051704
2020-01-09T02:00:00,37.70240767105765
2020-01-09T03:00:00,23.557003767594047
2020-01-09T04:00:00,18.71293084517769
2020-01-09T05:00:00,16.28763617639956
2020-01-09T06:00:00,15.042048951853875
2020-01-09T07:00:00,14.32539019377335
2020-01-09T08:00:00,14.071470177691914
2020-01-09T09:00:00,14.23272891666578
2020-01-09T10:00:00,14.661530080048934
2020-01-09T11:00:00,16.58403259774913
2020-01-09T12:00:00,21.576766884845235
2020-01-09T13:00:00,30.07092135885487
2020-01-09T14:00:00,39.01125650820524
2020-01-09T15:00:00,45.4585833342179
2020-01-09T16:00:00,48.386064280634336
2020-01-09T17:00:00,48.78241928764011
2020-01-09T18:00:00,49.86073634935461
2020-01-09T19:00:00,49.568865237028696
2020-01-09T20:00:00,49.573680545972735
2020-01-09T21:00:00,50.51716464498768
2020-01-09T22:00:00,51.70347827413807
2020-01-09T23:00:00,53.28943534519361
2020-01-10T00:00:00,54.19656338899031
2020-01-10T01:00:00,53.66087656435759
2020-01-10T02:00:00,35.5263907391092
2020-01-10T03:00:00,20.16935132897418
2020-01-10T04:00:00,16.43739841295325
2020-01-10T05:00:00,14.647794930831246
2020-01-10T06:00:00,13.461744474328082
2020-01-10T07:00:00,12.648836716361666
2020-01-10T08:00:00,12.34826191611912
2020-01-10T09:00:00,12.582147888515305
2020-01-10T10:00:00,13.306740221769912
2020-01-10T11:00:00,15.526810563128924
2020-01-10T12:00:00,19.471634823343027
2020-01-10T13:00:00,24.632284496141516
2020-01-10T14:00:00,31.613591650257934
2020-01-10T15:00:00,38.947205584982164
2020-01-10T16:00:00,45.420943384585165
2020-01-10T17:00:00,50.94089972454567
2020-01-10T18:00:00,54.210848435111664
2020-01-10T19:00:00,54.32332577912703
2020-01-10T20:00:00,54.61284935992697
2020-01-10T21:00:00,54.587636201278016
2020-01-10T22:00:00,53.885256062383235
2020-01-10T23:00:00,53.06643245531164
2020-01-11T00:00:00,52.532751995584235
2020-01-11T01:00:00,51.98848293138587
2020-01-11T02:00:00,32.24426004161005
2020-01-11T03:00:00,18.630761685578715
2020-01-11T04:00:00,14.236187893411385
2020-01-11T05:00:00,11.880860079889711
2020-01-11T06:00:00,10.455965705539867
2020-01-11T07:00:00,9.783309687738832
2020-01-11T08:00:00,9.689487871916397
2020-01-11T09:00:00,10.457689741383428
2020-01-11T10:00:00,12.113935263260549
2020-01-11T11:00:00,16.786774096281633
2020-01-11T12:00:00,23.495512174523395
2020-01-11T13:00:00,28.874908032624614
2020-01-11T14:00:00,32.59147594286048
2020-01-11T15:00:00,34.73476393326469
2020-01-11T16:00:00,36.675361467444375
2020-01-11T17:00:00,38.135816159455665
2020-01-11T18:00:00,39.90669051460597
2020-01-11T19:00:00,41.182398257048234
2020-01-11T20:00:00,42.537632651951
2020-01-11T21:00:00,42.59696894106657
2020-01-11T22:00:00,41.72747620292331
2020-01-11T23:00:00,41.39639696867569
2020-01-12T00:00:00,42.85635326219641
2020-01-12T01:00:00,43.16195230898649
2020-01-12T02:00:00,30.404142794401743
2020-01-12T03:00:00,20.28754731883173
2020-01-12T04:00:00,16.114378058392067
2020-01-12T05:00:00,14.198897776396377
2020-01-12T06:00:00,13.161716668502143
2020-01-12T07:00:00,12.45190786278766
2020-01-12T08:00:00,12.32952126212742
2020-01-12T09:00:00,12.968721472698707
2020-01-12T10:00:00,14.644389318383258
2020-01-12T11:00:00,18.83797836303711
2020-01-12T12:00:00,25.29976770152216
2020-01-12T13:00:00,31.024271591849946
2020-01-12T14:00:00,34.60872816002887
2020-01-12T15:00:00,40.00011261649753
2020-01-12T16:00:00,46.49874181332795
2020-01-12T17:00:00,52.88065288377844
2020-01-12T18:00:00,58.71591435308041
2020-01-12T19:00:00,63.332426485807986
2020-01-12T20:00:00,68.31741664720617
2020-01-12T21:00:00,72.56148595395294
2020-01-12T22:00:00,74.70628721817678
2020-01-12T23:00:00,75.67964238705842
2020-01-13T00:00:00,76.57269386623216
2020-01-13T01:00:00,76.29351342242695
2020-01-13T02:00:00,50.5800958716351
2020-01-13T03:00:00,31.33026197682256
2020-01-13T04:00:00,27.264554148134977
2020-01-13T05:00:00,24.980923113615614
2020-01-13T06:00:00,23.31774869172469
2020-01-13T07:00:00,22.380656283834703
2020-01-13T08:00:00,22.157751415086828
2020-01-13T09:00:00,22.58419625655464
2020-01-13T10:00:00,24.026312786599863
2020-01-13T11:00:00,28.00394481161366
2020-01-13T12:00:00,36.737579843272336
2020-01-13T13:00:00,46.89996702774711
2020-01-13T14:00:00,56.620483896006704
2020-01-13T15:00:00,66.14852225262185
2020-01-13T16:00:00,74.01268237570056
2020-01-13T17:00:00,79.43889186693274
2020-01-13T18:00:00,82.56482265306555
2020-01-13T19:00:00,82.62837186067
2020-01-13T20:00:00,80.90474468728769
2020-01-13T21:00:00,79.17238650114638
2020-01-13T22:00:00,77.23447816268258
2020-01-13T23:00:00,75.12583591627038
2020-01-14T00:00:00,73.2811634229577
2020-01-14T01:00:00,68.80950463336445
2020-01-14T02:00:00,40.111939969270125
2020-01-14T03:00:00,30.440642647121265
2020-01-14T04:00:00,28.94613531361455
2020-01-14T05:00:00,28.57771765667459
2020-01-14T06:00:00,28.310785127722692
2020-01-14T07:00:00,28.060094667517617
2020-01-14T08:00:00,27.890328282895293
2020-01-14T09:00:00,27.870920678843618
2020-01-14T10:00:00,28.498636162799336
2020-01-14T11:00:00,31.70000432885211
2020-01-14T12:00:00,39.81046344922936
2020-01-14T13:00:00,48.50754480776579
2020-01-14T14:00:00,56.43562101281208
2020-01-14T15:00:00,64.08862802256708
2020-01-14T16:00:00,70.8254915320355
2020-01-14T17:00:00,75.48145227846892
2020-01-14T18:00:00,77.02105712890625
2020-01-14T19:00:00,75.74042477815046
2020-01-14T20:00:00,73.23383779111114
2020-01-14T21:00:00,70.23983681720235
2020-01-14T22:00:00,67.78276078597358
2020-01-14T23:00:00,65.79286110919455
2020-01-15T00:00:00,64.12850836048955
2020-01-15T01:00:00,61.31207092948582
2020-01-15T02:00:00,39.81614693351413
2020-01-15T03:00:00,30.76093267357867
2020-01-15T04:00:00,28.722156275873598
2020-01-15T05:00:00,27.573895330014434
2020-01-15T06:00:00,26.947589044985563
2020-01-15T07:00:00,26.606783410777215
2020-01-15T08:00:00,26.635997689288594
2020-01-15T09:00:00,27.228741853133485
2020-01-15T10:00:00,28.524757634038508
2020-01-15T11:00:00,32.34441334268321
2020-01-15T12:00:00,41.481627091117524
2020-01-15T13:00:00,52.53270804363748
2020-01-15T14:00:00,63.21879146410071
2020-01-15T15:00:00,73.11346800430961
2020-01-15T16:00:00,80.30018847921619
2020-01-15T17:00:00,83.47886757228686
2020-01-15T18:00:00,82.52247055717136
2020-01-15T19:00:00,78.35664865244989
2020-01-15T20:00:00,72.7572606957477
2020-01-15T21:00:00,67.13567766935928
2020-01-15T22:00:00,62.303372756294586
2020-01-15T23:00:00,58.707370592200235
2020-01-16T00:00:00,56.14598365451978
2020-01-16T01:00:00,54.410009798796274
2020-01-16T02:00:00,35.909394886182696
2020-01-16T03:00:00,19.393380206564196
2020-01-16T04:00:00,15.440839974776557
2020-01-16T05:00:00,13.987934029620625
2020-01-16T06:00:00,13.413018102231232
2020-01-16T07:00:00,13.086494818977686
2020-01-16T08:00:00,13.001093574192211
2020-01-16T09:00:00,13.132977692977242
2020-01-16T10:00:00,13.946085266444994
2020-01-16T11:00:00,15.936195829640262
2020-01-16T12:00:00,22.666632030321203
2020-01-16T13:00:00,35.295685975447945
2020-01-16T14:00:00,53.35342025756835
2020-01-16T15:00:00,75.31945900295091
2020-01-16T16:00:00,92.20448435907777
2020-01-16T17:00:00,106.71907441512397
2020-01-16T18:00:00,117.95150524636972
2020-01-16T19:00:00,124.96850453252375
2020-01-16T20:00:00,129.16993547522503
2020-01-16T21:00:00,127.5005128279976
2020-01-16T22:00:00,117.29152911642322
2020-01-16T23:00:00,102.5458010797915
2020-01-17T00:00:00,85.44500433880349
2020-01-17T01:00:00,70.44935889866039
2020-01-17T02:00:00,35.69892277924911
2020-01-17T03:00:00,20.499514330988344
2020-01-17T04:00:00,14.926631388456926
2020-01-17T05:00:00,12.080572999042014
2020-01-17T06:00:00,10.361559930055035
2020-01-17T07:00:00,9.463948166888693
2020-01-17T08:00:00,10.107000599736752
2020-01-17T09:00:00,11.00773641337519
2020-01-17T10:00:00,12.37500829282014
2020-01-17T11:00:00,15.662393321161684
2020-01-17T12:00:00,22.596669072690215
2020-01-17T13:00:00,27.89652882451596
2020-01-17T14:00:00,31.937336133873977
2020-01-17T15:00:00,34.57047711247983
2020-01-17T16:00:00,35.49219081712805
2020-01-17T17:00:00,29.68802742336107
2020-01-17T18:00:00,28.31484819495159
2020-01-17T19:00:00,26.021160664765727
2020-01-17T20:00:00,23.364361141038977
2020-01-17T21:00:00,21.49466307266898
2020-01-17T22:00:00,20.511049519414485
2020-01-17T23:00:00,20.161214994347613
2020-01-18T00:00:00,20.017011849776555
2020-01-18T01:00:00,19.611073328101117
2020-01-18T02:00:00,13.989743232727049
2020-01-18T03:00:00,12.121662388677182
2020-01-18T04:00:00,10.500237133191979
2020-01-18T05:00:00,9.50634840260381
2020-01-18T06:00:00,8.912738758584725
2020-01-18T07:00:00,8.564529107964557
2020-01-18T08:00:00,8.518183998439621
2020-01-18T09:00:00,8.910014193990953
2020-01-18T10:00:00,9.821551696113916
2020-01-18T11:00:00,13.224906009176502
2020-01-18T12:00:00,19.808929443359375
2020-01-18T13:00:00,25.637029813683547
2020-01-18T14:00:00,27.432389217874277
2020-01-18T15:00:00,27.69384666111158
2020-01-18T16:00:00,28.75639210576596
2020-01-18T17:00:00,29.697895796402637
2020-01-18T18:00:00,32.808495645937704
2020-01-18T19:00:00,34.529878201692
2020-01-18T20:00:00,35.99436950683593
2020-01-18T21:00:00,37.938854880954906
2020-01-18T22:00:00,39.66211236041524
2020-01-18T23:00:00,41.47579773612644
2020-01-19T00:00:00,43.55636463994565
2020-01-19T01:00:00,44.785014442775555
2020-01-19T02:00:00,28.31353029997452
2020-01-19T03:00:00,18.488408876501992
2020-01-19T04:00:00,13.951159891874893
2020-01-19T05:00:00,11.496700660042139
2020-01-19T06:00:00,10.375084089196246
2020-01-19T07:00:00,9.61449847014054
2020-01-19T08:00:00,9.30537526503853
2020-01-19T09:00:00,10.381386964217475
2020-01-19T10:00:00,13.420726859051246
2020-01-19T11:00:00,19.334378118100375
2020-01-19T12:00:00,31.227879068125844
2020-01-19T13:00:00,38.98004631374193
2020-01-19T14:00:00,45.09977539725925
2020-01-19T15:00:00,48.27482870350713
2020-01-19T16:00:00,47.89970928689707
2020-01-19T17:00:00,45.2780993917714
2020-01-19T18:00:00,44.1664868230405
2020-01-19T19:00:00,45.41966081702191
2020-01-19T20:00:00,45.637177177097485
2020-01-19T21:00:00,45.34841587232506
2020-01-19T22:00:00,46.00218316783075
2020-01-19T23:00:00,46.91275322955587
2020-01-20T00:00:00,48.026203487230376
2020-01-20T01:00:00,47.256605231243626
2020-01-20T02:00:00,29.82747708196225
2020-01-20T03:00:00,19.419860259346336
2020-01-20T04:00:00,14.91464063395624
2020-01-20T05:00:00,12.555661989294963
2020-01-20T06:00:00,11.263820316480553
2020-01-20T07:00:00,10.51869778011156
2020-01-20T08:00:00,10.240152649257492
2020-01-20T09:00:00,10.838517354882281
2020-01-20T10:00:00,12.166653798974078
2020-01-20T11:00:00,15.52989466293998
2020-01-20T12:00:00,20.998512350994606
2020-01-20T13:00:00,22.121436492256496
2020-01-20T14:00:00,26.921637659487516
2020-01-20T15:00:00,35.0226357501486
2020-01-20T16:00:00,43.80951441889223
2020-01-20T17:00:00,53.75540310403574
2020-01-20T18:00:00,60.78737855994182
2020-01-20T19:00:00,64.08973163107167
2020-01-20T20:00:00,65.69342571756114
2020-01-20T21:00:00,66.12124766474184
2020-01-20T22:00:00,65.82789147418478
2020-01-20T23:00:00,65.45128167193869
2020-01-21T00:00:00,65.6674280581267
2020-01-21T01:00:00,63.75949677177097
2020-01-21T02:00:00,37.02647847714631
2020-01-21T03:00:00,24.077741539996598
2020-01-21T04:00:00,18.15674549600352
2020-01-21T05:00:00,15.59464301233706
2020-01-21T06:00:00,14.388559880463971
2020-01-21T07:00:00,13.312527573626973
2020-01-21T08:00:00,12.7910796455715
2020-01-21T09:00:00,13.016421276590098
2020-01-21T10:00:00,14.035303157308826
2020-01-21T11:00:00,17.078531845756196
2020-01-21T12:00:00,22.448410531748895
2020-01-21T13:00:00,27.56209273960279
2020-01-21T14:00:00,35.41168577774711
2020-01-21T15:00:00,43.62607110064962
2020-01-21T16:00:00,52.57767436815344
2020-01-21T17:00:00,62.60994355574897
2020-01-21T18:00:00,71.26691138226053
2020-01-21T19:00:00,75.58871061905569
2020-01-21T20:00:00,77.68295851997705
2020-01-21T21:00:00,80.40809133778447
2020-01-21T22:00:00,83.90473440419072
2020-01-21T23:00:00,86.12677731721296
2020-01-22T00:00:00,86.56213478420091
2020-01-22T01:00:00,84.67444179369055
2020-01-22T02:00:00,60.3471507196841
2020-01-22T03:00:00,35.598441414211095
2020-01-22T04:00:00,24.54597232652747
2020-01-22T05:00:00,18.170583890831985
2020-01-22T06:00:00,16.60692998637324
2020-01-22T07:00:00,15.700428216353703
2020-01-22T08:00:00,15.570347495701
2020-01-22T09:00:00,17.604507529217262
2020-01-22T10:00:00,21.96867163284965
2020-01-22T11:00:00,29.525507968405016
2020-01-22T12:00:00,37.29364594169285
2020-01-22T13:00:00,39.64752860691236
2020-01-22T14:00:00,40.645211758820906
2020-01-22T15:00:00,42.4240145475968
2020-01-22T16:00:00,41.74928134420644
2020-01-22T17:00:00,42.29942653490149
2020-01-22T18:00:00,44.66970261283543
2020-01-22T19:00:00,46.1495479086171
2020-01-22T20:00:00,46.27972329181173
2020-01-22T21:00:00,45.49096265046492
2020-01-22T22:00:00,42.87652703990106
2020-01-22T23:00:00,40.38861598139224
2020-01-23T00:00:00,39.645694898522414
2020-01-23T01:00:00,39.41988439145295
2020-01-23T02:00:00,31.224007150401242
2020-01-23T03:00:00,21.54425878110139
2020-01-23T04:00:00,18.488996671593704
2020-01-23T05:00:00,17.546901122383446
2020-01-23T06:00:00,16.755271745764688
2020-01-23T07:00:00,16.316855015962016
2020-01-23T08:00:00,16.574663742728852
2020-01-23T09:00:00,17.078393936157227
2020-01-23T10:00:00,18.324553697005562
2020-01-23T11:00:00,22.51151640518852
2020-01-23T12:00:00,30.753566410230547
2020-01-23T13:00:00,37.56099020916482
2020-01-23T14:00:00,42.519901275634766
2020-01-23T15:00:00,45.98678141054899
2020-01-23T16:00:00,47.88382953146229
2020-01-23T17:00:00,49.34600730564283
2020-01-23T18:00:00,50.380417865255595
2020-01-23T19:00:00,51.12685361115828
2020-01-23T20:00:00,52.18030116869055
2020-01-23T21:00:00,53.774112867272414
2020-01-23T22:00:00,55.55226466966712
2020-01-23T23:00:00,54.64311865101689
2020-01-24T00:00:00,51.701421157173485
2020-01-24T01:00:00,47.63186894292416
2020-01-24T02:00:00,37.05428281037704
2020-01-24T03:00:00,25.17393518530804
2020-01-24T04:00:00,20.83442090905231
2020-01-24T05:00:00,18.78438443722932
2020-01-24T06:00:00,17.804217462954313
2020-01-24T07:00:00,17.571521924889602
2020-01-24T08:00:00,17.364437517912492
2020-01-24T09:00:00,17.547249172044832
2020-01-24T10:00:00,18.235440959101137
2020-01-24T11:00:00,21.99278126592221
2020-01-24T12:00:00,29.504321637360942
2020-01-24T13:00:00,34.62545411483101
2020-01-24T14:00:00,35.809607298477836
2020-01-24T15:00:00,33.451613301816195
2020-01-24T16:00:00,37.46708612856657
2020-01-24T17:00:00,43.44896979953931
2020-01-24T18:00:00,49.576881740404204
2020-01-24T19:00:00,52.140849237856656
2020-01-24T20:00:00,51.378306347390875
2020-01-24T21:00:00,50.70474425606105
2020-01-24T22:00:00,50.86626815795898
2020-01-24T23:00:00,52.351056140402086
2020-01-25T00:00:00,54.47316327302352
2020-01-25T01:00:00,55.44878569893215
2020-01-25T02:00:00,35.676924664041266
2020-01-25T03:00:00,25.17395533686099
2020-01-25T04:00:00,21.29817904596743
2020-01-25T05:00:00,19.138072304103684
2020-01-25T06:00:00,17.74184243575386
2020-01-25T07:00:00,17.09443316252335
2020-01-25T08:00:00,16.48426752505095
2020-01-25T09:00:00,16.10494348277216
2020-01-25T10:00:00,16.537105435910426
2020-01-25T11:00:00,19.951558403346848
2020-01-25T12:00:00,26.514539718627926
2020-01-25T13:00:00,32.689411743827485
2020-01-25T14:00:00,38.54792155390199
2020-01-25T15:00:00,44.93347449924634
2020-01-25T16:00:00,49.90880435446034
2020-01-25T17:00:00,54.02577806555706
2020-01-25T18:00:00,57.708350637684696
2020-01-25T19:00:00,59.39705226732336
2020-01-25T20:00:00,61.3247012262759
2020-01-25T21:00:00,63.5346858812415
2020-01-25T22:00:00,64.7690665203592
2020-01-25T23:00:00,65.46024521537448
2020-01-26T00:00:00,67.68406312362006
2020-01-26T01:00:00,65.4789048899775
2020-01-26T02:00:00,36.568633038064704
2020-01-26T03:00:00,23.154844366985817
2020-01-26T04:00:00,19.36264660047448
2020-01-26T05:00:00,17.49069014839504
2020-01-26T06:00:00,16.273204927859098
2020-01-26T07:00:00,15.57724276832912
2020-01-26T08:00:00,15.191499129585596
2020-01-26T09:00:00,15.221503755320672
2020-01-26T10:00:00,15.877232219861902
2020-01-26T11:00:00,18.138914191204567
2020-01-26T12:00:00,23.22089236715565
2020-01-26T13:00:00,30.97769845050314
2020-01-26T14:00:00,39.46236933832583
2020-01-26T15:00:00,47.042249430780814
2020-01-26T16:00:00,53.966452391251266
2020-01-26T17:00:00,59.59823376199474
2020-01-26T18:00:00,63.41878890991211
2020-01-26T19:00:00,65.36769435716712
2020-01-26T20:00:00,65.91657058052394
2020-01-26T21:00:00,65.49364305579142
2020-01-26T22:00:00,64.36877408234969
2020-01-26T23:00:00,63.07330322265624
2020-01-27T00:00:00,61.62155035267704
2020-01-27T01:00:00,59.506231888480805
2020-01-27T02:00:00,39.61931842306385
2020-01-27T03:00:00,27.314795784328293
2020-01-27T04:00:00,26.37430381774902
2020-01-27T05:00:00,25.74447490857995
2020-01-27T06:00:00,24.829806286355723
2020-01-27T07:00:00,24.241261689559273
2020-01-27T08:00:00,24.19555431863536
2020-01-27T09:00:00,24.62086014125658
2020-01-27T10:00:00,25.893854555876356
2020-01-27T11:00:00,29.496768868487813
2020-01-27T12:00:00,38.95458984374999
2020-01-27T13:00:00,53.285082609757126
2020-01-27T14:00:00,68.31901251751442
2020-01-27T15:00:00,83.10589002526324
2020-01-27T16:00:00,95.73844810154125
2020-01-27T17:00:00,104.92132103961447
2020-01-27T18:00:00,110.16922361954398
2020-01-27T19:00:00,110.2963004734205
2020-01-27T20:00:00,106.07305974545685
2020-01-27T21:00:00,99.27741473654041
2020-01-27T22:00:00,90.80702375329058
2020-01-27T23:00:00,82.26571224046789
2020-01-28T00:00:00,74.35422432940938
2020-01-28T01:00:00,66.51586831134297
2020-01-28T02:00:00,41.89605049465013
2020-01-28T03:00:00,28.92612681181534
2020-01-28T04:00:00,24.35103134486986
2020-01-28T05:00:00,21.89988791424295
2020-01-28T06:00:00,20.47419970968495
2020-01-28T07:00:00,20.028468090554938
2020-01-28T08:00:00,20.15023190042247
2020-01-28T09:00:00,20.729070165882938
2020-01-28T10:00:00,21.963058969248895
2020-01-28T11:00:00,25.22325980144998
2020-01-28T12:00:00,33.65046691894531
2020-01-28T13:00:00,44.969180563221805
2020-01-28T14:00:00,57.349622975225024
2020-01-28T15:00:00,70.2429428100586
2020-01-28T16:00:00,81.53131650841753
2020-01-28T17:00:00,88.93632225368333
2020-01-28T18:00:00,91.2460187829059
2020-01-28T19:00:00,88.33866733053455
2020-01-28T20:00:00,82.27352623317552
2020-01-28T21:00:00,76.3641941236413
2020-01-28T22:00:00,71.4363721764606
2020-01-28T23:00:00,67.72045118912406
2020-01-29T00:00:00,65.9388669884723
2020-01-29T01:00:00,65.24811421269956
2020-01-29T02:00:00,48.60728288733441
2020-01-29T03:00:00,31.133029191390325
2020-01-29T04:00:00,27.5448814060377
2020-01-29T05:00:00,25.62586394600246
2020-01-29T06:00:00,24.240439456442125
2020-01-29T07:00:00,22.88377579398777
2020-01-29T08:00:00,22.011048773060672
2020-01-29T09:00:00,21.67906868976095
2020-01-29T10:00:00,22.343978964764137
2020-01-29T11:00:00,25.24649951768958
2020-01-29T12:00:00,33.30005844779636
2020-01-29T13:00:00,42.66841258173403
2020-01-29T14:00:00,51.8253931791886
2020-01-29T15:00:00,60.094132630721376
2020-01-29T16:00:00,66.15719587906547
2020-01-29T17:00:00,71.95885318258533
2020-01-29T18:00:00,74.90496975442636
2020-01-29T19:00:00,73.95899117511252
2020-01-29T20:00:00,72.62763811194378
2020-01-29T21:00:00,71.96577718983525
2020-01-29T22:00:00,72.09274026621942
2020-01-29T23:00:00,73.25858373227327
2020-01-30T00:00:00,74.1528788027556
2020-01-30T01:00:00,73.8348919412364
2020-01-30T02:00:00,53.33240840746008
2020-01-30T03:00:00,33.36241937720257
2020-01-30T04:00:00,26.982638483462125
2020-01-30T05:00:00,24.416174681290336
2020-01-30T06:00:00,22.964359781016473
2020-01-30T07:00:00,21.843768244204313
2020-01-30T08:00:00,20.90230833965799
2020-01-30T09:00:00,20.349284047665805
2020-01-30T10:00:00,20.517332657523774
2020-01-30T11:00:00,22.5881579855214
2020-01-30T12:00:00,29.594694303429645
2020-01-30T13:00:00,38.91582140715225
2020-01-30T14:00:00,48.374460469121516
2020-01-30T15:00:00,57.31904701564622
2020-01-30T16:00:00,64.77920847353728
2020-01-30T17:00:00,71.97058636209238
2020-01-30T18:00:00,77.82591977326766
2020-01-30T19:00:00,77.28527964716372
2020-01-30T20:00:00,73.9680009924847
2020-01-30T21:00:00,70.60301556794539
2020-01-30T22:00:00,66.71265096249788
2020-01-30T23:00:00,62.59387621672256
2020-01-31T00:00:00,58.71868398915166
2020-01-31T01:00:00,55.51490004166312
2020-01-31T02:00:00,36.46068639340608
2020-01-31T03:00:00,20.6054338372272
2020-01-31T04:00:00,16.987432272537895
2020-01-31T05:00:00,15.756004084711488
2020-01-31T06:00:00,14.884811816008192
2020-01-31T07:00:00,14.155612157738725
2020-01-31T08:00:00,13.738419740096381
2020-01-31T09:00:00,14.074438053628672
2020-01-31T10:00:00,15.301984911379606
2020-01-31T11:00:00,17.94237294404403
2020-01-31T12:00:00,22.808002554852024
2020-01-31T13:00:00,28.68594509622325
2020-01-31T14:00:00,34.85125201681386
2020-01-31T15:00:00,40.78346534397291
2020-01-31T16:00:00,46.01413710221
2020-01-31T17:00:00,50.677199653957196
2020-01-31T18:00:00,54.21288813715395
2020-01-31T19:00:00,55.235193169635274
2020-01-31T20:00:00,54.97011848117994
2020-01-31T21:00:00,54.48851460995881
2020-01-31T22:00:00,54.25204816071883
2020-01-31T23:00:00,55.050682731296696
2020-02-01T00:00:00,55.35675231270168
2020-02-01T01:00:00,54.55352119777513
2020-02-01T02:00:00,32.49061808378799
2020-02-01T03:00:00,18.68626014046047
2020-02-01T04:00:00,15.94791627966839
2020-02-01T05:00:00,14.806822901186734
2020-02-01T06:00:00,14.061759119448453
2020-02-01T07:00:00,13.556740138841711
2020-02-01T08:00:00,13.183271117832348
2020-02-01T09:00:00,12.861639769180961
2020-02-01T10:00:00,12.931601482888926
2020-02-01T11:00:00,14.177076547042182
2020-02-01T12:00:00,18.452148852141008
2020-02-01T13:00:00,23.358175692350965
2020-02-01T14:00:00,27.74171887273374
2020-02-01T15:00:00,33.050013251926586
2020-02-01T16:00:00,38.758068913998805
2020-02-01T17:00:00,44.99495746778405
2020-02-01T18:00:00,50.70639519069505
2020-02-01T19:00:00,54.83930703868036
2020-02-01T20:00:00,57.86691201251485
2020-02-01T21:00:00,60.697495667830744
2020-02-01T22:00:00,66.01898790442425
2020-02-01T23:00:00,69.21004950481911
2020-02-02T00:00:00,70.27014989438264
2020-02-02T01:00:00,68.14262954048488
2020-02-02T02:00:00,30.730284566464633
2020-02-02T03:00:00,16.82075836347497
2020-02-02T04:00:00,14.042777019998299
2020-02-02T05:00:00,12.68148032478664
2020-02-02T06:00:00,11.861205557118291
2020-02-02T07:00:00,11.375974655151367
2020-02-02T08:00:00,11.315167883168094
2020-02-02T09:00:00,11.639092860014541
2020-02-02T10:00:00,11.955595223799994
2020-02-02T11:00:00,15.090224141659943
2020-02-02T12:00:00,21.744570110155188
2020-02-02T13:00:00,29.781478135482125
2020-02-02T14:00:00,30.935647881549333
2020-02-02T15:00:00,32.17934956757918
2020-02-02T16:00:00,32.935552679974094
2020-02-02T17:00:00,36.16096778537916
2020-02-02T18:00:00,38.707794189453125
2020-02-02T19:00:00,40.14220809936523
2020-02-02T20:00:00,41.244370336117946
2020-02-02T21:00:00,42.468494746996
2020-02-02T22:00:00,43.66185428785241
2020-02-02T23:00:00,44.86566759192424
2020-02-03T00:00:00,46.245850604513414
2020-02-03T01:00:00,45.86459433514138
2020-02-03T02:00:00,25.003014688906458
2020-02-03T03:00:00,17.245521794194758
2020-02-03T04:00:00,14.279622948688008
2020-02-03T05:00:00,12.824843572533647
2020-02-03T06:00:00,12.102072135261867
2020-02-03T07:00:00,11.93389142077902
2020-02-03T08:00:00,12.088893683060355
2020-02-03T09:00:00,12.535425103229024
2020-02-03T10:00:00,13.38702865268873
2020-02-03T11:00:00,15.980178418366803
2020-02-03T12:00:00,22.700266133184016
2020-02-03T13:00:00,29.6790539285411
2020-02-03T14:00:00,34.238662222157345
2020-02-03T15:00:00,35.02402852929156
2020-02-03T16:00:00,35.521846273671024
2020-02-03T17:00:00,38.34586301057235
2020-02-03T18:00:00,41.47038866126019
2020-02-03T19:00:00,45.04722843999448
2020-02-03T20:00:00,49.96678509919539
2020-02-03T21:00:00,55.781987065854274
2020-02-03T22:00:00,64.44856262207031
2020-02-03T23:00:00,69.48343592104703
2020-02-04T00:00:00,72.56677080237347
2020-02-04T01:00:00,71.27543640136719
2020-02-04T02:00:00,36.06348734316618
2020-02-04T03:00:00,22.739375736402426
2020-02-04T04:00:00,17.828838016675867
2020-02-04T05:00:00,15.487042592919389
2020-02-04T06:00:00,14.142295588617737
2020-02-04T07:00:00,13.37084102630615
2020-02-04T08:00:00,13.14401170481806
2020-02-04T09:00:00,13.46565068286398
2020-02-04T10:00:00,15.558695627295451
2020-02-04T11:00:00,21.47325167448624
2020-02-04T12:00:00,31.399400959844172
2020-02-04T13:00:00,40.96966950789741
2020-02-04T14:00:00,47.73197588713273
2020-02-04T15:00:00,53.180618783702016
2020-02-04T16:00:00,58.38853288733441
2020-02-04T17:00:00,66.40284729003906
2020-02-04T18:00:00,75.95102293595022
2020-02-04T19:00:00,79.80022994331691
2020-02-04T20:00:00,79.019101018491
2020-02-04T21:00:00,77.78793036419411
2020-02-04T22:00:00,76.30770840852156
2020-02-04T23:00:00,74.94250222911005
2020-02-05T00:00:00,76.69193765391474
2020-02-05T01:00:00,73.29754837699556
2020-02-05T02:00:00,37.47741367505944
2020-02-05T03:00:00,24.204287321671192
2020-02-05T04:00:00,18.862708713697348
2020-02-05T05:00:00,15.816644336866295
2020-02-05T06:00:00,14.75603675842285
2020-02-05T07:00:00,14.849397742229959
2020-02-05T08:00:00,15.547460597494373
2020-02-05T09:00:00,16.902029535044793
2020-02-05T10:00:00,19.141255420187246
2020-02-05T11:00:00,23.719431089318313
2020-02-05T12:00:00,33.43596931125806
2020-02-05T13:00:00,40.13585646256156
2020-02-05T14:00:00,41.18219840008279
2020-02-05T15:00:00,43.87502786387568
2020-02-05T16:00:00,48.635773866072945
2020-02-05T17:00:00,53.534060436746344
2020-02-05T18:00:00,57.26999034052309
2020-02-05T19:00:00,58.45372772216796
2020-02-05T20:00:00,59.96406953231147
2020-02-05T21:00:00,62.13040890900984
2020-02-05T22:00:00,64.41762924194335
2020-02-05T23:00:00,66.72124331930408
2020-02-06T00:00:00,69.28786236306895
2020-02-06T01:00:00,69.398427216903
2020-02-06T02:00:00,40.262224612028696
2020-02-06T03:00:00,25.77099559618079
2020-02-06T04:00:00,21.67408569999363
2020-02-06T05:00:00,20.208429751188856
2020-02-06T06:00:00,19.210999447366465
2020-02-06T07:00:00,18.33139369798743
2020-02-06T08:00:00,17.937661461208176
2020-02-06T09:00:00,17.74680527396824
2020-02-06T10:00:00,18.119997024536133
2020-02-06T11:00:00,20.711926667586614
2020-02-06T12:00:00,28.265841774318524
2020-02-06T13:00:00,36.65173754484757
2020-02-06T14:00:00,43.37674580449642
2020-02-06T15:00:00,49.683455094047204
2020-02-06T16:00:00,50.62838247547978
2020-02-06T17:00:00,54.43410359258236
2020-02-06T18:00:00,52.41014165463655
2020-02-06T19:00:00,46.02192969944166
2020-02-06T20:00:00,43.577461242675774
2020-02-06T21:00:00,41.0860776486604
2020-02-06T22:00:00,39.8923518968665
2020-02-06T23:00:00,40.30119672028914
2020-02-07T00:00:00,41.48345897508703
2020-02-07T01:00:00,40.950833859650984
2020-02-07T02:00:00,30.806708294412363
2020-02-07T03:00:00,25.17942718837572
2020-02-07T04:00:00,22.332625347635016
2020-02-07T05:00:00,20.81829800813094
2020-02-07T06:00:00,20.07938783065132
2020-02-07T07:00:00,19.774552801380985
2020-02-07T08:00:00,19.98286628723144
2020-02-07T09:00:00,20.640135308970578
2020-02-07T10:00:00,21.42208041315493
2020-02-07T11:00:00,24.31009118453316
2020-02-07T12:00:00,33.39138959801715
2020-02-07T13:00:00,44.11599847544794
2020-02-07T14:00:00,53.57184501316236
2020-02-07T15:00:00,62.85084152221679
2020-02-07T16:00:00,71.54249672267747
2020-02-07T17:00:00,78.7733157614003
2020-02-07T18:00:00,82.81566984757133
2020-02-07T19:00:00,83.05583025061564
2020-02-07T20:00:00,81.26536294688349
2020-02-07T21:00:00,77.57527027959408
2020-02-07T22:00:00,74.96541728144106
2020-02-07T23:00:00,73.6474659131921
2020-02-08T00:00:00,72.72507874862006
2020-02-08T01:00:00,70.74832352347995
2020-02-08T02:00:00,53.71513117914614
2020-02-08T03:00:00,31.55859109629755
2020-02-08T04:00:00,27.06881067027216
2020-02-08T05:00:00,25.72854547915251
2020-02-08T06:00:00,24.88169852547023
2020-02-08T07:00:00,24.18797343710194
2020-02-08T08:00:00,24.152024973993715
2020-02-08T09:00:00,24.666085118832793
2020-02-08T10:00:00,25.96035003662109
2020-02-08T11:00:00,29.201957039211102
2020-02-08T12:00:00,37.903445202371344
2020-02-08T13:00:00,48.52795957482378
2020-02-08T14:00:00,57.95083883534306
2020-02-08T15:00:00,66.66992519212805
2020-02-08T16:00:00,73.43680439824644
2020-02-08T17:00:00,77.33191846764605
2020-02-08T18:00:00,77.667992633322
2020-02-08T19:00:00,75.330578347911
2020-02-08T20:00:00,73.7975603186566
2020-02-08T21:00:00,73.20932438062583
2020-02-08T22:00:00,72.11971017588739
2020-02-08T23:00:00,69.76573711892833
2020-02-09T00:00:00,67.64551925659178
2020-02-09T01:00:00,63.840244790782094
2020-02-09T02:00:00,39.66834607331649
2020-02-09T03:00:00,25.313374477884043
2020-02-09T04:00:00,20.733605758003563
2020-02-09T05:00:00,20.06474917867909
2020-02-09T06:00:00,20.073943428371262
2020-02-09T07:00:00,19.783320468405016
2020-02-09T08:00:00,19.437824332195778
2020-02-09T09:00:00,19.357909326967984
2020-02-09T10:00:00,19.646342401919156
2020-02-09T11:00:00,20.896065090013582
2020-02-09T12:00:00,24.722726241402004
2020-02-09T13:00:00,29.51565833713697
2020-02-09T14:00:00,34.33962680982506
2020-02-09T15:00:00,37.90110049040421
2020-02-09T16:00:00,39.714242520539656
2020-02-09T17:00:00,39.999646062436305
2020-02-09T18:00:00,38.98794240536897
2020-02-09T19:00:00,37.18730644557787
2020-02-09T20:00:00,35.86325786424719
2020-02-09T21:00:00,34.951698303222656
2020-02-09T22:00:00,34.15857348234757
2020-02-09T23:00:00,33.474384639574126
2020-02-10T00:00:00,33.23463174571162
2020-02-10T01:00:00,33.27731348120648
2020-02-10T02:00:00,20.682367324829098
2020-02-10T03:00:00,14.52767052857772
2020-02-10T04:00:00,13.49126567011294
2020-02-10T05:00:00,13.222352152285367
2020-02-10T06:00:00,12.90031744086224
2020-02-10T07:00:00,12.411558234173317
2020-02-10T08:00:00,11.990776227868121
2020-02-10T09:00:00,11.820542045261547
2020-02-10T10:00:00,12.096434966377588
2020-02-10T11:00:00,13.568050301593281
2020-02-10T12:00:00,17.942882537841793
2020-02-10T13:00:00,22.07902070750361
2020-02-10T14:00:00,23.987267121024754
2020-02-10T15:00:00,25.489445230235223
2020-02-10T16:00:00,27.863542225049887
2020-02-10T17:00:00,30.86762046813965
2020-02-10T18:00:00,33.3446922302246
2020-02-10T19:00:00,34.697891898777165
2020-02-10T20:00:00,36.350810838782266
2020-02-10T21:00:00,39.34570030544114
2020-02-10T22:00:00,42.61695812059485
2020-02-10T23:00:00,46.27013762100883
2020-02-11T00:00:00,48.394025056258485
2020-02-11T01:00:00,46.76191960210385
2020-02-11T02:00:00,32.52566345878269
2020-02-11T03:00:00,24.21473718726116
2020-02-11T04:00:00,19.033476041710895
2020-02-11T05:00:00,15.810733712237813
2020-02-11T06:00:00,14.75936110123344
2020-02-11T07:00:00,14.529855354972504
2020-02-11T08:00:00,14.756561445153277
2020-02-11T09:00:00,14.914338360662045
2020-02-11T10:00:00,15.289908450582752
2020-02-11T11:00:00,18.5028193100639
2020-02-11T12:00:00,25.373193160347313
2020-02-11T13:00:00,32.71601486206055
2020-02-11T14:00:00,41.777505957561985
2020-02-11T15:00:00,54.01443647301714
2020-02-11T16:00:00,63.10337663733441
2020-02-11T17:00:00,69.80754089355469
2020-02-11T18:00:00,73.40619360882302
2020-02-11T19:00:00,71.42716979980467
2020-02-11T20:00:00,67.57762709907863
2020-02-11T21:00:00,66.30569458007812
2020-02-11T22:00:00,66.49476756220278
2020-02-11T23:00:00,65.66060339886208
2020-02-12T00:00:00,64.09955928636633
2020-02-12T01:00:00,61.56763226052989
2020-02-12T02:00:00,44.856105472730555
2020-02-12T03:00:00,28.711574637371555
2020-02-12T04:00:00,22.33073450171429
2020-02-12T05:00:00,19.705796449080754
2020-02-12T06:00:00,18.119549792745836
2020-02-12T07:00:00,17.695915056311563
2020-02-12T08:00:00,18.041442124739937
2020-02-12T09:00:00,18.985856346462082
2020-02-12T10:00:00,21.08588649915612
2020-02-12T11:00:00,27.03948875095533
2020-02-12T12:00:00,36.95986606763756
2020-02-12T13:00:00,45.309853263523266
2020-02-12T14:00:00,51.46576889701511
2020-02-12T15:00:00,56.13496150141176
2020-02-12T16:00:00,58.37287521362305
2020-02-12T17:00:00,59.454440407131024
2020-02-12T18:00:00,59.8606137814729
2020-02-12T19:00:00,58.40972552092179
2020-02-12T20:00:00,55.293856911037274
2020-02-12T21:00:00,51.75753535395082
2020-02-12T22:00:00,48.66492810456649
2020-02-12T23:00:00,47.584672844928235
2020-02-13T00:00:00,48.41805317090904
2020-02-13T01:00:00,48.9578681614088
2020-02-13T02:00:00,34.62230168218198
2020-02-13T03:00:00,23.835182438726008
2020-02-13T04:00:00,18.785807153452996
2020-02-13T05:00:00,16.226844124172043
2020-02-13T06:00:00,15.750163658805514
2020-02-13T07:00:00,15.230287178702975
2020-02-13T08:00:00,14.69039145759914
2020-02-13T09:00:00,14.526573347008746
2020-02-13T10:00:00,15.38406123285708
2020-02-13T11:00:00,19.163789417432703
2020-02-13T12:00:00,27.00640960361646
2020-02-13T13:00:00,34.20375492261803
2020-02-13T14:00:00,39.60062574303669
2020-02-13T15:00:00,46.11916683031164
2020-02-13T16:00:00,53.119835563327946
2020-02-13T17:00:00,57.747537695843235
2020-02-13T18:00:00,62.250805730405055
2020-02-13T19:00:00,66.7230582859205
2020-02-13T20:00:00,70.91752292798913
2020-02-13T21:00:00,73.92620285697605
2020-02-13T22:00:00,74.6865002176036
2020-02-13T23:00:00,73.97797194771144
2020-02-14T00:00:00,71.41454016644022
2020-02-14T01:00:00,64.7287481556768
2020-02-14T02:00:00,32.73168713113536
2020-02-14T03:00:00,21.720802307128906
2020-02-14T04:00:00,17.198068038277
2020-02-14T05:00:00,14.580947751584258
2020-02-14T06:00:00,12.852445353632387
2020-02-14T07:00:00,11.874429412510082
2020-02-14T08:00:00,11.955191321994945
2020-02-14T09:00:00,13.385796381079631
2020-02-14T10:00:00,15.55491886968198
2020-02-14T11:00:00,19.424727149631664
2020-02-14T12:00:00,27.796284053636633
2020-02-14T13:00:00,35.70180478303329
2020-02-14T14:00:00,43.127144357432485
2020-02-14T15:00:00,53.93788694298785
2020-02-14T16:00:00,64.17602903946586
2020-02-14T17:00:00,74.27534418520719
2020-02-14T18:00:00,81.46517280910325
2020-02-14T19:00:00,84.88350113578463
2020-02-14T20:00:00,86.45299364172894
2020-02-14T21:00:00,89.4130806300951
2020-02-14T22:00:00,85.88904206649116
2020-02-14T23:00:00,89.47555840533711
2020-02-15T00:00:00,92.86234349789825
2020-02-15T01:00:00,81.79793515412703
2020-02-15T02:00:00,40.41919177511463
2020-02-15T03:00:00,25.309817272683844
2020-02-15T04:00:00,19.062726974487305
2020-02-15T05:00:00,17.305971891983692
2020-02-15T06:00:00,16.629249655682106
2020-02-15T07:00:00,16.277925325476602
2020-02-15T08:00:00,16.005199473837145
2020-02-15T09:00:00,15.916242101918092
2020-02-15T10:00:00,16.86668711123259
2020-02-15T11:00:00,19.662446478138797
2020-02-15T12:00:00,26.079131748365317
2020-02-15T13:00:00,34.18602155602496
2020-02-15T14:00:00,41.81397927325705
2020-02-15T15:00:00,43.58443782640539
2020-02-15T16:00:00,47.458601080853
2020-02-15T17:00:00,52.02862001501995
2020-02-15T18:00:00,49.09383110378099
2020-02-15T19:00:00,47.20567272020423
2020-02-15T20:00:00,44.626193170962125
2020-02-15T21:00:00,42.42113378773565
2020-02-15T22:00:00,44.23202398548955
2020-02-15T23:00:00,47.91304264897885
2020-02-16T00:00:00,51.7225988636846
2020-02-16T01:00:00,51.548891813858695
2020-02-16T02:00:00,33.900953541631274
2020-02-16T03:00:00,21.577478325885274
2020-02-16T04:00:00,16.368669426959496
2020-02-16T05:00:00,14.556822735330332
2020-02-16T06:00:00,13.700970608255135
2020-02-16T07:00:00,13.084374800972315
2020-02-16T08:00:00,12.545303717903467
2020-02-16T09:00:00,12.31649477585502
2020-02-16T10:00:00,12.415120954098906
2020-02-16T11:00:00,14.408887158269467
2020-02-16T12:00:00,20.19535081282906
2020-02-16T13:00:00,25.99674739008364
2020-02-16T14:00:00,30.67365762461786
2020-02-16T15:00:00,36.461814880371094
2020-02-16T16:00:00,45.37414865908414
2020-02-16T17:00:00,52.807742077371344
2020-02-16T18:00:00,53.46203928408415
2020-02-16T19:00:00,52.872987332551375
2020-02-16T20:00:00,54.181954922883406
2020-02-16T21:00:00,57.951776255731986
2020-02-16T22:00:00,62.711708400560454
2020-02-16T23:00:00,65.34995883444081
2020-02-17T00:00:00,65.15169608074685
2020-02-17T01:00:00,56.049494038457446
2020-02-17T02:00:00,23.88119374150815
2020-02-17T03:00:00,16.420909757199492
2020-02-17T04:00:00,13.508620220681893
2020-02-17T05:00:00,12.09082445891007
2020-02-17T06:00:00,11.329051142153531
2020-02-17T07:00:00,11.052593148272969
2020-02-17T08:00:00,11.33410826973293
2020-02-17T09:00:00,12.101657743039338
2020-02-17T10:00:00,13.08072807477868
2020-02-17T11:00:00,14.685896085656205
2020-02-17T12:00:00,18.60857092815897
2020-02-17T13:00:00,23.793873828390367
2020-02-17T14:00:00,27.62145763894786
2020-02-17T15:00:00,30.82581909843113
2020-02-17T16:00:00,33.74454614390497
2020-02-17T17:00:00,36.61787298451299
2020-02-17T18:00:00,39.92788978244947
2020-02-17T19:00:00,43.0330467224121
2020-02-17T20:00:00,44.429940928583555
2020-02-17T21:00:00,45.14967810589334
2020-02-17T22:00:00,45.30214707747749
2020-02-17T23:00:00,45.16242201431937
2020-02-18T00:00:00,45.487252442733094
2020-02-18T01:00:00,45.014337125031844
2020-02-18T02:00:00,30.0408704177193
2020-02-18T03:00:00,24.837029498556387
2020-02-18T04:00:00,22.378068426380985
2020-02-18T05:00:00,21.3277064613674
2020-02-18T06:00:00,20.663242505944293
2020-02-18T07:00:00,20.481727019600246
2020-02-18T08:00:00,20.502783153368078
2020-02-18T09:00:00,20.89484181611434
2020-02-18T10:00:00,21.91473985754925
2020-02-18T11:00:00,24.217992367951762
2020-02-18T12:00:00,30.750073474386465
2020-02-18T13:00:00,39.29817398734715
2020-02-18T14:00:00,47.02660386458687
2020-02-18T15:00:00,53.70755519037661
2020-02-18T16:00:00,59.055109272832446
2020-02-18T17:00:00,63.50644418467646
2020-02-18T18:00:00,67.99778498773989
2020-02-18T19:00:00,69.99475429369055
2020-02-18T20:00:00,68.95133839482845
2020-02-18T21:00:00,67.3298290086829
2020-02-18T22:00:00,65.88411579961361
2020-02-18T23:00:00,64.38345701798148
2020-02-19T00:00:00,63.52654399042543
2020-02-19T01:00:00,61.24824324898098
2020-02-19T02:00:00,40.2870748768682
2020-02-19T03:00:00,30.110540887583852
2020-02-19T04:00:00,25.981989901998766
2020-02-19T05:00:00,24.10392603666886
2020-02-19T06:00:00,22.875994557919704
2020-02-19T07:00:00,22.222271877786387
2020-02-19T08:00:00,22.047030656234078
2020-02-19T09:00:00,22.119166747383446
2020-02-19T10:00:00,22.517368150793985
2020-02-19T11:00:00,24.184752754543137
2020-02-19T12:00:00,30.36438154137652
2020-02-19T13:00:00,37.0565363013226
2020-02-19T14:00:00,42.648532204006024
2020-02-19T15:00:00,47.22353578650432
2020-02-19T16:00:00,47.77974137015964
2020-02-19T17:00:00,47.630139724068016
2020-02-19T18:00:00,52.84349872754967
2020-02-19T19:00:00,54.2666194749915
2020-02-19T20:00:00,53.81966383560844
2020-02-19T21:00:00,52.82113912831182
2020-02-19T22:00:00,51.543309419051454
2020-02-19T23:00:00,50.89646331123683
2020-02-20T00:00:00,50.33468412316363
2020-02-20T01:00:00,46.009318476137906
2020-02-20T02:00:00,26.877254071442973
2020-02-20T03:00:00,20.560793586399242
2020-02-20T04:00:00,17.47670895120372
2020-02-20T05:00:00,15.926040525021758
2020-02-20T06:00:00,14.808709808017893
2020-02-20T07:00:00,13.880375198695969
2020-02-20T08:00:00,13.16561922819718
2020-02-20T09:00:00,12.761545720307721
2020-02-20T10:00:00,12.947833766107971
2020-02-20T11:00:00,14.876563113668688
2020-02-20T12:00:00,21.854519305021867
2020-02-20T13:00:00,28.17790479245393
2020-02-20T14:00:00,33.7716706317404
2020-02-20T15:00:00,39.37131765614385
2020-02-20T16:00:00,45.6491705853006
2020-02-20T17:00:00,51.55382305642832
2020-02-20T18:00:00,54.72739393814749
2020-02-20T19:00:00,51.23926013448963
2020-02-20T20:00:00,46.32624369082244
2020-02-20T21:00:00,41.50924118705417
2020-02-20T22:00:00,37.52363437155018
2020-02-20T23:00:00,35.97833517323369
2020-02-21T00:00:00,36.24712670367696
2020-02-21T01:00:00,34.96902449234672
2020-02-21T02:00:00,21.576550276383106
2020-02-21T03:00:00,15.407250072645102
2020-02-21T04:00:00,12.882800516874893
2020-02-21T05:00:00,11.57861614227295
2020-02-21T06:00:00,10.828699733899986
2020-02-21T07:00:00,10.200112135513969
2020-02-21T08:00:00,9.562953617261803
2020-02-21T09:00:00,9.423499480537746
2020-02-21T10:00:00,10.823061404020889
2020-02-21T11:00:00,15.846889164136803
2020-02-21T12:00:00,26.311360815297
2020-02-21T13:00:00,36.81646131432574
2020-02-21T14:00:00,43.819280541461445
2020-02-21T15:00:00,47.453311422596805
2020-02-21T16:00:00,51.666842087455414
2020-02-21T17:00:00,53.06851229460342
2020-02-21T18:00:00,48.891429071841024
2020-02-21T19:00:00,43.873265473738954
2020-02-21T20:00:00,40.00771083002505
2020-02-21T21:00:00,40.06298944224481
2020-02-21T22:00:00,39.820199220076844
2020-02-21T23:00:00,38.75983909938646
2020-02-22T00:00:00,36.91604017174762
2020-02-22T01:00:00,34.76961898803711
2020-02-22T02:00:00,30.309532828952957
2020-02-22T03:00:00,21.20667631729789
2020-02-22T04:00:00,17.35203386389691
2020-02-22T05:00:00,15.353430084560227
2020-02-22T06:00:00,13.964450545932932
2020-02-22T07:00:00,12.829893278039018
2020-02-22T08:00:00,12.278012690336807
2020-02-22T09:00:00,12.37055853138799
2020-02-22T10:00:00,13.224939387777576
2020-02-22T11:00:00,16.792234918345574
2020-02-22T12:00:00,24.712845677914824
2020-02-22T13:00:00,31.6661204462466
2020-02-22T14:00:00,35.28730823682702
2020-02-22T15:00:00,36.6811697586723
2020-02-22T16:00:00,37.637004852294915
2020-02-22T17:00:00,39.31354754904042
2020-02-22T18:00:00,39.05836072175399
2020-02-22T19:00:00,37.11921658723251
2020-02-22T20:00:00,36.422210195790164
2020-02-22T21:00:00,37.01970440408457
2020-02-22T22:00:00,39.01758210555366
2020-02-22T23:00:00,40.33039109603218
2020-02-23T00:00:00,41.118818697722055
2020-02-23T01:00:00,41.6093111452849
2020-02-23T02:00:00,31.99997619960619
2020-02-23T03:00:00,21.90852007658585
2020-02-23T04:00:00,17.405261744623598
2020-02-23T05:00:00,15.208987236022947
2020-02-23T06:00:00,13.764593704887057
2020-02-23T07:00:00,12.929834863413936
2020-02-23T08:00:00,13.334232164465861
2020-02-23T09:00:00,14.118259595788043
2020-02-23T10:00:00,14.990032818006432
2020-02-23T11:00:00,18.251175341398817
2020-02-23T12:00:00,25.251085032587465
2020-02-23T13:00:00,30.093959476636805
2020-02-23T14:00:00,33.12931740802267
2020-02-23T15:00:00,36.00680210279381
2020-02-23T16:00:00,38.86376837025517
2020-02-23T17:00:00,42.87169663802437
2020-02-23T18:00:00,46.086717688519016
2020-02-23T19:00:00,46.930510313614555
2020-02-23T20:00:00,44.72691826198411
2020-02-23T21:00:00,42.24812449579653
2020-02-23T22:00:00,42.0716033603834
2020-02-23T23:00:00,43.55380116338315
2020-02-24T00:00:00,44.51410459435504
2020-02-24T01:00:00,44.097208105999485
2020-02-24T02:00:00,32.377908623736836
2020-02-24T03:00:00,24.589104693868883
2020-02-24T04:00:00,20.795714171036426
2020-02-24T05:00:00,17.93610680621603
2020-02-24T06:00:00,15.870958784352176
2020-02-24T07:00:00,14.835911792257555
2020-02-24T08:00:00,14.41165322842805
2020-02-24T09:00:00,14.235352060069207
2020-02-24T10:00:00,14.54428718401038
2020-02-24T11:00:00,17.011105413022246
2020-02-24T12:00:00,25.067946890126102
2020-02-24T13:00:00,34.57719836027726
2020-02-24T14:00:00,34.02891814190408
2020-02-24T15:00:00,33.99043721738069
2020-02-24T16:00:00,35.22217899820079
2020-02-24T17:00:00,35.30063090117081
2020-02-24T18:00:00,34.6269359588623
2020-02-24T19:00:00,33.86844195490298
2020-02-24T20:00:00,32.951707010683805
2020-02-24T21:00:00,31.658118455306337
2020-02-24T22:00:00,31.065049627552852
2020-02-24T23:00:00,30.73024907319442
2020-02-25T00:00:00,30.40452069821565
2020-02-25T01:00:00,29.465479560520336
2020-02-25T02:00:00,20.387321389239766
2020-02-25T03:00:00,14.98921564350957
2020-02-25T04:00:00,11.956107305443803
2020-02-25T05:00:00,9.894581711810567
2020-02-25T06:00:00,9.074573143668797
2020-02-25T07:00:00,8.878936394401217
2020-02-25T08:00:00,9.095655026643172
2020-02-25T09:00:00,9.711559378582498
2020-02-25T10:00:00,10.847958896471106
2020-02-25T11:00:00,13.598992720894191
2020-02-25T12:00:00,21.38495652571968
2020-02-25T13:00:00,27.700398984162703
2020-02-25T14:00:00,30.795592017795727
2020-02-25T15:00:00,35.79961046965226
2020-02-25T16:00:00,35.869690438975454
2020-02-25T17:00:00,33.23109477499256
2020-02-25T18:00:00,33.312084612639055
2020-02-25T19:00:00,32.406186228213095
2020-02-25T20:00:00,31.33079669786536
2020-02-25T21:00:00,30.498473955237344
2020-02-25T22:00:00,29.80129664877186
2020-02-25T23:00:00,29.880793198295258
2020-02-26T00:00:00,30.20537965194038
2020-02-26T01:00:00,28.076583945232883
2020-02-26T02:00:00,19.86233852220618
2020-02-26T03:00:00,17.10008223160453
2020-02-26T04:00:00,15.259644010792606
2020-02-26T05:00:00,14.503310162088143
2020-02-26T06:00:00,14.06959537837816
2020-02-26T07:00:00,13.846260858618693
2020-02-26T08:00:00,13.951852715533711
2020-02-26T09:00:00,14.3457031664641
2020-02-26T10:00:00,14.911589705425756
2020-02-26T11:00:00,16.523502349853512
2020-02-26T12:00:00,22.096712195354957
2020-02-26T13:00:00,29.89991370491359
2020-02-26T14:00:00,37.25226029105808
2020-02-26T15:00:00,43.59624613886294
2020-02-26T16:00:00,46.04109589949897
2020-02-26T17:00:00,50.62324739539105
2020-02-26T18:00:00,58.3914566040039
2020-02-26T19:00:00,62.561674532682986
2020-02-26T20:00:00,65.86660832944123
2020-02-26T21:00:00,68.80037805308464
2020-02-26T22:00:00,59.77494812011717
2020-02-26T23:00:00,50.671590390412696
2020-02-27T00:00:00,46.757735874341876
2020-02-27T01:00:00,42.6154383783755
2020-02-27T02:00:00,24.248797375222907
2020-02-27T03:00:00,17.19478789619777
2020-02-27T04:00:00,15.190145160840906
2020-02-27T05:00:00,14.352233845254649
2020-02-27T06:00:00,14.02448090263035
2020-02-27T07:00:00,14.06528381679369
2020-02-27T08:00:00,14.368067782858143
2020-02-27T09:00:00,14.858510929605234
2020-02-27T10:00:00,15.56518907132356
2020-02-27T11:00:00,16.931875643522844
2020-02-27T12:00:00,20.22419937797215
2020-02-27T13:00:00,23.97592503091563
2020-02-27T14:00:00,27.13898758266283
2020-02-27T15:00:00,30.097386899201762
2020-02-27T16:00:00,33.56708908081054
2020-02-27T17:00:00,37.797819386357844
2020-02-27T18:00:00,41.88622930775518
2020-02-27T19:00:00,45.19453446761421
2020-02-27T20:00:00,49.395292033319876
2020-02-27T21:00:00,54.297975788945735
2020-02-27T22:00:00,59.05579989889393
2020-02-27T23:00:00,64.66659711754839
2020-02-28T00:00:00,65.99758645762569
2020-02-28T01:00:00,59.68457910288935
2020-02-28T02:00:00,35.28976009203039
2020-02-28T03:00:00,27.50493248649265
2020-02-28T04:00:00,24.663449743519656
2020-02-28T05:00:00,22.721570388130516
2020-02-28T06:00:00,21.46420346135678
2020-02-28T07:00:00,20.760317760965094
2020-02-28T08:00:00,20.842971884686012
2020-02-28T09:00:00,21.27034941963527
2020-02-28T10:00:00,21.965342314346977
2020-02-28T11:00:00,23.770032219264813
2020-02-28T12:00:00,29.06133353191873
2020-02-28T13:00:00,35.88445961993673
2020-02-28T14:00:00,42.29625950688901
2020-02-28T15:00:00,48.37143093606699
2020-02-28T16:00:00,54.09912341573963
2020-02-28T17:00:00,59.658577960470446
2020-02-28T18:00:00,64.1041614698327
2020-02-28T19:00:00,66.44660617994225
2020-02-28T20:00:00,69.27646471106488
2020-02-28T21:00:00,71.43322654392406
2020-02-28T22:00:00,72.1506178482719
2020-02-28T23:00:00,75.40693001125169
2020-02-29T00:00:00,77.65745643947434
2020-02-29T01:00:00,70.30462281600288
2020-02-29T02:00:00,36.203383735988446
2020-02-29T03:00:00,26.048550232597016
2020-02-29T04:00:00,22.103430789449938
2020-02-29T05:00:00,20.213132194850754
2020-02-29T06:00:00,19.01871979754904
2020-02-29T07:00:00,18.32026373821756
2020-02-29T08:00:00,17.979142728059188
2020-02-29T09:00:00,18.082989153654676
2020-02-29T10:00:00,18.548008296800692
2020-02-29T11:00:00,20.409022040989086
2020-02-29T12:00:00,25.660972678143043
2020-02-29T13:00:00,33.10302120706309
2020-02-29T14:00:00,39.48653527964716
2020-02-29T15:00:00,44.67348480224609
2020-02-29T16:00:00,50.76649806810461
2020-02-29T17:00:00,57.1863146242888
2020-02-29T18:00:00,63.406354821246595
2020-02-29T19:00:00,66.35248001762058
2020-02-29T20:00:00,65.91040735659392
2020-02-29T21:00:00,65.83161694070566
2020-02-29T22:00:00,66.24159837805705
2020-02-29T23:00:00,66.78453860075578
2020-03-01T00:00:00,67.25442206341287
2020-03-01T01:00:00,59.59413030873174
2020-03-01T02:00:00,30.067093807718024
2020-03-01T03:00:00,23.460194960884422
2020-03-01T04:00:00,20.341737995976985
2020-03-01T05:00:00,18.593466219694715
2020-03-01T06:00:00,17.58348995706309
2020-03-01T07:00:00,17.074954571931258
2020-03-01T08:00:00,17.036526140959364
2020-03-01T09:00:00,17.307483921880305
2020-03-01T10:00:00,17.91147331569506
2020-03-01T11:00:00,19.638261131618332
2020-03-01T12:00:00,25.52517691902492
2020-03-01T13:00:00,33.520607658054516
2020-03-01T14:00:00,40.247753972592555
2020-03-01T15:00:00,48.764621568762735
2020-03-01T16:00:00,57.088209732719086
2020-03-01T17:00:00,64.69797366598377
2020-03-01T18:00:00,71.84611428302267
2020-03-01T19:00:00,82.2122971907906
2020-03-01T20:00:00,89.51987225076425
2020-03-01T21:00:00,92.0373369299847
2020-03-01T22:00:00,93.17710544752038
2020-03-01T23:00:00,93.57355466096296
2020-03-02T00:00:00,93.85821035633914
2020-03-02T01:00:00,82.47221838909645
2020-03-02T02:00:00,51.28219156679899
2020-03-02T03:00:00,37.22150736269743
2020-03-02T04:00:00,31.78235875005307
2020-03-02T05:00:00,29.485061313795
2020-03-02T06:00:00,27.997631570567254
2020-03-02T07:00:00,27.055085887079652
2020-03-02T08:00:00,26.46954843272333
2020-03-02T09:00:00,26.430332598478895
2020-03-02T10:00:00,27.088777459186055
2020-03-02T11:00:00,28.98933136981466
2020-03-02T12:00:00,36.98143486354662
2020-03-02T13:00:00,53.554658309273094
2020-03-02T14:00:00,72.39459377786388
2020-03-02T15:00:00,92.99553182850713
2020-03-02T16:00:00,111.40690944505774
2020-03-02T17:00:00,125.04816370425014
2020-03-02T18:00:00,133.48893041196075
2020-03-02T19:00:00,135.9868873927904
2020-03-02T20:00:00,132.99098371422807
2020-03-02T21:00:00,125.30213530167288
2020-03-02T22:00:00,114.57998060143511
2020-03-02T23:00:00,101.631731779679
2020-03-03T00:00:00,92.73162543255349
2020-03-03T01:00:00,88.5480787857719
2020-03-03T02:00:00,63.07730848892875
2020-03-03T03:00:00,44.84740000185759
2020-03-03T04:00:00,39.080767590066664
2020-03-03T05:00:00,34.45158021346382
2020-03-03T06:00:00,30.90699502696161
2020-03-03T07:00:00,28.914400100708004
2020-03-03T08:00:00,28.060215410978895
2020-03-03T09:00:00,27.95072630177373
2020-03-03T10:00:00,28.575821835061774
2020-03-03T11:00:00,30.059214965156887
2020-03-03T12:00:00,38.21168833193571
2020-03-03T13:00:00,51.351757878842555
2020-03-03T14:00:00,66.53161206452741
2020-03-03T15:00:00,85.39032513162363
2020-03-03T16:00:00,105.0019242659859
2020-03-03T17:00:00,121.45552461043648
2020-03-03T18:00:00,131.83710380222485
2020-03-03T19:00:00,137.78827136495838
2020-03-03T20:00:00,141.36676755158794
2020-03-03T21:00:00,143.25438756528106
2020-03-03T22:00:00,142.09906768798825
2020-03-03T23:00:00,137.66819829526153
2020-03-04T00:00:00,131.8260206139606
2020-03-04T01:00:00,121.62534133247708
2020-03-04T02:00:00,72.25657421609628
2020-03-04T03:00:00,45.917785478674844
2020-03-04T04:00:00,42.3486681399138
2020-03-04T05:00:00,40.09497037141219
2020-03-04T06:00:00,38.90158562038255
2020-03-04T07:00:00,38.24581826251486
2020-03-04T08:00:00,37.979888916015625
2020-03-04T09:00:00,38.08953691565472
2020-03-04T10:00:00,38.990282805069626
2020-03-04T11:00:00,40.75401588108228
2020-03-04T12:00:00,49.0616342295771
2020-03-04T13:00:00,63.03375492925228
2020-03-04T14:00:00,80.06684013034986
2020-03-04T15:00:00,101.67397175664486
2020-03-04T16:00:00,125.10163348654042
2020-03-04T17:00:00,146.4862823486328
2020-03-04T18:00:00,166.02947500477666
2020-03-04T19:00:00,189.96831479279888
2020-03-04T20:00:00,213.73993185292116
2020-03-04T21:00:00,229.6109400210173
2020-03-04T22:00:00,234.27454608419666
2020-03-04T23:00:00,231.70900162406588
2020-03-05T00:00:00,226.3830519966457
2020-03-05T01:00:00,202.76269332222313
2020-03-05T02:00:00,99.41019539211108
2020-03-05T03:00:00,74.0671555892281
2020-03-05T04:00:00,65.73968505859375
2020-03-05T05:00:00,62.51747313789699
2020-03-05T06:00:00,61.667004626730204
2020-03-05T07:00:00,61.66275173684824
2020-03-05T08:00:00,62.1178910628609
2020-03-05T09:00:00,62.19490664938221
2020-03-05T10:00:00,63.87768621030061
2020-03-05T11:00:00,66.21704632302989
2020-03-05T12:00:00,74.15586255944292
2020-03-05T13:00:00,90.09884942096211
2020-03-05T14:00:00,100.1628480994183
2020-03-05T15:00:00,114.37358391803242
2020-03-05T16:00:00,133.62578881305194
2020-03-05T17:00:00,154.68210502292797
2020-03-05T18:00:00,176.8426308009935
2020-03-05T19:00:00,199.2135082742442
2020-03-05T20:00:00,219.29484425420344
2020-03-05T21:00:00,236.48587301503053
2020-03-05T22:00:00,250.46009030549422
2020-03-05T23:00:00,258.85283561374825
2020-03-06T00:00:00,261.90945036514944
2020-03-06T01:00:00,236.97616311778188
2020-03-06T02:00:00,120.08126267142916
2020-03-06T03:00:00,86.65402818762738
2020-03-06T04:00:00,73.19700290845786
2020-03-06T05:00:00,65.960635309634
2020-03-06T06:00:00,62.14996006177818
2020-03-06T07:00:00,59.171185866646134
2020-03-06T08:00:00,58.172344207763665
2020-03-06T09:00:00,59.62540601647418
2020-03-06T10:00:00,62.03669722183891
2020-03-06T11:00:00,63.74663311502208
2020-03-06T12:00:00,64.19929305366847
2020-03-06T13:00:00,64.84153498773988
2020-03-06T14:00:00,63.17785412332286
2020-03-06T15:00:00,63.24619044428285
2020-03-06T16:00:00,71.65575906504756
2020-03-06T17:00:00,81.81998642631198
2020-03-06T18:00:00,93.05094312584917
2020-03-06T19:00:00,105.53689276653786
2020-03-06T20:00:00,118.01670074462889
2020-03-06T21:00:00,131.48582723866335
2020-03-06T22:00:00,138.0797012992527
2020-03-06T23:00:00,143.12861865499747
2020-03-07T00:00:00,146.52983955715013
2020-03-07T01:00:00,117.5918794714886
2020-03-07T02:00:00,45.61591952780019
2020-03-07T03:00:00,35.166510374649704
2020-03-07T04:00:00,31.627971068672508
2020-03-07T05:00:00,29.278123358021606
2020-03-07T06:00:00,28.179387631623637
2020-03-07T07:00:00,28.273958869602367
2020-03-07T08:00:00,29.050517952960465
2020-03-07T09:00:00,29.810450761214547
2020-03-07T10:00:00,31.053991483605422
2020-03-07T11:00:00,33.31908433333687
2020-03-07T12:00:00,37.01181179544199
2020-03-07T13:00:00,41.296155017355204
2020-03-07T14:00:00,46.44177909519361
2020-03-07T15:00:00,51.85491677989129
2020-03-07T16:00:00,62.56889824245286
2020-03-07T17:00:00,74.0974349975586
2020-03-07T18:00:00,86.33326953390369
2020-03-07T19:00:00,100.10237154753311
2020-03-07T20:00:00,112.08002969493035
2020-03-07T21:00:00,121.2504959106445
2020-03-07T22:00:00,125.2383986763332
2020-03-07T23:00:00,125.11494810684864
2020-03-08T00:00:00,118.79378708549167
2020-03-08T01:00:00,100.44632621433422
2020-03-08T02:00:00,42.87148483939792
2020-03-08T03:00:00,24.72585205409837
2020-03-08T04:00:00,19.848723701808762
2020-03-08T05:00:00,17.786160469055176
2020-03-08T06:00:00,16.625999575075895
2020-03-08T07:00:00,15.91009110989778
2020-03-08T08:00:00,15.550739537114678
2020-03-08T09:00:00,15.500252474909242
2020-03-08T10:00:00,15.765531705773393
2020-03-08T11:00:00,16.98254116721775
2020-03-08T12:00:00,21.88692706564198
2020-03-08T13:00:00,32.500196042268165
2020-03-08T14:00:00,43.654658773671024
2020-03-08T15:00:00,55.17518118153447
2020-03-08T16:00:00,66.1128808726435
2020-03-08T17:00:00,76.13531693168306
2020-03-08T18:00:00,83.80984248285706
2020-03-08T19:00:00,86.52239840963611
2020-03-08T20:00:00,83.59225447281547
2020-03-08T21:00:00,78.42959594726562
2020-03-08T22:00:00,73.7816339575726
2020-03-08T23:00:00,70.14566736635955
2020-03-09T00:00:00,67.24989932516347
2020-03-09T01:00:00,56.856775698454484
2020-03-09T02:00:00,29.208460434623383
2020-03-09T03:00:00,21.442907582158625
2020-03-09T04:00:00,17.39319660352624
2020-03-09T05:00:00,15.342311568882154
2020-03-09T06:00:00,14.230317862137502
2020-03-09T07:00:00,13.584564250448475
2020-03-09T08:00:00,13.21515419172204
2020-03-09T09:00:00,13.09729704649552
2020-03-09T10:00:00,13.359501424043074
2020-03-09T11:00:00,14.463995021322496
2020-03-09T12:00:00,20.6861167576002
2020-03-09T13:00:00,31.048000335693352
2020-03-09T14:00:00,40.09325757233992
2020-03-09T15:00:00,49.007212763247274
2020-03-09T16:00:00,57.050550212030814
2020-03-09T17:00:00,62.72254562377929
2020-03-09T18:00:00,64.91819448056428
2020-03-09T19:00:00,63.271422676418126
2020-03-09T20:00:00,60.548865774403446
2020-03-09T21:00:00,63.904353597889774
2020-03-09T22:00:00,66.27517136283542
2020-03-09T23:00:00,66.04428465470023
2020-03-10T00:00:00,60.50166304215141
2020-03-10T01:00:00,50.96847998577615
2020-03-10T02:00:00,22.956230744071625
2020-03-10T03:00:00,14.986198300900668
2020-03-10T04:00:00,13.288128313810928
2020-03-10T05:00:00,12.791818784630816
2020-03-10T06:00:00,12.628279395725414
2020-03-10T07:00:00,12.623290600983992
2020-03-10T08:00:00,12.640105786530865
2020-03-10T09:00:00,12.751612290092135
2020-03-10T10:00:00,13.232667549796727
2020-03-10T11:00:00,14.81844781792682
2020-03-10T12:00:00,20.97786870210067
2020-03-10T13:00:00,31.016649163287617
2020-03-10T14:00:00,41.69714272540548
2020-03-10T15:00:00,53.18876001109247
2020-03-10T16:00:00,64.25699781334917
2020-03-10T17:00:00,73.51991968569547
2020-03-10T18:00:00,79.0437187526537
2020-03-10T19:00:00,80.84490120929219
2020-03-10T20:00:00,83.20040644770081
2020-03-10T21:00:00,82.1701544056768
2020-03-10T22:00:00,80.83352379176927
2020-03-10T23:00:00,77.95695296577784
2020-03-11T00:00:00,71.51018010015072
2020-03-11T01:00:00,62.890286818794586
2020-03-11T02:00:00,33.20574619459069
2020-03-11T03:00:00,22.669021357660707
2020-03-11T04:00:00,20.10214332912279
2020-03-11T05:00:00,18.495062952456266
2020-03-11T06:00:00,17.55960062275762
2020-03-11T07:00:00,17.157160883364465
2020-03-11T08:00:00,17.144330563752543
2020-03-11T09:00:00,17.50850901396378
2020-03-11T10:00:00,18.472751617431637
2020-03-11T11:00:00,20.79221501557723
2020-03-11T12:00:00,28.317297645237133
2020-03-11T13:00:00,43.399393662162446
2020-03-11T14:00:00,61.28444174061651
2020-03-11T15:00:00,83.01306749426799
2020-03-11T16:00:00,104.95668759553328
2020-03-11T17:00:00,123.34358911928922
2020-03-11T18:00:00,137.47052798063856
2020-03-11T19:00:00,147.0801723314368
2020-03-11T20:00:00,150.9789587933084
2020-03-11T21:00:00,148.3965809034264
2020-03-11T22:00:00,139.3874687526537
2020-03-11T23:00:00,126.68640136718749
2020-03-12T00:00:00,113.07894333549166
2020-03-12T01:00:00,89.73350226360817
2020-03-12T02:00:00,45.61584339971127
2020-03-12T03:00:00,30.51665256334388
2020-03-12T04:00:00,23.986506088920258
2020-03-12T05:00:00,19.64972371640412
2020-03-12T06:00:00,17.0266870415729
2020-03-12T07:00:00,15.822206372800078
2020-03-12T08:00:00,15.653343408004096
2020-03-12T09:00:00,16.040067506873086
2020-03-12T10:00:00,16.798453040744945
2020-03-12T11:00:00,18.317727876746133
2020-03-12T12:00:00,24.54296485237453
2020-03-12T13:00:00,35.62527498991592
2020-03-12T14:00:00,47.06912529986837
2020-03-12T15:00:00,58.678014506464415
2020-03-12T16:00:00,69.11610412597656
2020-03-12T17:00:00,77.04809172257133
2020-03-12T18:00:00,81.16949379962422
2020-03-12T19:00:00,80.9582002059273
2020-03-12T20:00:00,78.45712661743163
2020-03-12T21:00:00,75.3403321971064
2020-03-12T22:00:00,70.56044155618419
2020-03-12T23:00:00,65.72650843081267
2020-03-13T00:00:00,62.47001548435376
2020-03-13T01:00:00,60.88317124739936
2020-03-13T02:00:00,36.07222731217094
2020-03-13T03:00:00,23.60690232981806
2020-03-13T04:00:00,20.759083872256067
2020-03-13T05:00:00,19.540103000143297
2020-03-13T06:00:00,19.086092078167457
2020-03-13T07:00:00,19.044317825980805
2020-03-13T08:00:00,19.233762741088867
2020-03-13T09:00:00,19.59760516622792
2020-03-13T10:00:00,20.265623175579567
2020-03-13T11:00:00,21.70502297774605
2020-03-13T12:00:00,28.010192290596333
2020-03-13T13:00:00,38.14682288791822
2020-03-13T14:00:00,46.34338810132896
2020-03-13T15:00:00,53.35684154344641
2020-03-13T16:00:00,60.16516527922256
2020-03-13T17:00:00,65.84570660798445
2020-03-13T18:00:00,69.15712406324302
2020-03-13T19:00:00,69.48555324388586
2020-03-13T20:00:00,70.86626003099522
2020-03-13T21:00:00,71.79356052564538
2020-03-13T22:00:00,73.88384346340013
2020-03-13T23:00:00,76.29995395826255
2020-03-14T00:00:00,77.23540795367697
2020-03-14T01:00:00,73.56207739788553
2020-03-14T02:00:00,48.69534401271654
2020-03-14T03:00:00,34.823939945386805
2020-03-14T04:00:00,28.535266378651492
2020-03-14T05:00:00,26.15029956983483
2020-03-14T06:00:00,25.128888586293094
2020-03-14T07:00:00,24.74518634961999
2020-03-14T08:00:00,24.76550832002059
2020-03-14T09:00:00,25.16219537154488
2020-03-14T10:00:00,26.103130008863364
2020-03-14T11:00:00,28.196393054464586
2020-03-14T12:00:00,34.903873609459914
2020-03-14T13:00:00,50.300448707912274
2020-03-14T14:00:00,66.92941483207369
2020-03-14T15:00:00,81.68870511262313
2020-03-14T16:00:00,95.9321411796238
2020-03-14T17:00:00,107.73035563593324
2020-03-14T18:00:00,114.09648497208305
2020-03-14T19:00:00,113.41515516198197
2020-03-14T20:00:00,108.91054435398267
2020-03-14T21:00:00,104.50197170091711
2020-03-14T22:00:00,99.41123531175695
2020-03-14T23:00:00,93.68176966128141
2020-03-15T00:00:00,87.00513027025303
2020-03-15T01:00:00,71.25453517747961
2020-03-15T02:00:00,42.33791085948114
2020-03-15T03:00:00,33.23892377770465
2020-03-15T04:00:00,27.926871341207747
2020-03-15T05:00:00,23.986519108647883
2020-03-15T06:00:00,21.246257616126016
2020-03-15T07:00:00,19.497497392737344
2020-03-15T08:00:00,18.4383372431216
2020-03-15T09:00:00,17.821076185806938
2020-03-15T10:00:00,17.69131735096807
2020-03-15T11:00:00,18.626618177994434
2020-03-15T12:00:00,23.858218317446497
2020-03-15T13:00:00,34.03358882406483
2020-03-15T14:00:00,43.23101723712423
2020-03-15T15:00:00,51.94210234932277
2020-03-15T16:00:00,59.61051194564154
2020-03-15T17:00:00,64.90127049321714
2020-03-15T18:00:00,67.27422415691872
2020-03-15T19:00:00,68.63547913924506
2020-03-15T20:00:00,67.20055157205333
2020-03-15T21:00:00,62.516273830247954
2020-03-15T22:00:00,57.51244884988535
2020-03-15T23:00:00,51.90684575619904
2020-03-16T00:00:00,54.69025686512823
2020-03-16T01:00:00,48.19171159163765
2020-03-16T02:00:00,22.200453799703844
2020-03-16T03:00:00,16.95378602069357
2020-03-16T04:00:00,14.309890498285707
2020-03-16T05:00:00,12.557240817857823
2020-03-16T06:00:00,11.455300165259318
2020-03-16T07:00:00,10.95732896224312
2020-03-16T08:00:00,10.828643218330715
2020-03-16T09:00:00,11.179879686106807
2020-03-16T10:00:00,11.79880017819612
2020-03-16T11:00:00,14.07044389973516
2020-03-16T12:00:00,18.591083360754922
2020-03-16T13:00:00,22.616824191549547
2020-03-16T14:00:00,25.548661853956137
2020-03-16T15:00:00,26.89096102507218
2020-03-16T16:00:00,31.31273783808169
2020-03-16T17:00:00,35.714518837306805
2020-03-16T18:00:00,39.508790555207625
2020-03-16T19:00:00,45.32465014250381
2020-03-16T20:00:00,48.68634049788765
2020-03-16T21:00:00,47.85398599375849
2020-03-16T22:00:00,45.44284621528957
2020-03-16T23:00:00,43.426482159158454
2020-03-17T00:00:00,41.57263382621433
2020-03-17T01:00:00,35.905551744543985
2020-03-17T02:00:00,19.44574986333432
2020-03-17T03:00:00,13.715202290078867
2020-03-17T04:00:00,11.126024204751719
2020-03-17T05:00:00,9.80749291959016
2020-03-17T06:00:00,8.964738472648287
2020-03-17T07:00:00,8.471441144528596
2020-03-17T08:00:00,8.340159975964088
2020-03-17T09:00:00,8.699735185374383
2020-03-17T10:00:00,9.472271587537682
2020-03-17T11:00:00,11.04222019858982
2020-03-17T12:00:00,15.703750693279762
2020-03-17T13:00:00,21.03039384924847
2020-03-17T14:00:00,25.74413556637971
2020-03-17T15:00:00,31.89688010837721
2020-03-17T16:00:00,36.834956625233524
2020-03-17T17:00:00,41.19229772816533
2020-03-17T18:00:00,40.8998913972274
2020-03-17T19:00:00,42.064632415771484
2020-03-17T20:00:00,47.797104711117946
2020-03-17T21:00:00,44.721598915431805
2020-03-17T22:00:00,50.82638068821119
2020-03-17T23:00:00,62.779494575832196
2020-03-18T00:00:00,69.95103073120116
2020-03-18T01:00:00,59.902605139690884
2020-03-18T02:00:00,26.38343529079271
2020-03-18T03:00:00,16.655339033707325
2020-03-18T04:00:00,13.239336801611858
2020-03-18T05:00:00,11.743088929549506
2020-03-18T06:00:00,10.964328019515326
2020-03-18T07:00:00,10.4628848200259
2020-03-18T08:00:00,10.246833096379818
2020-03-18T09:00:00,10.492392415585723
2020-03-18T10:00:00,11.38268814916196
2020-03-18T11:00:00,13.27865517657736
2020-03-18T12:00:00,15.942120344742484
2020-03-18T13:00:00,13.757501726565152
2020-03-18T14:00:00,15.900618428769318
2020-03-18T15:00:00,23.205454536106274
2020-03-18T16:00:00,34.17438507080078
2020-03-18T17:00:00,43.1720668958581
2020-03-18T18:00:00,49.10814119421917
2020-03-18T19:00:00,51.138952006464415
2020-03-18T20:00:00,52.20367016999617
2020-03-18T21:00:00,52.705277152683415
2020-03-18T22:00:00,52.199742358663805
2020-03-18T23:00:00,54.76799558556598
2020-03-19T00:00:00,57.23115257594896
2020-03-19T01:00:00,53.48738894255264
2020-03-19T02:00:00,34.84468418618907
2020-03-19T03:00:00,26.724102766617484
2020-03-19T04:00:00,23.52554304703422
2020-03-19T05:00:00,22.150328843489934
2020-03-19T06:00:00,21.667485859083094
2020-03-19T07:00:00,21.63257938882579
2020-03-19T08:00:00,21.99882059511931
2020-03-19T09:00:00,22.946475402168602
2020-03-19T10:00:00,24.41563025764797
2020-03-19T11:00:00,25.448892593383786
2020-03-19T12:00:00,30.555742512578544
2020-03-19T13:00:00,39.51526708188264
2020-03-19T14:00:00,49.485261336616844
2020-03-19T15:00:00,61.36432962832243
2020-03-19T16:00:00,73.94495325503142
2020-03-19T17:00:00,84.02862648341966
2020-03-19T18:00:00,89.66544209355892
2020-03-19T19:00:00,92.017207601796
2020-03-19T20:00:00,92.69382410464078
2020-03-19T21:00:00,92.18323732459025
2020-03-19T22:00:00,89.78028869628905
2020-03-19T23:00:00,85.47778502754544
2020-03-20T00:00:00,79.97099088585894
2020-03-20T01:00:00,74.74020966239597
2020-03-20T02:00:00,47.206997912863024
2020-03-20T03:00:00,27.863528956537657
2020-03-20T04:00:00,25.42643538765285
2020-03-20T05:00:00,24.707555770874016
2020-03-20T06:00:00,24.251494366189707
2020-03-20T07:00:00,23.738258444744606
2020-03-20T08:00:00,23.629448434580926
2020-03-20T09:00:00,24.104513665904165
2020-03-20T10:00:00,25.55679470559825
2020-03-20T11:00:00,28.127092693162997
2020-03-20T12:00:00,36.09567293913468
2020-03-20T13:00:00,51.375804569410235
2020-03-20T14:00:00,67.87541646542755
2020-03-20T15:00:00,85.49564461086105
2020-03-20T16:00:00,102.07621002197264
2020-03-20T17:00:00,115.16477899966031
2020-03-20T18:00:00,122.80960812775984
2020-03-20T19:00:00,125.60786073104195
2020-03-20T20:00:00,125.16521885084067
2020-03-20T21:00:00,123.33580282460089
2020-03-20T22:00:00,120.55357128640878
2020-03-20T23:00:00,117.51211979078208
2020-03-21T00:00:00,114.52989329462466
2020-03-21T01:00:00,106.14368803604788
2020-03-21T02:00:00,54.14373878810716
2020-03-21T03:00:00,36.52838632334833
2020-03-21T04:00:00,33.29359270178753
2020-03-21T05:00:00,31.651148174120028
2020-03-21T06:00:00,30.02187239605447
2020-03-21T07:00:00,28.239481469859243
2020-03-21T08:00:00,26.65617354019828
2020-03-21T09:00:00,25.488378690636672
2020-03-21T10:00:00,25.503352870111875
2020-03-21T11:00:00,26.520484426747196
2020-03-21T12:00:00,34.60750646176545
2020-03-21T13:00:00,48.47289259537406
2020-03-21T14:00:00,62.65091539465861
2020-03-21T15:00:00,78.48391574362049
2020-03-21T16:00:00,94.96974978239639
2020-03-21T17:00:00,109.9262642238451
2020-03-21T18:00:00,122.29265826681386
2020-03-21T19:00:00,129.48032312807828
2020-03-21T20:00:00,131.82349263066828
2020-03-21T21:00:00,131.25470368758488
2020-03-21T22:00:00,128.5368367070737
2020-03-21T23:00:00,123.2153263921323
2020-03-22T00:00:00,114.83259582519528
2020-03-22T01:00:00,100.56453671662702
2020-03-22T02:00:00,63.26380870653236
2020-03-22T03:00:00,44.16232316390327
2020-03-22T04:00:00,38.98053525841754
2020-03-22T05:00:00,35.75550071052882
2020-03-22T06:00:00,33.67589121279509
2020-03-22T07:00:00,32.294456067292586
2020-03-22T08:00:00,31.604196465533708
2020-03-22T09:00:00,31.430912598319676
2020-03-22T10:00:00,32.2005792700726
2020-03-22T11:00:00,34.35956822270931
2020-03-22T12:00:00,42.414003123407774
2020-03-22T13:00:00,58.81708576368248
2020-03-22T14:00:00,76.51109911047892
2020-03-22T15:00:00,92.41327302352241
2020-03-22T16:00:00,105.43611841616422
2020-03-22T17:00:00,122.58266681173572
2020-03-22T18:00:00,139.3866908861243
2020-03-22T19:00:00,154.44586911408797
2020-03-22T20:00:00,165.25417427394697
2020-03-22T21:00:00,170.74527309251866
2020-03-22T22:00:00,170.01333485478938
2020-03-22T23:00:00,168.2610918127972
2020-03-23T00:00:00,163.30796283224353
2020-03-23T01:00:00,149.82411724588144
2020-03-23T02:00:00,85.66799130647078
2020-03-23T03:00:00,54.68291738758916
2020-03-23T04:00:00,40.34330202185589
2020-03-23T05:00:00,31.672609660936434
2020-03-23T06:00:00,26.23776875371518
2020-03-23T07:00:00,23.03194717738939
2020-03-23T08:00:00,21.279725696729578
2020-03-23T09:00:00,20.376381169194758
2020-03-23T10:00:00,20.370239755381707
2020-03-23T11:00:00,21.640512300574258
2020-03-23T12:00:00,29.0311747841213
2020-03-23T13:00:00,42.07837245775305
2020-03-23T14:00:00,55.282811372176454
2020-03-23T15:00:00,69.54769117935844
2020-03-23T16:00:00,82.82912826538085
2020-03-23T17:00:00,94.13154668393341
2020-03-23T18:00:00,100.84658813476561
2020-03-23T19:00:00,102.27067333719003
2020-03-23T20:00:00,99.78868666939113
2020-03-23T21:00:00,94.27000941400941
2020-03-23T22:00:00,86.53021406090777
2020-03-23T23:00:00,77.61189717831817
2020-03-24T00:00:00,68.56536798891813
2020-03-24T01:00:00,60.62742548403532
2020-03-24T02:00:00,35.648229350214415
2020-03-24T03:00:00,20.923500309819758
2020-03-24T04:00:00,20.177713725877844
2020-03-24T05:00:00,21.02248739159625
2020-03-24T06:00:00,21.12509661135466
2020-03-24T07:00:00,20.48384376194166
2020-03-24T08:00:00,19.839066712752633
2020-03-24T09:00:00,19.695702428403106
2020-03-24T10:00:00,20.303846856822137
2020-03-24T11:00:00,21.957429720007852
2020-03-24T12:00:00,28.39695474375849
2020-03-24T13:00:00,39.71673716669497
2020-03-24T14:00:00,51.30389968208644
2020-03-24T15:00:00,64.43057947573455
2020-03-24T16:00:00,75.34069193964417
2020-03-24T17:00:00,80.53069786403489
2020-03-24T18:00:00,82.7511629850968
2020-03-24T19:00:00,82.58732256682022
2020-03-24T20:00:00,80.01882188216499
2020-03-24T21:00:00,75.19267057335894
2020-03-24T22:00:00,70.5841648267663
2020-03-24T23:00:00,66.50377140874447
2020-03-25T00:00:00,62.53591902359672
2020-03-25T01:00:00,59.342737944229775
2020-03-25T02:00:00,34.14731465215268
2020-03-25T03:00:00,21.591981970745582
2020-03-25T04:00:00,19.75472533184549
2020-03-25T05:00:00,19.11218311475671
2020-03-25T06:00:00,18.806150436401367
2020-03-25T07:00:00,18.79187998564347
2020-03-25T08:00:00,18.764497508173402
2020-03-25T09:00:00,18.964850715968918
2020-03-25T10:00:00,19.597234808880348
2020-03-25T11:00:00,21.12106124214504
2020-03-25T12:00:00,28.309256180472993
2020-03-25T13:00:00,42.89962503184443
2020-03-25T14:00:00,58.78514911817467
2020-03-25T15:00:00,75.00254473478897
2020-03-25T16:00:00,90.36925307564113
2020-03-25T17:00:00,103.14605746061905
2020-03-25T18:00:00,112.20154538361922
2020-03-25T19:00:00,114.50047368588653
2020-03-25T20:00:00,110.79753610362175
2020-03-25T21:00:00,104.64915333623469
2020-03-25T22:00:00,95.65761284206224
2020-03-25T23:00:00,84.23605860834535
2020-03-26T00:00:00,75.02526507170303
2020-03-26T01:00:00,62.367814603059195
2020-03-26T02:00:00,33.5567976910135
2020-03-26T03:00:00,24.77073030886443
2020-03-26T04:00:00,21.551498413085938
2020-03-26T05:00:00,19.953634262084957
2020-03-26T06:00:00,18.682194004888117
2020-03-26T07:00:00,17.751012553339418
2020-03-26T08:00:00,17.026803555695906
2020-03-26T09:00:00,16.703201459801715
2020-03-26T10:00:00,16.828198391458262
2020-03-26T11:00:00,17.78618812561035
2020-03-26T12:00:00,22.71871102374533
2020-03-26T13:00:00,30.621031470920727
2020-03-26T14:00:00,38.19423211139181
2020-03-26T15:00:00,45.24181249867315
2020-03-26T16:00:00,51.063325467317
2020-03-26T17:00:00,55.58774384208347
2020-03-26T18:00:00,58.38698113482931
2020-03-26T19:00:00,59.014011880625844
2020-03-26T20:00:00,58.638072138247274
2020-03-26T21:00:00,58.8820921856424
2020-03-26T22:00:00,59.486221479332954
2020-03-26T23:00:00,58.698591315228
2020-03-27T00:00:00,58.08852568916652
2020-03-27T01:00:00,52.380935834801704
2020-03-27T02:00:00,27.334822198619012
2020-03-27T03:00:00,20.69022502069888
2020-03-27T04:00:00,18.845235161159348
2020-03-27T05:00:00,17.98223835489024
2020-03-27T06:00:00,17.325992833013117
2020-03-27T07:00:00,16.963416970294453
2020-03-27T08:00:00,16.90329360961914
2020-03-27T09:00:00,17.163431084674336
2020-03-27T10:00:00,17.76454626995584
2020-03-27T11:00:00,19.190924437149707
2020-03-27T12:00:00,25.34666766291079
2020-03-27T13:00:00,33.74657688970151
2020-03-27T14:00:00,38.76284375398055
2020-03-27T15:00:00,43.796177407969594
2020-03-27T16:00:00,50.89192315806513
2020-03-27T17:00:00,58.68578670335852
2020-03-27T18:00:00,65.25013931937838
2020-03-27T19:00:00,67.73270316745922
2020-03-27T20:00:00,66.96926398899242
2020-03-27T21:00:00,66.26735521399456
2020-03-27T22:00:00,66.01078182718027
2020-03-27T23:00:00,64.56282292241634
2020-03-28T00:00:00,62.73802450428838
2020-03-28T01:00:00,55.57602625307829
2020-03-28T02:00:00,29.142432503078293
2020-03-28T03:00:00,22.52817046124002
2020-03-28T04:00:00,20.398143187813137
2020-03-28T05:00:00,19.129546787427817
2020-03-28T06:00:00,18.403937878816023
2020-03-28T07:00:00,18.072014352549676
2020-03-28T08:00:00,18.094381581182063
2020-03-28T09:00:00,18.477194827535875
2020-03-28T10:00:00,19.383986597475797
2020-03-28T11:00:00,21.082956314086914
2020-03-28T12:00:00,27.557783209759254
2020-03-28T13:00:00,39.94225974704908
2020-03-28T14:00:00,53.696298350458555
2020-03-28T15:00:00,69.45886296811311
2020-03-28T16:00:00,86.83586319633152
2020-03-28T17:00:00,103.48757934570312
2020-03-28T18:00:00,117.18291539731233
2020-03-28T19:00:00,124.563326296599
2020-03-28T20:00:00,131.47765582540757
2020-03-28T21:00:00,135.7889948305876
2020-03-28T22:00:00,137.6318133810292
2020-03-28T23:00:00,137.25266033670175
2020-03-29T00:00:00,135.51061281950575
2020-03-29T01:00:00,109.84427078910494
2020-03-29T02:00:00,69.93235430510146
2020-03-29T03:00:00,57.17604678610096
2020-03-29T04:00:00,49.174298327902086
2020-03-29T05:00:00,44.09335012021271
2020-03-29T06:00:00,40.862963469132126
2020-03-29T07:00:00,38.38971909232761
2020-03-29T08:00:00,36.22189364225967
2020-03-29T09:00:00,34.2363688427469
2020-03-29T10:00:00,32.87396439262058
2020-03-29T11:00:00,32.068265500275984
2020-03-29T12:00:00,36.634836611540415
2020-03-29T13:00:00,48.40922894685164
2020-03-29T14:00:00,62.93122498885444
2020-03-29T15:00:00,78.90675453517747
2020-03-29T16:00:00,94.02977089259936
2020-03-29T17:00:00,108.63429326596467
2020-03-29T18:00:00,120.76227901292883
2020-03-29T19:00:00,130.02084881326425
2020-03-29T20:00:00,141.9530560037364
2020-03-29T21:00:00,151.94130142875338
2020-03-29T22:00:00,158.25897548509678
2020-03-29T23:00:00,159.8609061863111
2020-03-30T00:00:00,156.53209785793138
2020-03-30T01:00:00,111.37712893278702
2020-03-30T02:00:00,47.074209130328626
2020-03-30T03:00:00,32.02443355062733
2020-03-30T04:00:00,25.152114038882043
2020-03-30T05:00:00,21.554914806200106
2020-03-30T06:00:00,19.807109086409856
2020-03-30T07:00:00,18.646094944166098
2020-03-30T08:00:00,17.88411356055218
2020-03-30T09:00:00,17.421611495639965
2020-03-30T10:00:00,17.489204240881875
2020-03-30T11:00:00,18.83497163523798
2020-03-30T12:00:00,25.959065727565594
2020-03-30T13:00:00,38.43266876884128
2020-03-30T14:00:00,46.78956521075704
2020-03-30T15:00:00,54.34236426975416
2020-03-30T16:00:00,65.91842585024625
2020-03-30T17:00:00,76.92040949282439
2020-03-30T18:00:00,88.080706389054
2020-03-30T19:00:00,97.12256456458049
2020-03-30T20:00:00,104.50036720607591
2020-03-30T21:00:00,110.15404410984205
2020-03-30T22:00:00,114.98745030942169
2020-03-30T23:00:00,115.80481156058931
2020-03-31T00:00:00,111.867805480957
2020-03-31T01:00:00,103.759197069251
2020-03-31T02:00:00,39.78847304634425
2020-03-31T03:00:00,24.987698928169582
2020-03-31T04:00:00,21.868931563004203
2020-03-31T05:00:00,19.72451765640922
2020-03-31T06:00:00,18.09023624917735
2020-03-31T07:00:00,17.176293746284816
2020-03-31T08:00:00,16.732997686966602
2020-03-31T09:00:00,16.71196402674136
2020-03-31T10:00:00,17.349199046259336
2020-03-31T11:00:00,19.13247887984566
2020-03-31T12:00:00,27.916438061258063
2020-03-31T13:00:00,43.98872425245201
2020-03-31T14:00:00,60.3600609820822
2020-03-31T15:00:00,74.61078925754713
2020-03-31T16:00:00,90.36710191809613
2020-03-31T17:00:00,104.4920840056046
2020-03-31T18:00:00,115.44513934591541
2020-03-31T19:00:00,122.2009861158288
2020-03-31T20:00:00,125.06583371369734
2020-03-31T21:00:00,124.09189539370327
2020-03-31T22:00:00,120.67877130923064
2020-03-31T23:00:00,117.31485549263331
2020-04-01T00:00:00,113.00107441777767
2020-04-01T01:00:00,104.84732884946077
2020-04-01T02:00:00,58.20333762790845
2020-04-01T03:00:00,33.179765701293945
2020-04-01T04:00:00,25.376937783282735
2020-04-01T05:00:00,22.326240788335383
2020-04-01T06:00:00,21.38408096976902
2020-04-01T07:00:00,21.75297164916992
2020-04-01T08:00:00,22.962381197058633
2020-04-01T09:00:00,24.604732015858524
2020-04-01T10:00:00,26.52492631000021
2020-04-01T11:00:00,29.018855633942973
2020-04-01T12:00:00,37.36714769446331
2020-04-01T13:00:00,50.77731605198072
2020-04-01T14:00:00,64.97273685621178
2020-04-01T15:00:00,80.30635800568952
2020-04-01T16:00:00,94.95979839822519
2020-04-01T17:00:00,106.31760638693103
2020-04-01T18:00:00,111.98837346615997
2020-04-01T19:00:00,112.54848911451255
2020-04-01T20:00:00,109.39465199346127
2020-04-01T21:00:00,102.18496903129245
2020-04-01T22:00:00,92.61984816841455
2020-04-01T23:00:00,84.07135739533797
2020-04-02T00:00:00,79.8271255493164
2020-04-02T01:00:00,79.2685842099397
2020-04-02T02:00:00,62.592608576235556
2020-04-02T03:00:00,41.950401306152344
2020-04-02T04:00:00,36.94138684480086
2020-04-02T05:00:00,34.26320067695949
2020-04-02T06:00:00,32.62072870005731
2020-04-02T07:00:00,31.564929962158203
2020-04-02T08:00:00,31.0317791648533
2020-04-02T09:00:00,31.138271165930703
2020-04-02T10:00:00,31.82839128245478
2020-04-02T11:00:00,33.58932246332583
2020-04-02T12:00:00,41.45270140274712
2020-04-02T13:00:00,57.19236589514691
2020-04-02T14:00:00,75.93639075237772
2020-04-02T15:00:00,96.6979164455248
2020-04-02T16:00:00,117.04938507080075
2020-04-02T17:00:00,133.89500029190725
2020-04-02T18:00:00,146.5076327116593
2020-04-02T19:00:00,153.31282142970872
2020-04-02T20:00:00,153.4301781032396
2020-04-02T21:00:00,145.4645873360012
2020-04-02T22:00:00,132.7056556369947
2020-04-02T23:00:00,117.49135357400645
2020-04-03T00:00:00,102.64432094408117
2020-04-03T01:00:00,86.21527829377547
2020-04-03T02:00:00,46.557837444802985
2020-04-03T03:00:00,31.518052059671152
2020-04-03T04:00:00,25.95393504267153
2020-04-03T05:00:00,23.514542289402172
2020-04-03T06:00:00,22.804023908532184
2020-04-03T07:00:00,23.315321383268934
2020-04-03T08:00:00,24.73844287706458
2020-04-03T09:00:00,26.552568601525348
2020-04-03T10:00:00,28.51798638053562
2020-04-03T11:00:00,30.834957952084743
2020-04-03T12:00:00,38.046723738960594
2020-04-03T13:00:00,52.652408268140704
2020-04-03T14:00:00,68.66615378338356
2020-04-03T15:00:00,82.96927112081775
2020-04-03T16:00:00,93.94758804984713
2020-04-03T17:00:00,103.0825497171153
2020-04-03T18:00:00,114.74435723346211
2020-04-03T19:00:00,124.01683641516645
2020-04-03T20:00:00,133.42727329420006
2020-04-03T21:00:00,140.6927204961362
2020-04-03T22:00:00,144.75443831734034
2020-04-03T23:00:00,146.52399544093916
2020-04-04T00:00:00,146.39920906398606
2020-04-04T01:00:00,123.6961331574813
2020-04-04T02:00:00,68.13844232973845
2020-04-04T03:00:00,42.39371332914932
2020-04-04T04:00:00,32.44319376738174
2020-04-04T05:00:00,26.193722517594043
2020-04-04T06:00:00,22.471040808636207
2020-04-04T07:00:00,20.26398472163988
2020-04-04T08:00:00,19.325484151425563
2020-04-04T09:00:00,19.39715008113695
2020-04-04T10:00:00,19.88721656799316
2020-04-04T11:00:00,20.78629750790803
2020-04-04T12:00:00,21.10119769884192
2020-04-04T13:00:00,23.308892167132832
2020-04-04T14:00:00,26.68418925741444
2020-04-04T15:00:00,30.646594089010485
2020-04-04T16:00:00,35.10436804398246
2020-04-04T17:00:00,41.4509395931078
2020-04-04T18:00:00,49.37648706850798
2020-04-04T19:00:00,57.00361069389011
2020-04-04T20:00:00,65.2381940095321
2020-04-04T21:00:00,77.89449940557064
2020-04-04T22:00:00,88.83401489257811
2020-04-04T23:00:00,86.67259912905486
2020-04-05T00:00:00,86.12393785559611
2020-04-05T01:00:00,68.41551424109417
2020-04-05T02:00:00,31.718867509261422
2020-04-05T03:00:00,21.530431996221125
2020-04-05T04:00:00,17.12719208261241
2020-04-05T05:00:00,14.251850667207137
2020-04-05T06:00:00,12.268748241922127
2020-04-05T07:00:00,11.101734576017959
2020-04-05T08:00:00,10.589250398718793
2020-04-05T09:00:00,11.106303339419156
2020-04-05T10:00:00,12.162270006926162
2020-04-05T11:00:00,13.920364048170004
2020-04-05T12:00:00,15.672174785448155
2020-04-05T13:00:00,20.50862747689952
2020-04-05T14:00:00,21.735074831091836
2020-04-05T15:00:00,24.720398073611047
2020-04-05T16:00:00,26.778998789579973
2020-04-05T17:00:00,30.496285894642703
2020-04-05T18:00:00,34.85579299926757
2020-04-05T19:00:00,41.927050631979235
2020-04-05T20:00:00,50.856437019679845
2020-04-05T21:00:00,57.73956497855807
2020-04-05T22:00:00,64.1607669332753
2020-04-05T23:00:00,72.19938128927478
2020-04-06T00:00:00,78.95492022970448
2020-04-06T01:00:00,74.8783783290697
2020-04-06T02:00:00,47.24266806892726
2020-04-06T03:00:00,27.30644574372664
2020-04-06T04:00:00,19.229804080465563
2020-04-06T05:00:00,15.337818477464758
2020-04-06T06:00:00,13.138066830842389
2020-04-06T07:00:00,11.74873816448709
2020-04-06T08:00:00,10.714284337085227
2020-04-06T09:00:00,10.405926248301629
2020-04-06T10:00:00,11.027622388756791
2020-04-06T11:00:00,12.828706077907395
2020-04-06T12:00:00,20.334793256676715
2020-04-06T13:00:00,31.033778315005094
2020-04-06T14:00:00,45.35006448496942
2020-04-06T15:00:00,62.164677827254586
2020-04-06T16:00:00,82.00300631315811
2020-04-06T17:00:00,95.39725560727327
2020-04-06T18:00:00,84.80536518926206
2020-04-06T19:00:00,100.84151923138161
2020-04-06T20:00:00,118.9721626613451
2020-04-06T21:00:00,138.02506355617354
2020-04-06T22:00:00,155.25987575365147
2020-04-06T23:00:00,170.87111962359882
2020-04-07T00:00:00,184.4834468675696
2020-04-07T01:00:00,155.57551508364466
2020-04-07T02:00:00,73.75373110563858
2020-04-07T03:00:00,40.70528096738068
2020-04-07T04:00:00,34.362360746964164
2020-04-07T05:00:00,31.816069727358602
2020-04-07T06:00:00,30.255825457365614
2020-04-07T07:00:00,28.80578082540761
2020-04-07T08:00:00,27.320167043934696
2020-04-07T09:00:00,26.316221817680024
2020-04-07T10:00:00,26.31302957949431
2020-04-07T11:00:00,27.45522664940875
2020-04-07T12:00:00,33.450845552527376
2020-04-07T13:00:00,47.57748993583347
2020-04-07T14:00:00,63.43565700365149
2020-04-07T15:00:00,80.05143107538636
2020-04-07T16:00:00,96.05023326044497
2020-04-07T17:00:00,104.20194940981656
2020-04-07T18:00:00,87.56561445153277
2020-04-07T19:00:00,95.17770783797553
2020-04-07T20:00:00,114.35183715820312
2020-04-07T21:00:00,133.87220299762225
2020-04-07T22:00:00,144.0247583803923
2020-04-07T23:00:00,158.00039473823875
2020-04-08T00:00:00,170.48045614491338
2020-04-08T01:00:00,147.78452599566916
2020-04-08T02:00:00,79.52388100002122
2020-04-08T03:00:00,45.56032993482506
2020-04-08T04:00:00,33.77992878789487
2020-04-08T05:00:00,29.714543549910832
2020-04-08T06:00:00,27.95893519857655
2020-04-08T07:00:00,27.522601915442426
2020-04-08T08:00:00,27.515627239061438
2020-04-08T09:00:00,27.31260175290315
2020-04-08T10:00:00,26.78597781969153
2020-04-08T11:00:00,26.28083867612092
2020-04-08T12:00:00,27.82037245708963
2020-04-08T13:00:00,36.077069323995836
2020-04-08T14:00:00,46.4728484775709
2020-04-08T15:00:00,57.95995579595151
2020-04-08T16:00:00,74.13443855617358
2020-04-08T17:00:00,91.26957569951597
2020-04-08T18:00:00,107.24942348314367
2020-04-08T19:00:00,92.9043847788935
2020-04-08T20:00:00,81.21615783027978
2020-04-08T21:00:00,93.02272166376527
2020-04-08T22:00:00,106.36701865818189
2020-04-08T23:00:00,118.42473469609799
2020-04-09T00:00:00,127.84960904328717
2020-04-09T01:00:00,112.20176530920939
2020-04-09T02:00:00,47.235938528309696
2020-04-09T03:00:00,32.03851459337317
2020-04-09T04:00:00,27.811603380286172
2020-04-09T05:00:00,25.539516946543813
2020-04-09T06:00:00,24.110267639160153
2020-04-09T07:00:00,23.308984839397926
2020-04-09T08:00:00,23.10201420991317
2020-04-09T09:00:00,23.25775867959727
2020-04-09T10:00:00,23.751175009686012
2020-04-09T11:00:00,25.999658004097313
2020-04-09T12:00:00,29.028888287751567
2020-04-09T13:00:00,42.095663817032516
2020-04-09T14:00:00,56.83963908319887
2020-04-09T15:00:00,70.88035683009934
2020-04-09T16:00:00,84.56452145783797
2020-04-09T17:00:00,96.70504760742186
2020-04-09T18:00:00,108.84468874724013
2020-04-09T19:00:00,120.25625278638755
2020-04-09T20:00:00,129.31201967985734
2020-04-09T21:00:00,135.6334069293478
2020-04-09T22:00:00,138.59082561990488
2020-04-09T23:00:00,137.30308466372279
2020-04-10T00:00:00,133.54548047936478
2020-04-10T01:00:00,107.94236456829566
2020-04-10T02:00:00,45.19103954149329
2020-04-10T03:00:00,29.260541086611532
2020-04-10T04:00:00,25.158624068550438
2020-04-10T05:00:00,22.81374060589334
2020-04-10T06:00:00,21.039748233297594
2020-04-10T07:00:00,19.742747597072434
2020-04-10T08:00:00,19.126463682755176
2020-04-10T09:00:00,19.322602230569586
2020-04-10T10:00:00,20.231591100278106
2020-04-10T11:00:00,21.859995137090266
2020-04-10T12:00:00,24.241363276606016
2020-04-10T13:00:00,29.191910453464672
2020-04-10T14:00:00,31.08062122179114
2020-04-10T15:00:00,36.21059649923573
2020-04-10T16:00:00,40.2391360739003
2020-04-10T17:00:00,49.63386867357337
2020-04-10T18:00:00,55.86949970411217
2020-04-10T19:00:00,58.724809066109025
2020-04-10T20:00:00,57.73955817844556
2020-04-10T21:00:00,59.52026964270549
2020-04-10T22:00:00,63.09325475278107
2020-04-10T23:00:00,72.3556137084961
2020-04-11T00:00:00,81.94323398755944
2020-04-11T01:00:00,77.73499563465947
2020-04-11T02:00:00,55.26986147009807
2020-04-11T03:00:00,40.30502352507218
2020-04-11T04:00:00,32.16625727777895
2020-04-11T05:00:00,27.18074649313222
2020-04-11T06:00:00,24.11594432333241
2020-04-11T07:00:00,22.270088527513582
2020-04-11T08:00:00,20.912606612495754
2020-04-11T09:00:00,20.477101118668262
2020-04-11T10:00:00,20.522230562956434
2020-04-11T11:00:00,20.965791619342305
2020-04-11T12:00:00,22.51962255394977
2020-04-11T13:00:00,24.03648575492527
2020-04-11T14:00:00,24.062731369681977
2020-04-11T15:00:00,26.99300193786621
2020-04-11T16:00:00,31.071310375047766
2020-04-11T17:00:00,32.332147349482
2020-04-11T18:00:00,32.33140074688455
2020-04-11T19:00:00,31.858311031175695
2020-04-11T20:00:00,31.95214495451554
2020-04-11T21:00:00,31.854972922283668
2020-04-11T22:00:00,33.05667296699855
2020-04-11T23:00:00,37.33298475846
2020-04-12T00:00:00,44.41191383030103
2020-04-12T01:00:00,40.16627286828083
2020-04-12T02:00:00,21.815939198369563
2020-04-12T03:00:00,14.715242883433465
2020-04-12T04:00:00,12.236928234929623
2020-04-12T05:00:00,11.05819967518682
2020-04-12T06:00:00,10.404048090395719
2020-04-12T07:00:00,10.116829167241635
2020-04-12T08:00:00,10.25046282229216
2020-04-12T09:00:00,10.564224574876867
2020-04-12T10:00:00,11.118869657101838
2020-04-12T11:00:00,12.283819613249403
2020-04-12T12:00:00,13.822725586269211
2020-04-12T13:00:00,13.707875459090522
2020-04-12T14:00:00,15.15464981742527
2020-04-12T15:00:00,18.42058919823688
2020-04-12T16:00:00,23.81930052715799
2020-04-12T17:00:00,28.045676272848375
2020-04-12T18:00:00,30.263355420983356
2020-04-12T19:00:00,31.45948227592136
2020-04-12T20:00:00,32.82605710236922
2020-04-12T21:00:00,39.16923290750254
2020-04-12T22:00:00,49.25164977363917
2020-04-12T23:00:00,61.03332254161004
2020-04-13T00:00:00,73.32237177309783
2020-04-13T01:00:00,66.80542390242866
2020-04-13T02:00:00,32.656043674634844
2020-04-13T03:00:00,19.138818740844723
2020-04-13T04:00:00,15.955315589904787
2020-04-13T05:00:00,14.727094899053158
2020-04-13T06:00:00,14.125831728396207
2020-04-13T07:00:00,13.754046357196309
2020-04-13T08:00:00,13.649527591207752
2020-04-13T09:00:00,13.978285872417946
2020-04-13T10:00:00,15.154057046641473
2020-04-13T11:00:00,17.012400502743926
2020-04-13T12:00:00,20.51000354600989
2020-04-13T13:00:00,21.472798637721848
2020-04-13T14:00:00,24.236994577490762
2020-04-13T15:00:00,28.821025848388672
2020-04-13T16:00:00,33.67713065769361
2020-04-13T17:00:00,38.7966718259065
2020-04-13T18:00:00,44.66061774544094
2020-04-13T19:00:00,48.63233491648798
2020-04-13T20:00:00,48.4685290792714
2020-04-13T21:00:00,53.046951293945305
2020-04-13T22:00:00,60.14281529965608
2020-04-13T23:00:00,65.95752832163933
2020-04-14T00:00:00,72.00001360022503
2020-04-14T01:00:00,62.3567768594493
2020-04-14T02:00:00,34.49801088416058
2020-04-14T03:00:00,25.329762583193567
2020-04-14T04:00:00,21.023136346236516
2020-04-14T05:00:00,17.83818315423053
2020-04-14T06:00:00,15.53710531151813
2020-04-14T07:00:00,14.047076432601264
2020-04-14T08:00:00,13.163305904554282
2020-04-14T09:00:00,12.938542490420131
2020-04-14T10:00:00,13.655425983926524
2020-04-14T11:00:00,15.299993224765942
2020-04-14T12:00:00,18.145993522975754
2020-04-14T13:00:00,28.96203331325365
2020-04-14T14:00:00,44.612761456033454
2020-04-14T15:00:00,59.79366700545601
2020-04-14T16:00:00,72.86866295855978
2020-04-14T17:00:00,84.15062531181003
2020-04-14T18:00:00,90.3789243283479
2020-04-14T19:00:00,91.63892198645549
2020-04-14T20:00:00,90.84206805021866
2020-04-14T21:00:00,88.86310312022333
2020-04-14T22:00:00,85.54218275650688
2020-04-14T23:00:00,82.77245264467984
2020-04-15T00:00:00,82.40302691252334
2020-04-15T01:00:00,56.69451257456903
2020-04-15T02:00:00,18.98166163071342
2020-04-15T03:00:00,13.20270471987517
2020-04-15T04:00:00,11.104085466136102
2020-04-15T05:00:00,10.138293349224588
2020-04-15T06:00:00,9.708322607952613
2020-04-15T07:00:00,9.685526516126549
2020-04-15T08:00:00,10.179172059764031
2020-04-15T09:00:00,11.365455171336299
2020-04-15T10:00:00,13.364604742630666
2020-04-15T11:00:00,15.88658399167268
2020-04-15T12:00:00,19.415549029474672
2020-04-15T13:00:00,23.980625816013497
2020-04-15T14:00:00,30.015121501425035
2020-04-15T15:00:00,36.08668476602305
2020-04-15T16:00:00,41.56819841136103
2020-04-15T17:00:00,46.1200012538744
2020-04-15T18:00:00,49.79440979335618
2020-04-15T19:00:00,54.35240471881368
2020-04-15T20:00:00,63.87530567335045
2020-04-15T21:00:00,70.2080612182617
2020-04-15T22:00:00,75.30020838198453
2020-04-15T23:00:00,83.25102830969769
2020-04-16T00:00:00,90.69171109406842
2020-04-16T01:00:00,76.97508272917374
2020-04-16T02:00:00,36.468098930690594
2020-04-16T03:00:00,22.03327071148416
2020-04-16T04:00:00,18.318238921787422
2020-04-16T05:00:00,15.497314204340395
2020-04-16T06:00:00,13.866033802861752
2020-04-16T07:00:00,13.417787012846572
2020-04-16T08:00:00,14.23379906364109
2020-04-16T09:00:00,16.357873667841368
2020-04-16T10:00:00,19.782875102499254
2020-04-16T11:00:00,23.54111634130063
2020-04-16T12:00:00,27.49652290344238
2020-04-16T13:00:00,33.636057314665415
2020-04-16T14:00:00,40.40496635437011
2020-04-16T15:00:00,47.969548349795126
2020-04-16T16:00:00,56.52627281520677
2020-04-16T17:00:00,63.82753355606742
2020-04-16T18:00:00,64.05260052888289
2020-04-16T19:00:00,56.038863140603766
2020-04-16T20:00:00,50.5524729853091
2020-04-16T21:00:00,50.90295161371645
2020-04-16T22:00:00,57.115751681120486
2020-04-16T23:00:00,69.1797684379246
2020-04-17T00:00:00,82.34744063667627
2020-04-17T01:00:00,76.10769354778786
2020-04-17T02:00:00,35.83221916530443
2020-04-17T03:00:00,23.322952021723204
2020-04-17T04:00:00,19.759747919828992
2020-04-17T05:00:00,17.686284023782477
2020-04-17T06:00:00,15.94406235736349
2020-04-17T07:00:00,14.994946687117865
2020-04-17T08:00:00,14.3473482546599
2020-04-17T09:00:00,14.236026432203209
2020-04-17T10:00:00,14.806125848189643
2020-04-17T11:00:00,15.742994059687073
2020-04-17T12:00:00,17.517000073971953
2020-04-17T13:00:00,21.188819760861602
2020-04-17T14:00:00,24.950319124304727
2020-04-17T15:00:00,28.43639821591584
2020-04-17T16:00:00,32.641667905061134
2020-04-17T17:00:00,36.80954933166504
2020-04-17T18:00:00,40.2924573317818
2020-04-17T19:00:00,42.63885099991507
2020-04-17T20:00:00,45.730689173159384
2020-04-17T21:00:00,49.821736377218485
2020-04-17T22:00:00,52.17357436470363
2020-04-17T23:00:00,61.183942546015196
2020-04-18T00:00:00,69.5403306380562
2020-04-18T01:00:00,67.53023927108102
2020-04-18T02:00:00,34.01586018437924
2020-04-18T03:00:00,19.76299468330715
2020-04-18T04:00:00,15.62939395075259
2020-04-18T05:00:00,13.754494376804518
2020-04-18T06:00:00,12.977194537287172
2020-04-18T07:00:00,12.963832938152809
2020-04-18T08:00:00,13.78500411821448
2020-04-18T09:00:00,15.315270838530164
2020-04-18T10:00:00,17.021591103595235
2020-04-18T11:00:00,18.489515594814133
2020-04-18T12:00:00,21.07966497670049
2020-04-18T13:00:00,22.680636571801223
2020-04-18T14:00:00,25.846703819606617
2020-04-18T15:00:00,29.45001875835916
2020-04-18T16:00:00,32.95372888316278
2020-04-18T17:00:00,36.45801610532014
2020-04-18T18:00:00,40.86825619573178
2020-04-18T19:00:00,46.91296137934145
2020-04-18T20:00:00,53.495245228643
2020-04-18T21:00:00,61.10553127786387
2020-04-18T22:00:00,68.29708845719047
2020-04-18T23:00:00,65.86076139367144
2020-04-19T00:00:00,68.65890934156334
2020-04-19T01:00:00,59.55207277380902
2020-04-19T02:00:00,23.468629671179727
2020-04-19T03:00:00,14.543659624846082
2020-04-19T04:00:00,12.312756082286004
2020-04-19T05:00:00,10.416627303413721
2020-04-19T06:00:00,9.426461468572201
2020-04-19T07:00:00,8.854737945224926
2020-04-19T08:00:00,8.8847685482191
2020-04-19T09:00:00,9.380895573159922
2020-04-19T10:00:00,10.039083480834961
2020-04-19T11:00:00,10.648407065350076
2020-04-19T12:00:00,10.352279828942338
2020-04-19T13:00:00,9.881403798642365
2020-04-19T14:00:00,10.60309596683668
2020-04-19T15:00:00,12.749885932258936
2020-04-19T16:00:00,19.26484846032184
2020-04-19T17:00:00,24.574102152948793
2020-04-19T18:00:00,28.700169438901153
2020-04-19T19:00:00,36.57132870218028
2020-04-19T20:00:00,45.44671133290166
2020-04-19T21:00:00,52.34724343341329
2020-04-19T22:00:00,57.85856844031291
2020-04-19T23:00:00,60.47319428817084
2020-04-20T00:00:00,61.246563455332875
2020-04-20T01:00:00,50.93903068874193
2020-04-20T02:00:00,20.957070101862364
2020-04-20T03:00:00,12.153543223505432
2020-04-20T04:00:00,9.697105532107145
2020-04-20T05:00:00,8.831595192784848
2020-04-20T06:00:00,8.610400365746539
2020-04-20T07:00:00,8.633228011753246
2020-04-20T08:00:00,8.90365049113398
2020-04-20T09:00:00,9.523050847260848
2020-04-20T10:00:00,10.555542987325914
2020-04-20T11:00:00,11.452219216719918
2020-04-20T12:00:00,11.654253213301947
2020-04-20T13:00:00,10.96983295938243
2020-04-20T14:00:00,11.779680335003395
2020-04-20T15:00:00,16.13194109045941
2020-04-20T16:00:00,16.815678389176078
2020-04-20T17:00:00,16.783476456351902
2020-04-20T18:00:00,19.070894821830414
2020-04-20T19:00:00,25.41489584549613
2020-04-20T20:00:00,30.23237891819166
2020-04-20T21:00:00,33.79546704499617
2020-04-20T22:00:00,37.44131751682447
2020-04-20T23:00:00,38.02715119071628
2020-04-21T00:00:00,38.78008983446204
2020-04-21T01:00:00,36.06985755588696
2020-04-21T02:00:00,20.537948691326637
2020-04-21T03:00:00,14.336428393488342
2020-04-21T04:00:00,11.64999020617941
2020-04-21T05:00:00,10.408337510150412
2020-04-21T06:00:00,9.730236426643701
2020-04-21T07:00:00,9.317008246546205
2020-04-21T08:00:00,9.087064452793287
2020-04-21T09:00:00,9.266575916953707
2020-04-21T10:00:00,9.908764092818549
2020-04-21T11:00:00,11.426157744034477
2020-04-21T12:00:00,11.165060831152873
2020-04-21T13:00:00,13.274456770523734
2020-04-21T14:00:00,16.797275460284688
2020-04-21T15:00:00,21.76713014685589
2020-04-21T16:00:00,27.495577521946114
2020-04-21T17:00:00,33.58923679849376
2020-04-21T18:00:00,41.86622503529424
2020-04-21T19:00:00,51.3270033131475
2020-04-21T20:00:00,62.89848709106444
2020-04-21T21:00:00,74.51522727634594
2020-04-21T22:00:00,83.33163982888927
2020-04-21T23:00:00,78.5978247601053
2020-04-22T00:00:00,71.45355755349864
2020-04-22T01:00:00,60.157558938731306
2020-04-22T02:00:00,30.16826190119204
2020-04-22T03:00:00,16.941350853961445
2020-04-22T04:00:00,12.100887505904486
2020-04-22T05:00:00,10.728126525878904
2020-04-22T06:00:00,10.349261947300123
2020-04-22T07:00:00,10.375236801479174
2020-04-22T08:00:00,10.892949809198795
2020-04-22T09:00:00,12.00876990608547
2020-04-22T10:00:00,13.338901727095891
2020-04-22T11:00:00,15.921057493790336
2020-04-22T12:00:00,19.0961566593336
2020-04-22T13:00:00,26.99643723861031
2020-04-22T14:00:00,38.132017550261125
2020-04-22T15:00:00,49.647047789200485
2020-04-22T16:00:00,54.216616589090094
2020-04-22T17:00:00,36.964537579080336
2020-04-22T18:00:00,38.26377868652343
2020-04-22T19:00:00,53.22374260943869
2020-04-22T20:00:00,68.59974206012228
2020-04-22T21:00:00,82.35844985298489
2020-04-22T22:00:00,93.97174105436905
2020-04-22T23:00:00,103.16950657056725
2020-04-23T00:00:00,109.17012189782183
2020-04-23T01:00:00,75.95264667013416
2020-04-23T02:00:00,34.864056131114125
2020-04-23T03:00:00,21.146702393241547
2020-04-23T04:00:00,17.072372187738832
2020-04-23T05:00:00,15.436256574547807
2020-04-23T06:00:00,14.312719262164569
2020-04-23T07:00:00,13.366789651953654
2020-04-23T08:00:00,12.72209014063296
2020-04-23T09:00:00,12.45323023588761
2020-04-23T10:00:00,13.052674459374469
2020-04-23T11:00:00,14.049024084339969
2020-04-23T12:00:00,13.787819572117018
2020-04-23T13:00:00,18.0786134056423
2020-04-23T14:00:00,24.80595024772312
2020-04-23T15:00:00,32.73057050290315
2020-04-23T16:00:00,35.19131469726562
2020-04-23T17:00:00,33.91401871390965
2020-04-23T18:00:00,40.316848754882805
2020-04-23T19:00:00,47.423876057500415
2020-04-23T20:00:00,56.596564583156415
2020-04-23T21:00:00,66.6833559119183
2020-04-23T22:00:00,84.29558032491931
2020-04-23T23:00:00,108.2067469721255
2020-04-24T00:00:00,123.81942185111666
2020-04-24T01:00:00,94.63188569442084
2020-04-24T02:00:00,46.1534190799879
2020-04-24T03:00:00,31.865878146627672
2020-04-24T04:00:00,25.985013961791992
2020-04-24T05:00:00,25.865049942680024
2020-04-24T06:00:00,29.664948504904036
2020-04-24T07:00:00,31.936199354088824
2020-04-24T08:00:00,30.531572341918945
2020-04-24T09:00:00,27.88837217248004
2020-04-24T10:00:00,27.8917529064676
2020-04-24T11:00:00,31.660755572111707
2020-04-24T12:00:00,38.13495561350946
2020-04-24T13:00:00,45.96309836014457
2020-04-24T14:00:00,59.34883499145508
2020-04-24T15:00:00,75.15426071830417
2020-04-24T16:00:00,90.64409305738366
2020-04-24T17:00:00,99.24177418584408
2020-04-24T18:00:00,87.94866213591202
2020-04-24T19:00:00,79.68072509765624
2020-04-24T20:00:00,71.08315243928328
2020-04-24T21:00:00,56.89339712391729
2020-04-24T22:00:00,53.90637920213782
2020-04-24T23:00:00,55.30599975585937
2020-04-25T00:00:00,60.35556295643682
2020-04-25T01:00:00,46.43762090931768
2020-04-25T02:00:00,20.980734866598375
2020-04-25T03:00:00,15.355294973953912
2020-04-25T04:00:00,14.301967911098313
2020-04-25T05:00:00,14.413113013557764
2020-04-25T06:00:00,14.798494256061055
2020-04-25T07:00:00,15.563160357267959
2020-04-25T08:00:00,16.699715655782946
2020-04-25T09:00:00,18.55527239260466
2020-04-25T10:00:00,20.903926932293434
2020-04-25T11:00:00,22.535979229470957
2020-04-25T12:00:00,25.32622130020805
2020-04-25T13:00:00,28.951143679411512
2020-04-25T14:00:00,33.355948821358055
2020-04-25T15:00:00,40.62012216319208
2020-04-25T16:00:00,48.613457721212626
2020-04-25T17:00:00,60.160170845363446
2020-04-25T18:00:00,69.89666648533033
2020-04-25T19:00:00,66.31988177092178
2020-04-25T20:00:00,62.90904799751613
2020-04-25T21:00:00,64.42065894085427
2020-04-25T22:00:00,68.1639230147652
2020-04-25T23:00:00,76.29504494045091
2020-04-26T00:00:00,89.36773067971933
2020-04-26T01:00:00,94.70134237538213
2020-04-26T02:00:00,74.03147971111795
2020-04-26T03:00:00,39.60811681332795
2020-04-26T04:00:00,28.690980081972864
2020-04-26T05:00:00,24.64746748882791
2020-04-26T06:00:00,22.661728485770844
2020-04-26T07:00:00,21.349708557128903
2020-04-26T08:00:00,20.411998748779297
2020-04-26T09:00:00,21.371699457583215
2020-04-26T10:00:00,24.001063554183297
2020-04-26T11:00:00,27.999596139659047
2020-04-26T12:00:00,37.41658086362092
2020-04-26T13:00:00,47.425166586171024
2020-04-26T14:00:00,59.37439445827317
2020-04-26T15:00:00,72.85789556088655
2020-04-26T16:00:00,81.87465004298997
2020-04-26T17:00:00,92.34273562224014
2020-04-26T18:00:00,102.37599281642748
2020-04-26T19:00:00,110.25096992824386
2020-04-26T20:00:00,116.06637042501697
2020-04-26T21:00:00,120.21920046599013
2020-04-26T22:00:00,103.81305661408796
2020-04-26T23:00:00,77.73972386899202
2020-04-27T00:00:00,78.26892885954483
2020-04-27T01:00:00,70.12365125573199
2020-04-27T02:00:00,40.2801400889521
2020-04-27T03:00:00,29.401077353436012
2020-04-27T04:00:00,28.20386745618737
2020-04-27T05:00:00,27.51353114584218
2020-04-27T06:00:00,27.723836567090903
2020-04-27T07:00:00,28.91864444898522
2020-04-27T08:00:00,30.199245535809055
2020-04-27T09:00:00,31.907382882159684
2020-04-27T10:00:00,33.81937250883683
2020-04-27T11:00:00,36.81225710329801
2020-04-27T12:00:00,43.06601068247919
2020-04-27T13:00:00,49.292475907698915
2020-04-27T14:00:00,53.66591188182001
2020-04-27T15:00:00,55.74340397378672
2020-04-27T16:00:00,57.73338914954144
2020-04-27T17:00:00,49.97760192207667
2020-04-27T18:00:00,49.55205552474311
2020-04-27T19:00:00,48.67645321721616
2020-04-27T20:00:00,48.30525398254394
2020-04-27T21:00:00,52.48454881751019
2020-04-27T22:00:00,60.04891801917034
2020-04-27T23:00:00,74.49465826283328
2020-04-28T00:00:00,91.85112563423488
2020-04-28T01:00:00,91.03396009362261
2020-04-28T02:00:00,41.39691046009892
2020-04-28T03:00:00,32.644920349121094
2020-04-28T04:00:00,31.88758634484332
2020-04-28T05:00:00,31.172065320222273
2020-04-28T06:00:00,29.786972875180453
2020-04-28T07:00:00,29.422797742097273
2020-04-28T08:00:00,30.312511609948196
2020-04-28T09:00:00,33.797859855320134
2020-04-28T10:00:00,39.49144827801248
2020-04-28T11:00:00,49.86859081102453
2020-04-28T12:00:00,59.80738399339758
2020-04-28T13:00:00,70.56346777211064
2020-04-28T14:00:00,86.45705679188603
2020-04-28T15:00:00,105.0292272153108
2020-04-28T16:00:00,122.93558469025982
2020-04-28T17:00:00,139.16141941236413
2020-04-28T18:00:00,151.39821525242016
2020-04-28T19:00:00,154.22225753120753
2020-04-28T20:00:00,145.7317723813264
2020-04-28T21:00:00,137.8179779052734
2020-04-28T22:00:00,133.59999482528022
2020-04-28T23:00:00,125.9799108090608
2020-04-29T00:00:00,110.77302285899286
2020-04-29T01:00:00,86.77337812340778
2020-04-29T02:00:00,47.74608097905698
2020-04-29T03:00:00,31.164677744326383
2020-04-29T04:00:00,24.696287984433376
2020-04-29T05:00:00,21.74409592669943
2020-04-29T06:00:00,20.29280679122261
2020-04-29T07:00:00,20.01622672702955
2020-04-29T08:00:00,21.297858196756113
2020-04-29T09:00:00,24.688659004543137
2020-04-29T10:00:00,31.715073129405145
2020-04-29T11:00:00,46.594878486965015
2020-04-29T12:00:00,63.71838179878565
2020-04-29T13:00:00,69.82824574346127
2020-04-29T14:00:00,75.56415823231572
2020-04-29T15:00:00,79.86320860489555
2020-04-29T16:00:00,85.83216393512228
2020-04-29T17:00:00,93.36678679093069
2020-04-29T18:00:00,99.54296576458475
2020-04-29T19:00:00,104.0398655767026
2020-04-29T20:00:00,109.54782071320906
2020-04-29T21:00:00,76.08858970973802
2020-04-29T22:00:00,75.30768933503523
2020-04-29T23:00:00,73.73737069834833
2020-04-30T00:00:00,78.73207241555917
2020-04-30T01:00:00,78.66167416779889
2020-04-30T02:00:00,40.79383186672044
2020-04-30T03:00:00,26.357036922288977
2020-04-30T04:00:00,19.36022791655167
2020-04-30T05:00:00,16.74170402858568
2020-04-30T06:00:00,16.532686482305113
2020-04-30T07:00:00,15.977418153182317
2020-04-30T08:00:00,15.544820536737854
2020-04-30T09:00:00,15.32125904249108
2020-04-30T10:00:00,16.302656920059867
2020-04-30T11:00:00,18.33146286010742
2020-04-30T12:00:00,22.02918193651282
2020-04-30T13:00:00,27.44006496927012
2020-04-30T14:00:00,27.72108865820843
2020-04-30T15:00:00,26.933962614639942
2020-04-30T16:00:00,33.192035343336016
2020-04-30T17:00:00,40.9726564158564
2020-04-30T18:00:00,47.62858034216839
2020-04-30T19:00:00,55.798562920611836
2020-04-30T20:00:00,62.230939782184095
2020-04-30T21:00:00,65.80834662395975
2020-04-30T22:00:00,67.29486780581267
2020-04-30T23:00:00,67.66264774488366
2020-05-01T00:00:00,67.03688480543053
2020-05-01T01:00:00,53.445607392684266
2020-05-01T02:00:00,24.299351401951
2020-05-01T03:00:00,23.209831984146778
2020-05-01T04:00:00,24.23424082217009
2020-05-01T05:00:00,24.944628259410027
2020-05-01T06:00:00,25.28692991837211
2020-05-01T07:00:00,25.63647593622622
2020-05-01T08:00:00,26.23129786615786
2020-05-01T09:00:00,27.230807677559227
2020-05-01T10:00:00,28.413321121879243
2020-05-01T11:00:00,29.42068174610967
2020-05-01T12:00:00,32.976617896038555
2020-05-01T13:00:00,39.956222865892485
2020-05-01T14:00:00,51.360187198804766
2020-05-01T15:00:00,64.47934291673741
2020-05-01T16:00:00,81.78484278139861
2020-05-01T17:00:00,101.35286778989044
2020-05-01T18:00:00,119.96769249957539
2020-05-01T19:00:00,134.72285262398094
2020-05-01T20:00:00,147.2233714228091
2020-05-01T21:00:00,159.71321902067766
2020-05-01T22:00:00,167.71436342985731
2020-05-01T23:00:00,162.39969535495922
2020-05-02T00:00:00,157.6609769074813
2020-05-02T01:00:00,124.37955839737602
2020-05-02T02:00:00,64.61401101817255
2020-05-02T03:00:00,44.17268952079441
2020-05-02T04:00:00,38.89353577987007
2020-05-02T05:00:00,37.067921845809266
2020-05-02T06:00:00,36.29772766776707
2020-05-02T07:00:00,36.138327391251266
2020-05-02T08:00:00,36.350444130275555
2020-05-02T09:00:00,36.746051456617266
2020-05-02T10:00:00,37.21080299045728
2020-05-02T11:00:00,37.32852570906929
2020-05-02T12:00:00,42.10403641410495
2020-05-02T13:00:00,55.28676406196926
2020-05-02T14:00:00,56.78390552686608
2020-05-02T15:00:00,56.35432085783585
2020-05-02T16:00:00,57.263881849206
2020-05-02T17:00:00,64.67141425091286
2020-05-02T18:00:00,73.74430532040802
2020-05-02T19:00:00,83.50148773193358
2020-05-02T20:00:00,94.52236474078633
2020-05-02T21:00:00,108.3584680971892
2020-05-02T22:00:00,113.11687834366506
2020-05-02T23:00:00,112.7699448958687
2020-05-03T00:00:00,120.96288863472317
2020-05-03T01:00:00,118.16124924369478
2020-05-03T02:00:00,69.37352785856827
2020-05-03T03:00:00,46.810804947562836
2020-05-03T04:00:00,43.46095192950704
2020-05-03T05:00:00,42.607858906621516
2020-05-03T06:00:00,42.15339345517365
2020-05-03T07:00:00,42.083625130031415
2020-05-03T08:00:00,42.51627913765285
2020-05-03T09:00:00,43.91808683975882
2020-05-03T10:00:00,45.56347805520762
2020-05-03T11:00:00,48.19311042453931
2020-05-03T12:00:00,52.448120448900305
2020-05-03T13:00:00,59.7442918860394
2020-05-03T14:00:00,67.45166679050611
2020-05-03T15:00:00,67.17361632637355
2020-05-03T16:00:00,70.77601291822349
2020-05-03T17:00:00,75.66071601535961
2020-05-03T18:00:00,81.69872333692467
2020-05-03T19:00:00,90.90583121258278
2020-05-03T20:00:00,103.85392827573028
2020-05-03T21:00:00,122.59976262631622
2020-05-03T22:00:00,141.8500110792077
2020-05-03T23:00:00,157.46589461616847
2020-05-04T00:00:00,169.94288900624147
2020-05-04T01:00:00,155.33324730914572
2020-05-04T02:00:00,84.16341864544412
2020-05-04T03:00:00,55.950023982835845
2020-05-04T04:00:00,49.28360814633576
2020-05-04T05:00:00,45.53952722964079
2020-05-04T06:00:00,43.49654089886209
2020-05-04T07:00:00,42.25574211452317
2020-05-04T08:00:00,40.8728670866593
2020-05-04T09:00:00,42.084976196289055
2020-05-04T10:00:00,45.10277341759723
2020-05-04T11:00:00,47.09448391458262
2020-05-04T12:00:00,51.21052816639775
2020-05-04T13:00:00,58.22716605144997
2020-05-04T14:00:00,67.50330933280613
2020-05-04T15:00:00,78.90248771335766
2020-05-04T16:00:00,92.52876994920814
2020-05-04T17:00:00,108.69288369883661
2020-05-04T18:00:00,127.27849313487177
2020-05-04T19:00:00,151.56953430175778
2020-05-04T20:00:00,174.83437115213144
2020-05-04T21:00:00,190.18325009553328
2020-05-04T22:00:00,204.34383690875507
2020-05-04T23:00:00,215.38980235224182
2020-05-05T00:00:00,223.95346334706178
2020-05-05T01:00:00,212.2460413393767
2020-05-05T02:00:00,116.7530172596807
2020-05-05T03:00:00,74.22858992866847
2020-05-05T04:00:00,58.55120169598123
2020-05-05T05:00:00,48.90554975426715
2020-05-05T06:00:00,41.695714204207704
2020-05-05T07:00:00,37.493843078613274
2020-05-05T08:00:00,35.742426001507305
2020-05-05T09:00:00,36.29735996412194
2020-05-05T10:00:00,37.53738685276197
2020-05-05T11:00:00,41.22953448088273
2020-05-05T12:00:00,48.92753020576808
2020-05-05T13:00:00,63.87760079425314
2020-05-05T14:00:00,85.02136097783628
2020-05-05T15:00:00,107.42950373110563
2020-05-05T16:00:00,126.88120103918986
2020-05-05T17:00:00,142.52290211553156
2020-05-05T18:00:00,154.91397758152172
2020-05-05T19:00:00,163.8916433583135
2020-05-05T20:00:00,170.98905745796534
2020-05-05T21:00:00,175.0002627165421
2020-05-05T22:00:00,174.57755511739978
2020-05-05T23:00:00,170.11043847125507
2020-05-06T00:00:00,156.73079382854957
2020-05-06T01:00:00,125.98209414274797
2020-05-06T02:00:00,74.9784811268682
2020-05-06T03:00:00,37.487340678339415
2020-05-06T04:00:00,26.35370403787364
2020-05-06T05:00:00,22.781445212986156
2020-05-06T06:00:00,20.91166065050208
2020-05-06T07:00:00,19.474015692005985
2020-05-06T08:00:00,19.19289157701575
2020-05-06T09:00:00,19.546743724657137
2020-05-06T10:00:00,20.804014786430027
2020-05-06T11:00:00,23.6428513734237
2020-05-06T12:00:00,29.912528079489
2020-05-06T13:00:00,38.640990879224695
2020-05-06T14:00:00,51.07014034105383
2020-05-06T15:00:00,57.46788273686948
2020-05-06T16:00:00,61.1974928482719
2020-05-06T17:00:00,62.66548189909562
2020-05-06T18:00:00,62.803993888523266
2020-05-06T19:00:00,62.52890678074048
2020-05-06T20:00:00,64.41697626528533
2020-05-06T21:00:00,67.6452981700068
2020-05-06T22:00:00,72.06913657810377
2020-05-06T23:00:00,76.50999317998472
2020-05-07T00:00:00,79.08677275284475
2020-05-07T01:00:00,56.26445902948794
2020-05-07T02:00:00,20.606299110080883
2020-05-07T03:00:00,16.357727465422258
2020-05-07T04:00:00,14.888464844745137
2020-05-07T05:00:00,14.37935630134914
2020-05-07T06:00:00,14.410249668618906
2020-05-07T07:00:00,15.023233786873195
2020-05-07T08:00:00,16.24644014109736
2020-05-07T09:00:00,17.95276293547257
2020-05-07T10:00:00,19.055140702620797
2020-05-07T11:00:00,21.462450607963227
2020-05-07T12:00:00,24.725127759187114
2020-05-07T13:00:00,32.23433983844259
2020-05-07T14:00:00,43.77745885434357
2020-05-07T15:00:00,58.235556395157516
2020-05-07T16:00:00,73.14011283542798
2020-05-07T17:00:00,73.23067308508831
2020-05-07T18:00:00,48.84559830375339
2020-05-07T19:00:00,50.42007164333177
2020-05-07T20:00:00,52.125597746475876
2020-05-07T21:00:00,52.41032874065897
2020-05-07T22:00:00,53.16799263332201
2020-05-07T23:00:00,52.66947655055834
2020-05-08T00:00:00,52.57883121656334
2020-05-08T01:00:00,43.834501515264094
2020-05-08T02:00:00,26.88420362057893
2020-05-08T03:00:00,19.67638994299847
2020-05-08T04:00:00,17.077535795128863
2020-05-08T05:00:00,16.43401589600936
2020-05-08T06:00:00,16.218465266020402
2020-05-08T07:00:00,16.355916562287703
2020-05-08T08:00:00,16.90372831925102
2020-05-08T09:00:00,17.612548993981402
2020-05-08T10:00:00,18.8599738245425
2020-05-08T11:00:00,20.25928273408309
2020-05-08T12:00:00,24.887169713559356
2020-05-08T13:00:00,32.691120313561484
2020-05-08T14:00:00,34.9042039954144
2020-05-08T15:00:00,35.52084035458772
2020-05-08T16:00:00,46.63137983239215
2020-05-08T17:00:00,59.586590974227235
2020-05-08T18:00:00,72.86422862177308
2020-05-08T19:00:00,82.27609717327616
2020-05-08T20:00:00,88.72078804347825
2020-05-08T21:00:00,94.05786663552988
2020-05-08T22:00:00,97.82533065132473
2020-05-08T23:00:00,99.78850787618885
2020-05-09T00:00:00,100.48403035039486
2020-05-09T01:00:00,62.10749551524286
2020-05-09T02:00:00,25.719242925229278
2020-05-09T03:00:00,20.51007619111434
2020-05-09T04:00:00,18.486523669698965
2020-05-09T05:00:00,17.85047854547915
2020-05-09T06:00:00,18.039804541546363
2020-05-09T07:00:00,18.767664204473082
2020-05-09T08:00:00,20.074514471966285
2020-05-09T09:00:00,22.490982304448668
2020-05-09T10:00:00,25.79361600461213
2020-05-09T11:00:00,30.224557130233098
2020-05-09T12:00:00,36.56898233164912
2020-05-09T13:00:00,46.93214632117229
2020-05-09T14:00:00,62.116389730702274
2020-05-09T15:00:00,80.16379978345786
2020-05-09T16:00:00,101.99183488928752
2020-05-09T17:00:00,124.9608801136846
2020-05-09T18:00:00,139.9575732687245
2020-05-09T19:00:00,139.66175709600034
2020-05-09T20:00:00,132.0854445747707
2020-05-09T21:00:00,133.22667594577953
2020-05-09T22:00:00,144.88042151409644
2020-05-09T23:00:00,155.39235587742016
2020-05-10T00:00:00,162.0559028957201
2020-05-10T01:00:00,149.7217387323794
2020-05-10T02:00:00,67.60701055112092
2020-05-10T03:00:00,33.858738940695055
2020-05-10T04:00:00,25.822468301524285
2020-05-10T05:00:00,23.71117160631263
2020-05-10T06:00:00,24.15124403912088
2020-05-10T07:00:00,25.58123787589695
2020-05-10T08:00:00,25.66965799746306
2020-05-10T09:00:00,26.955141813858695
2020-05-10T10:00:00,29.504842011824895
2020-05-10T11:00:00,33.04237631092901
2020-05-10T12:00:00,35.138184423032016
2020-05-10T13:00:00,40.44608953724737
2020-05-10T14:00:00,48.277534982432485
2020-05-10T15:00:00,56.94236208044964
2020-05-10T16:00:00,68.62574585624363
2020-05-10T17:00:00,81.40165528007174
2020-05-10T18:00:00,94.19716312574302
2020-05-10T19:00:00,104.05204142694888
2020-05-10T20:00:00,110.92038162894869
2020-05-10T21:00:00,111.6295348457668
2020-05-10T22:00:00,111.75866400677224
2020-05-10T23:00:00,109.50741709833558
2020-05-11T00:00:00,106.8709720114003
2020-05-11T01:00:00,103.45229538627291
2020-05-11T02:00:00,91.8216960741126
2020-05-11T03:00:00,55.02188276207964
2020-05-11T04:00:00,37.08462756613026
2020-05-11T05:00:00,29.857276336006493
2020-05-11T06:00:00,28.559535897296406
2020-05-11T07:00:00,30.421267467996348
2020-05-11T08:00:00,33.57788226915442
2020-05-11T09:00:00,37.79785637233568
2020-05-11T10:00:00,44.198435741922125
2020-05-11T11:00:00,55.509313168733016
2020-05-11T12:00:00,75.2266497404679
2020-05-11T13:00:00,100.54754605500594
2020-05-11T14:00:00,128.53255728016728
2020-05-11T15:00:00,154.44644430409306
2020-05-11T16:00:00,177.31753540039062
2020-05-11T17:00:00,196.775506724482
2020-05-11T18:00:00,212.87214262589163
2020-05-11T19:00:00,229.57437133789062
2020-05-11T20:00:00,241.6653256623641
2020-05-11T21:00:00,248.6606412141219
2020-05-11T22:00:00,253.0848388671875
2020-05-11T23:00:00,256.0928039550781
2020-05-12T00:00:00,256.94031823199725
2020-05-12T01:00:00,238.04535840905226
2020-05-12T02:00:00,95.43942459769869
2020-05-12T03:00:00,37.15689601068912
2020-05-12T04:00:00,28.85406394626783
2020-05-12T05:00:00,29.630696835725196
2020-05-12T06:00:00,29.893030000769574
2020-05-12T07:00:00,27.884999233743418
2020-05-12T08:00:00,29.72060866977857
2020-05-12T09:00:00,32.23300411390221
2020-05-12T10:00:00,34.54370672806449
2020-05-12T11:00:00,33.83728317592455
2020-05-12T12:00:00,35.973886738652766
2020-05-12T13:00:00,39.80724915214206
2020-05-12T14:00:00,43.38695376852284
2020-05-12T15:00:00,47.4383490189262
2020-05-12T16:00:00,48.655660214631446
2020-05-12T17:00:00,51.2791228916334
2020-05-12T18:00:00,57.12006975256878
2020-05-12T19:00:00,57.354837002961524
2020-05-12T20:00:00,66.35301142153531
2020-05-12T21:00:00,76.50180501523225
2020-05-12T22:00:00,86.79766912045686
2020-05-12T23:00:00,98.52717905459195
2020-05-13T00:00:00,115.56745379904041
2020-05-13T01:00:00,136.97692108154294
2020-05-13T02:00:00,97.06136255678922
2020-05-13T03:00:00,52.63629531860351
2020-05-13T04:00:00,33.02027370618737
2020-05-13T05:00:00,27.969924512116805
2020-05-13T06:00:00,27.046230316162106
2020-05-13T07:00:00,27.629520084546957
2020-05-13T08:00:00,29.26867808466372
2020-05-13T09:00:00,31.907595095427137
2020-05-13T10:00:00,38.14680281929348
2020-05-13T11:00:00,44.86708168361498
2020-05-13T12:00:00,52.8918052341627
2020-05-13T13:00:00,66.87051756485648
2020-05-13T14:00:00,84.2552961266559
2020-05-13T15:00:00,104.37723408574642
2020-05-13T16:00:00,125.64339347507642
2020-05-13T17:00:00,147.13224925165588
2020-05-13T18:00:00,166.75114308232844
2020-05-13T19:00:00,183.0991217571756
2020-05-13T20:00:00,196.16336258597994
2020-05-13T21:00:00,206.82602459451425
2020-05-13T22:00:00,214.61739714249316
2020-05-13T23:00:00,221.47473476244053
2020-05-14T00:00:00,225.76680921471635
2020-05-14T01:00:00,170.21154586128566
2020-05-14T02:00:00,85.3626364003057
2020-05-14T03:00:00,59.90812633348548
2020-05-14T04:00:00,47.70932952217433
2020-05-14T05:00:00,41.99529266357421
2020-05-14T06:00:00,39.05297586192255
2020-05-14T07:00:00,37.35308290564495
2020-05-14T08:00:00,36.684314727783196
2020-05-14T09:00:00,35.68971517811651
2020-05-14T10:00:00,35.52146215024201
2020-05-14T11:00:00,38.58094323199728
2020-05-14T12:00:00,45.46143904976222
2020-05-14T13:00:00,59.099850530209736
2020-05-14T14:00:00,77.27053501295005
2020-05-14T15:00:00,96.25295655623727
2020-05-14T16:00:00,113.89084028161089
2020-05-14T17:00:00,131.53136974832285
2020-05-14T18:00:00,148.70017275602922
2020-05-14T19:00:00,160.10410142981488
2020-05-14T20:00:00,165.88503165867016
2020-05-14T21:00:00,167.42841836680537
2020-05-14T22:00:00,153.07042461892834
2020-05-14T23:00:00,135.60349107825238
2020-05-15T00:00:00,138.5390976615574
2020-05-15T01:00:00,133.6814853834069
2020-05-15T02:00:00,96.31919363270634
2020-05-15T03:00:00,55.49439985855766
2020-05-15T04:00:00,41.22251958432404
2020-05-15T05:00:00,34.37999476557192
2020-05-15T06:00:00,30.18977546691894
2020-05-15T07:00:00,27.984745937844977
2020-05-15T08:00:00,27.17348065583602
2020-05-15T09:00:00,28.076971966287363
2020-05-15T10:00:00,30.651381699935246
2020-05-15T11:00:00,39.320724653161086
2020-05-15T12:00:00,49.949526745340094
2020-05-15T13:00:00,58.20711135864257
2020-05-15T14:00:00,64.1755318019701
2020-05-15T15:00:00,67.16051814867102
2020-05-15T16:00:00,66.90041284975798
2020-05-15T17:00:00,72.12447622547977
2020-05-15T18:00:00,77.89768152651578
2020-05-15T19:00:00,79.73378355606741
2020-05-15T20:00:00,78.48331816300102
2020-05-15T21:00:00,75.72167802893597
2020-05-15T22:00:00,72.06864962370499
2020-05-15T23:00:00,71.30139160156249
2020-05-16T00:00:00,71.9894727623981
2020-05-16T01:00:00,72.75938846753989
2020-05-16T02:00:00,72.25061201012653
2020-05-16T03:00:00,55.66249582041865
2020-05-16T04:00:00,45.47345086802607
2020-05-16T05:00:00,41.10396575927734
2020-05-16T06:00:00,38.16311131352964
2020-05-16T07:00:00,38.33410478674847
2020-05-16T08:00:00,42.4976518050484
2020-05-16T09:00:00,46.461340199346125
2020-05-16T10:00:00,54.50667621778405
2020-05-16T11:00:00,63.40066063922384
2020-05-16T12:00:00,71.9848466956097
2020-05-16T13:00:00,80.22564033840013
2020-05-16T14:00:00,81.1754913330078
2020-05-16T15:00:00,83.4553866179093
2020-05-16T16:00:00,87.93681633990742
2020-05-16T17:00:00,89.42761761209238
2020-05-16T18:00:00,89.05889925749405
2020-05-16T19:00:00,87.72811756963313
2020-05-16T20:00:00,88.66878244151239
2020-05-16T21:00:00,93.80229949951172
2020-05-16T22:00:00,93.16681903341542
2020-05-16T23:00:00,87.78908008077869
2020-05-17T00:00:00,83.40099799114724
2020-05-17T01:00:00,76.6941787056301
2020-05-17T02:00:00,64.35716745127802
2020-05-17T03:00:00,50.74584596053413
2020-05-17T04:00:00,44.71467424475628
2020-05-17T05:00:00,42.955694281536594
2020-05-17T06:00:00,43.688399273416266
2020-05-17T07:00:00,45.54769880875297
2020-05-17T08:00:00,49.37185420160707
2020-05-17T09:00:00,54.49435424804687
2020-05-17T10:00:00,60.50664288064708
2020-05-17T11:00:00,66.56849305526069
2020-05-17T12:00:00,70.82767519743545
2020-05-17T13:00:00,71.95942223590352
2020-05-17T14:00:00,74.12468586797297
2020-05-17T15:00:00,76.60674882971722
2020-05-17T16:00:00,78.55424997080927
2020-05-17T17:00:00,78.6837158203125
2020-05-17T18:00:00,74.13575645115064
2020-05-17T19:00:00,67.28172501273777
2020-05-17T20:00:00,61.908652429995314
2020-05-17T21:00:00,59.95968561587125
2020-05-17T22:00:00,60.536755935005516
2020-05-17T23:00:00,59.37448385487431
2020-05-18T00:00:00,58.378874737283454
2020-05-18T01:00:00,55.417341646940805
2020-05-18T02:00:00,51.876364500626266
2020-05-18T03:00:00,48.118484497070305
2020-05-18T04:00:00,39.03506419969641
2020-05-18T05:00:00,35.23126187531844
2020-05-18T06:00:00,32.09913071342136
2020-05-18T07:00:00,29.142669428949766
2020-05-18T08:00:00,27.120287439097527
2020-05-18T09:00:00,26.371941773787785
2020-05-18T10:00:00,27.238598201585848
2020-05-18T11:00:00,31.443302403325617
2020-05-18T12:00:00,38.322731183922805
2020-05-18T13:00:00,38.2314106485118
2020-05-18T14:00:00,38.59134491630222
2020-05-18T15:00:00,42.59780336462933
2020-05-18T16:00:00,41.39286091016687
2020-05-18T17:00:00,37.37300242548404
2020-05-18T18:00:00,37.28873526531717
2020-05-18T19:00:00,34.99589405889096
2020-05-18T20:00:00,32.164684710295305
2020-05-18T21:00:00,30.287451453830883
2020-05-18T22:00:00,31.878648094508957
2020-05-18T23:00:00,36.253151105797805
2020-05-19T00:00:00,40.00542217752207
2020-05-19T01:00:00,40.9565777985946
2020-05-19T02:00:00,37.076328609300695
2020-05-19T03:00:00,30.422225620435626
2020-05-19T04:00:00,30.909741360208262
2020-05-19T05:00:00,31.457971987516984
2020-05-19T06:00:00,30.923135508661684
2020-05-19T07:00:00,30.22858777253524
2020-05-19T08:00:00,31.351973492166266
2020-05-19T09:00:00,35.33507471499235
2020-05-19T10:00:00,39.59271820731785
2020-05-19T11:00:00,44.54899713267451
2020-05-19T12:00:00,51.38778089440387
2020-05-19T13:00:00,54.804407700248376
2020-05-19T14:00:00,57.7120943484099
2020-05-19T15:00:00,58.73928352024244
2020-05-19T16:00:00,59.354638970416524
2020-05-19T17:00:00,58.08139601997706
2020-05-19T18:00:00,53.86999777088994
2020-05-19T19:00:00,51.90980629298997
2020-05-19T20:00:00,50.94641295723293
2020-05-19T21:00:00,48.60508728027343
2020-05-19T22:00:00,45.97968673706054
2020-05-19T23:00:00,41.94507914004118
2020-05-20T00:00:00,40.530883623206094
2020-05-20T01:00:00,40.16956345931343
2020-05-20T02:00:00,35.80976535962975
2020-05-20T03:00:00,27.172526981519614
2020-05-20T04:00:00,23.79296833535899
2020-05-20T05:00:00,22.292442570561946
2020-05-20T06:00:00,21.061161041259762
2020-05-20T07:00:00,19.48155875827955
2020-05-20T08:00:00,17.97835623699686
2020-05-20T09:00:00,16.931427499522332
2020-05-20T10:00:00,16.598747087561566
2020-05-20T11:00:00,17.653656503428582
2020-05-20T12:00:00,22.09218771561332
2020-05-20T13:00:00,25.524421360181723
2020-05-20T14:00:00,27.72452072475267
2020-05-20T15:00:00,29.484989746757172
2020-05-20T16:00:00,32.70817333719005
2020-05-20T17:00:00,34.798823812733524
2020-05-20T18:00:00,32.76687331821608
2020-05-20T19:00:00,28.01446027341096
2020-05-20T20:00:00,24.517169371895168
2020-05-20T21:00:00,24.114930028500762
2020-05-20T22:00:00,24.73379906364109
2020-05-20T23:00:00,25.18921321371327
2020-05-21T00:00:00,22.83359983692998
2020-05-21T01:00:00,20.85801315307617
2020-05-21T02:00:00,16.925364287003223
2020-05-21T03:00:00,14.360262331755264
2020-05-21T04:00:00,13.160334752953569
2020-05-21T05:00:00,12.250546206598695
2020-05-21T06:00:00,11.65326462621274
2020-05-21T07:00:00,11.238014884617016
2020-05-21T08:00:00,11.079602200052012
2020-05-21T09:00:00,10.994322569473928
2020-05-21T10:00:00,11.052695232888926
2020-05-21T11:00:00,11.99071971229885
2020-05-21T12:00:00,14.978372242139733
2020-05-21T13:00:00,19.023708924003266
2020-05-21T14:00:00,22.55503455452297
2020-05-21T15:00:00,24.796115626459535
2020-05-21T16:00:00,25.32840529732082
2020-05-21T17:00:00,25.537843538367227
2020-05-21T18:00:00,26.514158912326977
2020-05-21T19:00:00,28.88592595639436
2020-05-21T20:00:00,30.81353718301524
2020-05-21T21:00:00,29.256489214689832
2020-05-21T22:00:00,27.111295948857844
2020-05-21T23:00:00,25.746644061544664
2020-05-22T00:00:00,26.15434306600819
2020-05-22T01:00:00,27.707396465799082
2020-05-22T02:00:00,20.55528168056322
2020-05-22T03:00:00,14.756897967794666
2020-05-22T04:00:00,12.643658596536385
2020-05-22T05:00:00,11.716705529586127
2020-05-22T06:00:00,12.031946140786875
2020-05-22T07:00:00,12.396668558535369
2020-05-22T08:00:00,12.168227444524348
2020-05-22T09:00:00,12.397264314734416
2020-05-22T10:00:00,13.242321511973502
2020-05-22T11:00:00,15.251747504524559
2020-05-22T12:00:00,19.73195167209791
2020-05-22T13:00:00,25.478672856869903
2020-05-22T14:00:00,30.665895047395118
2020-05-22T15:00:00,33.69781535604726
2020-05-22T16:00:00,36.02260954483695
2020-05-22T17:00:00,36.84639242421025
2020-05-22T18:00:00,35.54897582012674
2020-05-22T19:00:00,35.918136264966876
2020-05-22T20:00:00,36.636790897535235
2020-05-22T21:00:00,36.3456104112708
2020-05-22T22:00:00,35.79970392973526
2020-05-22T23:00:00,35.1279298533564
2020-05-23T00:00:00,34.377531300420344
2020-05-23T01:00:00,30.975554424783454
2020-05-23T02:00:00,22.86439514160156
2020-05-23T03:00:00,18.58248196477475
2020-05-23T04:00:00,17.14443016052246
2020-05-23T05:00:00,16.230466676794965
2020-05-23T06:00:00,15.061609143796174
2020-05-23T07:00:00,14.62990951538086
2020-05-23T08:00:00,14.737043588057805
2020-05-23T09:00:00,14.971295937247897
2020-05-23T10:00:00,15.155543451723846
2020-05-23T11:00:00,16.461070931476094
2020-05-23T12:00:00,21.50634533426036
2020-05-23T13:00:00,29.110516838405438
2020-05-23T14:00:00,35.895631790161126
2020-05-23T15:00:00,41.01994688614555
2020-05-23T16:00:00,43.00655829388162
2020-05-23T17:00:00,42.59417989979619
2020-05-23T18:00:00,42.47599178811778
2020-05-23T19:00:00,42.401392563529626
2020-05-23T20:00:00,40.17984058545982
2020-05-23T21:00:00,35.77137673419455
2020-05-23T22:00:00,34.401871225108266
2020-05-23T23:00:00,33.81385040283203
2020-05-24T00:00:00,34.59265319160792
2020-05-24T01:00:00,32.21561547984247
2020-05-24T02:00:00,22.164671607639477
2020-05-24T03:00:00,16.557022343511168
2020-05-24T04:00:00,14.899291079977282
2020-05-24T05:00:00,13.811754973038383
2020-05-24T06:00:00,13.49321398527726
2020-05-24T07:00:00,13.457545570705246
2020-05-24T08:00:00,13.424401863761569
2020-05-24T09:00:00,13.814886963885762
2020-05-24T10:00:00,14.964959683625594
2020-05-24T11:00:00,17.72863620260487
2020-05-24T12:00:00,22.967525150464926
2020-05-24T13:00:00,27.417757614799168
2020-05-24T14:00:00,30.557840015577227
2020-05-24T15:00:00,33.04591261822244
2020-05-24T16:00:00,36.325121755185336
2020-05-24T17:00:00,39.91896670797596
2020-05-24T18:00:00,41.994860441788376
2020-05-24T19:00:00,43.63975956128991
2020-05-24T20:00:00,41.603363037109375
2020-05-24T21:00:00,42.611927032470696
2020-05-24T22:00:00,46.6591513260551
2020-05-24T23:00:00,48.286640001379915
2020-05-25T00:00:00,48.69975214419157
2020-05-25T01:00:00,44.523883487867266
2020-05-25T02:00:00,30.323149888411812
2020-05-25T03:00:00,25.81073843914529
2020-05-25T04:00:00,22.05670555778171
2020-05-25T05:00:00,20.38925087970236
2020-05-25T06:00:00,19.784011923748512
2020-05-25T07:00:00,19.631048285442848
2020-05-25T08:00:00,19.51415725376295
2020-05-25T09:00:00,19.53899914285411
2020-05-25T10:00:00,20.136189502218492
2020-05-25T11:00:00,22.66844210417374
2020-05-25T12:00:00,27.980483760004457
2020-05-25T13:00:00,32.28762784211532
2020-05-25T14:00:00,33.15154846854831
2020-05-25T15:00:00,34.998820097550094
2020-05-25T16:00:00,33.74452383621879
2020-05-25T17:00:00,31.36814225238302
2020-05-25T18:00:00,31.332395221876062
2020-05-25T19:00:00,30.992258984109625
2020-05-25T20:00:00,29.79922319495159
2020-05-25T21:00:00,28.95237300706946
2020-05-25T22:00:00,29.03165419205375
2020-05-25T23:00:00,29.627070385476813
2020-05-26T00:00:00,31.071984913038172
2020-05-26T01:00:00,31.631229981132172
2020-05-26T02:00:00,25.173979220182996
2020-05-26T03:00:00,18.290616657422937
2020-05-26T04:00:00,16.014664774355683
2020-05-26T05:00:00,15.551387164903723
2020-05-26T06:00:00,16.17598015329112
2020-05-26T07:00:00,17.05243923353112
2020-05-26T08:00:00,17.916927586431086
2020-05-26T09:00:00,19.02298595594323
2020-05-26T10:00:00,20.642736849577528
2020-05-26T11:00:00,23.583420297373895
2020-05-26T12:00:00,30.271360314410664
2020-05-26T13:00:00,37.92261107071586
2020-05-26T14:00:00,44.50525565769361
2020-05-26T15:00:00,54.9961116624915
2020-05-26T16:00:00,68.04768106211786
2020-05-26T17:00:00,78.19710076373555
2020-05-26T18:00:00,81.31040722390878
2020-05-26T19:00:00,78.01717310366422
2020-05-26T20:00:00,69.73515352995499
2020-05-26T21:00:00,58.16538470724355
2020-05-26T22:00:00,50.044128252112344
2020-05-26T23:00:00,46.71567867113196
2020-05-27T00:00:00,42.05526484613832
2020-05-27T01:00:00,36.28334642493206
2020-05-27T02:00:00,29.998607801354446
2020-05-27T03:00:00,22.546203447424844
2020-05-27T04:00:00,15.450099696283754
2020-05-27T05:00:00,13.59120758720066
2020-05-27T06:00:00,13.892503614011016
2020-05-27T07:00:00,14.9493177662725
2020-05-27T08:00:00,16.053428401117735
2020-05-27T09:00:00,16.848779346631922
2020-05-27T10:00:00,18.30505437436311
2020-05-27T11:00:00,22.083586319633152
2020-05-27T12:00:00,29.95260537188986
2020-05-27T13:00:00,34.927347763724946
2020-05-27T14:00:00,36.556367293648094
2020-05-27T15:00:00,38.81154897938603
2020-05-27T16:00:00,40.678953751273774
2020-05-27T17:00:00,42.221873739491336
2020-05-27T18:00:00,44.20823337720788
2020-05-27T19:00:00,43.510570857835845
2020-05-27T20:00:00,40.04820384149966
2020-05-27T21:00:00,37.34911827419114
2020-05-27T22:00:00,35.4520207280698
2020-05-27T23:00:00,34.38574508998705
2020-05-28T00:00:00,34.39981203493864
2020-05-28T01:00:00,32.93408460202424
2020-05-28T02:00:00,24.62395211924677
2020-05-28T03:00:00,21.21690401823624
2020-05-28T04:00:00,19.88570669422979
2020-05-28T05:00:00,19.007789031318996
2020-05-28T06:00:00,18.355950728706688
2020-05-28T07:00:00,17.914353660915207
2020-05-28T08:00:00,17.66516055231509
2020-05-28T09:00:00,17.731218503869098
2020-05-28T10:00:00,18.46087555263353
2020-05-28T11:00:00,20.54944320346998
2020-05-28T12:00:00,25.313968409662657
2020-05-28T13:00:00,28.983787619549293
2020-05-28T14:00:00,31.531169145003602
2020-05-28T15:00:00,34.22727385811183
2020-05-28T16:00:00,35.66514322032099
2020-05-28T17:00:00,35.20731801572053
2020-05-28T18:00:00,33.579109938248344
2020-05-28T19:00:00,32.408203539641
2020-05-28T20:00:00,30.797804956850793
2020-05-28T21:00:00,30.080122657444164
2020-05-28T22:00:00,29.42227894326915
2020-05-28T23:00:00,29.646116173785668
2020-05-29T00:00:00,30.814563917077102
2020-05-29T01:00:00,31.8048507856286
2020-05-29T02:00:00,27.66502753548
2020-05-29T03:00:00,23.868302967237387
2020-05-29T04:00:00,22.818059838336445
2020-05-29T05:00:00,22.159795595251996
2020-05-29T06:00:00,21.444034410559613
2020-05-29T07:00:00,20.457869654116422
2020-05-29T08:00:00,20.099245734836742
2020-05-29T09:00:00,20.862875316454016
2020-05-29T10:00:00,22.94019450312075
2020-05-29T11:00:00,27.90786552429199
2020-05-29T12:00:00,33.46252109693444
2020-05-29T13:00:00,37.56544494628906
2020-05-29T14:00:00,39.923095371412195
2020-05-29T15:00:00,40.85080801922342
2020-05-29T16:00:00,42.27416279004967
2020-05-29T17:00:00,43.41753603064495
2020-05-29T18:00:00,41.888297039529554
2020-05-29T19:00:00,37.04672208039656
2020-05-29T20:00:00,31.770662058954652
2020-05-29T21:00:00,27.57639976169752
2020-05-29T22:00:00,24.993124505747918
2020-05-29T23:00:00,23.867212793101434
2020-05-30T00:00:00,23.51092363440472
2020-05-30T01:00:00,23.704904307489805
2020-05-30T02:00:00,23.147497011267617
2020-05-30T03:00:00,19.57024400130562
2020-05-30T04:00:00,15.669330472531525
2020-05-30T05:00:00,14.11344233803127
2020-05-30T06:00:00,12.99181386698847
2020-05-30T07:00:00,12.255269879880158
2020-05-30T08:00:00,11.262037940647291
2020-05-30T09:00:00,10.41903437738833
2020-05-30T10:00:00,10.617050792859947
2020-05-30T11:00:00,12.35351280544115
2020-05-30T12:00:00,16.356154234512992
2020-05-30T13:00:00,21.03849062712296
2020-05-30T14:00:00,24.89060194596
2020-05-30T15:00:00,27.60762446859608
2020-05-30T16:00:00,29.589863486911938
2020-05-30T17:00:00,31.490697114363954
2020-05-30T18:00:00,33.40373594864555
2020-05-30T19:00:00,34.508987260901414
2020-05-30T20:00:00,34.23097792915676
2020-05-30T21:00:00,33.45358491980511
2020-05-30T22:00:00,32.10856777688731
2020-05-30T23:00:00,28.90913979903511
2020-05-31T00:00:00,25.95304912069569
2020-05-31T01:00:00,23.28384158922278
2020-05-31T02:00:00,15.544800136400305
2020-05-31T03:00:00,12.369808445806086
2020-05-31T04:00:00,11.135675347369649
2020-05-31T05:00:00,10.339807095734969
2020-05-31T06:00:00,9.921388874883236
2020-05-31T07:00:00,9.954993206521738
2020-05-31T08:00:00,10.151493238366168
2020-05-31T09:00:00,10.74564796945323
2020-05-31T10:00:00,11.790214580038318
2020-05-31T11:00:00,14.695370466812797
2020-05-31T12:00:00,22.223965686300524
2020-05-31T13:00:00,29.164397198220954
2020-05-31T14:00:00,34.04567934119183
2020-05-31T15:00:00,34.12170036979343
2020-05-31T16:00:00,34.57825478263523
2020-05-31T17:00:00,36.27027611110521
2020-05-31T18:00:00,37.019565913988195
2020-05-31T19:00:00,36.02558053058126
2020-05-31T20:00:00,33.23530794226605
2020-05-31T21:00:00,28.70792422087296
2020-05-31T22:00:00,23.952265615048614
2020-05-31T23:00:00,23.107355283654254
2020-06-01T00:00:00,25.676733348680578
2020-06-01T01:00:00,26.454808857129965
2020-06-01T02:00:00,20.308505265609075
2020-06-01T03:00:00,15.27927075261655
2020-06-01T04:00:00,13.150305623593535
2020-06-01T05:00:00,12.253006022909412
2020-06-01T06:00:00,11.792037507762078
2020-06-01T07:00:00,11.83456458216128
2020-06-01T08:00:00,12.072545507679814
2020-06-01T09:00:00,12.527408765709918
2020-06-01T10:00:00,13.604227895322053
2020-06-01T11:00:00,16.090482421543285
2020-06-01T12:00:00,22.20799180735712
2020-06-01T13:00:00,30.914562142413594
2020-06-01T14:00:00,38.88090647821841
2020-06-01T15:00:00,45.02092908776324
2020-06-01T16:00:00,49.24656411875849
2020-06-01T17:00:00,53.73943046901536
2020-06-01T18:00:00,58.186328390370235
2020-06-01T19:00:00,59.88659303084663
2020-06-01T20:00:00,58.75149403447689
2020-06-01T21:00:00,56.4210496985394
2020-06-01T22:00:00,53.61380867336106
2020-06-01T23:00:00,51.706122522768766
2020-06-02T00:00:00,51.36036018703294
2020-06-02T01:00:00,48.9519046285878
2020-06-02T02:00:00,31.408323370892063
2020-06-02T03:00:00,21.67333702419115
2020-06-02T04:00:00,18.542660588803496
2020-06-02T05:00:00,17.045266027035918
2020-06-02T06:00:00,16.237278482188348
2020-06-02T07:00:00,16.022812221361242
2020-06-02T08:00:00,16.085424837858778
2020-06-02T09:00:00,16.552768956059996
2020-06-02T10:00:00,17.30573280997898
2020-06-02T11:00:00,18.682396017986793
2020-06-02T12:00:00,19.432412520698875
2020-06-02T13:00:00,21.10315414096998
2020-06-02T14:00:00,23.802321060844086
2020-06-02T15:00:00,26.342376211415164
2020-06-02T16:00:00,29.45110860078231
2020-06-02T17:00:00,33.66257111922554
2020-06-02T18:00:00,38.87345455003821
2020-06-02T19:00:00,41.98165694527003
2020-06-02T20:00:00,41.276519775390625
2020-06-02T21:00:00,41.5631453472635
2020-06-02T22:00:00,43.2104959902556
2020-06-02T23:00:00,45.23593670388926
2020-06-03T00:00:00,46.821486763332196
2020-06-03T01:00:00,44.16042443980341
2020-06-03T02:00:00,27.378503053084657
2020-06-03T03:00:00,19.566647819850754
2020-06-03T04:00:00,16.06700731360394
2020-06-03T05:00:00,14.178048589955205
2020-06-03T06:00:00,13.338305431863533
2020-06-03T07:00:00,13.135951125103494
2020-06-03T08:00:00,13.09710183350936
2020-06-03T09:00:00,13.267264697862707
2020-06-03T10:00:00,13.869255314702572
2020-06-03T11:00:00,15.39082800823709
2020-06-03T12:00:00,19.249830826469086
2020-06-03T13:00:00,25.027025720347527
2020-06-03T14:00:00,30.188206879988954
2020-06-03T15:00:00,34.68600812165633
2020-06-03T16:00:00,38.29630843452785
2020-06-03T17:00:00,41.431247047756024
2020-06-03T18:00:00,45.875740714695134
2020-06-03T19:00:00,47.54387946750806
2020-06-03T20:00:00,46.56505402274753
2020-06-03T21:00:00,43.68927449765412
2020-06-03T22:00:00,38.98709139616592
2020-06-03T23:00:00,35.93036568683126
2020-06-04T00:00:00,35.00292918993078
2020-06-04T01:00:00,33.875123728876524
2020-06-04T02:00:00,23.032193805860434
2020-06-04T03:00:00,17.649346144303028
2020-06-04T04:00:00,15.32971373848293
2020-06-04T05:00:00,14.125871451004691
2020-06-04T06:00:00,13.797679859658945
2020-06-04T07:00:00,14.223566469938858
2020-06-04T08:00:00,14.694225725920301
2020-06-04T09:00:00,15.38772690814474
2020-06-04T10:00:00,16.59930784805961
2020-06-04T11:00:00,18.782807889192
2020-06-04T12:00:00,23.664481619130008
2020-06-04T13:00:00,29.722107431162957
2020-06-04T14:00:00,35.185837123704985
2020-06-04T15:00:00,40.085024128789485
2020-06-04T16:00:00,43.171863721764595
2020-06-04T17:00:00,44.443401834239125
2020-06-04T18:00:00,44.891049094822094
2020-06-04T19:00:00,43.95080898119055
2020-06-04T20:00:00,42.572247546652086
2020-06-04T21:00:00,41.53179218458092
2020-06-04T22:00:00,40.36742865520974
2020-06-04T23:00:00,39.40395272296408
2020-06-05T00:00:00,39.12626515264096
2020-06-05T01:00:00,34.55874293783436
2020-06-05T02:00:00,20.527947052665375
2020-06-05T03:00:00,15.506572764852772
2020-06-05T04:00:00,13.599539425062094
2020-06-05T05:00:00,12.475611479386039
2020-06-05T06:00:00,11.877107122670047
2020-06-05T07:00:00,11.49372677181078
2020-06-05T08:00:00,11.573668023814326
2020-06-05T09:00:00,11.993886076885719
2020-06-05T10:00:00,12.750052410623299
2020-06-05T11:00:00,14.215031416519826
2020-06-05T12:00:00,18.5359293066937
2020-06-05T13:00:00,24.592412699823793
2020-06-05T14:00:00,30.28524904665739
2020-06-05T15:00:00,35.618168706479274
2020-06-05T16:00:00,38.46877836144489
2020-06-05T17:00:00,39.726716912311055
2020-06-05T18:00:00,39.853586113971204
2020-06-05T19:00:00,37.312685261601985
2020-06-05T20:00:00,34.050983843596086
2020-06-05T21:00:00,31.848574513974395
2020-06-05T22:00:00,31.382163172182825
2020-06-05T23:00:00,32.58910651828932
2020-06-06T00:00:00,34.425811933434524
2020-06-06T01:00:00,33.942057236381196
2020-06-06T02:00:00,21.466038247813344
2020-06-06T03:00:00,14.573033125504203
2020-06-06T04:00:00,12.158736519191576
2020-06-06T05:00:00,10.96374408058498
2020-06-06T06:00:00,10.14007099815037
2020-06-06T07:00:00,9.832885866579801
2020-06-06T08:00:00,9.817434269448984
2020-06-06T09:00:00,10.156461383985436
2020-06-06T10:00:00,11.926376757414442
2020-06-06T11:00:00,17.707719388215434
2020-06-06T12:00:00,27.494135815164313
2020-06-06T13:00:00,33.96373533165973
2020-06-06T14:00:00,35.5939598083496
2020-06-06T15:00:00,35.987809886103086
2020-06-06T16:00:00,35.94797126106594
2020-06-06T17:00:00,35.02620614093283
2020-06-06T18:00:00,35.04804171686586
2020-06-06T19:00:00,34.39559803838315
2020-06-06T20:00:00,33.21782568226689
2020-06-06T21:00:00,33.87795274153999
2020-06-06T22:00:00,35.128571883491844
2020-06-06T23:00:00,36.00025674571162
2020-06-07T00:00:00,36.73317668748938
2020-06-07T01:00:00,36.75928497314453
2020-06-07T02:00:00,24.367881443189535
2020-06-07T03:00:00,15.722249694492504
2020-06-07T04:00:00,12.522370960401451
2020-06-07T05:00:00,10.58891905908999
2020-06-07T06:00:00,9.52574128689973
2020-06-07T07:00:00,9.2469657815021
2020-06-07T08:00:00,9.567983544391133
2020-06-07T09:00:00,10.055997268013332
2020-06-07T10:00:00,10.870051218115764
2020-06-07T11:00:00,13.079803839973781
2020-06-07T12:00:00,18.93906145510466
2020-06-07T13:00:00,25.418099444845446
2020-06-07T14:00:00,29.831056843633235
2020-06-07T15:00:00,30.566737548164696
2020-06-07T16:00:00,29.663193163664438
2020-06-07T17:00:00,28.593799673992653
2020-06-07T18:00:00,28.88537166429602
2020-06-07T19:00:00,30.470287986423653
2020-06-07T20:00:00,31.488721598749567
2020-06-07T21:00:00,29.90430525074834
2020-06-07T22:00:00,27.41837526404339
2020-06-07T23:00:00,27.834188875944715
2020-06-08T00:00:00,32.09950588060461
2020-06-08T01:00:00,36.0583673560101
2020-06-08T02:00:00,22.06802003279976
2020-06-08T03:00:00,14.910543939341666
2020-06-08T04:00:00,12.831562539805535
2020-06-08T05:00:00,12.119988109754479
2020-06-08T06:00:00,11.54120926235033
2020-06-08T07:00:00,11.14656705441682
2020-06-08T08:00:00,10.884373664855955
2020-06-08T09:00:00,11.055267458376678
2020-06-08T10:00:00,11.876376981320588
2020-06-08T11:00:00,13.850641540859055
2020-06-08T12:00:00,18.932672251825746
2020-06-08T13:00:00,26.3679780545442
2020-06-08T14:00:00,33.02839561130689
2020-06-08T15:00:00,38.250854575115696
2020-06-08T16:00:00,42.89922465448794
2020-06-08T17:00:00,46.572606128195055
2020-06-08T18:00:00,46.95954380864681
2020-06-08T19:00:00,42.4775914731233
2020-06-08T20:00:00,38.47568147078804
2020-06-08T21:00:00,36.21969405464504
2020-06-08T22:00:00,34.93121769117272
2020-06-08T23:00:00,34.641354685244345
2020-06-09T00:00:00,35.131822420203164
2020-06-09T01:00:00,36.00878027211065
2020-06-09T02:00:00,25.975164993949555
2020-06-09T03:00:00,18.29026703212572
2020-06-09T04:00:00,15.636109891145122
2020-06-09T05:00:00,14.252418766851008
2020-06-09T06:00:00,13.575778214827826
2020-06-09T07:00:00,13.037583102350649
2020-06-09T08:00:00,12.493882676829461
2020-06-09T09:00:00,12.69308218748673
2020-06-09T10:00:00,14.22897384477698
2020-06-09T11:00:00,18.03842366260031
2020-06-09T12:00:00,24.58997991810674
2020-06-09T13:00:00,29.61892542631729
2020-06-09T14:00:00,36.165554378343664
2020-06-09T15:00:00,44.38910525778065
2020-06-09T16:00:00,48.77520635853643
2020-06-09T17:00:00,47.74618994671365
2020-06-09T18:00:00,46.433083409848415
2020-06-09T19:00:00,45.54671793398649
2020-06-09T20:00:00,44.22796166461446
2020-06-09T21:00:00,42.24135788627292
2020-06-09T22:00:00,42.012345521346376
2020-06-09T23:00:00,42.112099357273266
2020-06-10T00:00:00,41.09495959074601
2020-06-10T01:00:00,37.63197691544243
2020-06-10T02:00:00,29.061524847279422
2020-06-10T03:00:00,21.588115277497664
2020-06-10T04:00:00,17.80497310472571
2020-06-10T05:00:00,15.310643403426457
2020-06-10T06:00:00,13.595793682595957
2020-06-10T07:00:00,12.557927878006643
2020-06-10T08:00:00,12.39369836060897
2020-06-10T09:00:00,13.019309085348377
2020-06-10T10:00:00,13.874158278755518
2020-06-10T11:00:00,15.772291307863979
2020-06-10T12:00:00,19.561075127643083
2020-06-10T13:00:00,23.08317350304645
2020-06-10T14:00:00,24.97169370236604
2020-06-10T15:00:00,27.61614318515943
2020-06-10T16:00:00,28.502822627191957
2020-06-10T17:00:00,27.701944268268086
2020-06-10T18:00:00,27.28560281836468
2020-06-10T19:00:00,26.80335401452106
2020-06-10T20:00:00,26.169696890789528
2020-06-10T21:00:00,25.55627914096998
2020-06-10T22:00:00,24.53770123357358
2020-06-10T23:00:00,22.88184364982273
2020-06-11T00:00:00,20.685050715570863
2020-06-11T01:00:00,19.042790786079735
2020-06-11T02:00:00,17.230908186539356
2020-06-11T03:00:00,14.595043762870455
2020-06-11T04:00:00,12.63429720505424
2020-06-11T05:00:00,12.057162865348483
2020-06-11T06:00:00,12.242732421211574
2020-06-11T07:00:00,11.778734455937924
2020-06-11T08:00:00,11.194278219471807
2020-06-11T09:00:00,11.495476100755774
2020-06-11T10:00:00,12.086112851681914
2020-06-11T11:00:00,14.424784701803455
2020-06-11T12:00:00,18.276288571565047
2020-06-11T13:00:00,22.082955153092094
2020-06-11T14:00:00,24.585594343102496
2020-06-11T15:00:00,25.797712989475414
2020-06-11T16:00:00,26.946763909381364
2020-06-11T17:00:00,28.02730137368907
2020-06-11T18:00:00,28.21934733183487
2020-06-11T19:00:00,27.405867700991422
2020-06-11T20:00:00,26.721058886984117
2020-06-11T21:00:00,26.172674759574555
2020-06-11T22:00:00,26.049180321071457
2020-06-11T23:00:00,26.56612047941788
2020-06-12T00:00:00,28.462459066639774
2020-06-12T01:00:00,29.36367209061332
2020-06-12T02:00:00,20.91352143494979
2020-06-12T03:00:00,14.060351247372834
2020-06-12T04:00:00,11.896751445272693
2020-06-12T05:00:00,10.81172748233961
2020-06-12T06:00:00,10.386023397031035
2020-06-12T07:00:00,9.92313874286154
2020-06-12T08:00:00,9.486145434172256
2020-06-12T09:00:00,9.5468576680059
2020-06-12T10:00:00,10.305087131002674
2020-06-12T11:00:00,12.413919282996135
2020-06-12T12:00:00,16.51530767523724
2020-06-12T13:00:00,22.258372762928836
2020-06-12T14:00:00,27.349044799804684
2020-06-12T15:00:00,30.872926712036133
2020-06-12T16:00:00,33.945325685584024
2020-06-12T17:00:00,35.60473923061205
2020-06-12T18:00:00,36.28616341300633
2020-06-12T19:00:00,36.15220351841138
2020-06-12T20:00:00,35.6063529304836
2020-06-12T21:00:00,34.90603720623513
2020-06-12T22:00:00,34.12645215573517
2020-06-12T23:00:00,33.28636899201766
2020-06-13T00:00:00,32.61797083979068
2020-06-13T01:00:00,31.169222541477367
2020-06-13T02:00:00,21.818221133688223
2020-06-13T03:00:00,16.307979749596633
2020-06-13T04:00:00,13.446296816286834
2020-06-13T05:00:00,11.812928780265477
2020-06-13T06:00:00,10.706515312194824
2020-06-13T07:00:00,10.2896786565366
2020-06-13T08:00:00,10.207385768061098
2020-06-13T09:00:00,10.296102855516516
2020-06-13T10:00:00,10.744505592014477
2020-06-13T11:00:00,12.525711474211318
2020-06-13T12:00:00,17.7662877621858
2020-06-13T13:00:00,25.377332023952317
2020-06-13T14:00:00,31.481561660766594
2020-06-13T15:00:00,33.34340219912321
2020-06-13T16:00:00,35.506370461505384
2020-06-13T17:00:00,41.62193165654721
2020-06-13T18:00:00,48.95911075757897
2020-06-13T19:00:00,49.789832737134844
2020-06-13T20:00:00,45.361623017684266
2020-06-13T21:00:00,40.83221866773521
2020-06-13T22:00:00,38.99105951060419
2020-06-13T23:00:00,38.790964375371516
2020-06-14T00:00:00,35.98130765168563
2020-06-14T01:00:00,29.040630506432574
2020-06-14T02:00:00,19.101992980293605
2020-06-14T03:00:00,16.401593166848887
2020-06-14T04:00:00,16.004208315973695
2020-06-14T05:00:00,16.29349119766899
2020-06-14T06:00:00,16.487950946973715
2020-06-14T07:00:00,17.020501427028492
2020-06-14T08:00:00,17.78065192181131
2020-06-14T09:00:00,18.285863461701766
2020-06-14T10:00:00,19.143082162608273
2020-06-14T11:00:00,21.007144513337504
2020-06-14T12:00:00,24.13452803570291
2020-06-14T13:00:00,27.26123826400093
2020-06-14T14:00:00,29.478121964827825
2020-06-14T15:00:00,31.03006752677586
2020-06-14T16:00:00,32.53206120366635
2020-06-14T17:00:00,33.67347617771314
2020-06-14T18:00:00,35.509026154227875
2020-06-14T19:00:00,36.65398406982422
2020-06-14T20:00:00,37.169015884399414
2020-06-14T21:00:00,36.71830990003503
2020-06-14T22:00:00,35.8149703481923
2020-06-14T23:00:00,34.745029947032094
2020-06-15T00:00:00,33.74099441196607
2020-06-15T01:00:00,32.17584079244862
2020-06-15T02:00:00,25.351024130116333
2020-06-15T03:00:00,21.116827508677602
2020-06-15T04:00:00,18.3706638502038
2020-06-15T05:00:00,17.419910016267195
2020-06-15T06:00:00,17.071285413659137
2020-06-15T07:00:00,17.167244123375934
2020-06-15T08:00:00,17.32223966847295
2020-06-15T09:00:00,17.47932832137398
2020-06-15T10:00:00,17.98753962309464
2020-06-15T11:00:00,19.322249868641727
2020-06-15T12:00:00,23.097944840140965
2020-06-15T13:00:00,27.833368633104406
2020-06-15T14:00:00,31.722023424894907
2020-06-15T15:00:00,32.66489186494247
2020-06-15T16:00:00,32.42852459783139
2020-06-15T17:00:00,31.75817813044009
2020-06-15T18:00:00,30.37802464029063
2020-06-15T19:00:00,28.235325108403742
2020-06-15T20:00:00,26.288707816082496
2020-06-15T21:00:00,25.12496923363727
2020-06-15T22:00:00,24.389075984125547
2020-06-15T23:00:00,23.732389201288633
2020-06-16T00:00:00,23.579027010046914
2020-06-16T01:00:00,22.095008352528446
2020-06-16T02:00:00,18.05609885506008
2020-06-16T03:00:00,16.340370758720066
2020-06-16T04:00:00,15.953492786573324
2020-06-16T05:00:00,16.17249157117761
2020-06-16T06:00:00,16.574203408282735
2020-06-16T07:00:00,16.940578377765156
2020-06-16T08:00:00,17.461238529371176
2020-06-16T09:00:00,18.322914786960766
2020-06-16T10:00:00,19.212120636649754
2020-06-16T11:00:00,20.537646169247832
2020-06-16T12:00:00,23.865710299947988
2020-06-16T13:00:00,28.68967868970788
2020-06-16T14:00:00,31.748720169067383
2020-06-16T15:00:00,35.38174098470937
2020-06-16T16:00:00,36.96822274249532
2020-06-16T17:00:00,37.26968914529551
2020-06-16T18:00:00,36.96836007159689
2020-06-16T19:00:00,36.808575671652086
2020-06-16T20:00:00,36.93771752067234
2020-06-16T21:00:00,36.536372640858524
2020-06-16T22:00:00,36.2590398373811
2020-06-16T23:00:00,36.20108289303987
2020-06-17T00:00:00,36.219872267349906
2020-06-17T01:00:00,35.0159161609152
2020-06-17T02:00:00,27.338693369989805
2020-06-17T03:00:00,21.37537491839865
2020-06-17T04:00:00,19.407936593760613
2020-06-17T05:00:00,18.886022650677226
2020-06-17T06:00:00,18.3328974350639
2020-06-17T07:00:00,17.664884567260742
2020-06-17T08:00:00,17.50261804331904
2020-06-17T09:00:00,17.29497602711553
2020-06-17T10:00:00,17.474831207938813
2020-06-17T11:00:00,20.48546683269998
2020-06-17T12:00:00,27.699589521988575
2020-06-17T13:00:00,34.12938938970151
2020-06-17T14:00:00,39.23731447302776
2020-06-17T15:00:00,41.066073044486664
2020-06-17T16:00:00,40.701725171959914
2020-06-17T17:00:00,42.402621393618375
2020-06-17T18:00:00,44.97322397646697
2020-06-17T19:00:00,46.16139669003694
2020-06-17T20:00:00,46.12730656499447
2020-06-17T21:00:00,44.57576386824898
2020-06-17T22:00:00,41.58936989825705
2020-06-17T23:00:00,39.84504119209621
2020-06-18T00:00:00,38.51671368142833
2020-06-18T01:00:00,36.78635340151579
2020-06-18T02:00:00,31.203596363896906
2020-06-18T03:00:00,23.706872027853258
2020-06-18T04:00:00,21.733700047368586
2020-06-18T05:00:00,21.598314865775727
2020-06-18T06:00:00,20.330405774323836
2020-06-18T07:00:00,18.85915905496348
2020-06-18T08:00:00,18.434710709945012
2020-06-18T09:00:00,19.10218827620796
2020-06-18T10:00:00,21.16141526595406
2020-06-18T11:00:00,25.85174394690472
2020-06-18T12:00:00,33.59308060355808
2020-06-18T13:00:00,43.17619821299677
2020-06-18T14:00:00,52.4190735194994
2020-06-18T15:00:00,58.685107023819626
2020-06-18T16:00:00,62.2647240680197
2020-06-18T17:00:00,65.62426442685334
2020-06-18T18:00:00,67.82448793494181
2020-06-18T19:00:00,67.36528363435164
2020-06-18T20:00:00,64.6278079489003
2020-06-18T21:00:00,61.884375364884086
2020-06-18T22:00:00,59.473596987516984
2020-06-18T23:00:00,57.86112345819887
2020-06-19T00:00:00,57.28123955104661
2020-06-19T01:00:00,51.05698295261548
2020-06-19T02:00:00,31.305552855781883
2020-06-19T03:00:00,24.184018757032305
2020-06-19T04:00:00,21.419764228489083
2020-06-19T05:00:00,19.882594979327656
2020-06-19T06:00:00,18.779156062913973
2020-06-19T07:00:00,18.651434856912363
2020-06-19T08:00:00,20.53744365857995
2020-06-19T09:00:00,20.859068580295727
2020-06-19T10:00:00,20.273171300473418
2020-06-19T11:00:00,21.589155445928156
2020-06-19T12:00:00,28.195643632308293
2020-06-19T13:00:00,37.363695891007126
2020-06-19T14:00:00,46.5944071230681
2020-06-19T15:00:00,51.83254059501316
2020-06-19T16:00:00,51.65383363806683
2020-06-19T17:00:00,47.74922843601392
2020-06-19T18:00:00,45.36859910384468
2020-06-19T19:00:00,45.359626770019524
2020-06-19T20:00:00,43.49995074064835
2020-06-19T21:00:00,39.876966227655814
2020-06-19T22:00:00,37.36373536483101
2020-06-19T23:00:00,35.89179428764011
2020-06-20T00:00:00,32.546354127966836
2020-06-20T01:00:00,29.269167029339332
2020-06-20T02:00:00,27.009019105330754
2020-06-20T03:00:00,21.82693862915039
2020-06-20T04:00:00,19.6714274364969
2020-06-20T05:00:00,19.393578322037406
2020-06-20T06:00:00,19.72237313312033
2020-06-20T07:00:00,19.868121686189067
2020-06-20T08:00:00,20.54447364807129
2020-06-20T09:00:00,22.761933616969895
2020-06-20T10:00:00,26.52452999612559
2020-06-20T11:00:00,31.624962848165755
2020-06-20T12:00:00,33.90892642477284
2020-06-20T13:00:00,36.069351693858266
2020-06-20T14:00:00,38.07267943672512
2020-06-20T15:00:00,39.184416729470954
2020-06-20T16:00:00,40.36200083856997
2020-06-20T17:00:00,39.093845035718836
2020-06-20T18:00:00,37.0706321052883
2020-06-20T19:00:00,36.03651146266771
2020-06-20T20:00:00,34.095925455508024
2020-06-20T21:00:00,31.908902707307234
2020-06-20T22:00:00,31.238029977549676
2020-06-20T23:00:00,30.517614779265028
2020-06-21T00:00:00,29.30191794685695
2020-06-21T01:00:00,27.82111806454866
2020-06-21T02:00:00,22.920703390370242
2020-06-21T03:00:00,17.5906923542852
2020-06-21T04:00:00,15.971437495687733
2020-06-21T05:00:00,15.143492366956625
2020-06-21T06:00:00,14.172868355460787
2020-06-21T07:00:00,12.942866698555322
2020-06-21T08:00:00,12.405063214509383
2020-06-21T09:00:00,12.48119719132133
2020-06-21T10:00:00,12.656809682431426
2020-06-21T11:00:00,14.573379848314367
2020-06-21T12:00:00,21.876783785612684
2020-06-21T13:00:00,28.779545825460684
2020-06-21T14:00:00,32.67570404384447
2020-06-21T15:00:00,32.512509055759594
2020-06-21T16:00:00,29.49425365613854
2020-06-21T17:00:00,26.8441395137621
2020-06-21T18:00:00,25.90621541894
2020-06-21T19:00:00,25.426368215809696
2020-06-21T20:00:00,25.55833459937054
2020-06-21T21:00:00,26.20237408513608
2020-06-21T22:00:00,26.742316038712207
2020-06-21T23:00:00,27.263451285984203
2020-06-22T00:00:00,27.242944883263625
2020-06-22T01:00:00,27.58491400013799
2020-06-22T02:00:00,22.369586447010867
2020-06-22T03:00:00,18.82873087343962
2020-06-22T04:00:00,17.95176945561948
2020-06-22T05:00:00,18.09782956994098
2020-06-22T06:00:00,17.960118749867316
2020-06-22T07:00:00,17.405118030050524
2020-06-22T08:00:00,16.90617221334706
2020-06-22T09:00:00,16.592871126921278
2020-06-22T10:00:00,17.06754933232846
2020-06-22T11:00:00,19.38363357212232
2020-06-22T12:00:00,24.806277648262352
2020-06-22T13:00:00,28.426313317340348
2020-06-22T14:00:00,30.053674780804176
2020-06-22T15:00:00,33.24570680701214
2020-06-22T16:00:00,37.89645452084748
2020-06-22T17:00:00,43.2272372038468
2020-06-22T18:00:00,43.747400864310876
2020-06-22T19:00:00,38.684656723685876
2020-06-22T20:00:00,35.63384644881538
2020-06-22T21:00:00,34.375895790431805
2020-06-22T22:00:00,34.45874504421068
2020-06-22T23:00:00,33.181637059087336
2020-06-23T00:00:00,30.790249451347012
2020-06-23T01:00:00,29.340467370074723
2020-06-23T02:00:00,22.87170086736264
2020-06-23T03:00:00,20.12110386724057
2020-06-23T04:00:00,17.80646000737729
2020-06-23T05:00:00,16.07501071432362
2020-06-23T06:00:00,14.822210394817848
2020-06-23T07:00:00,14.210247993469237
2020-06-23T08:00:00,14.158711267554239
2020-06-23T09:00:00,14.679727512857188
2020-06-23T10:00:00,15.89489223646081
2020-06-23T11:00:00,18.360732866370157
2020-06-23T12:00:00,24.575500239496645
2020-06-23T13:00:00,36.34948431927225
2020-06-23T14:00:00,50.35943454244862
2020-06-23T15:00:00,64.55276356572689
2020-06-23T16:00:00,75.30142444113027
2020-06-23T17:00:00,77.90607883619225
2020-06-23T18:00:00,74.42494666058083
2020-06-23T19:00:00,67.04822905167289
2020-06-23T20:00:00,58.75230507228685
2020-06-23T21:00:00,52.41280912316363
2020-06-23T22:00:00,48.76317347650942
2020-06-23T23:00:00,48.150462274966024
2020-06-24T00:00:00,49.27885619453762
2020-06-24T01:00:00,47.36473945949388
2020-06-24T02:00:00,34.65053342736285
2020-06-24T03:00:00,32.45850065480107
2020-06-24T04:00:00,32.45938027423361
2020-06-24T05:00:00,33.212760344795555
2020-06-24T06:00:00,34.42995403123938
2020-06-24T07:00:00,35.71478039285411
2020-06-24T08:00:00,35.20255528325619
2020-06-24T09:00:00,33.69226422517196
2020-06-24T10:00:00,33.93070801444676
2020-06-24T11:00:00,36.54855048138162
2020-06-24T12:00:00,43.68959061995796
2020-06-24T13:00:00,47.52067864459493
2020-06-24T14:00:00,47.98727516506029
2020-06-24T15:00:00,49.060352325439446
2020-06-24T16:00:00,56.00179937611455
2020-06-24T17:00:00,68.89823714546534
2020-06-24T18:00:00,80.89118625806725
2020-06-24T19:00:00,87.12106721297553
2020-06-24T20:00:00,87.8863644807235
2020-06-24T21:00:00,81.16490405538806
2020-06-24T22:00:00,63.98536449929941
2020-06-24T23:00:00,51.55053810451341
2020-06-25T00:00:00,50.510940551757805
2020-06-25T01:00:00,53.00245268448539
2020-06-25T02:00:00,48.02280840666398
2020-06-25T03:00:00,39.03529789136803
2020-06-25T04:00:00,29.424808668053668
2020-06-25T05:00:00,24.27322669651197
2020-06-25T06:00:00,22.595694085826043
2020-06-25T07:00:00,23.3705880538277
2020-06-25T08:00:00,24.92669768955396
2020-06-25T09:00:00,25.405355951060418
2020-06-25T10:00:00,26.631293006565258
2020-06-25T11:00:00,32.49304431417713
2020-06-25T12:00:00,38.39357027800186
2020-06-25T13:00:00,41.98403897492781
2020-06-25T14:00:00,45.41157863451087
2020-06-25T15:00:00,50.127455504044235
2020-06-25T16:00:00,52.892527704653524
2020-06-25T17:00:00,51.82105155613111
2020-06-25T18:00:00,53.296606478483774
2020-06-25T19:00:00,59.450104091478416
2020-06-25T20:00:00,64.20482038414995
2020-06-25T21:00:00,62.11126808498215
2020-06-25T22:00:00,57.785608374554165
2020-06-25T23:00:00,54.3757438659668
2020-06-26T00:00:00,54.29233252483865
2020-06-26T01:00:00,54.99470503433891
2020-06-26T02:00:00,37.156675255816914
2020-06-26T03:00:00,24.917762839275856
2020-06-26T04:00:00,20.566805466361664
2020-06-26T05:00:00,18.325540127961528
2020-06-26T06:00:00,17.745343249777086
2020-06-26T07:00:00,17.567043884940766
2020-06-26T08:00:00,17.4425047998843
2020-06-26T09:00:00,17.887774260147754
2020-06-26T10:00:00,18.79183959960937
2020-06-26T11:00:00,20.732419387153957
2020-06-26T12:00:00,25.593202342157777
2020-06-26T13:00:00,32.35264521059782
2020-06-26T14:00:00,37.08910917199176
2020-06-26T15:00:00,38.55129590241805
2020-06-26T16:00:00,39.445073500923485
2020-06-26T17:00:00,40.95186001321543
2020-06-26T18:00:00,43.46235192340353
2020-06-26T19:00:00,43.704199749490485
2020-06-26T20:00:00,42.14998162311056
2020-06-26T21:00:00,42.037794196087376
2020-06-26T22:00:00,42.69386424189028
2020-06-26T23:00:00,43.9376398169476
2020-06-27T00:00:00,46.0519380984099
2020-06-27T01:00:00,47.86711352804432
2020-06-27T02:00:00,40.97019129214079
2020-06-27T03:00:00,29.63590746340544
2020-06-27T04:00:00,23.68442966627038
2020-06-27T05:00:00,20.47546643796174
2020-06-27T06:00:00,18.868175257807188
2020-06-27T07:00:00,18.220466530841325
2020-06-27T08:00:00,17.981986501942504
2020-06-27T09:00:00,17.91878202687139
2020-06-27T10:00:00,18.109492177548614
2020-06-27T11:00:00,19.585377071214754
2020-06-27T12:00:00,24.53201982249384
2020-06-27T13:00:00,32.31207913937776
2020-06-27T14:00:00,39.26167562733525
2020-06-27T15:00:00,43.1125547989555
2020-06-27T16:00:00,46.22663945737092
2020-06-27T17:00:00,48.81397744883661
2020-06-27T18:00:00,48.807141345480204
2020-06-27T19:00:00,48.318636521049164
2020-06-27T20:00:00,48.028886546259336
2020-06-27T21:00:00,47.37950250376825
2020-06-27T22:00:00,47.71504626066788
2020-06-27T23:00:00,49.195452316947595
2020-06-28T00:00:00,49.89701229593028
2020-06-28T01:00:00,44.95369222889775
2020-06-28T02:00:00,27.439656382021692
2020-06-28T03:00:00,20.497227046800692
2020-06-28T04:00:00,17.80775161411451
2020-06-28T05:00:00,16.138811111450195
2020-06-28T06:00:00,14.959571382273795
2020-06-28T07:00:00,14.41834259033203
2020-06-28T08:00:00,14.347009534421172
2020-06-28T09:00:00,14.370623339777406
2020-06-28T10:00:00,14.795060945593791
2020-06-28T11:00:00,17.12831555242124
2020-06-28T12:00:00,23.898634952047594
2020-06-28T13:00:00,29.53369978199834
2020-06-28T14:00:00,35.2124022608218
2020-06-28T15:00:00,43.123220858366594
2020-06-28T16:00:00,49.961184460183844
2020-06-28T17:00:00,51.25805664062499
2020-06-28T18:00:00,50.08904050744098
2020-06-28T19:00:00,51.58125454446543
2020-06-28T20:00:00,52.7237261896548
2020-06-28T21:00:00,50.86948112819505
2020-06-28T22:00:00,48.81982421874999
2020-06-28T23:00:00,48.42556978308636
2020-06-29T00:00:00,49.55986006363578
2020-06-29T01:00:00,49.25645197992739
2020-06-29T02:00:00,32.860938694166094
2020-06-29T03:00:00,24.084108767302137
2020-06-29T04:00:00,21.407224655151367
2020-06-29T05:00:00,20.498239434283708
2020-06-29T06:00:00,20.00312357363493
2020-06-29T07:00:00,20.017474050107207
2020-06-29T08:00:00,20.252005203910496
2020-06-29T09:00:00,20.882050223972485
2020-06-29T10:00:00,22.30407366545304
2020-06-29T11:00:00,25.724403298419453
2020-06-29T12:00:00,34.94781626825747
2020-06-29T13:00:00,47.40054868615192
2020-06-29T14:00:00,57.25252781743588
2020-06-29T15:00:00,60.24348681905995
2020-06-29T16:00:00,58.59637384829314
2020-06-29T17:00:00,55.130349532417625
2020-06-29T18:00:00,54.54368292767068
2020-06-29T19:00:00,53.741403994352915
2020-06-29T20:00:00,50.95370002414869
2020-06-29T21:00:00,47.48283983313518
2020-06-29T22:00:00,44.53827103324558
2020-06-29T23:00:00,42.57888312961744
2020-06-30T00:00:00,41.42398038117781
2020-06-30T01:00:00,40.19248713617739
2020-06-30T02:00:00,29.49796751271123
2020-06-30T03:00:00,22.9586007491402
2020-06-30T04:00:00,20.819617064102836
2020-06-30T05:00:00,19.94825636822244
2020-06-30T06:00:00,19.422535274339758
2020-06-30T07:00:00,19.24489021301269
2020-06-30T08:00:00,19.34276016898777
2020-06-30T09:00:00,20.217871458634086
2020-06-30T10:00:00,21.708481995955754
2020-06-30T11:00:00,24.865686333697774
2020-06-30T12:00:00,31.511453794396438
2020-06-30T13:00:00,37.84991670691448
2020-06-30T14:00:00,40.23646910294242
2020-06-30T15:00:00,41.037129277768344
2020-06-30T16:00:00,41.45644295733907
2020-06-30T17:00:00,41.21512023262355
2020-06-30T18:00:00,40.584027995233946
2020-06-30T19:00:00,39.44046783447265
2020-06-30T20:00:00,37.95638557102369
2020-06-30T21:00:00,36.349900452987
2020-06-30T22:00:00,35.68206704181173
2020-06-30T23:00:00,36.34730281000551
2020-07-01T00:00:00,37.4110807335895
2020-07-01T01:00:00,38.13425528484841
2020-07-01T02:00:00,30.351318276446797
2020-07-01T03:00:00,26.59106337505838
2020-07-01T04:00:00,25.735021259473715
2020-07-01T05:00:00,26.020718698916223
2020-07-01T06:00:00,26.635765904965606
2020-07-01T07:00:00,27.676182705423106
2020-07-01T08:00:00,28.574414543483567
2020-07-01T09:00:00,28.932876669842262
2020-07-01T10:00:00,29.616394623466153
2020-07-01T11:00:00,31.769164126852278
2020-07-01T12:00:00,38.14036991285241
2020-07-01T13:00:00,45.15144928641941
2020-07-01T14:00:00,53.40419719530188
2020-07-01T15:00:00,61.53496385657268
2020-07-01T16:00:00,68.21244795426078
2020-07-01T17:00:00,68.29478189219599
2020-07-01T18:00:00,66.81218487283458
2020-07-01T19:00:00,66.67985750281292
2020-07-01T20:00:00,64.1431830033012
2020-07-01T21:00:00,56.530974844227664
2020-07-01T22:00:00,50.8790107395338
2020-07-01T23:00:00,45.71216649594514
2020-07-02T00:00:00,41.46549042411472
2020-07-02T01:00:00,37.61769485473632
2020-07-02T02:00:00,27.117980376533836
2020-07-02T03:00:00,19.968199605527126
2020-07-02T04:00:00,17.805587851482887
2020-07-02T05:00:00,17.803033248237938
2020-07-02T06:00:00,18.302564040474266
2020-07-02T07:00:00,18.792952744857125
2020-07-02T08:00:00,18.44496262591818
2020-07-02T09:00:00,18.103654695593793
2020-07-02T10:00:00,18.64363794741423
2020-07-02T11:00:00,20.6499780571979
2020-07-02T12:00:00,26.79941293467646
2020-07-02T13:00:00,36.74106465215268
2020-07-02T14:00:00,45.97613741003948
2020-07-02T15:00:00,51.662331456723415
2020-07-02T16:00:00,55.14966765693996
2020-07-02T17:00:00,58.52494612984035
2020-07-02T18:00:00,63.08603469185207
2020-07-02T19:00:00,66.79955109306003
2020-07-02T20:00:00,69.13815473473589
2020-07-02T21:00:00,69.2245161637016
2020-07-02T22:00:00,64.82321415776791
2020-07-02T23:00:00,52.41351401287576
2020-07-03T00:00:00,42.77749948916227
2020-07-03T01:00:00,38.33546248726222
2020-07-03T02:00:00,32.4127665809963
2020-07-03T03:00:00,26.435583197552223
2020-07-03T04:00:00,21.179963402126145
2020-07-03T05:00:00,17.26885530223017
2020-07-03T06:00:00,16.21666982899541
2020-07-03T07:00:00,15.748231390248172
2020-07-03T08:00:00,16.635465373163637
2020-07-03T09:00:00,18.834037117336102
2020-07-03T10:00:00,20.697372187738832
2020-07-03T11:00:00,20.458845138549805
2020-07-03T12:00:00,17.5572803331458
2020-07-03T13:00:00,16.60286181905995
2020-07-03T14:00:00,16.13273819633152
2020-07-03T15:00:00,17.504523318746816
2020-07-03T16:00:00,20.657596256421957
2020-07-03T17:00:00,22.037815508635145
2020-07-03T18:00:00,19.74872804724652
2020-07-03T19:00:00,16.376290279885996
2020-07-03T20:00:00,15.278323961340858
2020-07-03T21:00:00,16.372200385383938
2020-07-03T22:00:00,18.27732990099036
2020-07-03T23:00:00,20.40790392004925
2020-07-04T00:00:00,25.788865130880602
2020-07-04T01:00:00,29.263727519823153
2020-07-04T02:00:00,18.76371632451596
2020-07-04T03:00:00,14.078396838644274
2020-07-04T04:00:00,13.885439209316086
2020-07-04T05:00:00,13.828011927397354
2020-07-04T06:00:00,14.17920328223187
2020-07-04T07:00:00,15.036784047665801
2020-07-04T08:00:00,16.04223251342773
2020-07-04T09:00:00,17.515988723091453
2020-07-04T10:00:00,18.079589926678196
2020-07-04T11:00:00,19.467095997022543
2020-07-04T12:00:00,23.853049485579778
2020-07-04T13:00:00,28.036405977995496
2020-07-04T14:00:00,30.65028331590735
2020-07-04T15:00:00,32.471595017806344
2020-07-04T16:00:00,33.8908053688381
2020-07-04T17:00:00,34.84406877600628
2020-07-04T18:00:00,36.23975504999575
2020-07-04T19:00:00,36.565952632738195
2020-07-04T20:00:00,35.79932718691618
2020-07-04T21:00:00,34.592204052469
2020-07-04T22:00:00,33.50183943043584
2020-07-04T23:00:00,32.746203878651485
2020-07-05T00:00:00,31.784130179363746
2020-07-05T01:00:00,30.303443162337587
2020-07-05T02:00:00,27.432392866715137
2020-07-05T03:00:00,19.766267776489254
2020-07-05T04:00:00,15.737633539282758
2020-07-05T05:00:00,14.084907200025475
2020-07-05T06:00:00,13.595903272214143
2020-07-05T07:00:00,13.695398952649986
2020-07-05T08:00:00,13.755208761795705
2020-07-05T09:00:00,13.709018914595893
2020-07-05T10:00:00,14.223908299985139
2020-07-05T11:00:00,15.675769847372301
2020-07-05T12:00:00,19.545089638751485
2020-07-05T13:00:00,24.51437759399414
2020-07-05T14:00:00,28.378780199133825
2020-07-05T15:00:00,32.16875208979067
2020-07-05T16:00:00,33.66691340570864
2020-07-05T17:00:00,34.724058731742524
2020-07-05T18:00:00,34.20323512865149
2020-07-05T19:00:00,32.95359578339949
2020-07-05T20:00:00,31.955529834913172
2020-07-05T21:00:00,31.04775752191958
2020-07-05T22:00:00,31.384234469869856
2020-07-05T23:00:00,31.89735536989958
2020-07-06T00:00:00,32.19749566783075
2020-07-06T01:00:00,31.831235305122707
2020-07-06T02:00:00,28.036525311677348
2020-07-06T03:00:00,21.275576467099395
2020-07-06T04:00:00,18.63904629582944
2020-07-06T05:00:00,17.221934360006582
2020-07-06T06:00:00,16.18576141025709
2020-07-06T07:00:00,15.461693597876506
2020-07-06T08:00:00,14.589104528012482
2020-07-06T09:00:00,14.56336564603059
2020-07-06T10:00:00,16.292378052421235
2020-07-06T11:00:00,18.176997640858524
2020-07-06T12:00:00,22.842619273973547
2020-07-06T13:00:00,28.774507107942
2020-07-06T14:00:00,32.02659714740255
2020-07-06T15:00:00,34.951869301174
2020-07-06T16:00:00,36.05551545516303
2020-07-06T17:00:00,36.645196997601055
2020-07-06T18:00:00,38.22325366476308
2020-07-06T19:00:00,40.23475779657778
2020-07-06T20:00:00,41.404847186544664
2020-07-06T21:00:00,40.91624699468197
2020-07-06T22:00:00,38.845710588538125
2020-07-06T23:00:00,36.616728741189704
2020-07-07T00:00:00,35.090909045675524
2020-07-07T01:00:00,31.012546539306634
2020-07-07T02:00:00,20.443199655284047
2020-07-07T03:00:00,16.404610094816785
2020-07-07T04:00:00,15.119495806486709
2020-07-07T05:00:00,14.52302082725193
2020-07-07T06:00:00,14.326486504596211
2020-07-07T07:00:00,14.416180444800332
2020-07-07T08:00:00,14.62543960239576
2020-07-07T09:00:00,14.915827253590455
2020-07-07T10:00:00,15.46307733784551
2020-07-07T11:00:00,17.27947475599206
2020-07-07T12:00:00,22.740515750387438
2020-07-07T13:00:00,31.842786042586617
2020-07-07T14:00:00,41.69455403866974
2020-07-07T15:00:00,48.626794732135274
2020-07-07T16:00:00,52.48582226297129
2020-07-07T17:00:00,54.823648535686985
2020-07-07T18:00:00,55.25140049146569
2020-07-07T19:00:00,52.80381426603898
2020-07-07T20:00:00,50.25352793154509
2020-07-07T21:00:00,47.21749231089716
2020-07-07T22:00:00,42.50104837832243
2020-07-07T23:00:00,38.87119342969811
2020-07-08T00:00:00,38.794732632844344
2020-07-08T01:00:00,39.68754063481869
2020-07-08T02:00:00,32.940345764160156
2020-07-08T03:00:00,21.642045643018637
2020-07-08T04:00:00,18.053211626799207
2020-07-08T05:00:00,16.451455489448875
2020-07-08T06:00:00,15.915222582609754
2020-07-08T07:00:00,15.748076438903805
2020-07-08T08:00:00,16.733377788377844
2020-07-08T09:00:00,17.82129055520762
2020-07-08T10:00:00,21.09576996513035
2020-07-08T11:00:00,27.333314066347867
2020-07-08T12:00:00,39.44016083427096
2020-07-08T13:00:00,56.647912232772164
2020-07-08T14:00:00,76.6911272795304
2020-07-08T15:00:00,101.90132904052734
2020-07-08T16:00:00,122.83055910856828
2020-07-08T17:00:00,140.6151700227157
2020-07-08T18:00:00,156.73720716393512
2020-07-08T19:00:00,171.49743586001188
2020-07-08T20:00:00,182.3892590066661
2020-07-08T21:00:00,190.75908362347147
2020-07-08T22:00:00,196.54155499002206
2020-07-08T23:00:00,202.13745846955672
2020-07-09T00:00:00,208.12719925590181
2020-07-09T01:00:00,211.61534450365147
2020-07-09T02:00:00,152.89768716563347
2020-07-09T03:00:00,82.87689408012058
2020-07-09T04:00:00,57.618206521739125
2020-07-09T05:00:00,46.078868534253985
2020-07-09T06:00:00,40.26066025443699
2020-07-09T07:00:00,37.497509831967555
2020-07-09T08:00:00,35.55341786923615
2020-07-09T09:00:00,34.88866325046705
2020-07-09T10:00:00,37.96010937898055
2020-07-09T11:00:00,44.93945743726647
2020-07-09T12:00:00,51.95111283012057
2020-07-09T13:00:00,59.29548744533373
2020-07-09T14:00:00,67.18106112272842
2020-07-09T15:00:00,71.5669993524966
2020-07-09T16:00:00,77.78578683604364
2020-07-09T17:00:00,90.8173476509426
2020-07-09T18:00:00,104.8992813773777
2020-07-09T19:00:00,109.09052110754925
2020-07-09T20:00:00,108.59067369543986
2020-07-09T21:00:00,105.612618819527
2020-07-09T22:00:00,98.88470890211022
2020-07-09T23:00:00,93.20539159360138
2020-07-10T00:00:00,85.91282123068103
2020-07-10T01:00:00,77.92507171630858
2020-07-10T02:00:00,52.012825509776235
2020-07-10T03:00:00,26.282826382180918
2020-07-10T04:00:00,17.054981314617653
2020-07-10T05:00:00,13.680228979691213
2020-07-10T06:00:00,12.656483277030611
2020-07-10T07:00:00,12.835223902826725
2020-07-10T08:00:00,13.499612435050631
2020-07-10T09:00:00,14.431929754174272
2020-07-10T10:00:00,17.115902029949684
2020-07-10T11:00:00,23.107691391654633
2020-07-10T12:00:00,34.015927439150595
2020-07-10T13:00:00,42.14516266532566
2020-07-10T14:00:00,52.2819477578868
2020-07-10T15:00:00,55.22127499787703
2020-07-10T16:00:00,53.6216813792353
2020-07-10T17:00:00,62.009964818539814
2020-07-10T18:00:00,63.93068960438603
2020-07-10T19:00:00,58.18660885354746
2020-07-10T20:00:00,45.58683594413425
2020-07-10T21:00:00,43.5247746343198
2020-07-10T22:00:00,48.79131167867908
2020-07-10T23:00:00,55.55248044884723
2020-07-11T00:00:00,63.24859801582667
2020-07-11T01:00:00,70.53764525703761
2020-07-11T02:00:00,54.256510693094
2020-07-11T03:00:00,34.56364208719005
2020-07-11T04:00:00,24.61411351742952
2020-07-11T05:00:00,18.981644837752633
2020-07-11T06:00:00,16.692741145258363
2020-07-11T07:00:00,15.285025969795559
2020-07-11T08:00:00,14.443492682083793
2020-07-11T09:00:00,14.241543603980022
2020-07-11T10:00:00,14.855645179748535
2020-07-11T11:00:00,17.515002706776492
2020-07-11T12:00:00,24.629808425903317
2020-07-11T13:00:00,31.22432882889457
2020-07-11T14:00:00,33.9924315576968
2020-07-11T15:00:00,35.52394584987474
2020-07-11T16:00:00,36.42747016575025
2020-07-11T17:00:00,38.64406154466712
2020-07-11T18:00:00,39.96598782746688
2020-07-11T19:00:00,40.98247528076172
2020-07-11T20:00:00,41.11317327748174
2020-07-11T21:00:00,37.868627133576766
2020-07-11T22:00:00,35.754767542300016
2020-07-11T23:00:00,34.74942049772842
2020-07-12T00:00:00,35.168314560599946
2020-07-12T01:00:00,34.35238763560419
2020-07-12T02:00:00,22.370029698247492
2020-07-12T03:00:00,17.758673875228215
2020-07-12T04:00:00,15.80047968159551
2020-07-12T05:00:00,14.431606831757918
2020-07-12T06:00:00,13.766282413316807
2020-07-12T07:00:00,13.37257953312086
2020-07-12T08:00:00,13.280288696289062
2020-07-12T09:00:00,13.882197836171024
2020-07-12T10:00:00,15.15100562054178
2020-07-12T11:00:00,17.764809235282566
2020-07-12T12:00:00,24.585674368816868
2020-07-12T13:00:00,31.613798307335887
2020-07-12T14:00:00,38.5374930008598
2020-07-12T15:00:00,44.62700155506963
2020-07-12T16:00:00,45.409639441448704
2020-07-12T17:00:00,38.98358121125594
2020-07-12T18:00:00,33.859602886697516
2020-07-12T19:00:00,30.50175210703974
2020-07-12T20:00:00,28.97533093328061
2020-07-12T21:00:00,29.71287569792374
2020-07-12T22:00:00,32.83927146248195
2020-07-12T23:00:00,37.94659042358398
2020-07-13T00:00:00,44.91983612723972
2020-07-13T01:00:00,48.6376089013141
2020-07-13T02:00:00,38.46719277423361
2020-07-13T03:00:00,27.23388564068338
2020-07-13T04:00:00,22.207622859788973
2020-07-13T05:00:00,20.68424971207328
2020-07-13T06:00:00,20.373952119246773
2020-07-13T07:00:00,20.49979325999384
2020-07-13T08:00:00,20.33096976902174
2020-07-13T09:00:00,20.245946635370668
2020-07-13T10:00:00,20.845195604407266
2020-07-13T11:00:00,23.743890430616293
2020-07-13T12:00:00,32.34570611041525
2020-07-13T13:00:00,42.56280368307362
2020-07-13T14:00:00,53.67592952562415
2020-07-13T15:00:00,67.3310780732528
2020-07-13T16:00:00,81.12187028967816
2020-07-13T17:00:00,96.57518005371092
2020-07-13T18:00:00,108.01720561151917
2020-07-13T19:00:00,112.70199584960938
2020-07-13T20:00:00,112.85834304146144
2020-07-13T21:00:00,114.41790439771569
2020-07-13T22:00:00,113.79736261782438
2020-07-13T23:00:00,108.9636409593665
2020-07-14T00:00:00,105.69411700704822
2020-07-14T01:00:00,96.14519135848334
2020-07-14T02:00:00,49.02367052824601
2020-07-14T03:00:00,31.533066956893258
2020-07-14T04:00:00,25.503348557845403
2020-07-14T05:00:00,22.376723330953844
2020-07-14T06:00:00,20.62772858661154
2020-07-14T07:00:00,19.803897360096805
2020-07-14T08:00:00,19.816639278246004
2020-07-14T09:00:00,20.289252405581262
2020-07-14T10:00:00,21.719920946204144
2020-07-14T11:00:00,25.30491480620011
2020-07-14T12:00:00,33.332467120626696
2020-07-14T13:00:00,42.159648231838055
2020-07-14T14:00:00,50.193043916121766
2020-07-14T15:00:00,56.21728034641431
2020-07-14T16:00:00,61.264007568359375
2020-07-14T17:00:00,63.908994094185196
2020-07-14T18:00:00,64.9760569696841
2020-07-14T19:00:00,63.82644238679305
2020-07-14T20:00:00,61.62134568587594
2020-07-14T21:00:00,58.76342524652895
2020-07-14T22:00:00,56.96720836473548
2020-07-14T23:00:00,55.848342397938595
2020-07-15T00:00:00,55.16520906531292
2020-07-15T01:00:00,53.54228426062542
2020-07-15T02:00:00,38.11517814967944
2020-07-15T03:00:00,26.219978830088735
2020-07-15T04:00:00,22.102959840194035
2020-07-15T05:00:00,19.953549094822094
2020-07-15T06:00:00,19.007318994273305
2020-07-15T07:00:00,18.840705539869226
2020-07-15T08:00:00,19.61447350875191
2020-07-15T09:00:00,21.411381265391473
2020-07-15T10:00:00,24.83116929427437
2020-07-15T11:00:00,32.71860039752462
2020-07-15T12:00:00,44.60669144340183
2020-07-15T13:00:00,52.94520568847656
2020-07-15T14:00:00,55.36199022376018
2020-07-15T15:00:00,56.17934517238451
2020-07-15T16:00:00,57.99911780979322
2020-07-15T17:00:00,60.28945143326468
2020-07-15T18:00:00,60.62883758544921
2020-07-15T19:00:00,54.077088895051375
2020-07-15T20:00:00,44.95495505954908
2020-07-15T21:00:00,41.0856988326363
2020-07-15T22:00:00,41.42881874416185
2020-07-15T23:00:00,43.178048175314196
2020-07-16T00:00:00,45.01768775608228
2020-07-16T01:00:00,40.316857711128556
2020-07-16T02:00:00,31.202923152757723
2020-07-16T03:00:00,22.876960173897118
2020-07-16T04:00:00,18.382930258046024
2020-07-16T05:00:00,16.696298101673957
2020-07-16T06:00:00,16.998987778373387
2020-07-16T07:00:00,17.42277302949325
2020-07-16T08:00:00,17.42279401032821
2020-07-16T09:00:00,18.40217009834621
2020-07-16T10:00:00,22.249474235202953
2020-07-16T11:00:00,32.0745731851329
2020-07-16T12:00:00,45.75795895120372
2020-07-16T13:00:00,53.78969789587933
2020-07-16T14:00:00,58.60939805403999
2020-07-16T15:00:00,64.40750453783116
2020-07-16T16:00:00,73.96344823422639
2020-07-16T17:00:00,78.40803229290505
2020-07-16T18:00:00,73.59176204515539
2020-07-16T19:00:00,67.11529541015625
2020-07-16T20:00:00,62.29683419932489
2020-07-16T21:00:00,60.28329301917033
2020-07-16T22:00:00,59.047597138778016
2020-07-16T23:00:00,60.445442531419836
2020-07-17T00:00:00,64.37100136798361
2020-07-17T01:00:00,70.02997025199558
2020-07-17T02:00:00,58.29779284933338
2020-07-17T03:00:00,35.43292485112729
2020-07-17T04:00:00,25.43657875061035
2020-07-17T05:00:00,19.931701577228047
2020-07-17T06:00:00,18.039863171784773
2020-07-17T07:00:00,17.777361621027403
2020-07-17T08:00:00,18.511827137159266
2020-07-17T09:00:00,19.31434390855872
2020-07-17T10:00:00,23.114683731742524
2020-07-17T11:00:00,27.557080642036766
2020-07-17T12:00:00,31.670008783755094
2020-07-17T13:00:00,42.667208132536516
2020-07-17T14:00:00,53.90632115239681
2020-07-17T15:00:00,61.036803867505924
2020-07-17T16:00:00,66.2982532667077
2020-07-17T17:00:00,67.27188806948453
2020-07-17T18:00:00,63.245196964429766
2020-07-17T19:00:00,56.35197199945864
2020-07-17T20:00:00,52.730382007101305
2020-07-17T21:00:00,56.52150527290675
2020-07-17T22:00:00,60.23152044545049
2020-07-17T23:00:00,59.36083835104237
2020-07-18T00:00:00,57.21813268246858
2020-07-18T01:00:00,59.27373172925866
2020-07-18T02:00:00,52.12517547607421
2020-07-18T03:00:00,36.01191860696544
2020-07-18T04:00:00,29.19491270314092
2020-07-18T05:00:00,26.998695954032563
2020-07-18T06:00:00,25.941845603611153
2020-07-18T07:00:00,25.37799196657927
2020-07-18T08:00:00,25.212877024774965
2020-07-18T09:00:00,25.701664136803664
2020-07-18T10:00:00,27.052032138990317
2020-07-18T11:00:00,32.19545115595279
2020-07-18T12:00:00,43.58668319038722
2020-07-18T13:00:00,57.98477935791015
2020-07-18T14:00:00,75.23168049687925
2020-07-18T15:00:00,96.44550124458644
2020-07-18T16:00:00,114.36804331903872
2020-07-18T17:00:00,125.77864340077275
2020-07-18T18:00:00,126.3354565164317
2020-07-18T19:00:00,122.8550627335258
2020-07-18T20:00:00,118.42184514584747
2020-07-18T21:00:00,113.76260807203211
2020-07-18T22:00:00,110.04010739533796
2020-07-18T23:00:00,105.61505226466967
2020-07-19T00:00:00,103.89132093346636
2020-07-19T01:00:00,104.465169823688
2020-07-19T02:00:00,77.71130172066064
2020-07-19T03:00:00,47.02438022779381
2020-07-19T04:00:00,36.44831864730171
2020-07-19T05:00:00,29.976407590119727
2020-07-19T06:00:00,28.825701506241504
2020-07-19T07:00:00,30.013207808784813
2020-07-19T08:00:00,31.24584562882133
2020-07-19T09:00:00,33.894802922787875
2020-07-19T10:00:00,37.61817915543266
2020-07-19T11:00:00,44.997000155241594
2020-07-19T12:00:00,59.99111523835555
2020-07-19T13:00:00,79.81767007578974
2020-07-19T14:00:00,99.42489325481912
2020-07-19T15:00:00,116.80545010774031
2020-07-19T16:00:00,133.155773660411
2020-07-19T17:00:00,145.83863366168475
2020-07-19T18:00:00,157.5743003513502
2020-07-19T19:00:00,167.78295832094938
2020-07-19T20:00:00,170.2835076373556
2020-07-19T21:00:00,177.74166206691575
2020-07-19T22:00:00,182.3438674263332
2020-07-19T23:00:00,183.25918446416438
2020-07-20T00:00:00,178.67494400687838
2020-07-20T01:00:00,139.9451453167459
2020-07-20T02:00:00,68.41402103589928
2020-07-20T03:00:00,40.67635411801545
2020-07-20T04:00:00,28.738482682601262
2020-07-20T05:00:00,25.057519415150516
2020-07-20T06:00:00,24.453849129054856
2020-07-20T07:00:00,25.349943658579946
2020-07-20T08:00:00,26.956349911897075
2020-07-20T09:00:00,31.62537748917289
2020-07-20T10:00:00,43.85188741269319
2020-07-20T11:00:00,51.10499008842136
2020-07-20T12:00:00,34.977619336998984
2020-07-20T13:00:00,29.11549783789593
2020-07-20T14:00:00,33.76843701238217
2020-07-20T15:00:00,38.69139215220575
2020-07-20T16:00:00,40.25954304570737
2020-07-20T17:00:00,41.08393743763799
2020-07-20T18:00:00,38.362764441448704
2020-07-20T19:00:00,36.631088090979524
2020-07-20T20:00:00,36.656877268915586
2020-07-20T21:00:00,37.381782365881875
2020-07-20T22:00:00,38.19478839376698
2020-07-20T23:00:00,39.90619045755137
2020-07-21T00:00:00,42.94753116110096
2020-07-21T01:00:00,34.51664849986201
2020-07-21T02:00:00,20.277991087540336
2020-07-21T03:00:00,16.753464657327402
2020-07-21T04:00:00,15.598803810451338
2020-07-21T05:00:00,15.618585006050441
2020-07-21T06:00:00,15.628836797631305
2020-07-21T07:00:00,15.948637215987496
2020-07-21T08:00:00,16.75517239777938
2020-07-21T09:00:00,17.97468027861222
2020-07-21T10:00:00,19.309498662533965
2020-07-21T11:00:00,22.53006006323773
2020-07-21T12:00:00,28.270864569622535
2020-07-21T13:00:00,36.78836805924125
2020-07-21T14:00:00,43.91675368599269
2020-07-21T15:00:00,51.15436869082243
2020-07-21T16:00:00,63.14284399281377
2020-07-21T17:00:00,73.1096075306768
2020-07-21T18:00:00,78.42824023702869
2020-07-21T19:00:00,79.38947694197944
2020-07-21T20:00:00,77.98588163956352
2020-07-21T21:00:00,74.76494896930195
2020-07-21T22:00:00,70.43905108907947
2020-07-21T23:00:00,66.60007675834323
2020-07-22T00:00:00,63.469060483186134
2020-07-22T01:00:00,55.08168394669242
2020-07-22T02:00:00,31.745214047639262
2020-07-22T03:00:00,22.97711712381114
2020-07-22T04:00:00,19.857949215432868
2020-07-22T05:00:00,18.7199300683063
2020-07-22T06:00:00,17.70596935438073
2020-07-22T07:00:00,16.60692389115043
2020-07-22T08:00:00,16.355605788852856
2020-07-22T09:00:00,16.6498731944872
2020-07-22T10:00:00,18.777834519096043
2020-07-22T11:00:00,22.908406713734497
2020-07-22T12:00:00,30.67021162613578
2020-07-22T13:00:00,40.86962442812712
2020-07-22T14:00:00,48.811348624851384
2020-07-22T15:00:00,54.707099748694375
2020-07-22T16:00:00,45.06343791795813
2020-07-22T17:00:00,52.79992095283839
2020-07-22T18:00:00,58.57956562871518
2020-07-22T19:00:00,63.21574766739555
2020-07-22T20:00:00,67.02292268172553
2020-07-22T21:00:00,70.44084399679431
2020-07-22T22:00:00,72.60591025974439
2020-07-22T23:00:00,72.21460259479025
2020-07-23T00:00:00,70.62796319049338
2020-07-23T01:00:00,66.6809131788171
2020-07-23T02:00:00,37.20027608456819
2020-07-23T03:00:00,25.22841395502505
2020-07-23T04:00:00,19.126424043074895
2020-07-23T05:00:00,16.489625018575914
2020-07-23T06:00:00,16.061166473056957
2020-07-23T07:00:00,19.36435732634171
2020-07-23T08:00:00,21.959511632504668
2020-07-23T09:00:00,23.715518619703207
2020-07-23T10:00:00,26.23927199322244
2020-07-23T11:00:00,33.671007239300266
2020-07-23T12:00:00,45.88321685791015
2020-07-23T13:00:00,54.89791903288468
2020-07-23T14:00:00,49.04992642609969
2020-07-23T15:00:00,38.11855432261591
2020-07-23T16:00:00,32.47563121629798
2020-07-23T17:00:00,33.53231247611667
2020-07-23T18:00:00,41.02096839573072
2020-07-23T19:00:00,50.88239139059315
2020-07-23T20:00:00,57.25515465114427
2020-07-23T21:00:00,46.61908307282821
2020-07-23T22:00:00,22.621532274329144
2020-07-23T23:00:00,15.465395512788191
2020-07-24T00:00:00,17.658677971881367
2020-07-24T01:00:00,20.24747898267663
2020-07-24T02:00:00,19.08734877213188
2020-07-24T03:00:00,16.912155814792797
2020-07-24T04:00:00,15.933831297832983
2020-07-24T05:00:00,15.760548757470172
2020-07-24T06:00:00,15.62639970364778
2020-07-24T07:00:00,15.463210105895994
2020-07-24T08:00:00,15.316391488780145
2020-07-24T09:00:00,15.42144597094992
2020-07-24T10:00:00,15.919683166172193
2020-07-24T11:00:00,17.953747376151703
2020-07-24T12:00:00,22.780648687611457
2020-07-24T13:00:00,28.174898147583004
2020-07-24T14:00:00,33.10013654957647
2020-07-24T15:00:00,36.45721120419709
2020-07-24T16:00:00,38.08986365276834
2020-07-24T17:00:00,39.13010232344917
2020-07-24T18:00:00,39.6421190344769
2020-07-24T19:00:00,39.17894462917162
2020-07-24T20:00:00,37.9080115608547
2020-07-24T21:00:00,36.31089343195376
2020-07-24T22:00:00,34.92160622969917
2020-07-24T23:00:00,33.719003179798946
2020-07-25T00:00:00,32.97588199117909
2020-07-25T01:00:00,31.817643870478086
2020-07-25T02:00:00,24.88562318553095
2020-07-25T03:00:00,18.88164064158564
2020-07-25T04:00:00,16.330149857894234
2020-07-25T05:00:00,14.708181712938389
2020-07-25T06:00:00,13.323764552240783
2020-07-25T07:00:00,12.933041323786195
2020-07-25T08:00:00,13.3064604634824
2020-07-25T09:00:00,15.054828104765518
2020-07-25T10:00:00,17.088203761888586
2020-07-25T11:00:00,18.605525514353875
2020-07-25T12:00:00,22.538324190222696
2020-07-25T13:00:00,24.446275545203168
2020-07-25T14:00:00,23.329051971435543
2020-07-25T15:00:00,23.809322025464926
2020-07-25T16:00:00,25.362665342248004
2020-07-25T17:00:00,27.383693031642746
2020-07-25T18:00:00,30.009320798127543
2020-07-25T19:00:00,32.685384584509805
2020-07-25T20:00:00,35.51941465294879
2020-07-25T21:00:00,36.80292917334514
2020-07-25T22:00:00,36.296055669369906
2020-07-25T23:00:00,35.32562612450641
2020-07-26T00:00:00,37.60412232772164
2020-07-26T01:00:00,37.881167867909305
2020-07-26T02:00:00,23.558371170707368
2020-07-26T03:00:00,16.432689003322434
2020-07-26T04:00:00,13.602330788322115
2020-07-26T05:00:00,12.42580405525539
2020-07-26T06:00:00,11.803242351697838
2020-07-26T07:00:00,11.440216313237729
2020-07-26T08:00:00,11.369907793791397
2020-07-26T09:00:00,11.747883257658584
2020-07-26T10:00:00,13.454419218975563
2020-07-26T11:00:00,18.361254153044325
2020-07-26T12:00:00,27.02315570997155
2020-07-26T13:00:00,33.81945751024329
2020-07-26T14:00:00,38.393017146898345
2020-07-26T15:00:00,41.50216542119564
2020-07-26T16:00:00,42.99465030172596
2020-07-26T17:00:00,43.56110365494437
2020-07-26T18:00:00,42.39085023299507
2020-07-26T19:00:00,40.6301092064899
2020-07-26T20:00:00,38.398005941639774
2020-07-26T21:00:00,35.37173652648925
2020-07-26T22:00:00,32.66493838766346
2020-07-26T23:00:00,30.354666751364
2020-07-27T00:00:00,27.686576760333516
2020-07-27T01:00:00,25.05697499150815
2020-07-27T02:00:00,24.200821337492567
2020-07-27T03:00:00,23.54510730245839
2020-07-27T04:00:00,21.87107227159583
2020-07-27T05:00:00,21.06993592303732
2020-07-27T06:00:00,20.9335010362708
2020-07-27T07:00:00,20.247575925744098
2020-07-27T08:00:00,20.08318146415379
2020-07-27T09:00:00,19.481314285941743
2020-07-27T10:00:00,18.770048804905105
2020-07-27T11:00:00,20.841644370037574
2020-07-27T12:00:00,27.06027793884277
2020-07-27T13:00:00,33.213009295256235
2020-07-27T14:00:00,36.66127860027811
2020-07-27T15:00:00,45.42073158595873
2020-07-27T16:00:00,53.733723681905985
2020-07-27T17:00:00,55.17644650003184
2020-07-27T18:00:00,51.50418488875679
2020-07-27T19:00:00,46.00600582620371
2020-07-27T20:00:00,41.719111898671024
2020-07-27T21:00:00,39.12112177973207
2020-07-27T22:00:00,35.84488628221594
2020-07-27T23:00:00,31.317764448082958
2020-07-28T00:00:00,27.345360133958895
2020-07-28T01:00:00,24.23036011405613
2020-07-28T02:00:00,22.671208257260528
2020-07-28T03:00:00,21.152543109396227
2020-07-28T04:00:00,16.920358326124106
2020-07-28T05:00:00,14.09902991419253
2020-07-28T06:00:00,14.627161606498385
2020-07-28T07:00:00,17.163328295168668
2020-07-28T08:00:00,19.221941325975497
2020-07-28T09:00:00,20.27267331662385
2020-07-28T10:00:00,21.711033365000848
2020-07-28T11:00:00,24.090033075083856
2020-07-28T12:00:00,27.43028748553732
2020-07-28T13:00:00,29.429835029270336
2020-07-28T14:00:00,30.78404683652131
2020-07-28T15:00:00,35.52690514274265
2020-07-28T16:00:00,42.71078408282735
2020-07-28T17:00:00,46.91881013953167
2020-07-28T18:00:00,45.660848700481914
2020-07-28T19:00:00,43.20351310398267
2020-07-28T20:00:00,45.649588709292196
2020-07-28T21:00:00,51.79507280432659
2020-07-28T22:00:00,53.579941127611235
2020-07-28T23:00:00,49.6120487710704
2020-07-29T00:00:00,45.078626218049415
2020-07-29T01:00:00,42.03044559644616
2020-07-29T02:00:00,40.67724194733992
2020-07-29T03:00:00,38.146311718484625
2020-07-29T04:00:00,32.161905205768086
2020-07-29T05:00:00,28.29132328862729
2020-07-29T06:00:00,26.243552083554473
2020-07-29T07:00:00,24.703303876130477
2020-07-29T08:00:00,21.853185902471125
2020-07-29T09:00:00,18.446725430695903
2020-07-29T10:00:00,18.606865924337633
2020-07-29T11:00:00,21.726212957630985
2020-07-29T12:00:00,26.523908283399496
2020-07-29T13:00:00,32.88607580765433
2020-07-29T14:00:00,39.63312530517578
2020-07-29T15:00:00,42.552829410718836
2020-07-29T16:00:00,40.26396958724312
2020-07-29T17:00:00,37.49289039943529
2020-07-29T18:00:00,37.16952846361243
2020-07-29T19:00:00,36.052882816480555
2020-07-29T20:00:00,31.400261505790375
2020-07-29T21:00:00,26.875875970591668
2020-07-29T22:00:00,23.74544691002887
2020-07-29T23:00:00,24.871750955996305
2020-07-30T00:00:00,28.955954510232676
2020-07-30T01:00:00,29.730527214382004
2020-07-30T02:00:00,20.51092545882515
2020-07-30T03:00:00,16.36273226530656
2020-07-30T04:00:00,15.37160255597985
2020-07-30T05:00:00,14.970377880594002
2020-07-30T06:00:00,14.713756063710086
2020-07-30T07:00:00,14.2510464295097
2020-07-30T08:00:00,14.132471126058824
2020-07-30T09:00:00,14.817175201747727
2020-07-30T10:00:00,16.608621265577234
2020-07-30T11:00:00,19.43835756053095
2020-07-30T12:00:00,25.410170181937836
2020-07-30T13:00:00,31.579208042310626
2020-07-30T14:00:00,34.16433972897736
2020-07-30T15:00:00,35.84314819004224
2020-07-30T16:00:00,37.43627299433169
2020-07-30T17:00:00,38.4217997011931
2020-07-30T18:00:00,39.473219000774876
2020-07-30T19:00:00,37.82369630233101
2020-07-30T20:00:00,34.572628187096626
2020-07-30T21:00:00,31.774284196936566
2020-07-30T22:00:00,31.897642799045727
2020-07-30T23:00:00,33.89533042907714
2020-07-31T00:00:00,34.48494438503099
2020-07-31T01:00:00,32.59885248930558
2020-07-31T02:00:00,21.4287343232528
2020-07-31T03:00:00,16.13023687445599
2020-07-31T04:00:00,14.281024020651111
2020-07-31T05:00:00,13.284985044728154
2020-07-31T06:00:00,12.282311232193656
2020-07-31T07:00:00,11.681281380031418
2020-07-31T08:00:00,11.608868059904678
2020-07-31T09:00:00,11.770608155623727
2020-07-31T10:00:00,12.42718621958857
2020-07-31T11:00:00,15.832013088723885
2020-07-31T12:00:00,25.539559986280356
2020-07-31T13:00:00,35.47515114493991
2020-07-31T14:00:00,39.78001354051673
2020-07-31T15:00:00,40.56252305403999
2020-07-31T16:00:00,43.587467857029125
2020-07-31T17:00:00,48.71935985399329
2020-07-31T18:00:00,53.666171695875086
2020-07-31T19:00:00,52.29982740982719
2020-07-31T20:00:00,43.79548363063646
2020-07-31T21:00:00,39.875432387642235
2020-07-31T22:00:00,40.33312142413595
2020-07-31T23:00:00,42.318213255509086
2020-08-01T00:00:00,43.27042554772417
2020-08-01T01:00:00,41.54653383337932
2020-08-01T02:00:00,25.8873349894648
2020-08-01T03:00:00,17.839516764101774
2020-08-01T04:00:00,15.446163882379945
2020-08-01T05:00:00,14.28101116677989
2020-08-01T06:00:00,13.767634350320566
2020-08-01T07:00:00,13.836126410442848
2020-08-01T08:00:00,13.951819295468535
2020-08-01T09:00:00,14.570565638334854
2020-08-01T10:00:00,16.576793919438895
2020-08-01T11:00:00,19.650891428408414
2020-08-01T12:00:00,22.942786506984543
2020-08-01T13:00:00,25.850645065307617
2020-08-01T14:00:00,26.453443278437074
2020-08-01T15:00:00,26.524466141410493
2020-08-01T16:00:00,27.690593138985008
2020-08-01T17:00:00,29.73526979529339
2020-08-01T18:00:00,29.416968801747196
2020-08-01T19:00:00,27.357799695885696
2020-08-01T20:00:00,26.208436053732168
2020-08-01T21:00:00,26.654027855914567
2020-08-01T22:00:00,27.45048423435377
2020-08-01T23:00:00,28.0070687169614
2020-08-02T00:00:00,29.14775641068168
2020-08-02T01:00:00,29.409928031589672
2020-08-02T02:00:00,27.528898073279336
2020-08-02T03:00:00,20.358428540437114
2020-08-02T04:00:00,16.827382046243418
2020-08-02T05:00:00,15.677368578703506
2020-08-02T06:00:00,15.106055549953293
2020-08-02T07:00:00,14.472882643989893
2020-08-02T08:00:00,13.23576263759447
2020-08-02T09:00:00,13.222708370374596
2020-08-02T10:00:00,15.628126227337379
2020-08-02T11:00:00,20.806381723155145
2020-08-02T12:00:00,27.71670714668605
2020-08-02T13:00:00,32.13817521800165
2020-08-02T14:00:00,33.80180317422618
2020-08-02T15:00:00,33.74993274522864
2020-08-02T16:00:00,32.23672833650008
2020-08-02T17:00:00,31.010309551073156
2020-08-02T18:00:00,30.275386644446325
2020-08-02T19:00:00,28.907958984374993
2020-08-02T20:00:00,26.214591233626653
2020-08-02T21:00:00,23.369195191756535
2020-08-02T22:00:00,22.11112188256305
2020-08-02T23:00:00,21.99396000737729
2020-08-03T00:00:00,21.74654322085173
2020-08-03T01:00:00,21.233095500780188
2020-08-03T02:00:00,21.30917864260466
2020-08-03T03:00:00,20.718910880710766
2020-08-03T04:00:00,19.19851137244183
2020-08-03T05:00:00,18.370551980060075
2020-08-03T06:00:00,17.893157710199766
2020-08-03T07:00:00,16.702635018721868
2020-08-03T08:00:00,16.876115301380985
2020-08-03T09:00:00,17.25516841722571
2020-08-03T10:00:00,17.1457345382027
2020-08-03T11:00:00,18.757151313450027
2020-08-03T12:00:00,21.28329857535984
2020-08-03T13:00:00,22.70483829664147
2020-08-03T14:00:00,25.205547913261075
2020-08-03T15:00:00,30.602393274721884
2020-08-03T16:00:00,34.868130974147626
2020-08-03T17:00:00,35.94874373726223
2020-08-03T18:00:00,34.446802470995024
2020-08-03T19:00:00,30.838055154551625
2020-08-03T20:00:00,26.868245332137395
2020-08-03T21:00:00,25.013932767121684
2020-08-03T22:00:00,26.451743084451422
2020-08-03T23:00:00,28.19990821506666
2020-08-04T00:00:00,28.66375052410623
2020-08-04T01:00:00,27.431663098542582
2020-08-04T02:00:00,19.02180696570355
2020-08-04T03:00:00,14.836790955584979
2020-08-04T04:00:00,13.17190808835237
2020-08-04T05:00:00,12.112904299860416
2020-08-04T06:00:00,11.34526319089143
2020-08-04T07:00:00,10.859472938205883
2020-08-04T08:00:00,11.023003122080928
2020-08-04T09:00:00,11.61486418350883
2020-08-04T10:00:00,12.642600391222082
2020-08-04T11:00:00,14.711589522983717
2020-08-04T12:00:00,17.99138699407163
2020-08-04T13:00:00,20.97172173209812
2020-08-04T14:00:00,23.07853839708411
2020-08-04T15:00:00,24.543697523034133
2020-08-04T16:00:00,26.0977784032407
2020-08-04T17:00:00,28.043499988058336
2020-08-04T18:00:00,30.254412526669704
2020-08-04T19:00:00,28.463056896043856
2020-08-04T20:00:00,25.76483685037364
2020-08-04T21:00:00,25.27473632149074
2020-08-04T22:00:00,26.041783208432403
2020-08-04T23:00:00,26.4578277753747
2020-08-05T00:00:00,27.0414632714313
2020-08-05T01:00:00,28.744421834531035
2020-08-05T02:00:00,21.068575568821117
2020-08-05T03:00:00,15.86764970033065
2020-08-05T04:00:00,13.81239028598951
2020-08-05T05:00:00,12.176902563675588
2020-08-05T06:00:00,10.977593546328336
2020-08-05T07:00:00,10.206427325373111
2020-08-05T08:00:00,9.852102113806684
2020-08-05T09:00:00,10.026451566944951
2020-08-05T10:00:00,10.928242890731147
2020-08-05T11:00:00,13.327879864236582
2020-08-05T12:00:00,17.519199122553285
2020-08-05T13:00:00,20.276361050813094
2020-08-05T14:00:00,22.228692262069035
2020-08-05T15:00:00,24.042514054671578
2020-08-05T16:00:00,25.787508425505262
2020-08-05T17:00:00,25.643520355224606
2020-08-05T18:00:00,25.018192871757176
2020-08-05T19:00:00,23.897069267604657
2020-08-05T20:00:00,21.84634042822796
2020-08-05T21:00:00,20.398090445477028
2020-08-05T22:00:00,20.085952924645465
2020-08-05T23:00:00,20.86835944134256
2020-08-06T00:00:00,22.937759731126864
2020-08-06T01:00:00,24.174774916275684
2020-08-06T02:00:00,23.306870999543563
2020-08-06T03:00:00,16.402577607528023
2020-08-06T04:00:00,14.090034982432488
2020-08-06T05:00:00,13.20500622624936
2020-08-06T06:00:00,13.00247117747431
2020-08-06T07:00:00,12.995005566140879
2020-08-06T08:00:00,12.10083310500435
2020-08-06T09:00:00,13.29918902853261
2020-08-06T10:00:00,15.998050482376758
2020-08-06T11:00:00,19.364850085714586
2020-08-06T12:00:00,22.26641223741614
2020-08-06T13:00:00,25.394806737485137
2020-08-06T14:00:00,28.39714780061141
2020-08-06T15:00:00,31.65997870072074
2020-08-06T16:00:00,35.34589079151983
2020-08-06T17:00:00,35.45987353117569
2020-08-06T18:00:00,30.965201087619942
2020-08-06T19:00:00,28.064760373986285
2020-08-06T20:00:00,27.210075212561563
2020-08-06T21:00:00,27.87357139587402
2020-08-06T22:00:00,28.219208427097485
2020-08-06T23:00:00,27.756229566491164
2020-08-07T00:00:00,26.68547505917756
2020-08-07T01:00:00,28.425235167793602
2020-08-07T02:00:00,24.56257513295049
2020-08-07T03:00:00,16.731890719869863
2020-08-07T04:00:00,14.890434721241826
2020-08-07T05:00:00,13.734641323918881
2020-08-07T06:00:00,13.619623930557912
2020-08-07T07:00:00,14.166166429934291
2020-08-07T08:00:00,15.130069152168604
2020-08-07T09:00:00,17.035650667936903
2020-08-07T10:00:00,20.605052947998047
2020-08-07T11:00:00,24.868196072785747
2020-08-07T12:00:00,27.133017166801118
2020-08-07T13:00:00,29.34218829611073
2020-08-07T14:00:00,32.65027651579483
2020-08-07T15:00:00,36.30743035026219
2020-08-07T16:00:00,37.43163581516432
2020-08-07T17:00:00,35.24359238666036
2020-08-07T18:00:00,34.531940128492266
2020-08-07T19:00:00,32.16934991919476
2020-08-07T20:00:00,29.305541992187496
2020-08-07T21:00:00,28.627903813901153
2020-08-07T22:00:00,27.74965551625127
2020-08-07T23:00:00,27.45241778829823
2020-08-08T00:00:00,27.76792932593304
2020-08-08T01:00:00,28.374504752781075
2020-08-08T02:00:00,25.03223676266877
2020-08-08T03:00:00,21.504161254219387
2020-08-08T04:00:00,20.133244307144828
2020-08-08T05:00:00,19.08343348295792
2020-08-08T06:00:00,18.903332254161004
2020-08-08T07:00:00,19.087123207423996
2020-08-08T08:00:00,19.13633968519128
2020-08-08T09:00:00,20.038589311682657
2020-08-08T10:00:00,21.880528491476305
2020-08-08T11:00:00,26.647261826888375
2020-08-08T12:00:00,34.32060357798701
2020-08-08T13:00:00,42.084596053413726
2020-08-08T14:00:00,46.821943697722055
2020-08-08T15:00:00,47.67085697339928
2020-08-08T16:00:00,46.776709349259086
2020-08-08T17:00:00,44.227323283319876
2020-08-08T18:00:00,39.83394755487856
2020-08-08T19:00:00,40.06068254553753
2020-08-08T20:00:00,39.97602379840353
2020-08-08T21:00:00,38.99368369061013
2020-08-08T22:00:00,37.41517821602199
2020-08-08T23:00:00,35.32187519902768
2020-08-09T00:00:00,34.550541753354274
2020-08-09T01:00:00,35.16335479072902
2020-08-09T02:00:00,25.66673718328061
2020-08-09T03:00:00,19.057295177293856
2020-08-09T04:00:00,17.33649270430855
2020-08-09T05:00:00,17.406349347985305
2020-08-09T06:00:00,17.368046470310375
2020-08-09T07:00:00,17.394431570301883
2020-08-09T08:00:00,18.522784855054773
2020-08-09T09:00:00,20.22411852297575
2020-08-09T10:00:00,22.56907338681428
2020-08-09T11:00:00,26.164616957954735
2020-08-09T12:00:00,29.695610543955922
2020-08-09T13:00:00,33.03669863161833
2020-08-09T14:00:00,35.34067568571671
2020-08-09T15:00:00,36.413979240085766
2020-08-09T16:00:00,37.244200167448625
2020-08-09T17:00:00,37.5203223850416
2020-08-09T18:00:00,36.1307256947393
2020-08-09T19:00:00,36.1778391962466
2020-08-09T20:00:00,35.68525496773098
2020-08-09T21:00:00,34.459404074627415
2020-08-09T22:00:00,34.13429359767747
2020-08-09T23:00:00,31.735067948051118
2020-08-10T00:00:00,30.406393548716665
2020-08-10T01:00:00,30.314219350400172
2020-08-10T02:00:00,24.669425466786258
2020-08-10T03:00:00,20.29420753147291
2020-08-10T04:00:00,17.89951001042905
2020-08-10T05:00:00,16.775249315344766
2020-08-10T06:00:00,16.01590886323348
2020-08-10T07:00:00,15.271157637886375
2020-08-10T08:00:00,14.537461985712463
2020-08-10T09:00:00,14.15628789818805
2020-08-10T10:00:00,14.448985970538594
2020-08-10T11:00:00,16.151228780331817
2020-08-10T12:00:00,19.953692809395168
2020-08-10T13:00:00,24.62176165373429
2020-08-10T14:00:00,29.159041777901024
2020-08-10T15:00:00,31.974776807038683
2020-08-10T16:00:00,32.455114613408625
2020-08-10T17:00:00,33.92754596212636
2020-08-10T18:00:00,36.90019922671111
2020-08-10T19:00:00,39.54701979263969
2020-08-10T20:00:00,40.77081746640412
2020-08-10T21:00:00,39.82963877138884
2020-08-10T22:00:00,38.581913657810375
2020-08-10T23:00:00,37.07361271070397
2020-08-11T00:00:00,36.05591085682744
2020-08-11T01:00:00,31.941849750021227
2020-08-11T02:00:00,22.801611693009086
2020-08-11T03:00:00,20.54261141238005
2020-08-11T04:00:00,20.03968354930048
2020-08-11T05:00:00,19.95829905634341
2020-08-11T06:00:00,19.55251760068147
2020-08-11T07:00:00,18.800426483154297
2020-08-11T08:00:00,19.099828471308168
2020-08-11T09:00:00,19.932624982750934
2020-08-11T10:00:00,21.116344534832496
2020-08-11T11:00:00,23.27010793271272
2020-08-11T12:00:00,28.46678244549295
2020-08-11T13:00:00,34.01401975880498
2020-08-11T14:00:00,37.33985735022503
2020-08-11T15:00:00,40.6008884595788
2020-08-11T16:00:00,45.18741010582965
2020-08-11T17:00:00,47.56351504118546
2020-08-11T18:00:00,46.911239292310626
2020-08-11T19:00:00,43.76556943810504
2020-08-11T20:00:00,42.01582618381666
2020-08-11T21:00:00,40.48485399329144
2020-08-11T22:00:00,39.7489889393682
2020-08-11T23:00:00,39.857033605160915
2020-08-12T00:00:00,39.741716799528696
2020-08-12T01:00:00,37.415557363758914
2020-08-12T02:00:00,29.507844427357547
2020-08-12T03:00:00,25.156911849975582
2020-08-12T04:00:00,21.517846148947008
2020-08-12T05:00:00,19.423563998678453
2020-08-12T06:00:00,18.268655528192934
2020-08-12T07:00:00,17.530946068141766
2020-08-12T08:00:00,16.657722887785535
2020-08-12T09:00:00,15.909195775571076
2020-08-12T10:00:00,16.1999222299327
2020-08-12T11:00:00,18.414983666461445
2020-08-12T12:00:00,24.468202259229574
2020-08-12T13:00:00,32.54185402911642
2020-08-12T14:00:00,39.60878289264181
2020-08-12T15:00:00,44.891905411430024
2020-08-12T16:00:00,48.06425061433212
2020-08-12T17:00:00,49.62471738068954
2020-08-12T18:00:00,49.632280764372446
2020-08-12T19:00:00,49.10243772423785
2020-08-12T20:00:00,48.91266665251358
2020-08-12T21:00:00,49.736355325450056
2020-08-12T22:00:00,45.89791604746942
2020-08-12T23:00:00,42.4994017559549
2020-08-13T00:00:00,40.50831686932108
2020-08-13T01:00:00,36.84178045521611
2020-08-13T02:00:00,25.335542181263797
2020-08-13T03:00:00,19.6537213532821
2020-08-13T04:00:00,18.086036682128903
2020-08-13T05:00:00,17.31290336277174
2020-08-13T06:00:00,16.956304591635
2020-08-13T07:00:00,16.927653893180512
2020-08-13T08:00:00,16.796615310337227
2020-08-13T09:00:00,16.985187779302183
2020-08-13T10:00:00,18.283965401027512
2020-08-13T11:00:00,21.799000698587168
2020-08-13T12:00:00,28.89605032879373
2020-08-13T13:00:00,36.65067822000255
2020-08-13T14:00:00,42.9205964129904
2020-08-13T15:00:00,48.242355014966876
2020-08-13T16:00:00,52.091117029604696
2020-08-13T17:00:00,54.3561434538468
2020-08-13T18:00:00,53.84089328931724
2020-08-13T19:00:00,50.62339766129203
2020-08-13T20:00:00,46.551071996274196
2020-08-13T21:00:00,39.806864033574634
2020-08-13T22:00:00,36.635655610457704
2020-08-13T23:00:00,34.83706167469854
2020-08-14T00:00:00,35.223628417305314
2020-08-14T01:00:00,33.86485340284264
2020-08-14T02:00:00,22.605532024217684
2020-08-14T03:00:00,18.481396716573965
2020-08-14T04:00:00,17.164024601811946
2020-08-14T05:00:00,16.08917186571204
2020-08-14T06:00:00,15.693344821100647
2020-08-14T07:00:00,15.614847763724946
2020-08-14T08:00:00,15.83005428314209
2020-08-14T09:00:00,16.70171513764754
2020-08-14T10:00:00,18.315815801205844
2020-08-14T11:00:00,21.28761059304942
2020-08-14T12:00:00,28.399561508842133
2020-08-14T13:00:00,37.518251170282774
2020-08-14T14:00:00,44.780072917108946
2020-08-14T15:00:00,49.58742042209791
2020-08-14T16:00:00,51.05972522238026
2020-08-14T17:00:00,50.29397914720618
2020-08-14T18:00:00,47.83718656456988
2020-08-14T19:00:00,45.23984112946883
2020-08-14T20:00:00,43.253946884818696
2020-08-14T21:00:00,41.548340673032016
2020-08-14T22:00:00,39.83762525475543
2020-08-14T23:00:00,38.3268815745478
2020-08-15T00:00:00,37.05801242330799
2020-08-15T01:00:00,33.69812210746433
2020-08-15T02:00:00,22.911788277004074
2020-08-15T03:00:00,17.464549769525945
2020-08-15T04:00:00,15.711643218994137
2020-08-15T05:00:00,14.945122138313621
2020-08-15T06:00:00,13.929273688274877
2020-08-15T07:00:00,13.385118608889371
2020-08-15T08:00:00,13.22544131071671
2020-08-15T09:00:00,13.58177782141644
2020-08-15T10:00:00,14.521125212959621
2020-08-15T11:00:00,16.34565494371497
2020-08-15T12:00:00,21.25979017174762
2020-08-15T13:00:00,27.30841147381326
2020-08-15T14:00:00,32.498484570047125
2020-08-15T15:00:00,37.92509344349737
2020-08-15T16:00:00,41.90400529944378
2020-08-15T17:00:00,46.372961790665336
2020-08-15T18:00:00,47.96068639340608
2020-08-15T19:00:00,47.85256045797597
2020-08-15T20:00:00,48.970641758130945
2020-08-15T21:00:00,49.44537784742272
2020-08-15T22:00:00,47.009756005328626
2020-08-15T23:00:00,45.71622682654339
2020-08-16T00:00:00,47.65834261023479
2020-08-16T01:00:00,44.050385682479195
2020-08-16T02:00:00,25.249190123184864
2020-08-16T03:00:00,19.040902096292243
2020-08-16T04:00:00,17.145817549332325
2020-08-16T05:00:00,16.584640129752778
2020-08-16T06:00:00,16.59725753120754
2020-08-16T07:00:00,16.903979342916735
2020-08-16T08:00:00,17.22032074306322
2020-08-16T09:00:00,17.637953965560246
2020-08-16T10:00:00,18.86031723022461
2020-08-16T11:00:00,21.925342725670852
2020-08-16T12:00:00,28.56543914131496
2020-08-16T13:00:00,39.352491461712376
2020-08-16T14:00:00,50.08188662321671
2020-08-16T15:00:00,59.653757012408704
2020-08-16T16:00:00,66.09852168871008
2020-08-16T17:00:00,70.35243059241252
2020-08-16T18:00:00,71.60969145401664
2020-08-16T19:00:00,71.29299396017322
2020-08-16T20:00:00,69.5081787109375
2020-08-16T21:00:00,64.68533855935802
2020-08-16T22:00:00,58.12445897641389
2020-08-16T23:00:00,53.77891756140667
2020-08-17T00:00:00,50.10182936295219
2020-08-17T01:00:00,43.96366583782693
2020-08-17T02:00:00,34.23364506597104
2020-08-17T03:00:00,29.683561490929645
2020-08-17T04:00:00,27.533050785893973
2020-08-17T05:00:00,26.361105462779168
2020-08-17T06:00:00,25.92373126486073
2020-08-17T07:00:00,26.24272711380668
2020-08-17T08:00:00,26.42989581564198
2020-08-17T09:00:00,26.215867830359414
2020-08-17T10:00:00,26.698946082073704
2020-08-17T11:00:00,29.162582314532735
2020-08-17T12:00:00,36.464638088060454
2020-08-17T13:00:00,48.31581231822138
2020-08-17T14:00:00,61.71523666381835
2020-08-17T15:00:00,73.94384500254755
2020-08-17T16:00:00,81.49449257228684
2020-08-17T17:00:00,87.2026546312415
2020-08-17T18:00:00,87.53881006655484
2020-08-17T19:00:00,83.23746324622113
2020-08-17T20:00:00,79.44855764637822
2020-08-17T21:00:00,77.33022839090098
2020-08-17T22:00:00,75.26475922957711
2020-08-17T23:00:00,71.80719226339588
2020-08-18T00:00:00,67.58892905193825
2020-08-18T01:00:00,57.779053231944204
2020-08-18T02:00:00,30.651848253996473
2020-08-18T03:00:00,23.034268586531926
2020-08-18T04:00:00,20.62021860869034
2020-08-18T05:00:00,19.967326205709703
2020-08-18T06:00:00,19.658164065817125
2020-08-18T07:00:00,19.481207474418305
2020-08-18T08:00:00,19.438882661902387
2020-08-18T09:00:00,19.447109222412106
2020-08-18T10:00:00,19.71372314121412
2020-08-18T11:00:00,21.420766830444332
2020-08-18T12:00:00,28.167541420978047
2020-08-18T13:00:00,36.86048192563264
2020-08-18T14:00:00,44.89754751454228
2020-08-18T15:00:00,50.311807881230884
2020-08-18T16:00:00,54.62336946570355
2020-08-18T17:00:00,57.73637323794157
2020-08-18T18:00:00,60.368113973866336
2020-08-18T19:00:00,60.56852357283882
2020-08-18T20:00:00,61.61776899254839
2020-08-18T21:00:00,63.705400218134336
2020-08-18T22:00:00,64.08903138533881
2020-08-18T23:00:00,66.6289475482443
2020-08-19T00:00:00,70.54745417055875
2020-08-19T01:00:00,66.11096340677011
2020-08-19T02:00:00,36.6122353595236
2020-08-19T03:00:00,26.590569952259887
2020-08-19T04:00:00,24.110573975936227
2020-08-19T05:00:00,23.307917387589164
2020-08-19T06:00:00,23.032552967900813
2020-08-19T07:00:00,22.92860354547915
2020-08-19T08:00:00,22.65090701891028
2020-08-19T09:00:00,23.033923771070395
2020-08-19T10:00:00,24.009648447451383
2020-08-19T11:00:00,26.746009992516555
2020-08-19T12:00:00,36.21764141580332
2020-08-19T13:00:00,45.52775208846382
2020-08-19T14:00:00,54.45771922235903
2020-08-19T15:00:00,63.09464429772417
2020-08-19T16:00:00,68.63546487559442
2020-08-19T17:00:00,70.13099819680919
2020-08-19T18:00:00,68.60878471706224
2020-08-19T19:00:00,65.05730272376019
2020-08-19T20:00:00,62.18824867580248
2020-08-19T21:00:00,61.55512701946755
2020-08-19T22:00:00,61.77273410299549
2020-08-19T23:00:00,62.20640149323837
2020-08-20T00:00:00,62.17978369671365
2020-08-20T01:00:00,51.594691400942594
2020-08-20T02:00:00,29.46435455653978
2020-08-20T03:00:00,22.178938160771903
2020-08-20T04:00:00,20.172040275905438
2020-08-20T05:00:00,19.77775208846382
2020-08-20T06:00:00,19.21669354646102
2020-08-20T07:00:00,18.871375705884848
2020-08-20T08:00:00,18.680720951246176
2020-08-20T09:00:00,18.8464939283288
2020-08-20T10:00:00,20.30310332256815
2020-08-20T11:00:00,22.703385062839672
2020-08-20T12:00:00,29.501380588697348
2020-08-20T13:00:00,39.18016881528107
2020-08-20T14:00:00,48.5960695017939
2020-08-20T15:00:00,57.77701701288637
2020-08-20T16:00:00,67.51169951065725
2020-08-20T17:00:00,77.83348348866338
2020-08-20T18:00:00,89.85028640083644
2020-08-20T19:00:00,90.61327959143597
2020-08-20T20:00:00,87.81161233653192
2020-08-20T21:00:00,93.43098681905995
2020-08-20T22:00:00,92.6128218277641
2020-08-20T23:00:00,87.07578542958134
2020-08-21T00:00:00,81.17247208305027
2020-08-21T01:00:00,63.24284611577573
2020-08-21T02:00:00,32.13982772827148
2020-08-21T03:00:00,23.66467086128566
2020-08-21T04:00:00,21.463284533956774
2020-08-21T05:00:00,21.299796062967047
2020-08-21T06:00:00,21.841515748397164
2020-08-21T07:00:00,22.56827934928562
2020-08-21T08:00:00,23.4627513056216
2020-08-21T09:00:00,24.762719859247618
2020-08-21T10:00:00,26.4971053911292
2020-08-21T11:00:00,29.603808444479235
2020-08-21T12:00:00,37.306814774222985
2020-08-21T13:00:00,45.98379864900008
2020-08-21T14:00:00,58.74900817871094
2020-08-21T15:00:00,76.35130641771399
2020-08-21T16:00:00,87.99023537013841
2020-08-21T17:00:00,102.28171970533288
2020-08-21T18:00:00,114.03866510805875
2020-08-21T19:00:00,116.54779251762056
2020-08-21T20:00:00,115.72704116157863
2020-08-21T21:00:00,113.21503481657608
2020-08-21T22:00:00,110.84103426725967
2020-08-21T23:00:00,111.19243854025135
2020-08-22T00:00:00,113.33914449940556
2020-08-22T01:00:00,93.76162819240403
2020-08-22T02:00:00,42.75683427893596
2020-08-22T03:00:00,29.691300267758578
2020-08-22T04:00:00,25.515975122866422
2020-08-22T05:00:00,23.625022971111793
2020-08-22T06:00:00,22.790566983430278
2020-08-22T07:00:00,22.26030557051949
2020-08-22T08:00:00,22.150312921275262
2020-08-22T09:00:00,22.592548287433125
2020-08-22T10:00:00,23.50783480768618
2020-08-22T11:00:00,25.56693640999172
2020-08-22T12:00:00,33.22446599213973
2020-08-22T13:00:00,44.83084056688391
2020-08-22T14:00:00,54.49350390226944
2020-08-22T15:00:00,53.644151936406665
2020-08-22T16:00:00,53.754739844280735
2020-08-22T17:00:00,51.824463885763414
2020-08-22T18:00:00,48.99157797771951
2020-08-22T19:00:00,44.87149147365404
2020-08-22T20:00:00,44.22532720151155
2020-08-22T21:00:00,44.60923219763714
2020-08-22T22:00:00,44.635442153267235
2020-08-22T23:00:00,45.39810446034306
2020-08-23T00:00:00,48.14927806024966
2020-08-23T01:00:00,46.85199140465778
2020-08-23T02:00:00,28.99067820673403
2020-08-23T03:00:00,22.497289242951762
2020-08-23T04:00:00,20.371104116025176
2020-08-23T05:00:00,19.27805469347083
2020-08-23T06:00:00,18.615740983382516
2020-08-23T07:00:00,18.401279947032098
2020-08-23T08:00:00,18.57160261402959
2020-08-23T09:00:00,19.056258243063215
2020-08-23T10:00:00,19.716174250063688
2020-08-23T11:00:00,21.491016139154848
2020-08-23T12:00:00,28.484938828841496
2020-08-23T13:00:00,38.37884123429008
2020-08-23T14:00:00,46.450713116189704
2020-08-23T15:00:00,50.2925972316576
2020-08-23T16:00:00,53.16178230617356
2020-08-23T17:00:00,53.2005391328231
2020-08-23T18:00:00,52.74491119384764
2020-08-23T19:00:00,53.68020779153574
2020-08-23T20:00:00,56.2879525889521
2020-08-23T21:00:00,56.185308539349094
2020-08-23T22:00:00,54.78714519998301
2020-08-23T23:00:00,54.51295554119607
2020-08-24T00:00:00,54.329255974811055
2020-08-24T01:00:00,51.94248962402343
2020-08-24T02:00:00,35.41325942329738
2020-08-24T03:00:00,25.25600101636803
2020-08-24T04:00:00,21.095914591913637
2020-08-24T05:00:00,19.277616086213484
2020-08-24T06:00:00,18.19015602443529
2020-08-24T07:00:00,17.80023765563965
2020-08-24T08:00:00,18.088632666546363
2020-08-24T09:00:00,19.104031604269274
2020-08-24T10:00:00,19.92391951187797
2020-08-24T11:00:00,22.38459553925887
2020-08-24T12:00:00,29.72862865613854
2020-08-24T13:00:00,43.92220223468282
2020-08-24T14:00:00,62.677503502887234
2020-08-24T15:00:00,83.95405313243037
2020-08-24T16:00:00,96.3450931051503
2020-08-24T17:00:00,104.87019447658373
2020-08-24T18:00:00,109.64994977868119
2020-08-24T19:00:00,111.35096807065216
2020-08-24T20:00:00,110.1899997877038
2020-08-24T21:00:00,108.01710908309272
2020-08-24T22:00:00,105.9533160665761
2020-08-24T23:00:00,100.07568923286769
2020-08-25T00:00:00,96.59359840724778
2020-08-25T01:00:00,79.74266450301461
2020-08-25T02:00:00,40.15096863456394
2020-08-25T03:00:00,25.587619698565934
2020-08-25T04:00:00,21.335599650507387
2020-08-25T05:00:00,19.559008059294325
2020-08-25T06:00:00,18.999739771303922
2020-08-25T07:00:00,19.650343853494395
2020-08-25T08:00:00,20.504916978918985
2020-08-25T09:00:00,21.74885849330736
2020-08-25T10:00:00,22.593629588251527
2020-08-25T11:00:00,25.26125277643618
2020-08-25T12:00:00,31.347019195556637
2020-08-25T13:00:00,39.16483887382176
2020-08-25T14:00:00,53.80487276160198
2020-08-25T15:00:00,71.39225138788636
2020-08-25T16:00:00,81.7013931274414
2020-08-25T17:00:00,92.3556372601053
2020-08-25T18:00:00,102.51211680536684
2020-08-25T19:00:00,107.02458854343578
2020-08-25T20:00:00,90.54386337943698
2020-08-25T21:00:00,66.71734519626783
2020-08-25T22:00:00,60.742871657661766
2020-08-25T23:00:00,63.776518116826594
2020-08-26T00:00:00,68.77892270295516
2020-08-26T01:00:00,68.99141825800358
2020-08-26T02:00:00,42.5940813810929
2020-08-26T03:00:00,27.866812249888543
2020-08-26T04:00:00,22.691574677177094
2020-08-26T05:00:00,19.98684402134107
2020-08-26T06:00:00,18.95379588914954
2020-08-26T07:00:00,18.39103126525879
2020-08-26T08:00:00,17.425038710884422
2020-08-26T09:00:00,16.75393842614215
2020-08-26T10:00:00,17.577512077663254
2020-08-26T11:00:00,21.79689025878906
2020-08-26T12:00:00,31.81289432359778
2020-08-26T13:00:00,43.66408207105554
2020-08-26T14:00:00,54.47411396192467
2020-08-26T15:00:00,56.30127798992654
2020-08-26T16:00:00,52.38232189676036
2020-08-26T17:00:00,47.840293386708126
2020-08-26T18:00:00,49.496280836022414
2020-08-26T19:00:00,52.240613356880516
2020-08-26T20:00:00,55.125822979470954
2020-08-26T21:00:00,58.16436999777088
2020-08-26T22:00:00,60.44951380854067
2020-08-26T23:00:00,62.404487444006875
2020-08-27T00:00:00,62.94411103621772
2020-08-27T01:00:00,56.64828275597613
2020-08-27T02:00:00,30.182318811831262
2020-08-27T03:00:00,19.70328546606976
2020-08-27T04:00:00,16.318257373312246
2020-08-27T05:00:00,15.061097352401069
2020-08-27T06:00:00,14.411334369493565
2020-08-27T07:00:00,13.825037168419877
2020-08-27T08:00:00,13.619895105776576
2020-08-27T09:00:00,13.87558833412502
2020-08-27T10:00:00,15.007466150366739
2020-08-27T11:00:00,20.0341332477072
2020-08-27T12:00:00,30.798598248025638
2020-08-27T13:00:00,41.55221657131028
2020-08-27T14:00:00,50.285473533298656
2020-08-27T15:00:00,56.58396861864172
2020-08-27T16:00:00,60.097063976785414
2020-08-27T17:00:00,64.49313934989596
2020-08-27T18:00:00,67.4952573361604
2020-08-27T19:00:00,66.75568439649498
2020-08-27T20:00:00,63.81233978271485
2020-08-27T21:00:00,58.863563703454055
2020-08-27T22:00:00,52.35499025427776
2020-08-27T23:00:00,46.925215182097055
2020-08-28T00:00:00,40.95188174040421
2020-08-28T01:00:00,36.486486849577524
2020-08-28T02:00:00,24.42749263929284
2020-08-28T03:00:00,19.553872315779977
2020-08-28T04:00:00,17.714797973632812
2020-08-28T05:00:00,17.039535771245543
2020-08-28T06:00:00,16.64753034840459
2020-08-28T07:00:00,16.54966055828592
2020-08-28T08:00:00,16.456854281218153
2020-08-28T09:00:00,16.53925149337105
2020-08-28T10:00:00,16.99223311051078
2020-08-28T11:00:00,18.621017373126485
2020-08-28T12:00:00,24.43434010381284
2020-08-28T13:00:00,33.37145100469174
2020-08-28T14:00:00,39.38695426609205
2020-08-28T15:00:00,43.47392223192298
2020-08-28T16:00:00,46.85499406897503
2020-08-28T17:00:00,44.266456935716704
2020-08-28T18:00:00,42.259960340416946
2020-08-28T19:00:00,39.39100547458814
2020-08-28T20:00:00,36.732113299162485
2020-08-28T21:00:00,34.764826069707446
2020-08-28T22:00:00,32.53698821689771
2020-08-28T23:00:00,30.681783344434653
2020-08-29T00:00:00,29.705566323321793
2020-08-29T01:00:00,29.00430389072584
2020-08-29T02:00:00,24.158449836399242
2020-08-29T03:00:00,16.65795392575471
2020-08-29T04:00:00,14.342413860818612
2020-08-29T05:00:00,13.752987571384594
2020-08-29T06:00:00,14.168167321578316
2020-08-29T07:00:00,14.828881927158521
2020-08-29T08:00:00,15.437179814214293
2020-08-29T09:00:00,15.952373836351475
2020-08-29T10:00:00,16.67515116152556
2020-08-29T11:00:00,18.974929312001105
2020-08-29T12:00:00,24.238859591276746
2020-08-29T13:00:00,30.920515972635013
2020-08-29T14:00:00,37.046676304029376
2020-08-29T15:00:00,41.39396451867145
2020-08-29T16:00:00,42.665314549985126
2020-08-29T17:00:00,43.37435913085937
2020-08-29T18:00:00,45.74127943619437
2020-08-29T19:00:00,44.77417423414147
2020-08-29T20:00:00,43.73066927039105
2020-08-29T21:00:00,42.75063075190005
2020-08-29T22:00:00,42.57466540129288
2020-08-29T23:00:00,42.950729701829985
2020-08-30T00:00:00,42.864632813826844
2020-08-30T01:00:00,40.78203400321628
2020-08-30T02:00:00,25.29285207002059
2020-08-30T03:00:00,18.70913497261379
2020-08-30T04:00:00,16.79250310814899
2020-08-30T05:00:00,16.259417824123215
2020-08-30T06:00:00,15.873375768246857
2020-08-30T07:00:00,15.519953852114467
2020-08-30T08:00:00,15.662485951962676
2020-08-30T09:00:00,16.257386746613875
2020-08-30T10:00:00,17.16795017408288
2020-08-30T11:00:00,19.478985247404676
2020-08-30T12:00:00,26.752045507016387
2020-08-30T13:00:00,36.815651105797805
2020-08-30T14:00:00,45.45411466515582
2020-08-30T15:00:00,49.9748186857804
2020-08-30T16:00:00,52.11404651144276
2020-08-30T17:00:00,53.12898387079653
2020-08-30T18:00:00,50.23936943385911
2020-08-30T19:00:00,50.12662373418393
2020-08-30T20:00:00,51.30431084010911
2020-08-30T21:00:00,55.27643120807149
2020-08-30T22:00:00,57.78659754214079
2020-08-30T23:00:00,57.76479107400645
2020-08-31T00:00:00,57.62428018321161
2020-08-31T01:00:00,55.448185132897414
2020-08-31T02:00:00,34.39297203395677
2020-08-31T03:00:00,22.972851545914356
2020-08-31T04:00:00,19.054707071055535
2020-08-31T05:00:00,17.48027826392132
2020-08-31T06:00:00,16.747926463251527
2020-08-31T07:00:00,16.413837598717727
2020-08-31T08:00:00,16.093195210332453
2020-08-31T09:00:00,16.033042990643043
2020-08-31T10:00:00,16.60042273479959
2020-08-31T11:00:00,20.052345192950703
2020-08-31T12:00:00,29.78910222260848
2020-08-31T13:00:00,43.40122936082923
2020-08-31T14:00:00,56.39292841372282
2020-08-31T15:00:00,67.57045364379883
2020-08-31T16:00:00,78.16705554464588
2020-08-31T17:00:00,84.8863187043563
2020-08-31T18:00:00,91.38109223738958
2020-08-31T19:00:00,97.06303405761717
2020-08-31T20:00:00,100.87750376825745
2020-08-31T21:00:00,104.15789960778277
2020-08-31T22:00:00,105.18573993185291
2020-08-31T23:00:00,105.7739732161812
2020-09-01T00:00:00,108.60559148373811
2020-09-01T01:00:00,107.97996587338653
2020-09-01T02:00:00,55.45285681019658
2020-09-01T03:00:00,28.90811206983483
2020-09-01T04:00:00,21.470479052999742
2020-09-01T05:00:00,19.42696073780889
2020-09-01T06:00:00,19.09531502101732
2020-09-01T07:00:00,18.509690492049508
2020-09-01T08:00:00,17.956398093182106
2020-09-01T09:00:00,18.132715722788934
2020-09-01T10:00:00,19.37914765399435
2020-09-01T11:00:00,23.268208296402637
2020-09-01T12:00:00,35.65868676227071
2020-09-01T13:00:00,51.590309474779204
2020-09-01T14:00:00,61.00815449590268
2020-09-01T15:00:00,67.08910403044327
2020-09-01T16:00:00,67.25684986943783
2020-09-01T17:00:00,60.90615380328633
2020-09-01T18:00:00,62.45215872059698
2020-09-01T19:00:00,63.468408004097306
2020-09-01T20:00:00,62.8330376666525
2020-09-01T21:00:00,63.697625865106986
2020-09-01T22:00:00,68.17070969291355
2020-09-01T23:00:00,77.22028649371602
2020-09-02T00:00:00,88.72592726997705
2020-09-02T01:00:00,95.61146114183508
2020-09-02T02:00:00,48.79791210008703
2020-09-02T03:00:00,27.785275666610055
2020-09-02T04:00:00,22.083491283914316
2020-09-02T05:00:00,18.864487606546152
2020-09-02T06:00:00,17.22462057030719
2020-09-02T07:00:00,17.154084993445355
2020-09-02T08:00:00,18.35781371075174
2020-09-02T09:00:00,19.716990678206734
2020-09-02T10:00:00,22.77241051715353
2020-09-02T11:00:00,29.05425121473229
2020-09-02T12:00:00,38.765598628831945
2020-09-02T13:00:00,47.14646447223165
2020-09-02T14:00:00,55.26291556980298
2020-09-02T15:00:00,57.478369007939875
2020-09-02T16:00:00,53.01531766808551
2020-09-02T17:00:00,54.415163288945735
2020-09-02T18:00:00,54.664980183476985
2020-09-02T19:00:00,48.24220773448115
2020-09-02T20:00:00,42.265354488206945
2020-09-02T21:00:00,41.00558355580205
2020-09-02T22:00:00,43.60924115388289
2020-09-02T23:00:00,45.391907069994055
2020-09-03T00:00:00,43.58348630822223
2020-09-03T01:00:00,39.89441465294878
2020-09-03T02:00:00,36.998950709467344
2020-09-03T03:00:00,23.624672516532566
2020-09-03T04:00:00,17.333345164423402
2020-09-03T05:00:00,17.026686212290887
2020-09-03T06:00:00,16.43631097544794
2020-09-03T07:00:00,15.149090186409328
2020-09-03T08:00:00,13.975402832031248
2020-09-03T09:00:00,13.332910123078719
2020-09-03T10:00:00,13.44806447236434
2020-09-03T11:00:00,15.991747026858121
2020-09-03T12:00:00,23.17945820352305
2020-09-03T13:00:00,32.29608875772227
2020-09-03T14:00:00,42.07019822493843
2020-09-03T15:00:00,52.3711114966351
2020-09-03T16:00:00,59.410771079685375
2020-09-03T17:00:00,64.15789330523945
2020-09-03T18:00:00,69.10828466000764
2020-09-03T19:00:00,71.46574435026749
2020-09-03T20:00:00,72.81367724874744
2020-09-03T21:00:00,73.95087432861328
2020-09-03T22:00:00,71.89300669794495
2020-09-03T23:00:00,67.91791965650475
2020-09-04T00:00:00,65.81665005891219
2020-09-04T01:00:00,63.78592797984247
2020-09-04T02:00:00,35.24504918637483
2020-09-04T03:00:00,23.31223620539126
2020-09-04T04:00:00,19.909306318863578
2020-09-04T05:00:00,18.177755189978555
2020-09-04T06:00:00,16.305711912072223
2020-09-04T07:00:00,15.252213146375572
2020-09-04T08:00:00,14.960447062616762
2020-09-04T09:00:00,15.609588540118672
2020-09-04T10:00:00,16.89114719888438
2020-09-04T11:00:00,20.068173698757004
2020-09-04T12:00:00,28.370845545893125
2020-09-04T13:00:00,38.256995657215946
2020-09-04T14:00:00,46.212329864501946
2020-09-04T15:00:00,51.673128045123555
2020-09-04T16:00:00,55.13879129161005
2020-09-04T17:00:00,57.59312206765879
2020-09-04T18:00:00,57.57806263799253
2020-09-04T19:00:00,56.73353759102199
2020-09-04T20:00:00,53.77669160262398
2020-09-04T21:00:00,48.26933918828549
2020-09-04T22:00:00,40.53583924666695
2020-09-04T23:00:00,31.83175136732018
2020-09-05T00:00:00,24.814892478611156
2020-09-05T01:00:00,20.387442547342047
2020-09-05T02:00:00,14.948839104693866
2020-09-05T03:00:00,11.515201278354809
2020-09-05T04:00:00,10.062841498333475
2020-09-05T05:00:00,9.538942917533543
2020-09-05T06:00:00,9.417633015176524
2020-09-05T07:00:00,9.249414485433826
2020-09-05T08:00:00,9.2729201938795
2020-09-05T09:00:00,9.625583814538043
2020-09-05T10:00:00,10.501068156698475
2020-09-05T11:00:00,12.921881261079205
2020-09-05T12:00:00,19.01480251809825
2020-09-05T13:00:00,25.922694247701894
2020-09-05T14:00:00,29.82728361046832
2020-09-05T15:00:00,29.8211204694665
2020-09-05T16:00:00,28.98612818510636
2020-09-05T17:00:00,29.420145698215645
2020-09-05T18:00:00,28.168201363604997
2020-09-05T19:00:00,26.83845420505689
2020-09-05T20:00:00,26.534145852793817
2020-09-05T21:00:00,25.705664427384082
2020-09-05T22:00:00,24.171300141707707
2020-09-05T23:00:00,24.648328034774114
2020-09-06T00:00:00,26.589674576469086
2020-09-06T01:00:00,27.766563996024747
2020-09-06T02:00:00,18.399819083835766
2020-09-06T03:00:00,13.869925623354703
2020-09-06T04:00:00,11.744296571482781
2020-09-06T05:00:00,10.208379704019297
2020-09-06T06:00:00,9.231754344442617
2020-09-06T07:00:00,9.030768311542014
2020-09-06T08:00:00,9.254654055056363
2020-09-06T09:00:00,9.476668606633725
2020-09-06T10:00:00,10.86357896224312
2020-09-06T11:00:00,13.66461587988812
2020-09-06T12:00:00,19.209989133088484
2020-09-06T13:00:00,27.9686340663744
2020-09-06T14:00:00,36.158935381018594
2020-09-06T15:00:00,28.30712791111158
2020-09-06T16:00:00,17.2059327001157
2020-09-06T17:00:00,16.18656058933424
2020-09-06T18:00:00,20.916718607363492
2020-09-06T19:00:00,22.537631656812582
2020-09-06T20:00:00,20.454882165660027
2020-09-06T21:00:00,19.55512552675993
2020-09-06T22:00:00,20.263121646383535
2020-09-06T23:00:00,21.12685402579929
2020-09-07T00:00:00,21.573133634484332
2020-09-07T01:00:00,21.64721828958262
2020-09-07T02:00:00,21.252111186151918
2020-09-07T03:00:00,18.45957631650178
2020-09-07T04:00:00,16.629231577334195
2020-09-07T05:00:00,16.120088079701297
2020-09-07T06:00:00,15.663260252579395
2020-09-07T07:00:00,15.490027800850244
2020-09-07T08:00:00,15.064856238987133
2020-09-07T09:00:00,15.13458198049794
2020-09-07T10:00:00,15.95056459178095
2020-09-07T11:00:00,20.298857979152512
2020-09-07T12:00:00,24.635425070057742
2020-09-07T13:00:00,26.98556759046471
2020-09-07T14:00:00,26.514379833055575
2020-09-07T15:00:00,24.678327560424805
2020-09-07T16:00:00,24.8002580559772
2020-09-07T17:00:00,27.173957410066023
2020-09-07T18:00:00,28.995797115823493
2020-09-07T19:00:00,29.89789208121921
2020-09-07T20:00:00,32.07410911891771
2020-09-07T21:00:00,35.801267292188555
2020-09-07T22:00:00,38.86623921601668
2020-09-07T23:00:00,41.79030625716499
2020-09-08T00:00:00,45.468236176863954
2020-09-08T01:00:00,49.24127097751782
2020-09-08T02:00:00,41.08746346183445
2020-09-08T03:00:00,25.979660614677094
2020-09-08T04:00:00,19.788675805796746
2020-09-08T05:00:00,17.27950344914975
2020-09-08T06:00:00,16.086376729218856
2020-09-08T07:00:00,15.236116906870963
2020-09-08T08:00:00,15.413242257159686
2020-09-08T09:00:00,16.279831471650496
2020-09-08T10:00:00,18.029149345729657
2020-09-08T11:00:00,22.03525651019552
2020-09-08T12:00:00,29.587933415951934
2020-09-08T13:00:00,36.750837077265196
2020-09-08T14:00:00,40.317200204600454
2020-09-08T15:00:00,40.97598399286684
2020-09-08T16:00:00,39.76902240255604
2020-09-08T17:00:00,38.17211698449176
2020-09-08T18:00:00,37.70562304621157
2020-09-08T19:00:00,35.94791263082753
2020-09-08T20:00:00,34.166729222173274
2020-09-08T21:00:00,32.15370750427246
2020-09-08T22:00:00,30.926404372505516
2020-09-08T23:00:00,30.743236127107036
2020-09-09T00:00:00,30.86772064540697
2020-09-09T01:00:00,30.40330820498259
2020-09-09T02:00:00,25.547692340353258
2020-09-09T03:00:00,17.500633903171703
2020-09-09T04:00:00,14.639915466308594
2020-09-09T05:00:00,13.631344961083453
2020-09-09T06:00:00,13.905476196952486
2020-09-09T07:00:00,13.81707245370616
2020-09-09T08:00:00,12.857813544895336
2020-09-09T09:00:00,12.541939445163893
2020-09-09T10:00:00,13.292688784391983
2020-09-09T11:00:00,15.895898238472315
2020-09-09T12:00:00,20.10649838654891
2020-09-09T13:00:00,24.315478200497832
2020-09-09T14:00:00,26.469966473786723
2020-09-09T15:00:00,27.120486715565555
2020-09-09T16:00:00,27.028260106625762
2020-09-09T17:00:00,26.607400147811223
2020-09-09T18:00:00,26.254132229348883
2020-09-09T19:00:00,25.89059431656547
2020-09-09T20:00:00,24.845847005429473
2020-09-09T21:00:00,23.092055113419242
2020-09-09T22:00:00,21.88612141816512
2020-09-09T23:00:00,21.198634935461953
2020-09-10T00:00:00,21.026729749596637
2020-09-10T01:00:00,20.665766011113703
2020-09-10T02:00:00,16.035802260689113
2020-09-10T03:00:00,12.631593953008236
2020-09-10T04:00:00,11.468230537746262
2020-09-10T05:00:00,10.650235715119733
2020-09-10T06:00:00,9.831143171890922
2020-09-10T07:00:00,9.39892984473187
2020-09-10T08:00:00,9.472605290620221
2020-09-10T09:00:00,10.148352954698645
2020-09-10T10:00:00,11.610909420510994
2020-09-10T11:00:00,13.034882255222485
2020-09-10T12:00:00,14.352610131968623
2020-09-10T13:00:00,15.89353325055993
2020-09-10T14:00:00,17.758004727570903
2020-09-10T15:00:00,19.179521146027938
2020-09-10T16:00:00,19.45203532343325
2020-09-10T17:00:00,19.708946476811946
2020-09-10T18:00:00,19.721819504447602
2020-09-10T19:00:00,19.290702902752418
2020-09-10T20:00:00,19.477621824845023
2020-09-10T21:00:00,20.196482451065727
2020-09-10T22:00:00,20.444273077923313
2020-09-10T23:00:00,20.240872424581774
2020-09-11T00:00:00,20.15665742625361
2020-09-11T01:00:00,20.3311769236689
2020-09-11T02:00:00,19.375665996385653
2020-09-11T03:00:00,13.791719561037809
2020-09-11T04:00:00,12.161005932351816
2020-09-11T05:00:00,11.906008678933848
2020-09-11T06:00:00,12.119474245154336
2020-09-11T07:00:00,12.90684181710948
2020-09-11T08:00:00,14.149167931598166
2020-09-11T09:00:00,15.290422688359799
2020-09-11T10:00:00,16.814088572626527
2020-09-11T11:00:00,19.640019043632176
2020-09-11T12:00:00,23.888409987739895
2020-09-11T13:00:00,28.50955714350161
2020-09-11T14:00:00,31.78922412706458
2020-09-11T15:00:00,34.483919724174164
2020-09-11T16:00:00,36.00107450070588
2020-09-11T17:00:00,34.69073279007621
2020-09-11T18:00:00,31.676808730415676
2020-09-11T19:00:00,29.065222615781035
2020-09-11T20:00:00,27.122108542400852
2020-09-11T21:00:00,26.70649196790612
2020-09-11T22:00:00,28.08992410742718
2020-09-11T23:00:00,29.632921467656672
2020-09-12T00:00:00,30.981649896372915
2020-09-12T01:00:00,31.089938454006024
2020-09-12T02:00:00,26.55441848091457
2020-09-12T03:00:00,19.256700764531672
2020-09-12T04:00:00,18.072329479715098
2020-09-12T05:00:00,16.295547817064367
2020-09-12T06:00:00,14.195001519244649
2020-09-12T07:00:00,13.116497205651324
2020-09-12T08:00:00,13.00750276316767
2020-09-12T09:00:00,13.881653993026069
2020-09-12T10:00:00,15.453190264494522
2020-09-12T11:00:00,18.55401287908139
2020-09-12T12:00:00,22.836234382961106
2020-09-12T13:00:00,25.815471815026324
2020-09-12T14:00:00,27.90587176447329
2020-09-12T15:00:00,30.309487633083172
2020-09-12T16:00:00,33.233974788499914
2020-09-12T17:00:00,35.664048733918555
2020-09-12T18:00:00,36.43205194887907
2020-09-12T19:00:00,33.26566165426503
2020-09-12T20:00:00,31.54390816066576
2020-09-12T21:00:00,30.580318285071325
2020-09-12T22:00:00,29.889450487883195
2020-09-12T23:00:00,29.687750194383703
2020-09-13T00:00:00,29.814338435297422
2020-09-13T01:00:00,29.835877128269363
2020-09-13T02:00:00,23.002716313237727
2020-09-13T03:00:00,17.292656359465223
2020-09-13T04:00:00,14.736047081325363
2020-09-13T05:00:00,13.585926594941512
2020-09-13T06:00:00,13.110219457875127
2020-09-13T07:00:00,13.798265332761018
2020-09-13T08:00:00,14.148019500400707
2020-09-13T09:00:00,13.616638515306553
2020-09-13T10:00:00,13.666006254113237
2020-09-13T11:00:00,16.120476764181383
2020-09-13T12:00:00,22.62072695856509
2020-09-13T13:00:00,30.129782386448067
2020-09-13T14:00:00,36.19277157990828
2020-09-13T15:00:00,41.0417077437691
2020-09-13T16:00:00,43.7566500124724
2020-09-13T17:00:00,47.17448226265285
2020-09-13T18:00:00,49.84402747776197
2020-09-13T19:00:00,51.06138444983441
2020-09-13T20:00:00,53.04961196235988
2020-09-13T21:00:00,55.330607041068696
2020-09-13T22:00:00,57.12768388831096
2020-09-13T23:00:00,58.53841433317764
2020-09-14T00:00:00,59.61261550239894
2020-09-14T01:00:00,57.90820743726646
2020-09-14T02:00:00,37.891952680504836
2020-09-14T03:00:00,26.400060653686523
2020-09-14T04:00:00,22.67622251095979
2020-09-14T05:00:00,19.4660647019096
2020-09-14T06:00:00,16.33581725410793
2020-09-14T07:00:00,14.609591401141621
2020-09-14T08:00:00,13.918425145356549
2020-09-14T09:00:00,14.854362363400666
2020-09-14T10:00:00,16.85170667067818
2020-09-14T11:00:00,20.264695209005605
2020-09-14T12:00:00,27.00190552421238
2020-09-14T13:00:00,33.726757878842555
2020-09-14T14:00:00,38.1715905562691
2020-09-14T15:00:00,41.03734605208687
2020-09-14T16:00:00,43.610972528872274
2020-09-14T17:00:00,45.67861109194548
2020-09-14T18:00:00,45.62118215146272
2020-09-14T19:00:00,44.87038106503694
2020-09-14T20:00:00,43.279817000679344
2020-09-14T21:00:00,41.01672214010487
2020-09-14T22:00:00,37.71521759033203
2020-09-14T23:00:00,34.09443589915399
2020-09-15T00:00:00,31.201015804124907
2020-09-15T01:00:00,28.76526359889818
2020-09-15T02:00:00,24.213688477225922
2020-09-15T03:00:00,18.492440431014348
2020-09-15T04:00:00,16.31477169368578
2020-09-15T05:00:00,15.395389349564262
2020-09-15T06:00:00,14.372293762538742
2020-09-15T07:00:00,13.500303061112112
2020-09-15T08:00:00,12.859412068906037
2020-09-15T09:00:00,13.32365558458411
2020-09-15T10:00:00,14.823542677837867
2020-09-15T11:00:00,17.594999147498086
2020-09-15T12:00:00,22.246274533479106
2020-09-15T13:00:00,26.721322681592852
2020-09-15T14:00:00,29.166148144265875
2020-09-15T15:00:00,31.34465516131857
2020-09-15T16:00:00,32.476179620494015
2020-09-15T17:00:00,33.32554327923318
2020-09-15T18:00:00,33.93521814760954
2020-09-15T19:00:00,33.93758591361667
2020-09-15T20:00:00,34.91575390359629
2020-09-15T21:00:00,33.67553246539571
2020-09-15T22:00:00,33.55611295285432
2020-09-15T23:00:00,34.48608489658521
2020-09-16T00:00:00,33.990397992341414
2020-09-16T01:00:00,32.45978148087211
2020-09-16T02:00:00,27.635098913441528
2020-09-16T03:00:00,22.462089372717813
2020-09-16T04:00:00,19.216401473335598
2020-09-16T05:00:00,18.375874312027637
2020-09-16T06:00:00,18.784701637599778
2020-09-16T07:00:00,18.55100167315939
2020-09-16T08:00:00,18.403048059214715
2020-09-16T09:00:00,18.23977122099503
2020-09-16T10:00:00,18.964122523432188
2020-09-16T11:00:00,22.638937908670176
2020-09-16T12:00:00,31.05795893461808
2020-09-16T13:00:00,38.50080539869225
2020-09-16T14:00:00,44.28384382828422
2020-09-16T15:00:00,49.725407807723336
2020-09-16T16:00:00,54.25661650947902
2020-09-16T17:00:00,57.18837655108908
2020-09-16T18:00:00,58.8322175067404
2020-09-16T19:00:00,59.203663535740056
2020-09-16T20:00:00,57.17174579786217
2020-09-16T21:00:00,53.00344433991805
2020-09-16T22:00:00,48.97007270481275
2020-09-16T23:00:00,46.2406475232995
2020-09-17T00:00:00,44.629407468049415
2020-09-17T01:00:00,43.127814085587204
2020-09-17T02:00:00,27.375064849853512
2020-09-17T03:00:00,20.542750897614848
2020-09-17T04:00:00,17.82664456574813
2020-09-17T05:00:00,17.160375097523563
2020-09-17T06:00:00,16.782450468643848
2020-09-17T07:00:00,16.760369922803797
2020-09-17T08:00:00,17.3292412135912
2020-09-17T09:00:00,18.48802350914996
2020-09-17T10:00:00,20.018569034078844
2020-09-17T11:00:00,24.508308576500934
2020-09-17T12:00:00,34.608960856562064
2020-09-17T13:00:00,44.31791454812754
2020-09-17T14:00:00,50.58504801211149
2020-09-17T15:00:00,53.41928332784901
2020-09-17T16:00:00,53.94753812706988
2020-09-17T17:00:00,54.20220366768214
2020-09-17T18:00:00,52.63217080157736
2020-09-17T19:00:00,50.45306578926417
2020-09-17T20:00:00,48.82563450025475
2020-09-17T21:00:00,47.53703921774159
2020-09-17T22:00:00,46.18575187351392
2020-09-17T23:00:00,45.01460713925568
2020-09-18T00:00:00,43.70946336829144
2020-09-18T01:00:00,42.67174165145211
2020-09-18T02:00:00,33.990454632302985
2020-09-18T03:00:00,24.571985161822774
2020-09-18T04:00:00,20.997956151547637
2020-09-18T05:00:00,19.29064153588336
2020-09-18T06:00:00,17.926755905151367
2020-09-18T07:00:00,17.11663121762483
2020-09-18T08:00:00,17.005004468171492
2020-09-18T09:00:00,18.270754938540254
2020-09-18T10:00:00,23.010040449059524
2020-09-18T11:00:00,31.300788133040715
2020-09-18T12:00:00,41.997713669486664
2020-09-18T13:00:00,47.39220843107803
2020-09-18T14:00:00,49.64552456399669
2020-09-18T15:00:00,50.26327265863833
2020-09-18T16:00:00,50.60152485059654
2020-09-18T17:00:00,50.49496808259383
2020-09-18T18:00:00,48.62683586452318
2020-09-18T19:00:00,44.472551262896985
2020-09-18T20:00:00,39.90395786451256
2020-09-18T21:00:00,36.169584523076594
2020-09-18T22:00:00,34.21827556775964
2020-09-18T23:00:00,33.33186771558678
2020-09-19T00:00:00,32.35132316921069
2020-09-19T01:00:00,31.28894764444102
2020-09-19T02:00:00,30.284956227178156
2020-09-19T03:00:00,24.892686180446457
2020-09-19T04:00:00,18.147216299305793
2020-09-19T05:00:00,15.383660938428793
2020-09-19T06:00:00,13.492361068725582
2020-09-19T07:00:00,12.989085695017938
2020-09-19T08:00:00,14.07822036743164
2020-09-19T09:00:00,15.269943776337994
2020-09-19T10:00:00,16.964076747065004
2020-09-19T11:00:00,20.898918151855465
2020-09-19T12:00:00,29.671954942786172
2020-09-19T13:00:00,32.628789487092384
2020-09-19T14:00:00,27.44283236627993
2020-09-19T15:00:00,23.021877122961953
2020-09-19T16:00:00,18.930388243302055
2020-09-19T17:00:00,19.34844473133916
2020-09-19T18:00:00,21.871714716372278
2020-09-19T19:00:00,23.1030566174051
2020-09-19T20:00:00,24.44840439506199
2020-09-19T21:00:00,26.473983764648438
2020-09-19T22:00:00,28.369615554809567
2020-09-19T23:00:00,29.844243505726684
2020-09-20T00:00:00,30.488961924677305
2020-09-20T01:00:00,29.771304254946497
2020-09-20T02:00:00,25.989110117373254
2020-09-20T03:00:00,20.199362713357672
2020-09-20T04:00:00,15.889863055685293
2020-09-20T05:00:00,13.04671167290729
2020-09-20T06:00:00,11.030757986980936
2020-09-20T07:00:00,10.407058508499807
2020-09-20T08:00:00,10.443784630816914
2020-09-20T09:00:00,10.739559132119881
2020-09-20T10:00:00,12.07842275370722
2020-09-20T11:00:00,14.417673276818315
2020-09-20T12:00:00,17.578323613042418
2020-09-20T13:00:00,20.148263350777
2020-09-20T14:00:00,21.72434259497601
2020-09-20T15:00:00,22.818472157353938
2020-09-20T16:00:00,22.576668863711145
2020-09-20T17:00:00,21.690364423005473
2020-09-20T18:00:00,21.05539960446565
2020-09-20T19:00:00,20.230436739714246
2020-09-20T20:00:00,19.23613473643427
2020-09-20T21:00:00,18.870620810467262
2020-09-20T22:00:00,19.31562448584515
2020-09-20T23:00:00,20.316286999246348
2020-09-21T00:00:00,21.300005539603852
2020-09-21T01:00:00,20.908334980840266
2020-09-21T02:00:00,19.021152289017383
2020-09-21T03:00:00,14.874152390853217
2020-09-21T04:00:00,12.67429376685101
2020-09-21T05:00:00,11.599201160928477
2020-09-21T06:00:00,10.769307675568951
2020-09-21T07:00:00,9.901683558588442
2020-09-21T08:00:00,9.234580869260041
2020-09-21T09:00:00,8.86303358492644
2020-09-21T10:00:00,9.257130125294559
2020-09-21T11:00:00,10.803236795508344
2020-09-21T12:00:00,14.540859180948008
2020-09-21T13:00:00,18.83007696400518
2020-09-21T14:00:00,21.23540687561035
2020-09-21T15:00:00,23.375532481981356
2020-09-21T16:00:00,24.7357877648395
2020-09-21T17:00:00,25.42972141763438
2020-09-21T18:00:00,26.200150862984035
2020-09-21T19:00:00,28.16579229935355
2020-09-21T20:00:00,30.041440963745114
2020-09-21T21:00:00,29.706160006315812
2020-09-21T22:00:00,28.38149170253587
2020-09-21T23:00:00,26.94373968373174
2020-09-22T00:00:00,26.197916196740188
2020-09-22T01:00:00,26.608789029328715
2020-09-22T02:00:00,26.602862150772754
2020-09-22T03:00:00,23.42499832485033
2020-09-22T04:00:00,18.11499446371327
2020-09-22T05:00:00,15.481128277985945
2020-09-22T06:00:00,15.845672275709067
2020-09-22T07:00:00,15.03746928339419
2020-09-22T08:00:00,14.805065237957498
2020-09-22T09:00:00,15.455798107644785
2020-09-22T10:00:00,15.743321128513502
2020-09-22T11:00:00,18.535556046859078
2020-09-22T12:00:00,23.147340359895125
2020-09-22T13:00:00,27.126891841059145
2020-09-22T14:00:00,30.18765540744947
2020-09-22T15:00:00,33.37644502390985
2020-09-22T16:00:00,36.285780782284945
2020-09-22T17:00:00,38.34861921227496
2020-09-22T18:00:00,39.338938671609625
2020-09-22T19:00:00,39.090585459833555
2020-09-22T20:00:00,37.564294068709664
2020-09-22T21:00:00,36.09138298034668
2020-09-22T22:00:00,36.14283835369607
2020-09-22T23:00:00,36.53580590952997
2020-09-23T00:00:00,35.678104151850164
2020-09-23T01:00:00,34.87547468102496
2020-09-23T02:00:00,24.28406060260275
2020-09-23T03:00:00,19.10291348332944
2020-09-23T04:00:00,18.474169275035027
2020-09-23T05:00:00,18.326957039211106
2020-09-23T06:00:00,17.251547108525816
2020-09-23T07:00:00,16.084380854731016
2020-09-23T08:00:00,15.79716392185377
2020-09-23T09:00:00,16.171507959780484
2020-09-23T10:00:00,17.242560511050016
2020-09-23T11:00:00,19.630231940228004
2020-09-23T12:00:00,25.574752392976176
2020-09-23T13:00:00,32.78634286963421
2020-09-23T14:00:00,37.690670676853344
2020-09-23T15:00:00,41.91472260848335
2020-09-23T16:00:00,44.42022605564283
2020-09-23T17:00:00,47.24845571103303
2020-09-23T18:00:00,49.47424117378566
2020-09-23T19:00:00,51.01257224704907
2020-09-23T20:00:00,52.53106623110563
2020-09-23T21:00:00,54.75300730829653
2020-09-23T22:00:00,56.45128747691278
2020-09-23T23:00:00,57.454298931619384
2020-09-24T00:00:00,59.12014737336531
2020-09-24T01:00:00,61.54567519478176
2020-09-24T02:00:00,53.03517300149668
2020-09-24T03:00:00,36.22627026101817
2020-09-24T04:00:00,29.859370273092516
2020-09-24T05:00:00,26.933655365653657
2020-09-24T06:00:00,24.24193879832392
2020-09-24T07:00:00,22.779904075290844
2020-09-24T08:00:00,21.969439879707668
2020-09-24T09:00:00,23.140917819479238
2020-09-24T10:00:00,26.7901378299879
2020-09-24T11:00:00,34.816357488217555
2020-09-24T12:00:00,51.069659855054766
2020-09-24T13:00:00,68.88928587540336
2020-09-24T14:00:00,88.24959132982336
2020-09-24T15:00:00,101.51434425685716
2020-09-24T16:00:00,113.57762112824811
2020-09-24T17:00:00,116.06255274233611
2020-09-24T18:00:00,111.31986435599948
2020-09-24T19:00:00,102.31088688062583
2020-09-24T20:00:00,93.63857600999914
2020-09-24T21:00:00,92.47671011219853
2020-09-24T22:00:00,98.56616642164146
2020-09-24T23:00:00,108.99601778776747
2020-09-25T00:00:00,119.15830595596977
2020-09-25T01:00:00,128.3935201893682
2020-09-25T02:00:00,93.83095815907352
2020-09-25T03:00:00,57.452098514722735
2020-09-25T04:00:00,47.54296261331309
2020-09-25T05:00:00,39.53442515497622
2020-09-25T06:00:00,33.24555695575216
2020-09-25T07:00:00,29.372208305027172
2020-09-25T08:00:00,28.466123166291606
2020-09-25T09:00:00,30.60796173759129
2020-09-25T10:00:00,36.49472759080969
2020-09-25T11:00:00,46.879117053488024
2020-09-25T12:00:00,57.23351221499235
2020-09-25T13:00:00,65.34684454876442
2020-09-25T14:00:00,71.8184864210046
2020-09-25T15:00:00,78.7231043940005
2020-09-25T16:00:00,86.99440101955247
2020-09-25T17:00:00,95.20667034646738
2020-09-25T18:00:00,104.83160168191658
2020-09-25T19:00:00,113.95663982888925
2020-09-25T20:00:00,121.99503094217052
2020-09-25T21:00:00,126.65914916992188
2020-09-25T22:00:00,119.81120101265286
2020-09-25T23:00:00,102.9606708029042
2020-09-26T00:00:00,90.21490014117695
2020-09-26T01:00:00,86.87112028702444
2020-09-26T02:00:00,61.69310677569844
2020-09-26T03:00:00,34.1245294653851
2020-09-26T04:00:00,26.210694437441614
2020-09-26T05:00:00,24.264794971631922
2020-09-26T06:00:00,23.253172667130176
2020-09-26T07:00:00,20.661289380944293
2020-09-26T08:00:00,19.072021069733992
2020-09-26T09:00:00,19.635033483090602
2020-09-26T10:00:00,22.42697118676227
2020-09-26T11:00:00,27.930003871088438
2020-09-26T12:00:00,37.22633428158967
2020-09-26T13:00:00,46.84514800361964
2020-09-26T14:00:00,55.746225771696665
2020-09-26T15:00:00,62.6712701216988
2020-09-26T16:00:00,51.10524948783542
2020-09-26T17:00:00,48.59983759341032
2020-09-26T18:00:00,45.48356197191321
2020-09-26T19:00:00,46.95040777455205
2020-09-26T20:00:00,37.552291538404376
2020-09-26T21:00:00,36.341515084971554
2020-09-26T22:00:00,34.381288777226985
2020-09-26T23:00:00,27.174243595289145
2020-09-27T00:00:00,20.06676740231721
2020-09-27T01:00:00,15.828221901603367
2020-09-27T02:00:00,11.725660407024879
2020-09-27T03:00:00,8.434207791867461
2020-09-27T04:00:00,7.856052958446998
2020-09-27T05:00:00,8.214793972347094
2020-09-27T06:00:00,9.997393815413764
2020-09-27T07:00:00,11.706338923910389
2020-09-27T08:00:00,13.281946845676586
2020-09-27T09:00:00,14.978835644929305
2020-09-27T10:00:00,16.557306787242055
2020-09-27T11:00:00,20.734206158181895
2020-09-27T12:00:00,29.72190433999766
2020-09-27T13:00:00,40.9354539954144
2020-09-27T14:00:00,49.8337813667629
2020-09-27T15:00:00,55.86841317881708
2020-09-27T16:00:00,57.96629267153532
2020-09-27T17:00:00,59.34747894950535
2020-09-27T18:00:00,62.122625931449555
2020-09-27T19:00:00,62.10937682442043
2020-09-27T20:00:00,63.58600367670473
2020-09-27T21:00:00,65.53287439760955
2020-09-27T22:00:00,67.16968237835428
2020-09-27T23:00:00,68.382394210152
2020-09-28T00:00:00,70.25822581415589
2020-09-28T01:00:00,63.83027964052946
2020-09-28T02:00:00,31.27656273219896
2020-09-28T03:00:00,21.143577161042586
2020-09-28T04:00:00,17.899034085481063
2020-09-28T05:00:00,16.233717379362687
2020-09-28T06:00:00,15.342119921808658
2020-09-28T07:00:00,14.854550195776895
2020-09-28T08:00:00,14.853541208350137
2020-09-28T09:00:00,15.143955147784688
2020-09-28T10:00:00,16.373730120451555
2020-09-28T11:00:00,22.050109863281246
2020-09-28T12:00:00,31.000661849975582
2020-09-28T13:00:00,37.94514050691024
2020-09-28T14:00:00,42.61996907773225
2020-09-28T15:00:00,46.48709156202233
2020-09-28T16:00:00,48.481898432192594
2020-09-28T17:00:00,48.05000620302946
2020-09-28T18:00:00,45.615886190663204
2020-09-28T19:00:00,40.412832591844634
2020-09-28T20:00:00,35.73405415078868
2020-09-28T21:00:00,32.830648339313
2020-09-28T22:00:00,31.82936593760614
2020-09-28T23:00:00,31.140469094981317
2020-09-29T00:00:00,30.44425309222677
2020-09-29T01:00:00,29.739709190700363
2020-09-29T02:00:00,23.600103875865106
2020-09-29T03:00:00,16.706881315811817
2020-09-29T04:00:00,14.172831328018852
2020-09-29T05:00:00,12.95789511307426
2020-09-29T06:00:00,12.217691836149797
2020-09-29T07:00:00,11.865487596263055
2020-09-29T08:00:00,11.89206309940504
2020-09-29T09:00:00,13.40267695551333
2020-09-29T10:00:00,17.579483612723973
2020-09-29T11:00:00,27.54392375116763
2020-09-29T12:00:00,40.7388103319251
2020-09-29T13:00:00,51.99384838601817
2020-09-29T14:00:00,61.3426866946013
2020-09-29T15:00:00,67.80276389743969
2020-09-29T16:00:00,70.27375130031419
2020-09-29T17:00:00,65.86320794146994
2020-09-29T18:00:00,56.463457688041345
2020-09-29T19:00:00,44.98083015110181
2020-09-29T20:00:00,35.98146737140158
2020-09-29T21:00:00,31.31825629524562
2020-09-29T22:00:00,28.654327060865317
2020-09-29T23:00:00,27.064974245817762
2020-09-30T00:00:00,28.383698753688645
2020-09-30T01:00:00,27.925831670346465
2020-09-30T02:00:00,24.66206359863281
2020-09-30T03:00:00,17.57092931996221
2020-09-30T04:00:00,14.551700592041016
2020-09-30T05:00:00,14.022970655690067
2020-09-30T06:00:00,14.075405245241909
2020-09-30T07:00:00,14.04386176233706
2020-09-30T08:00:00,13.678514190342113
2020-09-30T09:00:00,12.464922241542649
2020-09-30T10:00:00,11.917094355044155
2020-09-30T11:00:00,14.734751618426777
2020-09-30T12:00:00,23.30109986014988
2020-09-30T13:00:00,32.01273321068805
2020-09-30T14:00:00,33.742848354837164
2020-09-30T15:00:00,31.985425783240274
2020-09-30T16:00:00,33.09050825367803
2020-09-30T17:00:00,36.07932505400284
2020-09-30T18:00:00,38.760478309963055
2020-09-30T19:00:00,38.30940279753311
2020-09-30T20:00:00,35.94310810254968
2020-09-30T21:00:00,34.19652673472528
2020-09-30T22:00:00,33.038125660108484
2020-09-30T23:00:00,31.385608092598286
2020-10-01T00:00:00,31.26493006167204
2020-10-01T01:00:00,33.08648009922193
2020-10-01T02:00:00,30.1153564453125
2020-10-01T03:00:00,22.665121493132215
2020-10-01T04:00:00,18.39618749203889
2020-10-01T05:00:00,15.45026986495308
2020-10-01T06:00:00,14.063110890595809
2020-10-01T07:00:00,13.69745295980702
2020-10-01T08:00:00,13.248748654904572
2020-10-01T09:00:00,13.425440166307531
2020-10-01T10:00:00,15.170584346937098
2020-10-01T11:00:00,18.83375441509744
2020-10-01T12:00:00,23.45669771277386
2020-10-01T13:00:00,28.98627306067425
2020-10-01T14:00:00,34.3151564390763
2020-10-01T15:00:00,37.87460128120753
2020-10-01T16:00:00,40.024614748747446
2020-10-01T17:00:00,39.917667554772414
2020-10-01T18:00:00,40.54922899992569
2020-10-01T19:00:00,42.400956361190126
2020-10-01T20:00:00,41.6151877693508
2020-10-01T21:00:00,40.84959536013396
2020-10-01T22:00:00,40.47039927606997
2020-10-01T23:00:00,39.90026830590289
2020-10-02T00:00:00,41.11680022529933
2020-10-02T01:00:00,42.34501283065132
2020-10-02T02:00:00,30.311743528946582
2020-10-02T03:00:00,21.266282288924504
2020-10-02T04:00:00,18.73918342590332
2020-10-02T05:00:00,17.91222224028214
2020-10-02T06:00:00,17.322664012079652
2020-10-02T07:00:00,15.477947235107422
2020-10-02T08:00:00,14.583331273949664
2020-10-02T09:00:00,14.434100399846614
2020-10-02T10:00:00,14.975913503895635
2020-10-02T11:00:00,17.75873010054878
2020-10-02T12:00:00,23.397135195524797
2020-10-02T13:00:00,27.66545262544051
2020-10-02T14:00:00,30.34394388613493
2020-10-02T15:00:00,32.44200781117314
2020-10-02T16:00:00,33.73975314264712
2020-10-02T17:00:00,33.263399953427516
2020-10-02T18:00:00,31.71576508231785
2020-10-02T19:00:00,30.026983344036598
2020-10-02T20:00:00,28.056637059087336
2020-10-02T21:00:00,26.43368538566257
2020-10-02T22:00:00,25.567176901775852
2020-10-02T23:00:00,25.01699422753375
2020-10-03T00:00:00,24.67279284933339
2020-10-03T01:00:00,23.79817365563434
2020-10-03T02:00:00,17.876028890195098
2020-10-03T03:00:00,14.166582605113152
2020-10-03T04:00:00,12.961845066236412
2020-10-03T05:00:00,12.439259736434272
2020-10-03T06:00:00,12.183258222497026
2020-10-03T07:00:00,12.05097368489141
2020-10-03T08:00:00,12.167423870252524
2020-10-03T09:00:00,12.55527935857358
2020-10-03T10:00:00,13.402892817621645
2020-10-03T11:00:00,16.291079811427903
2020-10-03T12:00:00,21.905696620111875
2020-10-03T13:00:00,27.194180032481317
2020-10-03T14:00:00,30.88874012490977
2020-10-03T15:00:00,32.80655885779339
2020-10-03T16:00:00,33.76138032000998
2020-10-03T17:00:00,35.00626862567404
2020-10-03T18:00:00,34.98244766567064
2020-10-03T19:00:00,34.16427363520083
2020-10-03T20:00:00,33.295078858085304
2020-10-03T21:00:00,32.07570598436438
2020-10-03T22:00:00,30.814274580582325
2020-10-03T23:00:00,30.60951423645019
2020-10-04T00:00:00,31.726449137148645
2020-10-04T01:00:00,32.099267462025516
2020-10-04T02:00:00,20.502735635508657
2020-10-04T03:00:00,16.483992949776024
2020-10-04T04:00:00,14.54580854332965
2020-10-04T05:00:00,13.583524869835895
2020-10-04T06:00:00,13.127631270367166
2020-10-04T07:00:00,13.032924154530399
2020-10-04T08:00:00,13.239668721738067
2020-10-04T09:00:00,13.639068437659219
2020-10-04T10:00:00,14.394061586131219
2020-10-04T11:00:00,16.235588903012484
2020-10-04T12:00:00,20.221909149833344
2020-10-04T13:00:00,23.365744549295172
2020-10-04T14:00:00,27.081552173780356
2020-10-04T15:00:00,30.538730372553285
2020-10-04T16:00:00,32.550735224848204
2020-10-04T17:00:00,34.02784845103388
2020-10-04T18:00:00,35.045049335645594
2020-10-04T19:00:00,35.59863065636675
2020-10-04T20:00:00,36.31309633669646
2020-10-04T21:00:00,35.59348239069399
2020-10-04T22:00:00,34.498491287231445
2020-10-04T23:00:00,35.066587116407305
2020-10-05T00:00:00,34.813837217248
2020-10-05T01:00:00,36.36990132539168
2020-10-05T02:00:00,22.18403733294943
2020-10-05T03:00:00,16.550822216531504
2020-10-05T04:00:00,13.937976090804389
2020-10-05T05:00:00,12.550908420396887
2020-10-05T06:00:00,11.717598168746283
2020-10-05T07:00:00,11.31613723091457
2020-10-05T08:00:00,11.234904828278914
2020-10-05T09:00:00,11.589209515115488
2020-10-05T10:00:00,12.636589630790377
2020-10-05T11:00:00,14.922298224075979
2020-10-05T12:00:00,20.696854052336317
2020-10-05T13:00:00,29.86373528190281
2020-10-05T14:00:00,39.84243923684825
2020-10-05T15:00:00,48.65680578480596
2020-10-05T16:00:00,54.631265889043384
2020-10-05T17:00:00,59.198039842688516
2020-10-05T18:00:00,62.295289412788726
2020-10-05T19:00:00,63.21293242081352
2020-10-05T20:00:00,62.53339651356572
2020-10-05T21:00:00,59.75625643522843
2020-10-05T22:00:00,54.418196304984704
2020-10-05T23:00:00,46.55635883497155
2020-10-06T00:00:00,40.79443143761676
2020-10-06T01:00:00,38.59102614029594
2020-10-06T02:00:00,33.38876807171365
2020-10-06T03:00:00,27.627383356509
2020-10-06T04:00:00,25.147678624028742
2020-10-06T05:00:00,24.218375910883363
2020-10-06T06:00:00,23.779396554698113
2020-10-06T07:00:00,23.674536580624785
2020-10-06T08:00:00,24.108774516893465
2020-10-06T09:00:00,24.873601167098336
2020-10-06T10:00:00,25.873840083246645
2020-10-06T11:00:00,29.021080265874442
2020-10-06T12:00:00,37.69631443852963
2020-10-06T13:00:00,47.130628668743626
2020-10-06T14:00:00,52.532267197318696
2020-10-06T15:00:00,50.876968881358266
2020-10-06T16:00:00,51.046235457710594
2020-10-06T17:00:00,52.255734153415844
2020-10-06T18:00:00,53.2973458663277
2020-10-06T19:00:00,53.4360180730405
2020-10-06T20:00:00,54.472756758980125
2020-10-06T21:00:00,55.134686511495836
2020-10-06T22:00:00,55.57651586117951
2020-10-06T23:00:00,55.77777066438094
2020-10-07T00:00:00,57.70183413961659
2020-10-07T01:00:00,56.82705539205799
2020-10-07T02:00:00,38.516055563221805
2020-10-07T03:00:00,30.937696954478383
2020-10-07T04:00:00,27.177189205003817
2020-10-07T05:00:00,25.20074537526006
2020-10-07T06:00:00,24.03811338673467
2020-10-07T07:00:00,23.700596767923102
2020-10-07T08:00:00,23.779663085937496
2020-10-07T09:00:00,24.19057356792947
2020-10-07T10:00:00,25.680124946262527
2020-10-07T11:00:00,29.529333280480426
2020-10-07T12:00:00,37.7259118453316
2020-10-07T13:00:00,49.580972091011375
2020-10-07T14:00:00,61.15219779636548
2020-10-07T15:00:00,69.59359774382217
2020-10-07T16:00:00,73.86885402513586
2020-10-07T17:00:00,77.38188270900561
2020-10-07T18:00:00,79.8879049549932
2020-10-07T19:00:00,82.05024652895719
2020-10-07T20:00:00,81.2666307532269
2020-10-07T21:00:00,78.8532897285793
2020-10-07T22:00:00,75.53651594079058
2020-10-07T23:00:00,73.05676733929177
2020-10-08T00:00:00,71.15354819919752
2020-10-08T01:00:00,69.28918125318444
2020-10-08T02:00:00,60.04260950503142
2020-10-08T03:00:00,35.41375666079314
2020-10-08T04:00:00,24.776369343633235
2020-10-08T05:00:00,21.452660933784816
2020-10-08T06:00:00,21.25309421705163
2020-10-08T07:00:00,21.387530534163766
2020-10-08T08:00:00,21.158868126247235
2020-10-08T09:00:00,21.456378107485563
2020-10-08T10:00:00,23.015000633571457
2020-10-08T11:00:00,27.557515185812242
2020-10-08T12:00:00,37.879261016845696
2020-10-08T13:00:00,48.26527172586192
2020-10-08T14:00:00,58.25201532115106
2020-10-08T15:00:00,65.31639198634934
2020-10-08T16:00:00,74.29549308445141
2020-10-08T17:00:00,83.00803176216456
2020-10-08T18:00:00,87.84771960714588
2020-10-08T19:00:00,85.01437444272247
2020-10-08T20:00:00,78.40870268448539
2020-10-08T21:00:00,71.41310749883237
2020-10-08T22:00:00,65.35377286828083
2020-10-08T23:00:00,55.67858654519785
2020-10-09T00:00:00,50.1110027147376
2020-10-09T01:00:00,45.68254371311353
2020-10-09T02:00:00,30.819143212359883
2020-10-09T03:00:00,22.193362609199852
2020-10-09T04:00:00,18.232104840485945
2020-10-09T05:00:00,16.321601577427074
2020-10-09T06:00:00,15.06501002933668
2020-10-09T07:00:00,14.211077482804006
2020-10-09T08:00:00,13.819251516590946
2020-10-09T09:00:00,14.035896425661832
2020-10-09T10:00:00,14.961267346921172
2020-10-09T11:00:00,19.181006970612895
2020-10-09T12:00:00,28.889833284460973
2020-10-09T13:00:00,41.1083578026813
2020-10-09T14:00:00,50.28468936422596
2020-10-09T15:00:00,57.11754375955332
2020-10-09T16:00:00,60.393168905506954
2020-10-09T17:00:00,63.20202072806979
2020-10-09T18:00:00,66.71916348001231
2020-10-09T19:00:00,69.6952085080354
2020-10-09T20:00:00,71.99832800160283
2020-10-09T21:00:00,75.14751119199005
2020-10-09T22:00:00,77.4515911599864
2020-10-09T23:00:00,74.96748352050781
2020-10-10T00:00:00,69.6130782417629
2020-10-10T01:00:00,61.48472761071246
2020-10-10T02:00:00,44.92090905230978
2020-10-10T03:00:00,25.772819519042965
2020-10-10T04:00:00,19.97579873126486
2020-10-10T05:00:00,17.05432659646739
2020-10-10T06:00:00,14.852692313816236
2020-10-10T07:00:00,13.807139852772586
2020-10-10T08:00:00,13.656050350355065
2020-10-10T09:00:00,13.903746065886123
2020-10-10T10:00:00,14.775242349375848
2020-10-10T11:00:00,18.20971746030061
2020-10-10T12:00:00,26.265242783919625
2020-10-10T13:00:00,33.95481250597083
2020-10-10T14:00:00,39.27164459228515
2020-10-10T15:00:00,41.76098865011463
2020-10-10T16:00:00,42.086153610892914
2020-10-10T17:00:00,41.110640650210165
2020-10-10T18:00:00,39.11202920001486
2020-10-10T19:00:00,36.119634545367695
2020-10-10T20:00:00,31.47527578602666
2020-10-10T21:00:00,27.79971471040145
2020-10-10T22:00:00,26.351659857708473
2020-10-10T23:00:00,26.24921666020932
2020-10-11T00:00:00,26.380502866662063
2020-10-11T01:00:00,26.09922367593516
2020-10-11T02:00:00,16.65558375482974
2020-10-11T03:00:00,10.949941510739533
2020-10-11T04:00:00,9.385887809421703
2020-10-11T05:00:00,8.70894838416058
2020-10-11T06:00:00,8.148965130681576
2020-10-11T07:00:00,7.890283169953718
2020-10-11T08:00:00,8.039130832837975
2020-10-11T09:00:00,8.123497548310652
2020-10-11T10:00:00,8.4890427796737
2020-10-11T11:00:00,11.225732596024223
2020-10-11T12:00:00,18.70306636976159
2020-10-11T13:00:00,25.84190053525178
2020-10-11T14:00:00,30.319772305695903
2020-10-11T15:00:00,32.62356136156165
2020-10-11T16:00:00,32.93292053886081
2020-10-11T17:00:00,31.65045539192531
2020-10-11T18:00:00,29.855075172756028
2020-10-11T19:00:00,28.6800190469493
2020-10-11T20:00:00,26.911443046901535
2020-10-11T21:00:00,25.627866081569504
2020-10-11T22:00:00,25.312012299247407
2020-10-11T23:00:00,25.555264680281926
2020-10-12T00:00:00,26.166350323220954
2020-10-12T01:00:00,25.77791985221531
2020-10-12T02:00:00,20.22178741123365
2020-10-12T03:00:00,15.969323365584664
2020-10-12T04:00:00,15.206996254298996
2020-10-12T05:00:00,15.178566020468004
2020-10-12T06:00:00,15.265189378157906
2020-10-12T07:00:00,15.635430087213928
2020-10-12T08:00:00,15.915279968925141
2020-10-12T09:00:00,16.28898313771123
2020-10-12T10:00:00,16.35570016114608
2020-10-12T11:00:00,18.3511499321979
2020-10-12T12:00:00,25.24810326617697
2020-10-12T13:00:00,29.644138916679047
2020-10-12T14:00:00,31.37953667018724
2020-10-12T15:00:00,32.91201856861943
2020-10-12T16:00:00,34.295402195142664
2020-10-12T17:00:00,33.67837259043818
2020-10-12T18:00:00,33.05352949059528
2020-10-12T19:00:00,31.665852505227797
2020-10-12T20:00:00,30.012510631395422
2020-10-12T21:00:00,29.70399350705354
2020-10-12T22:00:00,28.996418248052183
2020-10-12T23:00:00,27.804020259691317
2020-10-13T00:00:00,27.78781078172766
2020-10-13T01:00:00,28.25689771901006
2020-10-13T02:00:00,27.502446381942082
2020-10-13T03:00:00,23.5652668165124
2020-10-13T04:00:00,20.4432664954144
2020-10-13T05:00:00,18.47971219601838
2020-10-13T06:00:00,16.33272005164105
2020-10-13T07:00:00,15.64668904180112
2020-10-13T08:00:00,15.500911256541373
2020-10-13T09:00:00,15.304436890975287
2020-10-13T10:00:00,15.22687712959621
2020-10-13T11:00:00,17.075347236965015
2020-10-13T12:00:00,22.52019683174465
2020-10-13T13:00:00,25.182509049125336
2020-10-13T14:00:00,26.486345208209492
2020-10-13T15:00:00,26.90173306672469
2020-10-13T16:00:00,26.624388072801672
2020-10-13T17:00:00,26.06745097948157
2020-10-13T18:00:00,25.61978539176609
2020-10-13T19:00:00,26.112838247547977
2020-10-13T20:00:00,26.236488591069758
2020-10-13T21:00:00,24.783356459244438
2020-10-13T22:00:00,23.491593070652172
2020-10-13T23:00:00,22.31578213235606
2020-10-14T00:00:00,22.347208769425098
2020-10-14T01:00:00,22.342029405676797
2020-10-14T02:00:00,18.826097654259723
2020-10-14T03:00:00,15.351657743039336
2020-10-14T04:00:00,13.711805758268934
2020-10-14T05:00:00,12.814493593962295
2020-10-14T06:00:00,12.264422582543412
2020-10-14T07:00:00,11.70144458439039
2020-10-14T08:00:00,11.088094213734502
2020-10-14T09:00:00,11.18994198674741
2020-10-14T10:00:00,12.153887956038762
2020-10-14T11:00:00,14.276389536650282
2020-10-14T12:00:00,17.19410058726435
2020-10-14T13:00:00,20.695086769435715
2020-10-14T14:00:00,24.295723127282184
2020-10-14T15:00:00,27.610735851785407
2020-10-14T16:00:00,29.48958645696225
2020-10-14T17:00:00,29.60949939230214
2020-10-14T18:00:00,29.0061442333719
2020-10-14T19:00:00,28.15737973088803
2020-10-14T20:00:00,27.320453560870625
2020-10-14T21:00:00,26.118643719217047
2020-10-14T22:00:00,25.107734099678368
2020-10-14T23:00:00,24.50663558296535
2020-10-15T00:00:00,24.07283658566682
2020-10-15T01:00:00,23.5273089201554
2020-10-15T02:00:00,20.288329829340395
2020-10-15T03:00:00,16.911266492760696
2020-10-15T04:00:00,15.638901088548742
2020-10-15T05:00:00,14.735544909601625
2020-10-15T06:00:00,13.893850948499596
2020-10-15T07:00:00,13.119965553283691
2020-10-15T08:00:00,12.506640061088229
2020-10-15T09:00:00,13.580239503279973
2020-10-15T10:00:00,16.274726992068082
2020-10-15T11:00:00,21.195821927941363
2020-10-15T12:00:00,31.70156064240828
2020-10-15T13:00:00,40.22827994305154
2020-10-15T14:00:00,47.37967681884765
2020-10-15T15:00:00,52.07765977278999
2020-10-15T16:00:00,52.97059432319972
2020-10-15T17:00:00,50.16987178636633
2020-10-15T18:00:00,43.91372747006623
2020-10-15T19:00:00,39.34487848696501
2020-10-15T20:00:00,38.41292140794837
2020-10-15T21:00:00,37.09633968187415
2020-10-15T22:00:00,36.20754805855129
2020-10-15T23:00:00,35.16997552954631
2020-10-16T00:00:00,35.551470632138454
2020-10-16T01:00:00,35.05001582270083
2020-10-16T02:00:00,25.28519804581352
2020-10-16T03:00:00,21.264443190201465
2020-10-16T04:00:00,20.509187117866844
2020-10-16T05:00:00,20.477548682171363
2020-10-16T06:00:00,20.434800355330754
2020-10-16T07:00:00,20.89256833947223
2020-10-16T08:00:00,21.071724850198493
2020-10-16T09:00:00,21.27192555303159
2020-10-16T10:00:00,22.631356861280356
2020-10-16T11:00:00,26.756711545197856
2020-10-16T12:00:00,35.91769790649413
2020-10-16T13:00:00,44.40213609778362
2020-10-16T14:00:00,50.844413259755
2020-10-16T15:00:00,54.98585609767747
2020-10-16T16:00:00,62.89033408786939
2020-10-16T17:00:00,66.13281515370244
2020-10-16T18:00:00,62.652930052384086
2020-10-16T19:00:00,59.74896953416906
2020-10-16T20:00:00,58.22241144594938
2020-10-16T21:00:00,57.79387233568274
2020-10-16T22:00:00,59.584303814431884
2020-10-16T23:00:00,60.23772762132726
2020-10-17T00:00:00,60.563523334005595
2020-10-17T01:00:00,60.068951814070985
2020-10-17T02:00:00,41.88555145263672
2020-10-17T03:00:00,31.207741612973415
2020-10-17T04:00:00,27.895293111386504
2020-10-17T05:00:00,26.04375524106233
2020-10-17T06:00:00,25.30001275435738
2020-10-17T07:00:00,25.801882619443145
2020-10-17T08:00:00,26.499902476435118
2020-10-17T09:00:00,27.08618056255838
2020-10-17T10:00:00,27.836504148400344
2020-10-17T11:00:00,30.222264994745668
2020-10-17T12:00:00,36.101204416026235
2020-10-17T13:00:00,43.22709075264308
2020-10-17T14:00:00,50.667401023533024
2020-10-17T15:00:00,57.37407286270804
2020-10-17T16:00:00,62.45344311258066
2020-10-17T17:00:00,67.21500960640284
2020-10-17T18:00:00,70.25583963808806
2020-10-17T19:00:00,71.1973130599312
2020-10-17T20:00:00,76.39262954048488
2020-10-17T21:00:00,80.85067715852156
2020-10-17T22:00:00,83.59727942425272
2020-10-17T23:00:00,84.54981331203294
2020-10-18T00:00:00,82.0286055855129
2020-10-18T01:00:00,72.87379007754119
2020-10-18T02:00:00,43.85358627982761
2020-10-18T03:00:00,34.47277002749235
2020-10-18T04:00:00,31.43916038844896
2020-10-18T05:00:00,28.699127611906633
2020-10-18T06:00:00,26.188765816066574
2020-10-18T07:00:00,24.884382330853004
2020-10-18T08:00:00,24.07418881291928
2020-10-18T09:00:00,23.553274154663082
2020-10-18T10:00:00,23.67089188617209
2020-10-18T11:00:00,25.562308187070098
2020-10-18T12:00:00,31.866776756618332
2020-10-18T13:00:00,40.91652331144913
2020-10-18T14:00:00,47.90887351658033
2020-10-18T15:00:00,53.453814133353845
2020-10-18T16:00:00,63.325017514436134
2020-10-18T17:00:00,72.64569854736327
2020-10-18T18:00:00,79.01286813487177
2020-10-18T19:00:00,85.89261627197266
2020-10-18T20:00:00,90.82035429581352
2020-10-18T21:00:00,84.3959556247877
2020-10-18T22:00:00,85.96991663393767
2020-10-18T23:00:00,83.90961257271144
2020-10-19T00:00:00,78.88441467285156
2020-10-19T01:00:00,69.8628918191661
2020-10-19T02:00:00,41.14462313444718
2020-10-19T03:00:00,27.721251197483227
2020-10-19T04:00:00,22.13738864401112
2020-10-19T05:00:00,19.794159433116082
2020-10-19T06:00:00,18.602452319601305
2020-10-19T07:00:00,17.88049026157545
2020-10-19T08:00:00,17.179340445477028
2020-10-19T09:00:00,16.9420862612517
2020-10-19T10:00:00,17.508899522864297
2020-10-19T11:00:00,20.150516012440555
2020-10-19T12:00:00,28.12911448271378
2020-10-19T13:00:00,38.52001256528108
2020-10-19T14:00:00,45.11272563105044
2020-10-19T15:00:00,51.41623206760572
2020-10-19T16:00:00,56.30500212959621
2020-10-19T17:00:00,57.52582035893978
2020-10-19T18:00:00,58.07103480463442
2020-10-19T19:00:00,57.536479286525555
2020-10-19T20:00:00,54.91312640646229
2020-10-19T21:00:00,54.9839044653851
2020-10-19T22:00:00,54.445260752802305
2020-10-19T23:00:00,51.64532022890837
2020-10-20T00:00:00,49.98428593511166
2020-10-20T01:00:00,48.92318725585937
2020-10-20T02:00:00,29.194346552309778
2020-10-20T03:00:00,20.14094734191894
2020-10-20T04:00:00,16.85230304883874
2020-10-20T05:00:00,14.99901999597964
2020-10-20T06:00:00,13.859832846600074
2020-10-20T07:00:00,13.047146216682764
2020-10-20T08:00:00,12.631355161252229
2020-10-20T09:00:00,12.644431902014691
2020-10-20T10:00:00,13.295459747314451
2020-10-20T11:00:00,15.841448783874512
2020-10-20T12:00:00,23.031174701193102
2020-10-20T13:00:00,31.75299685934315
2020-10-20T14:00:00,39.38604288515837
2020-10-20T15:00:00,44.30166012307872
2020-10-20T16:00:00,47.87630893873132
2020-10-20T17:00:00,50.67690559055494
2020-10-20T18:00:00,52.48339478865913
2020-10-20T19:00:00,51.32627221812372
2020-10-20T20:00:00,48.252277871836775
2020-10-20T21:00:00,46.542705535888665
2020-10-20T22:00:00,46.17300929193911
2020-10-20T23:00:00,48.085635641346805
2020-10-21T00:00:00,49.947224160899275
2020-10-21T01:00:00,51.15184618079143
2020-10-21T02:00:00,30.722726158473797
2020-10-21T03:00:00,19.585503453793734
2020-10-21T04:00:00,15.768076357634168
2020-10-21T05:00:00,13.565612917361051
2020-10-21T06:00:00,12.168066024780272
2020-10-21T07:00:00,11.500151136647098
2020-10-21T08:00:00,11.228842776754627
2020-10-21T09:00:00,11.259044356968092
2020-10-21T10:00:00,11.978919360948645
2020-10-21T11:00:00,14.489175091619076
2020-10-21T12:00:00,22.108266415803328
2020-10-21T13:00:00,29.08216567661451
2020-10-21T14:00:00,32.15110787101414
2020-10-21T15:00:00,37.4803060448688
2020-10-21T16:00:00,40.53543472290038
2020-10-21T17:00:00,47.136956090512484
2020-10-21T18:00:00,51.837980021601126
2020-10-21T19:00:00,52.745254516601555
2020-10-21T20:00:00,51.68631495600161
2020-10-21T21:00:00,49.43594625721806
2020-10-21T22:00:00,46.263561580492095
2020-10-21T23:00:00,45.06101326320481
2020-10-22T00:00:00,46.361505591351055
2020-10-22T01:00:00,46.78919137042501
2020-10-22T02:00:00,27.455184356026024
2020-10-22T03:00:00,16.330251030299973
2020-10-22T04:00:00,12.8898054620494
2020-10-22T05:00:00,11.189350169637928
2020-10-22T06:00:00,10.271539812502652
2020-10-22T07:00:00,10.048883189325746
2020-10-22T08:00:00,10.107110686924146
2020-10-22T09:00:00,10.435097777325172
2020-10-22T10:00:00,11.290103953817615
2020-10-22T11:00:00,14.220184865205184
2020-10-22T12:00:00,22.881964973781415
2020-10-22T13:00:00,34.8126104603643
2020-10-22T14:00:00,43.51622158548106
2020-10-22T15:00:00,51.22726506772248
2020-10-22T16:00:00,59.04535359921662
2020-10-22T17:00:00,63.169326118800946
2020-10-22T18:00:00,58.88393385513968
2020-10-22T19:00:00,52.86276941714078
2020-10-22T20:00:00,50.19341742474099
2020-10-22T21:00:00,49.7031717715056
2020-10-22T22:00:00,50.663527281387985
2020-10-22T23:00:00,51.624179176662274
2020-10-23T00:00:00,50.66134660140327
2020-10-23T01:00:00,47.39069101084833
2020-10-23T02:00:00,27.307309026303496
2020-10-23T03:00:00,20.14347209101138
2020-10-23T04:00:00,16.585201346355934
2020-10-23T05:00:00,14.698869041774584
2020-10-23T06:00:00,13.631631809732188
2020-10-23T07:00:00,12.959185849065365
2020-10-23T08:00:00,12.446472209432851
2020-10-23T09:00:00,12.343595421832537
2020-10-23T10:00:00,12.880826742752737
2020-10-23T11:00:00,15.26626873016357
2020-10-23T12:00:00,21.775777650916055
2020-10-23T13:00:00,29.30451567276664
2020-10-23T14:00:00,34.0748933709186
2020-10-23T15:00:00,43.86125796774158
2020-10-23T16:00:00,55.347814808721125
2020-10-23T17:00:00,59.42698885046917
2020-10-23T18:00:00,60.042246777078375
2020-10-23T19:00:00,59.0747597735861
2020-10-23T20:00:00,62.11397685175356
2020-10-23T21:00:00,63.5652676457944
2020-10-23T22:00:00,62.664076597794235
2020-10-23T23:00:00,60.66806262472401
2020-10-24T00:00:00,59.595451189124056
2020-10-24T01:00:00,56.59161675494649
2020-10-24T02:00:00,31.13321246271548
2020-10-24T03:00:00,20.96266879206118
2020-10-24T04:00:00,16.403218476668645
2020-10-24T05:00:00,14.580375090889307
2020-10-24T06:00:00,13.817752879598865
2020-10-24T07:00:00,13.309145181075385
2020-10-24T08:00:00,12.661889490873916
2020-10-24T09:00:00,12.522055460059123
2020-10-24T10:00:00,13.45102787017822
2020-10-24T11:00:00,16.203059403792672
2020-10-24T12:00:00,21.87849268705948
2020-10-24T13:00:00,32.23341975004776
2020-10-24T14:00:00,44.09130146192467
2020-10-24T15:00:00,54.32826017296832
2020-10-24T16:00:00,62.227178822393
2020-10-24T17:00:00,71.19237286111583
2020-10-24T18:00:00,77.13365073826
2020-10-24T19:00:00,78.5027784264606
2020-10-24T20:00:00,78.63104115361752
2020-10-24T21:00:00,77.82483905294666
2020-10-24T22:00:00,74.1747884335725
2020-10-24T23:00:00,71.12124169391134
2020-10-25T00:00:00,66.6070380832838
2020-10-25T01:00:00,53.64510444972825
2020-10-25T02:00:00,32.05041155607804
2020-10-25T03:00:00,21.478186400040332
2020-10-25T04:00:00,19.072954924210258
2020-10-25T05:00:00,18.569206901218582
2020-10-25T06:00:00,18.681477007658586
2020-10-25T07:00:00,19.392403561135996
2020-10-25T08:00:00,20.5667261040729
2020-10-25T09:00:00,22.091817855834957
2020-10-25T10:00:00,23.67048230378524
2020-10-25T11:00:00,26.694349288940426
2020-10-25T12:00:00,31.43774215034816
2020-10-25T13:00:00,32.09779739379882
2020-10-25T14:00:00,37.23592393294624
2020-10-25T15:00:00,45.505815423053235
2020-10-25T16:00:00,56.14191121640412
2020-10-25T17:00:00,68.32300335427988
2020-10-25T18:00:00,80.90842537257981
2020-10-25T19:00:00,92.72534411886463
2020-10-25T20:00:00,106.81811689293903
2020-10-25T21:00:00,121.18791099216625
2020-10-25T22:00:00,131.46497112771738
2020-10-25T23:00:00,138.98043027131453
2020-10-26T00:00:00,144.31778352156928
2020-10-26T01:00:00,138.054270868716
2020-10-26T02:00:00,80.47185217815897
2020-10-26T03:00:00,52.419195589811906
2020-10-26T04:00:00,41.649323173191235
2020-10-26T05:00:00,37.55929963485053
2020-10-26T06:00:00,36.09125867097274
2020-10-26T07:00:00,35.40824608180833
2020-10-26T08:00:00,35.44615986036217
2020-10-26T09:00:00,36.27078827567722
2020-10-26T10:00:00,37.26463632998259
2020-10-26T11:00:00,38.94931726870328
2020-10-26T12:00:00,44.09441607931386
2020-10-26T13:00:00,51.12681629346764
2020-10-26T14:00:00,58.6771243551503
2020-10-26T15:00:00,69.34568023681639
2020-10-26T16:00:00,84.68169071363366
2020-10-26T17:00:00,100.23359447976816
2020-10-26T18:00:00,113.58631100861922
2020-10-26T19:00:00,129.15262769616166
2020-10-26T20:00:00,139.78388313625166
2020-10-26T21:00:00,145.52034394637397
2020-10-26T22:00:00,147.28202753481656
2020-10-26T23:00:00,145.7906082816746
2020-10-27T00:00:00,144.26624463952103
2020-10-27T01:00:00,122.68642690907353
2020-10-27T02:00:00,66.0999994692595
2020-10-27T03:00:00,49.1477808745011
2020-10-27T04:00:00,42.47483046158501
2020-10-27T05:00:00,38.622160870095954
2020-10-27T06:00:00,35.474643541418985
2020-10-27T07:00:00,33.88005115674889
2020-10-27T08:00:00,34.392488562542454
2020-10-27T09:00:00,36.80109422103218
2020-10-27T10:00:00,39.46983569601308
2020-10-27T11:00:00,40.66174548605213
2020-10-27T12:00:00,45.19629818460215
2020-10-27T13:00:00,52.5542635710343
2020-10-27T14:00:00,62.248621567435876
2020-10-27T15:00:00,73.19882699717645
2020-10-27T16:00:00,85.92178013013756
2020-10-27T17:00:00,102.62347976021144
2020-10-27T18:00:00,119.72858926524285
2020-10-27T19:00:00,133.77552430526072
2020-10-27T20:00:00,140.2151509160581
2020-10-27T21:00:00,148.19042106296706
2020-10-27T22:00:00,156.71626480765966
2020-10-27T23:00:00,165.76284060270888
2020-10-28T00:00:00,171.89849919858185
2020-10-28T01:00:00,156.08746271548063
2020-10-28T02:00:00,84.63143954069717
2020-10-28T03:00:00,66.1670797596807
2020-10-28T04:00:00,56.755344722581945
2020-10-28T05:00:00,51.90780606477156
2020-10-28T06:00:00,51.684977489969
2020-10-28T07:00:00,50.870458188264266
2020-10-28T08:00:00,49.23334121704101
2020-10-28T09:00:00,47.93041610717773
2020-10-28T10:00:00,48.20870905337126
2020-10-28T11:00:00,47.2043981137483
2020-10-28T12:00:00,50.23233115154763
2020-10-28T13:00:00,51.96783629707667
2020-10-28T14:00:00,57.152692546015196
2020-10-28T15:00:00,66.55645320726477
2020-10-28T16:00:00,81.33574311629584
2020-10-28T17:00:00,101.46290488865064
2020-10-28T18:00:00,123.22192814039147
2020-10-28T19:00:00,144.28797713569972
2020-10-28T20:00:00,158.4087783150051
2020-10-28T21:00:00,163.65862572711444
2020-10-28T22:00:00,151.79454372240147
2020-10-28T23:00:00,130.5716108239215
2020-10-29T00:00:00,123.18123991593069
2020-10-29T01:00:00,113.72527014690895
2020-10-29T02:00:00,80.10450213888416
2020-10-29T03:00:00,64.6097871531611
2020-10-29T04:00:00,62.25336721669071
2020-10-29T05:00:00,59.42273048732591
2020-10-29T06:00:00,55.71809702334196
2020-10-29T07:00:00,53.21020292199176
2020-10-29T08:00:00,51.765139538308844
2020-10-29T09:00:00,51.81659831171449
2020-10-29T10:00:00,53.55873489379883
2020-10-29T11:00:00,56.687959090523094
2020-10-29T12:00:00,59.0328375774881
2020-10-29T13:00:00,63.72424283234969
2020-10-29T14:00:00,69.61766317616338
2020-10-29T15:00:00,77.75442770253055
2020-10-29T16:00:00,88.57010285750678
2020-10-29T17:00:00,100.81218852167544
2020-10-29T18:00:00,113.28759599768595
2020-10-29T19:00:00,123.12655142079227
2020-10-29T20:00:00,130.9738537332286
2020-10-29T21:00:00,138.39567632260528
2020-10-29T22:00:00,144.10589068868882
2020-10-29T23:00:00,146.49939230213994
2020-10-30T00:00:00,147.0211519987687
2020-10-30T01:00:00,142.41553862198538
2020-10-30T02:00:00,110.349703249724
2020-10-30T03:00:00,100.92207966680111
2020-10-30T04:00:00,97.03426958167034
2020-10-30T05:00:00,91.29422892694888
2020-10-30T06:00:00,84.46261298138162
2020-10-30T07:00:00,79.13024172575578
2020-10-30T08:00:00,75.79547749394955
2020-10-30T09:00:00,73.83044367251188
2020-10-30T10:00:00,73.85411038606063
2020-10-30T11:00:00,78.83708622144616
2020-10-30T12:00:00,85.54085640285327
2020-10-30T13:00:00,90.03434089992356
2020-10-30T14:00:00,93.32052015221637
2020-10-30T15:00:00,104.47736060101053
2020-10-30T16:00:00,119.37668112049931
2020-10-30T17:00:00,135.8468826957371
2020-10-30T18:00:00,147.0041530443274
2020-10-30T19:00:00,158.8092691172724
2020-10-30T20:00:00,148.1547148331352
2020-10-30T21:00:00,143.38686669391134
2020-10-30T22:00:00,141.95649387525475
2020-10-30T23:00:00,140.38798058551288
2020-10-31T00:00:00,141.01847640327782
2020-10-31T01:00:00,137.80946748153022
2020-10-31T02:00:00,87.5897747537364
2020-10-31T03:00:00,62.49816430133321
2020-10-31T04:00:00,54.31316806959068
2020-10-31T05:00:00,51.00733748726222
2020-10-31T06:00:00,50.04473478897758
2020-10-31T07:00:00,51.79803698995838
2020-10-31T08:00:00,55.1552498858908
2020-10-31T09:00:00,58.77270939039147
2020-10-31T10:00:00,64.58549715125042
2020-10-31T11:00:00,72.72881018597147
2020-10-31T12:00:00,80.91357256018597
2020-10-31T13:00:00,90.18630616561225
2020-10-31T14:00:00,99.91659645412277
2020-10-31T15:00:00,113.25910717508067
2020-10-31T16:00:00,131.07680146590522
2020-10-31T17:00:00,150.78202620796532
2020-10-31T18:00:00,171.7687762716542
2020-10-31T19:00:00,190.18924082880434
2020-10-31T20:00:00,198.86978149414062
2020-10-31T21:00:00,212.09550940472144
2020-10-31T22:00:00,223.9642811650815
2020-10-31T23:00:00,233.7999406897503
2020-11-01T00:00:00,241.61210632324222
2020-11-01T01:00:00,222.57804804262906
2020-11-01T02:00:00,140.25246462614638
2020-11-01T03:00:00,105.03249956213908
2020-11-01T04:00:00,80.78174159837805
2020-11-01T05:00:00,64.77119246773097
2020-11-01T06:00:00,54.58383759208347
2020-11-01T07:00:00,48.86215093861455
2020-11-01T08:00:00,47.13940379930579
2020-11-01T09:00:00,51.07302425218665
2020-11-01T10:00:00,54.141639377759844
2020-11-01T11:00:00,58.67024512912916
2020-11-01T12:00:00,64.80586508046025
2020-11-01T13:00:00,72.49699965767238
2020-11-01T14:00:00,80.79240815535834
2020-11-01T15:00:00,93.8224354619565
2020-11-01T16:00:00,110.75904149594513
2020-11-01T17:00:00,129.7395251730214
2020-11-01T18:00:00,150.20763364045513
2020-11-01T19:00:00,168.70941891877547
2020-11-01T20:00:00,179.51251552415928
2020-11-01T21:00:00,194.15872325067934
2020-11-01T22:00:00,205.5718430228855
2020-11-01T23:00:00,199.29082124129584
2020-11-02T00:00:00,182.61544335406757
2020-11-02T01:00:00,175.60616070291266
2020-11-02T02:00:00,121.17943241285239
2020-11-02T03:00:00,92.67791150963824
2020-11-02T04:00:00,73.39456276271653
2020-11-02T05:00:00,58.15688572759213
2020-11-02T06:00:00,49.84298059214716
2020-11-02T07:00:00,46.806371440058165
2020-11-02T08:00:00,45.77599301545516
2020-11-02T09:00:00,45.74287812606148
2020-11-02T10:00:00,47.010986825694204
2020-11-02T11:00:00,49.62587389738663
2020-11-02T12:00:00,55.16406614884086
2020-11-02T13:00:00,62.15157782513161
2020-11-02T14:00:00,70.58223160453464
2020-11-02T15:00:00,79.88202202838399
2020-11-02T16:00:00,92.99099996815556
2020-11-02T17:00:00,110.63299096148945
2020-11-02T18:00:00,131.06353162682572
2020-11-02T19:00:00,150.70240982719088
2020-11-02T20:00:00,169.3162629500679
2020-11-02T21:00:00,183.4631062383237
2020-11-02T22:00:00,176.56004731551457
2020-11-02T23:00:00,165.33509760317597
2020-11-03T00:00:00,164.06383149520207
2020-11-03T01:00:00,146.8421524711277
2020-11-03T02:00:00,93.00067669412363
2020-11-03T03:00:00,72.87676769754161
2020-11-03T04:00:00,64.01429881220278
2020-11-03T05:00:00,59.841374107029125
2020-11-03T06:00:00,58.30231973399286
2020-11-03T07:00:00,58.13150173684824
2020-11-03T08:00:00,58.15802831235139
2020-11-03T09:00:00,58.732225666875415
2020-11-03T10:00:00,60.897405541461445
2020-11-03T11:00:00,66.3564575858738
2020-11-03T12:00:00,73.21180128014605
2020-11-03T13:00:00,79.58990146802817
2020-11-03T14:00:00,86.72302179751188
2020-11-03T15:00:00,94.6345748901367
2020-11-03T16:00:00,104.89121511708134
2020-11-03T17:00:00,120.41051781695822
2020-11-03T18:00:00,136.1054223102072
2020-11-03T19:00:00,150.89740520974863
2020-11-03T20:00:00,164.75274392832878
2020-11-03T21:00:00,177.78332320503566
2020-11-03T22:00:00,189.59826593813688
2020-11-03T23:00:00,199.66902757727578
2020-11-04T00:00:00,208.01071432362428
2020-11-04T01:00:00,196.47824295707366
2020-11-04T02:00:00,124.11374199908714
2020-11-04T03:00:00,99.38692739735478
2020-11-04T04:00:00,92.58483521834663
2020-11-04T05:00:00,83.66159090788467
2020-11-04T06:00:00,75.150530607804
2020-11-04T07:00:00,69.1067776887313
2020-11-04T08:00:00,69.47065369979194
2020-11-04T09:00:00,73.03047445546025
2020-11-04T10:00:00,77.4775102034859
2020-11-04T11:00:00,84.946312945822
2020-11-04T12:00:00,94.87843289582624
2020-11-04T13:00:00,105.41356692106825
2020-11-04T14:00:00,119.4207541424295
2020-11-04T15:00:00,133.98266535219938
2020-11-04T16:00:00,145.00446286408794
2020-11-04T17:00:00,154.6014649764351
2020-11-04T18:00:00,163.61092542565385
2020-11-04T19:00:00,170.51520505158794
2020-11-04T20:00:00,176.0154339334239
2020-11-04T21:00:00,179.31782863451085
2020-11-04T22:00:00,178.92432702105972
2020-11-04T23:00:00,175.45305998429006
2020-11-05T00:00:00,171.2248601498811
2020-11-05T01:00:00,152.61305170473844
2020-11-05T02:00:00,75.97114463474439
2020-11-05T03:00:00,50.70541763305663
2020-11-05T04:00:00,39.93739418361497
2020-11-05T05:00:00,32.97255375074304
2020-11-05T06:00:00,28.188880339912743
2020-11-05T07:00:00,24.945712462715477
2020-11-05T08:00:00,22.80311368859332
2020-11-05T09:00:00,22.98214431430982
2020-11-05T10:00:00,25.795975063158114
2020-11-05T11:00:00,25.55468932442043
2020-11-05T12:00:00,28.079317092895508
2020-11-05T13:00:00,32.34239080677861
2020-11-05T14:00:00,38.421178568964415
2020-11-05T15:00:00,46.052313431449555
2020-11-05T16:00:00,54.78628871751867
2020-11-05T17:00:00,66.1219495690387
2020-11-05T18:00:00,78.3919744076936
2020-11-05T19:00:00,84.07915662682575
2020-11-05T20:00:00,87.46013807213825
2020-11-05T21:00:00,89.276833243992
2020-11-05T22:00:00,87.26126894743545
2020-11-05T23:00:00,89.09112747855806
2020-11-06T00:00:00,93.28020046068275
2020-11-06T01:00:00,94.73025479524031
2020-11-06T02:00:00,56.80042515630307
2020-11-06T03:00:00,36.07212879346764
2020-11-06T04:00:00,27.85603058856466
2020-11-06T05:00:00,23.292515298594598
2020-11-06T06:00:00,20.595220648724098
2020-11-06T07:00:00,19.118031128593113
2020-11-06T08:00:00,17.942049109417457
2020-11-06T09:00:00,17.80283844989279
2020-11-06T10:00:00,17.58785894642705
2020-11-06T11:00:00,19.023018215013586
2020-11-06T12:00:00,23.231761434803836
2020-11-06T13:00:00,26.42757581627887
2020-11-06T14:00:00,28.757859022720996
2020-11-06T15:00:00,33.07322029445482
2020-11-06T16:00:00,41.38235739003056
2020-11-06T17:00:00,37.02221331389053
2020-11-06T18:00:00,35.190184220023774
2020-11-06T19:00:00,34.304660465406336
2020-11-06T20:00:00,33.34989166259765
2020-11-06T21:00:00,32.131084442138665
2020-11-06T22:00:00,33.6008945133375
2020-11-06T23:00:00,35.693010827769406
2020-11-07T00:00:00,38.55380099752674
2020-11-07T01:00:00,39.527596017588735
2020-11-07T02:00:00,22.178333614183508
2020-11-07T03:00:00,12.913222603175951
2020-11-07T04:00:00,9.082889702009117
2020-11-07T05:00:00,7.573046103767727
2020-11-07T06:00:00,7.0863394529923145
2020-11-07T07:00:00,7.124963345734969
2020-11-07T08:00:00,7.332255280536153
2020-11-07T09:00:00,7.852769810220469
2020-11-07T10:00:00,8.920228170311969
2020-11-07T11:00:00,10.373818936555281
2020-11-07T12:00:00,10.543923336526621
2020-11-07T13:00:00,12.960289499034053
2020-11-07T14:00:00,15.936159880264944
2020-11-07T15:00:00,14.532041922859522
2020-11-07T16:00:00,15.716021247532057
2020-11-07T17:00:00,19.99678926882536
2020-11-07T18:00:00,26.9150622823964
2020-11-07T19:00:00,33.43388250599737
2020-11-07T20:00:00,36.088542772376016
2020-11-07T21:00:00,39.35791662464971
2020-11-07T22:00:00,41.283717777418055
2020-11-07T23:00:00,42.16585640285325
2020-11-08T00:00:00,42.18640501602836
2020-11-08T01:00:00,40.82539525239363
2020-11-08T02:00:00,23.166848472926922
2020-11-08T03:00:00,13.355359782343324
2020-11-08T04:00:00,10.117460043533988
2020-11-08T05:00:00,8.799506083778711
2020-11-08T06:00:00,8.13332823048467
2020-11-08T07:00:00,8.221889267797055
2020-11-08T08:00:00,8.638677845830502
2020-11-08T09:00:00,9.311774709950322
2020-11-08T10:00:00,10.319289995276408
2020-11-08T11:00:00,12.846981463224992
2020-11-08T12:00:00,17.97844778973123
2020-11-08T13:00:00,23.317171926083766
2020-11-08T14:00:00,27.134340617967684
2020-11-08T15:00:00,28.64462728085725
2020-11-08T16:00:00,30.23270349917204
2020-11-08T17:00:00,29.82365807243015
2020-11-08T18:00:00,30.95050480054772
2020-11-08T19:00:00,34.4065407462742
2020-11-08T20:00:00,36.526436349619985
2020-11-08T21:00:00,35.9329892034116
2020-11-08T22:00:00,36.82531340225883
2020-11-08T23:00:00,37.06711147142492
2020-11-09T00:00:00,38.76000313136888
2020-11-09T01:00:00,36.893850907035485
2020-11-09T02:00:00,21.0957323986551
2020-11-09T03:00:00,14.560401460398797
2020-11-09T04:00:00,11.521904240483822
2020-11-09T05:00:00,10.011156455330227
2020-11-09T06:00:00,9.031932250313137
2020-11-09T07:00:00,9.289463457853897
2020-11-09T08:00:00,9.891006179477857
2020-11-09T09:00:00,10.635193410127059
2020-11-09T10:00:00,11.71548777041228
2020-11-09T11:00:00,15.054097051205842
2020-11-09T12:00:00,21.70467832814092
2020-11-09T13:00:00,28.109547407730766
2020-11-09T14:00:00,31.459231335183848
2020-11-09T15:00:00,32.18978342802628
2020-11-09T16:00:00,26.6957484535549
2020-11-09T17:00:00,22.599976166434907
2020-11-09T18:00:00,22.950226576431934
2020-11-09T19:00:00,25.432351153829824
2020-11-09T20:00:00,30.484755391659938
2020-11-09T21:00:00,35.147854183031164
2020-11-09T22:00:00,49.78980454154637
2020-11-09T23:00:00,68.92965797756028
2020-11-10T00:00:00,85.35460098930025
2020-11-10T01:00:00,88.52808678668478
2020-11-10T02:00:00,89.67891792629074
2020-11-10T03:00:00,86.42876533840013
2020-11-10T04:00:00,68.76780949468198
2020-11-10T05:00:00,45.5186364547066
2020-11-10T06:00:00,33.235787433126696
2020-11-10T07:00:00,28.79465766575025
2020-11-10T08:00:00,27.848405257515285
2020-11-10T09:00:00,29.69682958851689
2020-11-10T10:00:00,35.518233257791266
2020-11-10T11:00:00,44.9694247038468
2020-11-10T12:00:00,57.45259790835173
2020-11-10T13:00:00,67.33879819123642
2020-11-10T14:00:00,77.30393119480298
2020-11-10T15:00:00,88.33595242707625
2020-11-10T16:00:00,96.1754674496858
2020-11-10T17:00:00,96.9020879994268
2020-11-10T18:00:00,93.56919296928073
2020-11-10T19:00:00,90.19411667533542
2020-11-10T20:00:00,94.52704985245414
2020-11-10T21:00:00,100.88873191501783
2020-11-10T22:00:00,109.95165120000424
2020-11-10T23:00:00,101.72063678243885
2020-11-11T00:00:00,105.36995464822519
2020-11-11T01:00:00,97.80756776229194
2020-11-11T02:00:00,35.54425140049146
2020-11-11T03:00:00,22.299437315567676
2020-11-11T04:00:00,19.314905747123383
2020-11-11T05:00:00,18.431034378383465
2020-11-11T06:00:00,18.686790756557297
2020-11-11T07:00:00,18.361963189166524
2020-11-11T08:00:00,18.981139431829035
2020-11-11T09:00:00,19.55033327185589
2020-11-11T10:00:00,19.859209226525344
2020-11-11T11:00:00,21.24480504574983
2020-11-11T12:00:00,23.541217803955075
2020-11-11T13:00:00,26.355113568513286
2020-11-11T14:00:00,31.517975765725836
2020-11-11T15:00:00,42.00744736712911
2020-11-11T16:00:00,53.211847554082446
2020-11-11T17:00:00,63.8510163348654
2020-11-11T18:00:00,74.61544816390327
2020-11-11T19:00:00,89.26616536016047
2020-11-11T20:00:00,105.07350026006283
2020-11-11T21:00:00,125.35372427235478
2020-11-11T22:00:00,146.79330344822094
2020-11-11T23:00:00,166.59298639712125
2020-11-12T00:00:00,184.67702849014944
2020-11-12T01:00:00,180.79467110011888
2020-11-12T02:00:00,55.45016396563985
2020-11-12T03:00:00,30.77898489910623
2020-11-12T04:00:00,28.596886593362555
2020-11-12T05:00:00,30.681606541509208
2020-11-12T06:00:00,34.17067337036133
2020-11-12T07:00:00,37.16869204977284
2020-11-12T08:00:00,37.93116262684697
2020-11-12T09:00:00,38.60690937871517
2020-11-12T10:00:00,42.058489592179
2020-11-12T11:00:00,49.4494050067404
2020-11-12T12:00:00,62.19589614868163
2020-11-12T13:00:00,76.56107993747877
2020-11-12T14:00:00,77.5814326742421
2020-11-12T15:00:00,86.24541241189706
2020-11-12T16:00:00,95.85963439941405
2020-11-12T17:00:00,104.68778129245923
2020-11-12T18:00:00,114.15907884680705
2020-11-12T19:00:00,119.2247082254161
2020-11-12T20:00:00,112.5880604619565
2020-11-12T21:00:00,102.4653671928074
2020-11-12T22:00:00,95.37919019616167
2020-11-12T23:00:00,89.17469920282777
2020-11-13T00:00:00,86.5585240903108
2020-11-13T01:00:00,81.04918720411217
2020-11-13T02:00:00,33.30329215008279
2020-11-13T03:00:00,19.19845502272896
2020-11-13T04:00:00,15.776245241579801
2020-11-13T05:00:00,14.510152982628862
2020-11-13T06:00:00,12.774867845618205
2020-11-13T07:00:00,11.316744721454121
2020-11-13T08:00:00,11.00570541879405
2020-11-13T09:00:00,12.015259991521418
2020-11-13T10:00:00,14.360821226368778
2020-11-13T11:00:00,18.407977892004926
2020-11-13T12:00:00,25.6448743239693
2020-11-13T13:00:00,30.843392579451848
2020-11-13T14:00:00,30.33310301407524
2020-11-13T15:00:00,28.859909306401793
2020-11-13T16:00:00,30.680168981137477
2020-11-13T17:00:00,35.62263944874638
2020-11-13T18:00:00,40.679001020348586
2020-11-13T19:00:00,40.38528384333071
2020-11-13T20:00:00,43.291355630625844
2020-11-13T21:00:00,47.666044981583305
2020-11-13T22:00:00,52.30136390354322
2020-11-13T23:00:00,53.29461338209069
2020-11-14T00:00:00,53.349711044974946
2020-11-14T01:00:00,46.57957325810971
2020-11-14T02:00:00,17.662127660668414
2020-11-14T03:00:00,13.451647675555684
2020-11-14T04:00:00,13.803013594254201
2020-11-14T05:00:00,13.280420883842135
2020-11-14T06:00:00,12.497936787812604
2020-11-14T07:00:00,12.37547555177108
2020-11-14T08:00:00,12.60999584197998
2020-11-14T09:00:00,13.405705866606338
2020-11-14T10:00:00,15.774767751279084
2020-11-14T11:00:00,21.11596878715183
2020-11-14T12:00:00,29.586323199064832
2020-11-14T13:00:00,45.02452336186948
2020-11-14T14:00:00,67.23459525730298
2020-11-14T15:00:00,84.66226959228516
2020-11-14T16:00:00,95.38731583305027
2020-11-14T17:00:00,98.70902086340861
2020-11-14T18:00:00,94.96405195153277
2020-11-14T19:00:00,86.7141522946565
2020-11-14T20:00:00,74.77429431417714
2020-11-14T21:00:00,84.30070528776749
2020-11-14T22:00:00,92.10491843845531
2020-11-14T23:00:00,92.49955683169156
2020-11-15T00:00:00,89.73735975182574
2020-11-15T01:00:00,78.5902862548828
2020-11-15T02:00:00,34.063447371773094
2020-11-15T03:00:00,20.517387224280313
2020-11-15T04:00:00,15.681554130885909
2020-11-15T05:00:00,12.817137718200682
2020-11-15T06:00:00,10.911711402561354
2020-11-15T07:00:00,9.88270042253577
2020-11-15T08:00:00,10.181977686674697
2020-11-15T09:00:00,11.724581137947412
2020-11-15T10:00:00,12.86230302893597
2020-11-15T11:00:00,13.45420970087466
2020-11-15T12:00:00,16.925392233807106
2020-11-15T13:00:00,20.25551928644595
2020-11-15T14:00:00,23.91700437794561
2020-11-15T15:00:00,28.19323805104131
2020-11-15T16:00:00,32.47566256315812
2020-11-15T17:00:00,37.39053892052691
2020-11-15T18:00:00,42.11342380357825
2020-11-15T19:00:00,44.07986599466074
2020-11-15T20:00:00,44.85681061122728
2020-11-15T21:00:00,47.08430223879606
2020-11-15T22:00:00,51.278052288552985
2020-11-15T23:00:00,56.57365367723548
2020-11-16T00:00:00,59.355694314707875
2020-11-16T01:00:00,57.13367014345914
2020-11-16T02:00:00,32.205156326293945
2020-11-16T03:00:00,18.371228466863215
2020-11-16T04:00:00,13.454527150029719
2020-11-16T05:00:00,10.875106852987537
2020-11-16T06:00:00,9.242574982021164
2020-11-16T07:00:00,8.542439336362092
2020-11-16T08:00:00,8.728347508803658
2020-11-16T09:00:00,10.18125521618387
2020-11-16T10:00:00,13.334842598956563
2020-11-16T11:00:00,16.375446153723672
2020-11-16T12:00:00,17.995770661727242
2020-11-16T13:00:00,17.752353792605188
2020-11-16T14:00:00,19.174884215645164
2020-11-16T15:00:00,24.970830088076383
2020-11-16T16:00:00,31.50618271205736
2020-11-16T17:00:00,39.64556851594344
2020-11-16T18:00:00,46.62029564898946
2020-11-16T19:00:00,51.4527126809825
2020-11-16T20:00:00,61.405099288277
2020-11-16T21:00:00,73.23264478600542
2020-11-16T22:00:00,83.56770158850627
2020-11-16T23:00:00,90.45793782109797
2020-11-17T00:00:00,95.98513462232506
2020-11-17T01:00:00,99.8501042905061
2020-11-17T02:00:00,48.168954600458555
2020-11-17T03:00:00,25.694114933843192
2020-11-17T04:00:00,19.074975055197008
2020-11-17T05:00:00,15.966092482857082
2020-11-17T06:00:00,14.440045854319694
2020-11-17T07:00:00,15.233007804207176
2020-11-17T08:00:00,16.733668741972547
2020-11-17T09:00:00,19.356341776640516
2020-11-17T10:00:00,22.661384375199024
2020-11-17T11:00:00,28.336038755333938
2020-11-17T12:00:00,38.43701420659603
2020-11-17T13:00:00,54.82814954674762
2020-11-17T14:00:00,69.7722106601881
2020-11-17T15:00:00,83.23786660899286
2020-11-17T16:00:00,95.26597130816914
2020-11-17T17:00:00,98.83297563635784
2020-11-17T18:00:00,113.98756806746772
2020-11-17T19:00:00,127.3721751337466
2020-11-17T20:00:00,137.01773668372113
2020-11-17T21:00:00,143.78174624235731
2020-11-17T22:00:00,148.04003707222316
2020-11-17T23:00:00,150.80754951808763
2020-11-18T00:00:00,154.69712962274966
2020-11-18T01:00:00,131.8741402004076
2020-11-18T02:00:00,53.377362292745836
2020-11-18T03:00:00,32.149425672448196
2020-11-18T04:00:00,27.872574350108266
2020-11-18T05:00:00,26.862677366837207
2020-11-18T06:00:00,24.73129272460937
2020-11-18T07:00:00,22.919924528702442
2020-11-18T08:00:00,21.89790692536727
2020-11-18T09:00:00,20.795054891835086
2020-11-18T10:00:00,21.087477725485098
2020-11-18T11:00:00,24.53477220949919
2020-11-18T12:00:00,29.60619437176248
2020-11-18T13:00:00,40.49983464116635
2020-11-18T14:00:00,56.06969584589419
2020-11-18T15:00:00,75.52831566852072
2020-11-18T16:00:00,93.02052074929941
2020-11-18T17:00:00,108.36715067987856
2020-11-18T18:00:00,126.11748206097145
2020-11-18T19:00:00,131.40009075662363
2020-11-18T20:00:00,141.01323368238363
2020-11-18T21:00:00,151.17727992845616
2020-11-18T22:00:00,156.71776481296703
2020-11-18T23:00:00,155.91249051301375
2020-11-19T00:00:00,150.95534316353172
2020-11-19T01:00:00,134.1954289311948
2020-11-19T02:00:00,52.14303572281547
2020-11-19T03:00:00,31.770697801009465
2020-11-19T04:00:00,26.27274699833082
2020-11-19T05:00:00,22.72468007129171
2020-11-19T06:00:00,20.336023911185883
2020-11-19T07:00:00,18.85633962050728
2020-11-19T08:00:00,17.85555209284243
2020-11-19T09:00:00,17.575362329897672
2020-11-19T10:00:00,17.8312175999517
2020-11-19T11:00:00,18.730432593304176
2020-11-19T12:00:00,19.80149766673212
2020-11-19T13:00:00,26.594696708347485
2020-11-19T14:00:00,34.66302556576936
2020-11-19T15:00:00,42.16864975639012
2020-11-19T16:00:00,47.065830064856485
2020-11-19T17:00:00,48.25612491110097
2020-11-19T18:00:00,56.6929407534392
2020-11-19T19:00:00,60.8642233143682
2020-11-19T20:00:00,64.35023846833602
2020-11-19T21:00:00,67.6874192279318
2020-11-19T22:00:00,68.523647474206
2020-11-19T23:00:00,66.37635139797044
2020-11-20T00:00:00,62.21433921482251
2020-11-20T01:00:00,54.49541655830715
2020-11-20T02:00:00,28.20449646659519
2020-11-20T03:00:00,16.633299495862875
2020-11-20T04:00:00,13.2823835870494
2020-11-20T05:00:00,11.386321482451065
2020-11-20T06:00:00,10.280702715334684
2020-11-20T07:00:00,9.627332272736922
2020-11-20T08:00:00,9.35235006912895
2020-11-20T09:00:00,9.524648002956223
2020-11-20T10:00:00,12.14672681559687
2020-11-20T11:00:00,17.75095997685971
2020-11-20T12:00:00,25.925992799841836
2020-11-20T13:00:00,34.024449058201
2020-11-20T14:00:00,37.901633718739376
2020-11-20T15:00:00,42.66631682022758
2020-11-20T16:00:00,44.18737693454907
2020-11-20T17:00:00,44.898612478505
2020-11-20T18:00:00,47.37071377298106
2020-11-20T19:00:00,50.46065090013587
2020-11-20T20:00:00,54.55035400390625
2020-11-20T21:00:00,56.228690769361414
2020-11-20T22:00:00,55.33499195264733
2020-11-20T23:00:00,53.535062872845195
2020-11-21T00:00:00,52.69874970809272
2020-11-21T01:00:00,52.12927362193231
2020-11-21T02:00:00,41.91573018613069
2020-11-21T03:00:00,32.33336705746858
2020-11-21T04:00:00,28.015943112580672
2020-11-21T05:00:00,25.57073510211447
2020-11-21T06:00:00,24.058525914731227
2020-11-21T07:00:00,24.292839547862172
2020-11-21T08:00:00,25.010545564734414
2020-11-21T09:00:00,26.746969388878863
2020-11-21T10:00:00,30.36583154097847
2020-11-21T11:00:00,36.84151591425356
2020-11-21T12:00:00,45.40201319818911
2020-11-21T13:00:00,52.694842960523516
2020-11-21T14:00:00,59.37789618450662
2020-11-21T15:00:00,64.27905190509297
2020-11-21T16:00:00,68.68063951575238
2020-11-21T17:00:00,74.29322881283966
2020-11-21T18:00:00,77.00042956808338
2020-11-21T19:00:00,71.10076174528702
2020-11-21T20:00:00,77.0283030634341
2020-11-21T21:00:00,83.97912564484969
2020-11-21T22:00:00,90.3129007090693
2020-11-21T23:00:00,96.68690125838569
2020-11-22T00:00:00,102.74155426025389
2020-11-22T01:00:00,106.66014928403106
2020-11-22T02:00:00,93.12446561067
2020-11-22T03:00:00,50.10439084923786
2020-11-22T04:00:00,36.74999319988748
2020-11-22T05:00:00,31.907083760137144
2020-11-22T06:00:00,32.614979039067805
2020-11-22T07:00:00,32.050655613774836
2020-11-22T08:00:00,31.355447022811223
2020-11-22T09:00:00,32.601267939028524
2020-11-22T10:00:00,36.250026371168055
2020-11-22T11:00:00,45.277173581330665
2020-11-22T12:00:00,55.04972142758576
2020-11-22T13:00:00,61.51414738530697
2020-11-22T14:00:00,68.02095297108525
2020-11-22T15:00:00,79.74941983430281
2020-11-22T16:00:00,87.89132690429686
2020-11-22T17:00:00,93.21449943210767
2020-11-22T18:00:00,93.97985773501189
2020-11-22T19:00:00,92.15077242643937
2020-11-22T20:00:00,90.75698089599608
2020-11-22T21:00:00,90.50465393066405
2020-11-22T22:00:00,91.60532843548317
2020-11-22T23:00:00,92.11411517599353
2020-11-23T00:00:00,92.93853892450745
2020-11-23T01:00:00,94.20830967115317
2020-11-23T02:00:00,83.65253514828888
2020-11-23T03:00:00,49.225073109502375
2020-11-23T04:00:00,40.5590299523395
2020-11-23T05:00:00,36.812758238419235
2020-11-23T06:00:00,33.6884067369544
2020-11-23T07:00:00,33.11939106816831
2020-11-23T08:00:00,33.82790159142535
2020-11-23T09:00:00,36.41619458405867
2020-11-23T10:00:00,40.24798716669497
2020-11-23T11:00:00,50.52279464058253
2020-11-23T12:00:00,70.23651355245839
2020-11-23T13:00:00,89.19964500095531
2020-11-23T14:00:00,107.85498013703717
2020-11-23T15:00:00,128.01487267535663
2020-11-23T16:00:00,145.21780594535494
2020-11-23T17:00:00,143.11258929708728
2020-11-23T18:00:00,139.88278728982675
2020-11-23T19:00:00,148.57763074791947
2020-11-23T20:00:00,156.46971329398775
2020-11-23T21:00:00,158.97181900687838
2020-11-23T22:00:00,160.2107358186141
2020-11-23T23:00:00,162.08952265200406
2020-11-24T00:00:00,160.19711967136547
2020-11-24T01:00:00,141.80533035941744
2020-11-24T02:00:00,70.0555771537449
2020-11-24T03:00:00,46.7761529010275
2020-11-24T04:00:00,37.24276468028192
2020-11-24T05:00:00,37.459159021792196
2020-11-24T06:00:00,38.035526939060375
2020-11-24T07:00:00,40.71674015211022
2020-11-24T08:00:00,48.2511455701745
2020-11-24T09:00:00,59.972858097242266
2020-11-24T10:00:00,74.92288539720617
2020-11-24T11:00:00,98.91439122739044
2020-11-24T12:00:00,121.76481396219005
2020-11-24T13:00:00,134.29637145996094
2020-11-24T14:00:00,136.32493126910666
2020-11-24T15:00:00,136.56064373513925
2020-11-24T16:00:00,133.10169584854788
2020-11-24T17:00:00,124.61994735054347
2020-11-24T18:00:00,128.85541567595106
2020-11-24T19:00:00,136.9200041397758
2020-11-24T20:00:00,145.4543065610139
2020-11-24T21:00:00,148.44227732782775
2020-11-24T22:00:00,144.8216897715693
2020-11-24T23:00:00,136.6918772821841
2020-11-25T00:00:00,129.889684262483
2020-11-25T01:00:00,127.84970026430874
2020-11-25T02:00:00,127.69960486370583
2020-11-25T03:00:00,120.79243800951086
2020-11-25T04:00:00,111.33233808434527
2020-11-25T05:00:00,90.15079299263331
2020-11-25T06:00:00,78.43739451532778
2020-11-25T07:00:00,76.85482754914656
2020-11-25T08:00:00,73.82152457859205
2020-11-25T09:00:00,77.65827510667883
2020-11-25T10:00:00,87.02264968208644
2020-11-25T11:00:00,99.29452614162278
2020-11-25T12:00:00,109.51739037555195
2020-11-25T13:00:00,119.2188435430112
2020-11-25T14:00:00,125.55625451129416
2020-11-25T15:00:00,129.86071578316066
2020-11-25T16:00:00,144.25235250721806
2020-11-25T17:00:00,171.25348165760866
2020-11-25T18:00:00,205.67628080948538
2020-11-25T19:00:00,240.58775263247279
2020-11-25T20:00:00,267.2278123938519
2020-11-25T21:00:00,273.59624182659644
2020-11-25T22:00:00,261.8344567340353
2020-11-25T23:00:00,245.5948075004246
2020-11-26T00:00:00,229.33341250212297
2020-11-26T01:00:00,186.5827172320822
2020-11-26T02:00:00,107.81058900252633
2020-11-26T03:00:00,59.09117673790973
2020-11-26T04:00:00,38.0092484847359
2020-11-26T05:00:00,30.632388985675313
2020-11-26T06:00:00,25.38166527126146
2020-11-26T07:00:00,23.015882409137227
2020-11-26T08:00:00,22.237262062404465
2020-11-26T09:00:00,22.423586472221043
2020-11-26T10:00:00,25.028358625329055
2020-11-26T11:00:00,27.551858901977536
2020-11-26T12:00:00,32.44868004840353
2020-11-26T13:00:00,37.154690618100375
2020-11-26T14:00:00,38.4474402717922
2020-11-26T15:00:00,42.5219962078592
2020-11-26T16:00:00,48.94962858117144
2020-11-26T17:00:00,51.257758264956266
2020-11-26T18:00:00,60.32070259425951
2020-11-26T19:00:00,72.39702705715013
2020-11-26T20:00:00,82.63314388109289
2020-11-26T21:00:00,91.17350171959919
2020-11-26T22:00:00,98.5688599296238
2020-11-26T23:00:00,104.08257028330927
2020-11-27T00:00:00,106.18900763470192
2020-11-27T01:00:00,97.09210470448369
2020-11-27T02:00:00,36.42349044136379
2020-11-27T03:00:00,23.936921658723247
2020-11-27T04:00:00,20.82580052251401
2020-11-27T05:00:00,18.62908529198688
2020-11-27T06:00:00,17.57494727424953
2020-11-27T07:00:00,18.46407533728558
2020-11-27T08:00:00,20.544477462768555
2020-11-27T09:00:00,22.288387796153188
2020-11-27T10:00:00,23.64174469657566
2020-11-27T11:00:00,26.92575404954993
2020-11-27T12:00:00,31.365013288414993
2020-11-27T13:00:00,38.49409319006878
2020-11-27T14:00:00,47.20625570546025
2020-11-27T15:00:00,56.126000445822
2020-11-27T16:00:00,70.67617996879245
2020-11-27T17:00:00,83.5246469248896
2020-11-27T18:00:00,89.79865198550017
2020-11-27T19:00:00,99.72644839079481
2020-11-27T20:00:00,107.48410332721211
2020-11-27T21:00:00,116.18983658500338
2020-11-27T22:00:00,125.54326596467389
2020-11-27T23:00:00,133.03588734502375
2020-11-28T00:00:00,142.09485858419666
2020-11-28T01:00:00,147.9090231190557
2020-11-28T02:00:00,112.84662097433338
2020-11-28T03:00:00,61.37206799051035
2020-11-28T04:00:00,39.90520427538
2020-11-28T05:00:00,28.805736458819844
2020-11-28T06:00:00,24.903439894966453
2020-11-28T07:00:00,22.33913230895996
2020-11-28T08:00:00,20.28144023729407
2020-11-28T09:00:00,18.657832228619117
2020-11-28T10:00:00,17.312265686366867
2020-11-28T11:00:00,16.43343150097391
2020-11-28T12:00:00,18.843598573104195
2020-11-28T13:00:00,20.504339135211445
2020-11-28T14:00:00,20.40077557771102
2020-11-28T15:00:00,23.150864559671152
2020-11-28T16:00:00,24.558706532353938
2020-11-28T17:00:00,23.221294071363367
2020-11-28T18:00:00,25.04132503011952
2020-11-28T19:00:00,27.30734319272248
2020-11-28T20:00:00,28.050192542698067
2020-11-28T21:00:00,27.507769543191657
2020-11-28T22:00:00,28.67324223725692
2020-11-28T23:00:00,31.37180527396824
2020-11-29T00:00:00,34.012721186098844
2020-11-29T01:00:00,35.21595059270444
2020-11-29T02:00:00,21.54223483541737
2020-11-29T03:00:00,12.422411172286322
2020-11-29T04:00:00,9.504310649374256
2020-11-29T05:00:00,8.23671473627505
2020-11-29T06:00:00,7.59427966242251
2020-11-29T07:00:00,7.230015588843303
2020-11-29T08:00:00,7.110545344974683
2020-11-29T09:00:00,7.3394403250321085
2020-11-29T10:00:00,8.254644995150358
2020-11-29T11:00:00,10.108454745748768
2020-11-29T12:00:00,13.97480069036069
2020-11-29T13:00:00,17.770083385965098
2020-11-29T14:00:00,21.22443041594132
2020-11-29T15:00:00,22.708284378051758
2020-11-29T16:00:00,24.5218854987103
2020-11-29T17:00:00,26.153975611147672
2020-11-29T18:00:00,27.241190454234246
2020-11-29T19:00:00,28.557832966680106
2020-11-29T20:00:00,30.134476454361618
2020-11-29T21:00:00,30.935034295786977
2020-11-29T22:00:00,30.671772666599434
2020-11-29T23:00:00,30.695715282274328
2020-11-30T00:00:00,31.61939280966054
2020-11-30T01:00:00,32.53550952413807
2020-11-30T02:00:00,23.447408593219258
2020-11-30T03:00:00,16.238310565119203
2020-11-30T04:00:00,12.681135094684102
2020-11-30T05:00:00,10.714853991632875
2020-11-30T06:00:00,9.933636872664742
2020-11-30T07:00:00,9.901559373606805
2020-11-30T08:00:00,10.185633327649985
2020-11-30T09:00:00,10.973194619883662
2020-11-30T10:00:00,12.132582001064135
2020-11-30T11:00:00,15.488960597826086
2020-11-30T12:00:00,21.652461010476816
2020-11-30T13:00:00,27.46757540495499
2020-11-30T14:00:00,30.381434565005094
2020-11-30T15:00:00,35.011281884234876
2020-11-30T16:00:00,37.14467305722444
2020-11-30T17:00:00,40.79460641612177
2020-11-30T18:00:00,45.043623385222055
2020-11-30T19:00:00,46.837109275486156
2020-11-30T20:00:00,46.418065112570055
2020-11-30T21:00:00,50.881920026696235
2020-11-30T22:00:00,56.258243726647414
2020-11-30T23:00:00,59.41213193147079
2020-12-01T00:00:00,61.93843858138375
2020-12-01T01:00:00,66.92998371953549
2020-12-01T02:00:00,60.89259753019913
2020-12-01T03:00:00,33.49935398931088
2020-12-01T04:00:00,25.237368708071497
2020-12-01T05:00:00,25.78264319378396
2020-12-01T06:00:00,25.038113884303876
2020-12-01T07:00:00,21.184823160586145
2020-12-01T08:00:00,19.198919379192848
2020-12-01T09:00:00,20.890807110330332
2020-12-01T10:00:00,25.47823366911515
2020-12-01T11:00:00,38.882299008576766
2020-12-01T12:00:00,41.24889489878778
2020-12-01T13:00:00,38.99649396150008
2020-12-01T14:00:00,45.791481681492016
2020-12-01T15:00:00,58.60132681805154
2020-12-01T16:00:00,74.9205156409222
2020-12-01T17:00:00,87.91763438349184
2020-12-01T18:00:00,98.97025796641474
2020-12-01T19:00:00,109.31993799624233
2020-12-01T20:00:00,118.31100629723588
2020-12-01T21:00:00,127.80653447690216
2020-12-01T22:00:00,136.99198648203975
2020-12-01T23:00:00,145.62102740743885
2020-12-02T00:00:00,152.63024703316063
2020-12-02T01:00:00,154.94941313370413
2020-12-02T02:00:00,102.04631606392238
2020-12-02T03:00:00,33.514629861582875
2020-12-02T04:00:00,20.669225278108012
2020-12-02T05:00:00,18.994322486545727
2020-12-02T06:00:00,22.059474032858144
2020-12-02T07:00:00,37.65878768589185
2020-12-02T08:00:00,49.30559871507727
2020-12-02T09:00:00,48.80898135641347
2020-12-02T10:00:00,56.556081025496766
2020-12-02T11:00:00,72.31576305886972
2020-12-02T12:00:00,84.82188714068867
2020-12-02T13:00:00,95.91608163584831
2020-12-02T14:00:00,101.73512400751528
2020-12-02T15:00:00,93.2528729646102
2020-12-02T16:00:00,88.99340986168902
2020-12-02T17:00:00,94.7159486853558
2020-12-02T18:00:00,96.51961749532947
2020-12-02T19:00:00,95.03446695078974
2020-12-02T20:00:00,89.09481612495753
2020-12-02T21:00:00,81.54172416355298
2020-12-02T22:00:00,79.03875301195227
2020-12-02T23:00:00,81.63186114767322
2020-12-03T00:00:00,86.43767912491508
2020-12-03T01:00:00,91.32832966680111
2020-12-03T02:00:00,95.40971374511719
2020-12-03T03:00:00,94.83043504797892
2020-12-03T04:00:00,97.66164696734884
2020-12-03T05:00:00,101.64930758268936
2020-12-03T06:00:00,93.95446677829908
2020-12-03T07:00:00,72.40532750668733
2020-12-03T08:00:00,63.58160217948581
2020-12-03T09:00:00,62.571305648140275
2020-12-03T10:00:00,71.21200959578803
2020-12-03T11:00:00,77.42235863727072
2020-12-03T12:00:00,78.28379058837889
2020-12-03T13:00:00,82.53967550526492
2020-12-03T14:00:00,98.2919288303541
2020-12-03T15:00:00,117.40445377515708
2020-12-03T16:00:00,134.04407103165335
2020-12-03T17:00:00,144.6917326554008
2020-12-03T18:00:00,148.2433796758237
2020-12-03T19:00:00,145.43849779211953
2020-12-03T20:00:00,140.8396646250849
2020-12-03T21:00:00,135.75202477496603
2020-12-03T22:00:00,132.21906181003737
2020-12-03T23:00:00,132.5012618355129
2020-12-04T00:00:00,129.53332983929175
2020-12-04T01:00:00,121.76136182702105
2020-12-04T02:00:00,72.97033094323199
2020-12-04T03:00:00,32.60118152784264
2020-12-04T04:00:00,30.18345932338548
2020-12-04T05:00:00,30.25322126305621
2020-12-04T06:00:00,28.7218600563381
2020-12-04T07:00:00,27.03069098099418
2020-12-04T08:00:00,26.376266977061395
2020-12-04T09:00:00,25.459265004033625
2020-12-04T10:00:00,26.448655501655907
2020-12-04T11:00:00,32.610680372818656
2020-12-04T12:00:00,42.28761623216712
2020-12-04T13:00:00,51.3564283951469
2020-12-04T14:00:00,58.29481970745584
2020-12-04T15:00:00,60.94182536913
2020-12-04T16:00:00,56.726746103037954
2020-12-04T17:00:00,52.059498662533954
2020-12-04T18:00:00,47.188975956128985
2020-12-04T19:00:00,41.896690368652344
2020-12-04T20:00:00,40.8896139393682
2020-12-04T21:00:00,42.817999134893
2020-12-04T22:00:00,45.7650030384893
2020-12-04T23:00:00,47.94550804469896
2020-12-05T00:00:00,47.14389038085937
2020-12-05T01:00:00,43.54015648883322
2020-12-05T02:00:00,34.40987678196119
2020-12-05T03:00:00,26.24020078907842
2020-12-05T04:00:00,19.23131113467009
2020-12-05T05:00:00,15.57787580075471
2020-12-05T06:00:00,13.42676896634309
2020-12-05T07:00:00,12.613658987957496
2020-12-05T08:00:00,12.83287952257239
2020-12-05T09:00:00,14.153965991476307
2020-12-05T10:00:00,17.274849850198496
2020-12-05T11:00:00,23.687650431757383
2020-12-05T12:00:00,29.45909624514372
2020-12-05T13:00:00,33.471200030782946
2020-12-05T14:00:00,41.164632548456595
2020-12-05T15:00:00,51.05290537295134
2020-12-05T16:00:00,54.0414579640264
2020-12-05T17:00:00,66.0490497091542
2020-12-05T18:00:00,81.61074994957966
2020-12-05T19:00:00,93.09900300399116
2020-12-05T20:00:00,99.95495704982591
2020-12-05T21:00:00,103.34563313359799
2020-12-05T22:00:00,103.103969739831
2020-12-05T23:00:00,100.64361041525135
2020-12-06T00:00:00,97.56019658627717
2020-12-06T01:00:00,92.58169920548147
2020-12-06T02:00:00,56.749891364056126
2020-12-06T03:00:00,23.977612453958262
2020-12-06T04:00:00,20.54494459732719
2020-12-06T05:00:00,20.28025967141856
2020-12-06T06:00:00,20.444295634394106
2020-12-06T07:00:00,20.913669337397035
2020-12-06T08:00:00,21.92498107578443
2020-12-06T09:00:00,23.071911604508106
2020-12-06T10:00:00,25.21979572461999
2020-12-06T11:00:00,28.68166517174762
2020-12-06T12:00:00,33.05365064869756
2020-12-06T13:00:00,38.86491858440896
2020-12-06T14:00:00,47.269631758980125
2020-12-06T15:00:00,62.188486016314954
2020-12-06T16:00:00,82.87076004691745
2020-12-06T17:00:00,105.4528695811396
2020-12-06T18:00:00,126.92656508735988
2020-12-06T19:00:00,145.07984924316406
2020-12-06T20:00:00,161.52506421959916
2020-12-06T21:00:00,176.15949680494222
2020-12-06T22:00:00,189.94544186799422
2020-12-06T23:00:00,203.91020866062328
2020-12-07T00:00:00,212.3383384372877
2020-12-07T01:00:00,212.2790414561396
2020-12-07T02:00:00,146.50721740722656
2020-12-07T03:00:00,89.77860359523606
2020-12-07T04:00:00,58.26341562685759
2020-12-07T05:00:00,44.434518565302305
2020-12-07T06:00:00,37.07946130503778
2020-12-07T07:00:00,32.75935579382854
2020-12-07T08:00:00,30.579766480819035
2020-12-07T09:00:00,29.705337275629454
2020-12-07T10:00:00,29.226097272789993
2020-12-07T11:00:00,28.518061596414316
2020-12-07T12:00:00,26.65224863135296
2020-12-07T13:00:00,30.573449259218958
2020-12-07T14:00:00,36.21773960279381
2020-12-07T15:00:00,42.32860697870668
2020-12-07T16:00:00,47.7062873840332
2020-12-07T17:00:00,52.01363472316576
2020-12-07T18:00:00,56.23900770104449
2020-12-07T19:00:00,57.05188402922256
2020-12-07T20:00:00,48.462290224821665
2020-12-07T21:00:00,48.509847723919414
2020-12-07T22:00:00,47.07971025549847
2020-12-07T23:00:00,44.14816516378651
2020-12-08T00:00:00,41.67346987516983
2020-12-08T01:00:00,41.82169806438943
2020-12-08T02:00:00,31.913456792416778
2020-12-08T03:00:00,20.579348025114633
2020-12-08T04:00:00,16.51679283639659
2020-12-08T05:00:00,14.687594869862428
2020-12-08T06:00:00,13.607022409853727
2020-12-08T07:00:00,12.852144904758617
2020-12-08T08:00:00,12.38924333323603
2020-12-08T09:00:00,12.307082051816193
2020-12-08T10:00:00,12.442844556725543
2020-12-08T11:00:00,12.939573122107463
2020-12-08T12:00:00,14.778561923814856
2020-12-08T13:00:00,20.772168864374574
2020-12-08T14:00:00,27.578736346700918
2020-12-08T15:00:00,28.628462667050567
2020-12-08T16:00:00,32.37134610051694
2020-12-08T17:00:00,36.42106222069781
2020-12-08T18:00:00,37.92217254638672
2020-12-08T19:00:00,37.71686247120732
2020-12-08T20:00:00,36.70668784431789
2020-12-08T21:00:00,34.46067196389903
2020-12-08T22:00:00,35.15035977570906
2020-12-08T23:00:00,36.67092124275539
2020-12-09T00:00:00,37.75969762387483
2020-12-09T01:00:00,37.50454197759213
2020-12-09T02:00:00,27.391206077907395
2020-12-09T03:00:00,20.488080563752547
2020-12-09T04:00:00,17.32889183707859
2020-12-09T05:00:00,15.650017365165375
2020-12-09T06:00:00,14.545840760935906
2020-12-09T07:00:00,13.578646991563877
2020-12-09T08:00:00,12.659954485685926
2020-12-09T09:00:00,12.204900741577148
2020-12-09T10:00:00,12.303715291230574
2020-12-09T11:00:00,14.86640017965565
2020-12-09T12:00:00,22.24126857259999
2020-12-09T13:00:00,33.46648257711659
2020-12-09T14:00:00,47.18951830656631
2020-12-09T15:00:00,43.26416314166525
2020-12-09T16:00:00,38.41548886506453
2020-12-09T17:00:00,36.222983816395626
2020-12-09T18:00:00,35.255175383194626
2020-12-09T19:00:00,41.30472033956776
2020-12-09T20:00:00,47.066446884818696
2020-12-09T21:00:00,53.34512760328209
2020-12-09T22:00:00,58.745842975118876
2020-12-09T23:00:00,62.58018128768257
2020-12-10T00:00:00,65.77864456176758
2020-12-10T01:00:00,65.47331038765284
2020-12-10T02:00:00,39.59454013990319
2020-12-10T03:00:00,25.82621906114661
2020-12-10T04:00:00,21.036403656005856
2020-12-10T05:00:00,19.124469010726262
2020-12-10T06:00:00,18.312774575274922
2020-12-10T07:00:00,18.026976792708687
2020-12-10T08:00:00,18.09646233268406
2020-12-10T09:00:00,18.470246024753735
2020-12-10T10:00:00,19.42442993495775
2020-12-10T11:00:00,21.946731235670008
2020-12-10T12:00:00,29.412846192069672
2020-12-10T13:00:00,37.60575103759765
2020-12-10T14:00:00,43.644430409307056
2020-12-10T15:00:00,49.64738945339037
2020-12-10T16:00:00,51.942513175632634
2020-12-10T17:00:00,51.097339630126946
2020-12-10T18:00:00,55.27689726456351
2020-12-10T19:00:00,51.72088108892025
2020-12-10T20:00:00,51.24766590284264
2020-12-10T21:00:00,56.994113092837125
2020-12-10T22:00:00,62.928254832392156
2020-12-10T23:00:00,67.5905124830163
2020-12-11T00:00:00,68.91046275263247
2020-12-11T01:00:00,65.11699975055195
2020-12-11T02:00:00,39.10417191878609
2020-12-11T03:00:00,27.806553965029508
2020-12-11T04:00:00,23.656148164168645
2020-12-11T05:00:00,21.63626488395359
2020-12-11T06:00:00,20.76068057184634
2020-12-11T07:00:00,20.11761059968368
2020-12-11T08:00:00,20.0726318359375
2020-12-11T09:00:00,20.626874094424036
2020-12-11T10:00:00,22.089948322461996
2020-12-11T11:00:00,26.050073209016215
2020-12-11T12:00:00,34.87305367511251
2020-12-11T13:00:00,45.13232355532438
2020-12-11T14:00:00,54.25036919635274
2020-12-11T15:00:00,62.778208193571665
2020-12-11T16:00:00,73.05625318444292
2020-12-11T17:00:00,83.16504801874575
2020-12-11T18:00:00,86.7467910103176
2020-12-11T19:00:00,89.35065460205077
2020-12-11T20:00:00,90.55793928063434
2020-12-11T21:00:00,91.872256403384
2020-12-11T22:00:00,93.37323296588399
2020-12-11T23:00:00,94.80036826755688
2020-12-12T00:00:00,96.15559254521908
2020-12-12T01:00:00,91.78955973749575
2020-12-12T02:00:00,54.15794604757557
2020-12-12T03:00:00,37.60403674581776
2020-12-12T04:00:00,31.447747354922086
2020-12-12T05:00:00,27.19258125968601
2020-12-12T06:00:00,24.371202966441274
2020-12-12T07:00:00,23.358564542687457
2020-12-12T08:00:00,23.696056946464203
2020-12-12T09:00:00,24.15514158165973
2020-12-12T10:00:00,26.3382685288139
2020-12-12T11:00:00,32.237886511761204
2020-12-12T12:00:00,42.33124923706055
2020-12-12T13:00:00,51.965266020401664
2020-12-12T14:00:00,61.75185858685037
2020-12-12T15:00:00,70.31933427893595
2020-12-12T16:00:00,76.79955855659816
2020-12-12T17:00:00,82.3882190870202
2020-12-12T18:00:00,86.300514884617
2020-12-12T19:00:00,86.91273531706436
2020-12-12T20:00:00,85.43378780199133
2020-12-12T21:00:00,83.88417285421619
2020-12-12T22:00:00,83.47977646537448
2020-12-12T23:00:00,83.36593395730722
2020-12-13T00:00:00,83.52945078974183
2020-12-13T01:00:00,79.76030333145805
2020-12-13T02:00:00,45.20240783691406
2020-12-13T03:00:00,29.690261592035707
2020-12-13T04:00:00,24.236896514892575
2020-12-13T05:00:00,21.59761511761209
2020-12-13T06:00:00,20.46100027664848
2020-12-13T07:00:00,20.026229609613832
2020-12-13T08:00:00,20.055952901425567
2020-12-13T09:00:00,20.532431478085726
2020-12-13T10:00:00,21.905230231907055
2020-12-13T11:00:00,25.700767102448836
2020-12-13T12:00:00,34.45036962757939
2020-12-13T13:00:00,44.62290539948836
2020-12-13T14:00:00,52.51637649536132
2020-12-13T15:00:00,60.02893215677012
2020-12-13T16:00:00,66.64568328857422
2020-12-13T17:00:00,71.89572143554686
2020-12-13T18:00:00,75.5050274392833
2020-12-13T19:00:00,74.30958125902258
2020-12-13T20:00:00,73.79826155952784
2020-12-13T21:00:00,73.99382981010105
2020-12-13T22:00:00,74.03221661111583
2020-12-13T23:00:00,73.58724345331606
2020-12-14T00:00:00,74.24504288383152
2020-12-14T01:00:00,74.46239604120669
2020-12-14T02:00:00,46.66901314776876
2020-12-14T03:00:00,28.2778613878333
2020-12-14T04:00:00,23.852637332418684
2020-12-14T05:00:00,21.7669212507165
2020-12-14T06:00:00,20.684269117272418
2020-12-14T07:00:00,19.84257789280103
2020-12-14T08:00:00,19.246115643045172
2020-12-14T09:00:00,19.151196438333262
2020-12-14T10:00:00,19.995694782422934
2020-12-14T11:00:00,22.663697532985516
2020-12-14T12:00:00,31.3658509461776
2020-12-14T13:00:00,41.410441688869305
2020-12-14T14:00:00,48.730751866879665
2020-12-14T15:00:00,55.23946231344471
2020-12-14T16:00:00,61.36578949638034
2020-12-14T17:00:00,67.81276072626528
2020-12-14T18:00:00,75.56133402948792
2020-12-14T19:00:00,81.92454130753227
2020-12-14T20:00:00,87.15341252865997
2020-12-14T21:00:00,92.00626904031503
2020-12-14T22:00:00,96.1813798987347
2020-12-14T23:00:00,99.81670014754584
2020-12-15T00:00:00,104.37252044677733
2020-12-15T01:00:00,105.11188473908797
2020-12-15T02:00:00,74.87971496582031
2020-12-15T03:00:00,50.98846651160198
2020-12-15T04:00:00,35.514775649360985
2020-12-15T05:00:00,29.45602300892705
2020-12-15T06:00:00,27.612056815105934
2020-12-15T07:00:00,30.069893961367395
2020-12-15T08:00:00,37.29927378115446
2020-12-15T09:00:00,40.424360192340345
2020-12-15T10:00:00,46.583988189697266
2020-12-15T11:00:00,55.048148445461095
2020-12-15T12:00:00,60.43746284816575
2020-12-15T13:00:00,65.47812453560206
2020-12-15T14:00:00,72.60079624341881
2020-12-15T15:00:00,73.11239325481911
2020-12-15T16:00:00,85.16070357612941
2020-12-15T17:00:00,101.10045292066489
2020-12-15T18:00:00,116.2323067706564
2020-12-15T19:00:00,128.34749603271482
2020-12-15T20:00:00,140.99760337497875
2020-12-15T21:00:00,149.86104285198707
2020-12-15T22:00:00,150.26950603982675
2020-12-15T23:00:00,146.40472378938094
2020-12-16T00:00:00,139.29873159657353
2020-12-16T01:00:00,121.76543625541353
2020-12-16T02:00:00,45.53046102109162
2020-12-16T03:00:00,28.271129027656887
2020-12-16T04:00:00,24.09665024798849
2020-12-16T05:00:00,21.409989896027938
2020-12-16T06:00:00,19.674811653468918
2020-12-16T07:00:00,18.68628468720809
2020-12-16T08:00:00,18.352946322897203
2020-12-16T09:00:00,18.610151332357653
2020-12-16T10:00:00,19.44532469044561
2020-12-16T11:00:00,19.5550248519234
2020-12-16T12:00:00,22.19274139404297
2020-12-16T13:00:00,27.212540170420766
2020-12-16T14:00:00,34.81043732684591
2020-12-16T15:00:00,47.2334452090056
2020-12-16T16:00:00,58.95374679565429
2020-12-16T17:00:00,70.10083472210427
2020-12-16T18:00:00,85.05350096329397
2020-12-16T19:00:00,95.60012253471042
2020-12-16T20:00:00,98.19192637567933
2020-12-16T21:00:00,98.06303273076595
2020-12-16T22:00:00,98.27761376422383
2020-12-16T23:00:00,97.4915310403575
2020-12-17T00:00:00,95.11254584270974
2020-12-17T01:00:00,86.30388475501017
2020-12-17T02:00:00,45.83822532322095
2020-12-17T03:00:00,25.580822073894996
2020-12-17T04:00:00,19.728717638098672
2020-12-17T05:00:00,17.727737634078313
2020-12-17T06:00:00,16.163722950479258
2020-12-17T07:00:00,15.155756038168201
2020-12-17T08:00:00,14.95459813657014
2020-12-17T09:00:00,15.658124674921448
2020-12-17T10:00:00,16.82148746822191
2020-12-17T11:00:00,18.085770565530527
2020-12-17T12:00:00,26.36065433336341
2020-12-17T13:00:00,39.92477748704993
2020-12-17T14:00:00,53.903960186502204
2020-12-17T15:00:00,59.590374656345524
2020-12-17T16:00:00,63.197369782820985
2020-12-17T17:00:00,66.87629799220872
2020-12-17T18:00:00,68.12272478186564
2020-12-17T19:00:00,65.43270575481911
2020-12-17T20:00:00,60.38638040293817
2020-12-17T21:00:00,55.88677538996157
2020-12-17T22:00:00,49.004562709642485
2020-12-17T23:00:00,42.49940407794454
2020-12-18T00:00:00,37.70327916352645
2020-12-18T01:00:00,33.077260971069336
2020-12-18T02:00:00,21.597821111264434
2020-12-18T03:00:00,14.362606794937797
2020-12-18T04:00:00,11.36752754708995
2020-12-18T05:00:00,9.818694073220955
2020-12-18T06:00:00,8.708888738051703
2020-12-18T07:00:00,8.069698458132535
2020-12-18T08:00:00,8.641568805860437
2020-12-18T09:00:00,10.396166220955227
2020-12-18T10:00:00,11.94301717177681
2020-12-18T11:00:00,15.248695000358246
2020-12-18T12:00:00,19.164044919221297
2020-12-18T13:00:00,22.073340706203293
2020-12-18T14:00:00,28.167183834573493
2020-12-18T15:00:00,30.740769013114594
2020-12-18T16:00:00,30.573400663292922
2020-12-18T17:00:00,30.84052044412364
2020-12-18T18:00:00,33.078496103701376
2020-12-18T19:00:00,35.302727823672086
2020-12-18T20:00:00,39.034422501273774
2020-12-18T21:00:00,42.83911497696585
2020-12-18T22:00:00,38.539352582848586
2020-12-18T23:00:00,36.112141899440594
2020-12-19T00:00:00,32.92449038961659
2020-12-19T01:00:00,29.506423618482504
2020-12-19T02:00:00,20.248322611269742
2020-12-19T03:00:00,12.292072627855383
2020-12-19T04:00:00,9.711960460828697
2020-12-19T05:00:00,8.49548169840937
2020-12-19T06:00:00,8.17167107955269
2020-12-19T07:00:00,8.607515418011209
2020-12-19T08:00:00,10.2486455336861
2020-12-19T09:00:00,12.467287353847336
2020-12-19T10:00:00,16.784827522609543
2020-12-19T11:00:00,24.480273702870242
2020-12-19T12:00:00,32.93833044300908
2020-12-19T13:00:00,41.2580626114555
2020-12-19T14:00:00,50.326997010604195
2020-12-19T15:00:00,52.055118063221805
2020-12-19T16:00:00,44.60555831245754
2020-12-19T17:00:00,38.196980517843485
2020-12-19T18:00:00,35.75066956229831
2020-12-19T19:00:00,32.99570937778638
2020-12-19T20:00:00,31.352790169093915
2020-12-19T21:00:00,33.70262709907863
2020-12-19T22:00:00,38.59808432537576
2020-12-19T23:00:00,41.155411430027165
2020-12-20T00:00:00,40.54652238928753
2020-12-20T01:00:00,41.49152987936269
2020-12-20T02:00:00,44.12489949101986
2020-12-20T03:00:00,41.40955037656037
2020-12-20T04:00:00,30.167632641999614
2020-12-20T05:00:00,22.393017312754754
2020-12-20T06:00:00,18.650335477746047
2020-12-20T07:00:00,16.586352804432742
2020-12-20T08:00:00,17.586965726769485
2020-12-20T09:00:00,21.37495662855065
2020-12-20T10:00:00,26.256794722183887
2020-12-20T11:00:00,32.599798617155656
2020-12-20T12:00:00,37.46348190307617
2020-12-20T13:00:00,39.3364435278851
2020-12-20T14:00:00,39.20974349975586
2020-12-20T15:00:00,37.732271111529805
2020-12-20T16:00:00,37.464130567467734
2020-12-20T17:00:00,38.968222410782516
2020-12-20T18:00:00,40.40336343516474
2020-12-20T19:00:00,41.4764988111413
2020-12-20T20:00:00,43.088112540867016
2020-12-20T21:00:00,46.39325382398522
2020-12-20T22:00:00,49.89530994581139
2020-12-20T23:00:00,52.22408924932065
2020-12-21T00:00:00,53.57404327392578
2020-12-21T01:00:00,55.520034790039055
2020-12-21T02:00:00,57.58548852671747
2020-12-21T03:00:00,54.99155840666397
2020-12-21T04:00:00,47.802710491677985
2020-12-21T05:00:00,42.42052476302437
2020-12-21T06:00:00,33.49266085417374
2020-12-21T07:00:00,29.12702585303265
2020-12-21T08:00:00,30.016111539757766
2020-12-21T09:00:00,35.22434831702191
2020-12-21T10:00:00,45.99071005116338
2020-12-21T11:00:00,52.317402383555525
2020-12-21T12:00:00,58.21406654689622
2020-12-21T13:00:00,63.99872273984162
2020-12-21T14:00:00,70.83443119214928
2020-12-21T15:00:00,80.35121619183083
2020-12-21T16:00:00,90.35359921662705
2020-12-21T17:00:00,96.608004030974
2020-12-21T18:00:00,97.38465649148691
2020-12-21T19:00:00,97.27185622505519
2020-12-21T20:00:00,100.98033374288808
2020-12-21T21:00:00,102.84209641166353
2020-12-21T22:00:00,98.99125903585681
2020-12-21T23:00:00,93.26326751708983
2020-12-22T00:00:00,90.25608527142069
2020-12-22T01:00:00,89.75984623121177
2020-12-22T02:00:00,80.74990479842477
2020-12-22T03:00:00,57.46860205608864
2020-12-22T04:00:00,39.500620800515875
2020-12-22T05:00:00,26.144915953926414
2020-12-22T06:00:00,20.582463140073028
2020-12-22T07:00:00,19.607089415840477
2020-12-22T08:00:00,20.40457518204399
2020-12-22T09:00:00,21.649312143740445
2020-12-22T10:00:00,27.266816097757086
2020-12-22T11:00:00,39.41794851551885
2020-12-22T12:00:00,51.207039874532946
2020-12-22T13:00:00,58.21542341812796
2020-12-22T14:00:00,62.47359964121943
2020-12-22T15:00:00,67.24715324070142
2020-12-22T16:00:00,69.58488298499066
2020-12-22T17:00:00,73.22836933965267
2020-12-22T18:00:00,80.00986414370328
2020-12-22T19:00:00,82.69681117845617
2020-12-22T20:00:00,81.47512452498725
2020-12-22T21:00:00,77.72753541365913
2020-12-22T22:00:00,72.81886357846467
2020-12-22T23:00:00,61.67646291981572
2020-12-23T00:00:00,48.87066418191661
2020-12-23T01:00:00,42.758699334186055
2020-12-23T02:00:00,35.852903946586274
2020-12-23T03:00:00,28.589944341908325
2020-12-23T04:00:00,22.00082057455311
2020-12-23T05:00:00,16.886129918305766
2020-12-23T06:00:00,13.894163297570268
2020-12-23T07:00:00,12.916685104370115
2020-12-23T08:00:00,12.799359819163445
2020-12-23T09:00:00,14.019583619159201
2020-12-23T10:00:00,17.094424455062203
2020-12-23T11:00:00,21.334169719530184
2020-12-23T12:00:00,25.859852085942805
2020-12-23T13:00:00,31.065457468447477
2020-12-23T14:00:00,36.62834996762483
2020-12-23T15:00:00,40.764929066533625
2020-12-23T16:00:00,43.46953698863153
2020-12-23T17:00:00,48.55914339811905
2020-12-23T18:00:00,58.131915382716954
2020-12-23T19:00:00,65.69512740425441
2020-12-23T20:00:00,67.7502965512483
2020-12-23T21:00:00,64.8015544725501
2020-12-23T22:00:00,61.78229622218919
2020-12-23T23:00:00,58.20981415458347
2020-12-24T00:00:00,55.29366916158924
2020-12-24T01:00:00,53.812608304231055
2020-12-24T02:00:00,41.25318693078082
2020-12-24T03:00:00,24.009686677352242
2020-12-24T04:00:00,15.501929739247197
2020-12-24T05:00:00,11.703675974970277
2020-12-24T06:00:00,10.102669591489045
2020-12-24T07:00:00,9.687386927397354
2020-12-24T08:00:00,9.7225865903108
2020-12-24T09:00:00,10.090902452883512
2020-12-24T10:00:00,11.35884969130806
2020-12-24T11:00:00,14.54323494952658
2020-12-24T12:00:00,19.70602234550144
2020-12-24T13:00:00,22.82390917902407
2020-12-24T14:00:00,25.497086566427477
2020-12-24T15:00:00,26.44757735210916
2020-12-24T16:00:00,29.393406826516856
2020-12-24T17:00:00,34.47228954149328
2020-12-24T18:00:00,41.0341624384341
2020-12-24T19:00:00,47.57422903309697
2020-12-24T20:00:00,48.564031020454735
2020-12-24T21:00:00,46.701537256655484
2020-12-24T22:00:00,44.58226543924082
2020-12-24T23:00:00,43.869610827902086
2020-12-25T00:00:00,43.68493503072987
2020-12-25T01:00:00,42.032960642939024
2020-12-25T02:00:00,24.3672518522843
2020-12-25T03:00:00,15.411855904952338
2020-12-25T04:00:00,12.421095972475797
2020-12-25T05:00:00,10.867832515550695
2020-12-25T06:00:00,10.033773712489916
2020-12-25T07:00:00,9.771016825800356
2020-12-25T08:00:00,9.768679577371348
2020-12-25T09:00:00,10.130441748577613
2020-12-25T10:00:00,11.003998217375381
2020-12-25T11:00:00,13.973745470461637
2020-12-25T12:00:00,19.05469504646633
2020-12-25T13:00:00,23.62520607658054
2020-12-25T14:00:00,26.784001806507938
2020-12-25T15:00:00,28.88317705237347
2020-12-25T16:00:00,31.179286956787106
2020-12-25T17:00:00,35.31849454796833
2020-12-25T18:00:00,41.48202381963315
2020-12-25T19:00:00,46.45734239661175
2020-12-25T20:00:00,47.8636592367421
2020-12-25T21:00:00,48.82984758460003
2020-12-25T22:00:00,47.90825769175653
2020-12-25T23:00:00,47.31031832487686
2020-12-26T00:00:00,50.156182330587626
2020-12-26T01:00:00,52.460844288701594
2020-12-26T02:00:00,29.61960643270741
2020-12-26T03:00:00,16.95704978445302
2020-12-26T04:00:00,12.919338101926055
2020-12-26T05:00:00,10.944397594617758
2020-12-26T06:00:00,10.214745936186416
2020-12-26T07:00:00,10.086272612861963
2020-12-26T08:00:00,10.19951007677161
2020-12-26T09:00:00,10.708703331325363
2020-12-26T10:00:00,12.496347344439961
2020-12-26T11:00:00,17.13780991927437
2020-12-26T12:00:00,25.499975287395973
2020-12-26T13:00:00,33.023792930271306
2020-12-26T14:00:00,39.471699092699126
2020-12-26T15:00:00,45.17044249824855
2020-12-26T16:00:00,48.61901540341584
2020-12-26T17:00:00,56.28351974487305
2020-12-26T18:00:00,65.85606649647588
2020-12-26T19:00:00,75.39688707434613
2020-12-26T20:00:00,83.3800868158755
2020-12-26T21:00:00,88.80665488865063
2020-12-26T22:00:00,94.18230570917544
2020-12-26T23:00:00,102.27805892280908
2020-12-27T00:00:00,109.72242172904635
2020-12-27T01:00:00,113.64952419115149
2020-12-27T02:00:00,98.75062362007472
2020-12-27T03:00:00,74.91054932967475
2020-12-27T04:00:00,55.47580752165421
2020-12-27T05:00:00,40.6615107992421
2020-12-27T06:00:00,30.610693724259082
2020-12-27T07:00:00,25.7676886682925
2020-12-27T08:00:00,22.151601874310035
2020-12-27T09:00:00,21.539797160936438
2020-12-27T10:00:00,23.303207977958344
2020-12-27T11:00:00,30.240441115006156
2020-12-27T12:00:00,40.18014858079993
2020-12-27T13:00:00,49.05020970883576
2020-12-27T14:00:00,57.585906982421875
2020-12-27T15:00:00,64.75217769456947
2020-12-27T16:00:00,68.80539371656334
2020-12-27T17:00:00,72.39830116603684
2020-12-27T18:00:00,76.41022358769955
2020-12-27T19:00:00,79.64656398607336
2020-12-27T20:00:00,83.92153267238452
2020-12-27T21:00:00,88.49992602804431
2020-12-27T22:00:00,91.17703313412872
2020-12-27T23:00:00,89.29002148172128
2020-12-28T00:00:00,94.65643575917117
2020-12-28T01:00:00,98.37403571087381
2020-12-28T02:00:00,67.09574143782905
2020-12-28T03:00:00,45.16778531281844
2020-12-28T04:00:00,34.59735704504924
2020-12-28T05:00:00,28.53546623561693
2020-12-28T06:00:00,25.913663117781926
2020-12-28T07:00:00,24.845039201819375
2020-12-28T08:00:00,24.545454191124957
2020-12-28T09:00:00,26.273942035177477
2020-12-28T10:00:00,31.12025302389393
2020-12-28T11:00:00,42.59912225474481
2020-12-28T12:00:00,60.44651346621305
2020-12-28T13:00:00,76.82247858462127
2020-12-28T14:00:00,83.09387936799422
2020-12-28T15:00:00,83.6792463219684
2020-12-28T16:00:00,85.02669591489044
2020-12-28T17:00:00,88.3339734284774
2020-12-28T18:00:00,92.62213134765625
2020-12-28T19:00:00,93.24257394541864
2020-12-28T20:00:00,94.5939656133237
2020-12-28T21:00:00,103.60478674847145
2020-12-28T22:00:00,111.187918289848
2020-12-28T23:00:00,118.44028870955755
2020-12-29T00:00:00,128.68814319113028
2020-12-29T01:00:00,132.47615217125932
2020-12-29T02:00:00,73.36723775449005
2020-12-29T03:00:00,38.06939141646675
2020-12-29T04:00:00,23.46291641567064
2020-12-29T05:00:00,16.59444298951522
2020-12-29T06:00:00,13.352287251016365
2020-12-29T07:00:00,12.205892189689301
2020-12-29T08:00:00,12.004909266596254
2020-12-29T09:00:00,12.29951008506443
2020-12-29T10:00:00,13.094669300576912
2020-12-29T11:00:00,15.106442410012948
2020-12-29T12:00:00,18.564741217571754
2020-12-29T13:00:00,22.059166535087254
2020-12-29T14:00:00,29.793663854184356
2020-12-29T15:00:00,39.199049078899876
2020-12-29T16:00:00,51.20949255901834
2020-12-29T17:00:00,62.750365547511876
2020-12-29T18:00:00,73.59987540867017
2020-12-29T19:00:00,79.52119711171025
2020-12-29T20:00:00,81.4167662910793
2020-12-29T21:00:00,80.05082138724947
2020-12-29T22:00:00,75.8895205622134
2020-12-29T23:00:00,70.42330733589502
2020-12-30T00:00:00,65.00186721138331
2020-12-30T01:00:00,60.27218727443529
2020-12-30T02:00:00,45.462358889372446
2020-12-30T03:00:00,21.59570461770762
2020-12-30T04:00:00,14.400332948435906
2020-12-30T05:00:00,11.434032357257346
2020-12-30T06:00:00,10.124212182086447
2020-12-30T07:00:00,9.558465667392896
2020-12-30T08:00:00,9.406427466351053
2020-12-30T09:00:00,9.6768567873084
2020-12-30T10:00:00,10.557709279267684
2020-12-30T11:00:00,13.28826091600501
2020-12-30T12:00:00,16.798518719880473
2020-12-30T13:00:00,18.15261227151622
2020-12-30T14:00:00,19.524646924889606
2020-12-30T15:00:00,22.710711935292117
2020-12-30T16:00:00,25.166096231211785
2020-12-30T17:00:00,28.562045055886973
2020-12-30T18:00:00,33.56168962561566
2020-12-30T19:00:00,38.2643291639245
2020-12-30T20:00:00,46.220311703889266
2020-12-30T21:00:00,55.970195936120064
2020-12-30T22:00:00,69.07095933997111
2020-12-30T23:00:00,83.0364993551503
2020-12-31T00:00:00,94.12221493928328
2020-12-31T01:00:00,97.07876222029975
2020-12-31T02:00:00,51.19086837768553
2020-12-31T03:00:00,20.45798567067022
2020-12-31T04:00:00,13.000814852507217
2020-12-31T05:00:00,10.558703795723291
2020-12-31T06:00:00,10.380685764810313
2020-12-31T07:00:00,10.593205286108928
2020-12-31T08:00:00,11.042265933492908
2020-12-31T09:00:00,13.083114167918328
2020-12-31T10:00:00,17.83971778206203
2020-12-31T11:00:00,23.790224158245582
2020-12-31T12:00:00,26.19424256034519
2020-12-31T13:00:00,27.67754214742909
2020-12-31T14:00:00,25.65388397548509
2020-12-31T15:00:00,26.638630576755688
2020-12-31T16:00:00,28.865321698396098
2020-12-31T17:00:00,30.6589589326278
2020-12-31T18:00:00,33.5275475875191
2020-12-31T19:00:00,34.816404923148774
2020-12-31T20:00:00,35.86016928631326
2020-12-31T21:00:00,36.16676396908967
2020-12-31T22:00:00,35.95033778315004
2020-12-31T23:00:00,35.71786416095236
