datetime,PM25_RH35_GCC
2021-01-01T00:00:00,35.65460652890412
2021-01-01T01:00:00,34.79978810185971
2021-01-01T02:00:00,21.591441030087676
2021-01-01T03:00:00,14.664726340252418
2021-01-01T04:00:00,12.096275578374446
2021-01-01T05:00:00,10.716697195301883
2021-01-01T06:00:00,9.831934555717137
2021-01-01T07:00:00,9.325359178626018
2021-01-01T08:00:00,9.427951522495434
2021-01-01T09:00:00,10.198972577634065
2021-01-01T10:00:00,11.912076286647629
2021-01-01T11:00:00,15.324104350546131
2021-01-01T12:00:00,22.225718207981274
2021-01-01T13:00:00,26.92011509770932
2021-01-01T14:00:00,30.974440616110094
2021-01-01T15:00:00,37.22036477793818
2021-01-01T16:00:00,46.318643487018086
2021-01-01T17:00:00,53.831748298976734
2021-01-01T18:00:00,58.95632453586744
2021-01-01T19:00:00,62.383191481880516
2021-01-01T20:00:00,64.63795238992442
2021-01-01T21:00:00,66.20908521569294
2021-01-01T22:00:00,67.39260632058848
2021-01-01T23:00:00,68.33811851169752
2021-01-02T00:00:00,69.95357646112855
2021-01-02T01:00:00,69.5737838745117
2021-01-02T02:00:00,34.51328808328379
2021-01-02T03:00:00,18.246438441069227
2021-01-02T04:00:00,13.043644697769828
2021-01-02T05:00:00,10.357747368190598
2021-01-02T06:00:00,9.089518153149147
2021-01-02T07:00:00,8.696090573849883
2021-01-02T08:00:00,8.764371602431588
2021-01-02T09:00:00,9.222102414006772
2021-01-02T10:00:00,10.274976108385168
2021-01-02T11:00:00,13.257085592850395
2021-01-02T12:00:00,19.289708510689113
2021-01-02T13:00:00,21.139579690021016
2021-01-02T14:00:00,22.036765720533285
2021-01-02T15:00:00,23.13810373389202
2021-01-02T16:00:00,23.05665182030719
2021-01-02T17:00:00,23.154408330502715
2021-01-02T18:00:00,24.005745265794836
2021-01-02T19:00:00,25.473127033399496
2021-01-02T20:00:00,26.906123036923614
2021-01-02T21:00:00,28.67433282603388
2021-01-02T22:00:00,33.66042792278787
2021-01-02T23:00:00,40.09754131151282
2021-01-03T00:00:00,46.60039851976477
2021-01-03T01:00:00,52.82276170150093
2021-01-03T02:00:00,38.398542155390196
2021-01-03T03:00:00,28.418130294136375
2021-01-03T04:00:00,23.12305798737899
2021-01-03T05:00:00,19.53139587070631
2021-01-03T06:00:00,16.67077416959016
2021-01-03T07:00:00,14.919118134871772
2021-01-03T08:00:00,14.308306859887162
2021-01-03T09:00:00,14.584197085836657
2021-01-03T10:00:00,15.506465538688326
2021-01-03T11:00:00,18.318678233934484
2021-01-03T12:00:00,22.94346585481063
2021-01-03T13:00:00,29.62942803424337
2021-01-03T14:00:00,36.14399752409562
2021-01-03T15:00:00,42.09643571273139
2021-01-03T16:00:00,48.26628344991933
2021-01-03T17:00:00,57.53148783808168
2021-01-03T18:00:00,65.69414851976477
2021-01-03T19:00:00,70.74022840416949
2021-01-03T20:00:00,73.6609878540039
2021-01-03T21:00:00,76.37506534742272
2021-01-03T22:00:00,77.68418419879416
2021-01-03T23:00:00,80.037737639054
2021-01-04T00:00:00,98.6853033978006
2021-01-04T01:00:00,112.52273559570311
2021-01-04T02:00:00,100.121291782545
2021-01-04T03:00:00,47.69866197005562
2021-01-04T04:00:00,26.897252787714415
2021-01-04T05:00:00,19.240672152975325
2021-01-04T06:00:00,16.031980265741762
2021-01-04T07:00:00,15.000997584799062
2021-01-04T08:00:00,15.880273984826125
2021-01-04T09:00:00,19.87258032093877
2021-01-04T10:00:00,26.001215312791903
2021-01-04T11:00:00,29.270499685536258
2021-01-04T12:00:00,27.100992617399793
2021-01-04T13:00:00,26.857767105102536
2021-01-04T14:00:00,28.639494937399157
2021-01-04T15:00:00,30.55773245769998
2021-01-04T16:00:00,32.71942312821097
2021-01-04T17:00:00,35.66527233953061
2021-01-04T18:00:00,40.01369973887568
2021-01-04T19:00:00,45.0994761923085
2021-01-04T20:00:00,48.34404522439707
2021-01-04T21:00:00,49.284342724344
2021-01-04T22:00:00,49.18807303387185
2021-01-04T23:00:00,49.11834020199982
2021-01-05T00:00:00,50.89689636230469
2021-01-05T01:00:00,54.396945621656336
2021-01-05T02:00:00,40.699146104895554
2021-01-05T03:00:00,24.798194885253903
2021-01-05T04:00:00,17.510645410288934
2021-01-05T05:00:00,13.475857444431469
2021-01-05T06:00:00,12.94930665389351
2021-01-05T07:00:00,12.001962661743164
2021-01-05T08:00:00,12.474340853483781
2021-01-05T09:00:00,14.75800269582997
2021-01-05T10:00:00,18.354010208793305
2021-01-05T11:00:00,26.863619016564403
2021-01-05T12:00:00,41.02675280363663
2021-01-05T13:00:00,55.85904129691746
2021-01-05T14:00:00,67.959264340608
2021-01-05T15:00:00,79.2651546312415
2021-01-05T16:00:00,93.46031089451002
2021-01-05T17:00:00,109.30525373375933
2021-01-05T18:00:00,126.8857242750085
2021-01-05T19:00:00,137.73740652333134
2021-01-05T20:00:00,144.27664184570312
2021-01-05T21:00:00,149.01700824239978
2021-01-05T22:00:00,149.9112034673276
2021-01-05T23:00:00,143.93302983823028
2021-01-06T00:00:00,135.481737219769
2021-01-06T01:00:00,118.78528993026067
2021-01-06T02:00:00,47.79436559262482
2021-01-06T03:00:00,26.10860492872155
2021-01-06T04:00:00,19.888944294141684
2021-01-06T05:00:00,17.52843773883322
2021-01-06T06:00:00,16.809344747792117
2021-01-06T07:00:00,16.401716771333113
2021-01-06T08:00:00,17.06833748195482
2021-01-06T09:00:00,21.6668527851934
2021-01-06T10:00:00,30.00063506416652
2021-01-06T11:00:00,39.59798746523649
2021-01-06T12:00:00,52.25569302102794
2021-01-06T13:00:00,68.22808207636294
2021-01-06T14:00:00,86.14977496603261
2021-01-06T15:00:00,105.26671733026919
2021-01-06T16:00:00,121.71920544168223
2021-01-06T17:00:00,136.8783662215523
2021-01-06T18:00:00,152.5113187043563
2021-01-06T19:00:00,166.82771632982335
2021-01-06T20:00:00,184.1095620860224
2021-01-06T21:00:00,200.4095764160156
2021-01-06T22:00:00,214.3254580290421
2021-01-06T23:00:00,225.5890894350798
2021-01-07T00:00:00,222.22821177606994
2021-01-07T01:00:00,212.65756225585935
2021-01-07T02:00:00,124.751756751019
2021-01-07T03:00:00,73.30434218696925
2021-01-07T04:00:00,47.38742164943529
2021-01-07T05:00:00,40.15323390131411
2021-01-07T06:00:00,38.10805428546407
2021-01-07T07:00:00,34.96562758735988
2021-01-07T08:00:00,34.460753067680024
2021-01-07T09:00:00,36.50901114422342
2021-01-07T10:00:00,41.30523466027301
2021-01-07T11:00:00,47.710765506910235
2021-01-07T12:00:00,61.330534230107844
2021-01-07T13:00:00,75.49421127982761
2021-01-07T14:00:00,83.91757003120753
2021-01-07T15:00:00,73.45476399297299
2021-01-07T16:00:00,79.90853915007217
2021-01-07T17:00:00,90.68901659094767
2021-01-07T18:00:00,100.23627173382302
2021-01-07T19:00:00,106.49465942382811
2021-01-07T20:00:00,100.68408601180366
2021-01-07T21:00:00,96.87360415251358
2021-01-07T22:00:00,101.88673964790675
2021-01-07T23:00:00,109.29563505753225
2021-01-08T00:00:00,113.83054783033286
2021-01-08T01:00:00,102.84622391410494
2021-01-08T02:00:00,64.80064325747283
2021-01-08T03:00:00,42.97355071358058
2021-01-08T04:00:00,32.31464112323263
2021-01-08T05:00:00,30.305956467338227
2021-01-08T06:00:00,29.960388017737344
2021-01-08T07:00:00,29.236773864082668
2021-01-08T08:00:00,29.46453749615213
2021-01-08T09:00:00,30.841072745945137
2021-01-08T10:00:00,32.70770968561587
2021-01-08T11:00:00,35.0553563988727
2021-01-08T12:00:00,34.97253492604131
2021-01-08T13:00:00,43.151564390762985
2021-01-08T14:00:00,51.483231254245915
2021-01-08T15:00:00,59.97270235807999
2021-01-08T16:00:00,72.74879157024881
2021-01-08T17:00:00,72.77794149647588
2021-01-08T18:00:00,69.38842027083686
2021-01-08T19:00:00,62.947214541227915
2021-01-08T20:00:00,55.99284910119097
2021-01-08T21:00:00,52.51099893321161
2021-01-08T22:00:00,50.305623095968485
2021-01-08T23:00:00,48.36417778678562
2021-01-09T00:00:00,48.799312840337336
2021-01-09T01:00:00,50.47667976047681
2021-01-09T02:00:00,26.642313418181043
2021-01-09T03:00:00,18.02602320132048
2021-01-09T04:00:00,15.221497991810674
2021-01-09T05:00:00,13.08634107009224
2021-01-09T06:00:00,12.36669001371964
2021-01-09T07:00:00,13.831452286761738
2021-01-09T08:00:00,14.346027208411174
2021-01-09T09:00:00,15.861358476721719
2021-01-09T10:00:00,17.54543171758237
2021-01-09T11:00:00,19.04992286018703
2021-01-09T12:00:00,21.67958242996879
2021-01-09T13:00:00,23.04730829985245
2021-01-09T14:00:00,26.314879707668137
2021-01-09T15:00:00,32.64980888366699
2021-01-09T16:00:00,39.844724986864165
2021-01-09T17:00:00,46.012437903362766
2021-01-09T18:00:00,50.542463883109704
2021-01-09T19:00:00,53.494039120881446
2021-01-09T20:00:00,54.98644389276918
2021-01-09T21:00:00,56.883907898612634
2021-01-09T22:00:00,58.673870252526314
2021-01-09T23:00:00,57.46183221236518
2021-01-10T00:00:00,52.89718404023543
2021-01-10T01:00:00,51.204864170240306
2021-01-10T02:00:00,38.75596693287724
2021-01-10T03:00:00,16.464686476665992
2021-01-10T04:00:00,12.364436688630475
2021-01-10T05:00:00,12.797746326612387
2021-01-10T06:00:00,15.993902786918307
2021-01-10T07:00:00,19.55178633980129
2021-01-10T08:00:00,22.004584270974863
2021-01-10T09:00:00,23.04308999103048
2021-01-10T10:00:00,22.779998281727664
2021-01-10T11:00:00,24.035851354184356
2021-01-10T12:00:00,33.25089147816533
2021-01-10T13:00:00,48.5266406847083
2021-01-10T14:00:00,67.10109461908753
2021-01-10T15:00:00,81.01622009277344
2021-01-10T16:00:00,79.34888624108356
2021-01-10T17:00:00,70.61235461027725
2021-01-10T18:00:00,58.35067284625509
2021-01-10T19:00:00,53.065870533818774
2021-01-10T20:00:00,49.654388593590774
2021-01-10T21:00:00,48.89512999161429
2021-01-10T22:00:00,56.372059365977414
2021-01-10T23:00:00,64.41849866120711
2021-01-11T00:00:00,62.07467004527216
2021-01-11T01:00:00,48.17006451150645
2021-01-11T02:00:00,34.69728038621985
2021-01-11T03:00:00,29.653239540431805
2021-01-11T04:00:00,28.195310841435965
2021-01-11T05:00:00,24.454006609709364
2021-01-11T06:00:00,21.22374509728473
2021-01-11T07:00:00,20.50607797373896
2021-01-11T08:00:00,21.128465569537614
2021-01-11T09:00:00,24.837472003439192
2021-01-11T10:00:00,33.565493873927906
2021-01-11T11:00:00,36.75118910748025
2021-01-11T12:00:00,26.777301622473672
2021-01-11T13:00:00,18.78001233805781
2021-01-11T14:00:00,24.167564640874442
2021-01-11T15:00:00,33.42828734024711
2021-01-11T16:00:00,39.4408774997877
2021-01-11T17:00:00,34.19679426110309
2021-01-11T18:00:00,28.228134486986242
2021-01-11T19:00:00,25.322234112283454
2021-01-11T20:00:00,24.378619650135864
2021-01-11T21:00:00,22.308273895927098
2021-01-11T22:00:00,19.100343206654422
2021-01-11T23:00:00,17.758871907773223
2021-01-12T00:00:00,19.220051475193184
2021-01-12T01:00:00,20.662960798844043
2021-01-12T02:00:00,24.31638783993928
2021-01-12T03:00:00,28.069032088569973
2021-01-12T04:00:00,24.7282601232114
2021-01-12T05:00:00,19.330378532409664
2021-01-12T06:00:00,15.197377578071924
2021-01-12T07:00:00,13.481800037881602
2021-01-12T08:00:00,13.15669590493907
2021-01-12T09:00:00,14.064890944439432
2021-01-12T10:00:00,17.252289315928586
2021-01-12T11:00:00,23.92594362341839
2021-01-12T12:00:00,31.894899617070738
2021-01-12T13:00:00,39.84135669210682
2021-01-12T14:00:00,48.10794465438179
2021-01-12T15:00:00,51.863552425218664
2021-01-12T16:00:00,50.126461692478344
2021-01-12T17:00:00,47.976932691491164
2021-01-12T18:00:00,48.3043624214504
2021-01-12T19:00:00,42.83538710552713
2021-01-12T20:00:00,39.061581570169196
2021-01-12T21:00:00,36.737220930016555
2021-01-12T22:00:00,39.88689737734587
2021-01-12T23:00:00,46.84528201559315
2021-01-13T00:00:00,58.88456659731657
2021-01-13T01:00:00,70.92119731073792
2021-01-13T02:00:00,75.37361941130264
2021-01-13T03:00:00,66.63265792183253
2021-01-13T04:00:00,38.548439689304516
2021-01-13T05:00:00,22.802879043247387
2021-01-13T06:00:00,14.251025116961934
2021-01-13T07:00:00,9.97199491832567
2021-01-13T08:00:00,9.385001928909963
2021-01-13T09:00:00,10.687279493912405
2021-01-13T10:00:00,13.918788868448008
2021-01-13T11:00:00,19.97453042735224
2021-01-13T12:00:00,27.83551041976265
2021-01-13T13:00:00,33.770775836447
2021-01-13T14:00:00,40.52663786514945
2021-01-13T15:00:00,50.13149178546407
2021-01-13T16:00:00,60.88823733122452
2021-01-13T17:00:00,72.47839604253353
2021-01-13T18:00:00,83.77841750435206
2021-01-13T19:00:00,94.62348672618037
2021-01-13T20:00:00,106.79397914720617
2021-01-13T21:00:00,120.98109635062838
2021-01-13T22:00:00,133.17970441735307
2021-01-13T23:00:00,141.6258840146272
2021-01-14T00:00:00,147.08406896176544
2021-01-14T01:00:00,143.88422460141388
2021-01-14T02:00:00,81.15118176004161
2021-01-14T03:00:00,41.831030638321586
2021-01-14T04:00:00,25.84951583198879
2021-01-14T05:00:00,19.786990704743758
2021-01-14T06:00:00,17.735318722932234
2021-01-14T07:00:00,18.203047627988067
2021-01-14T08:00:00,19.09377081497856
2021-01-14T09:00:00,21.63375605707583
2021-01-14T10:00:00,24.12889687911324
2021-01-14T11:00:00,31.46559889420219
2021-01-14T12:00:00,41.885775690493375
2021-01-14T13:00:00,53.84902539460555
2021-01-14T14:00:00,65.22003372855808
2021-01-14T15:00:00,72.91101140561311
2021-01-14T16:00:00,80.50653839111327
2021-01-14T17:00:00,89.82488383417542
2021-01-14T18:00:00,98.29822871996008
2021-01-14T19:00:00,103.55409074866252
2021-01-14T20:00:00,106.70059005073878
2021-01-14T21:00:00,108.76565817128058
2021-01-14T22:00:00,110.0599723484205
2021-01-14T23:00:00,112.19042902407438
2021-01-15T00:00:00,116.28744307808253
2021-01-15T01:00:00,123.47345833156419
2021-01-15T02:00:00,101.17252847422725
2021-01-15T03:00:00,50.15865491784137
2021-01-15T04:00:00,32.10805063662321
2021-01-15T05:00:00,27.137833470883574
2021-01-15T06:00:00,24.86755080845045
2021-01-15T07:00:00,24.424067372861114
2021-01-15T08:00:00,25.544608572255008
2021-01-15T09:00:00,28.841538968293563
2021-01-15T10:00:00,32.502386673637055
2021-01-15T11:00:00,36.10833441692849
2021-01-15T12:00:00,46.537237250286594
2021-01-15T13:00:00,63.32337454090947
2021-01-15T14:00:00,81.22322281547214
2021-01-15T15:00:00,99.14126620085342
2021-01-15T16:00:00,117.74018329122791
2021-01-15T17:00:00,134.9370409094769
2021-01-15T18:00:00,150.6937726891559
2021-01-15T19:00:00,160.3036127505095
2021-01-15T20:00:00,160.8378388778023
2021-01-15T21:00:00,155.14381939431894
2021-01-15T22:00:00,150.9330835757048
2021-01-15T23:00:00,147.1837811677352
2021-01-16T00:00:00,136.10786637015963
2021-01-16T01:00:00,118.09004874851391
2021-01-16T02:00:00,66.14220776765242
2021-01-16T03:00:00,26.450029953666355
2021-01-16T04:00:00,19.438743923021395
2021-01-16T05:00:00,17.025338753410008
2021-01-16T06:00:00,16.616526271985926
2021-01-16T07:00:00,16.78158100791599
2021-01-16T08:00:00,17.617590033489723
2021-01-16T09:00:00,17.88095125944718
2021-01-16T10:00:00,19.580184853595235
2021-01-16T11:00:00,23.7578358857528
2021-01-16T12:00:00,30.2529880689538
2021-01-16T13:00:00,38.82003933450449
2021-01-16T14:00:00,45.357823579207704
2021-01-16T15:00:00,50.330217112665586
2021-01-16T16:00:00,48.84924266649329
2021-01-16T17:00:00,46.59266728940217
2021-01-16T18:00:00,46.0293433147928
2021-01-16T19:00:00,45.28238221873407
2021-01-16T20:00:00,42.90686798095703
2021-01-16T21:00:00,39.538407947706126
2021-01-16T22:00:00,36.476854821910024
2021-01-16T23:00:00,34.32161911674167
2021-01-17T00:00:00,33.249910271686055
2021-01-17T01:00:00,32.04406124612559
2021-01-17T02:00:00,24.530375107474946
2021-01-17T03:00:00,17.506131172180172
2021-01-17T04:00:00,13.954285953355871
2021-01-17T05:00:00,11.759234262549358
2021-01-17T06:00:00,10.383315832718559
2021-01-17T07:00:00,9.535094883130943
2021-01-17T08:00:00,9.002011589382004
2021-01-17T09:00:00,9.241917071135147
2021-01-17T10:00:00,10.811288750689961
2021-01-17T11:00:00,14.034611328788424
2021-01-17T12:00:00,18.395609233690344
2021-01-17T13:00:00,20.69874912759532
2021-01-17T14:00:00,22.36804887522822
2021-01-17T15:00:00,27.413943166318145
2021-01-17T16:00:00,32.862181124479875
2021-01-17T17:00:00,37.73753506204356
2021-01-17T18:00:00,41.51117125801417
2021-01-17T19:00:00,43.816179026728086
2021-01-17T20:00:00,45.85717176354449
2021-01-17T21:00:00,47.554687997569204
2021-01-17T22:00:00,48.368925343389094
2021-01-17T23:00:00,49.197825887928836
2021-01-18T00:00:00,50.503530253534734
2021-01-18T01:00:00,51.7060780732528
2021-01-18T02:00:00,28.86845140871794
2021-01-18T03:00:00,16.342341257178266
2021-01-18T04:00:00,12.023283834042754
2021-01-18T05:00:00,9.806311939073645
2021-01-18T06:00:00,9.015962973884914
2021-01-18T07:00:00,8.728249612061873
2021-01-18T08:00:00,8.635520188704781
2021-01-18T09:00:00,8.820261830868928
2021-01-18T10:00:00,10.470691432123598
2021-01-18T11:00:00,14.587908620419707
2021-01-18T12:00:00,21.98127398283585
2021-01-18T13:00:00,27.846283124840774
2021-01-18T14:00:00,32.622954824696414
2021-01-18T15:00:00,42.83572205253269
2021-01-18T16:00:00,54.830897455630094
2021-01-18T17:00:00,64.63469364332116
2021-01-18T18:00:00,72.44585053817086
2021-01-18T19:00:00,77.68660105829653
2021-01-18T20:00:00,81.71615036674166
2021-01-18T21:00:00,86.59335260805877
2021-01-18T22:00:00,91.47818722932234
2021-01-18T23:00:00,95.24158212412958
2021-01-19T00:00:00,99.13481438678242
2021-01-19T01:00:00,98.9344190514606
2021-01-19T02:00:00,69.41944852082625
2021-01-19T03:00:00,43.21998662533967
2021-01-19T04:00:00,29.09206979171089
2021-01-19T05:00:00,22.687519073486325
2021-01-19T06:00:00,21.11862224081288
2021-01-19T07:00:00,21.13097514276919
2021-01-19T08:00:00,22.410950868026067
2021-01-19T09:00:00,25.104882530544113
2021-01-19T10:00:00,30.945080466892406
2021-01-19T11:00:00,42.87867869501528
2021-01-19T12:00:00,49.016093378481656
2021-01-19T13:00:00,47.23384442536726
2021-01-19T14:00:00,46.62348556518555
2021-01-19T15:00:00,50.89548658288043
2021-01-19T16:00:00,56.14918816607931
2021-01-19T17:00:00,67.47355585512906
2021-01-19T18:00:00,83.68111519191575
2021-01-19T19:00:00,98.8950782444166
2021-01-19T20:00:00,111.84946109937583
2021-01-19T21:00:00,122.64226797352664
2021-01-19T22:00:00,127.35523920473845
2021-01-19T23:00:00,128.60781794009
2021-01-20T00:00:00,130.02490499745244
2021-01-20T01:00:00,131.65668255349863
2021-01-20T02:00:00,89.1470489501953
2021-01-20T03:00:00,43.19157874065896
2021-01-20T04:00:00,29.2585973324983
2021-01-20T05:00:00,26.10335250522779
2021-01-20T06:00:00,23.089429191921067
2021-01-20T07:00:00,21.236809523209278
2021-01-20T08:00:00,18.742633653723672
2021-01-20T09:00:00,18.083351798679516
2021-01-20T10:00:00,20.382990298063856
2021-01-20T11:00:00,26.61004489401112
2021-01-20T12:00:00,37.84205726955248
2021-01-20T13:00:00,55.315421228823446
2021-01-20T14:00:00,77.17353688115658
2021-01-20T15:00:00,92.5635820471722
2021-01-20T16:00:00,94.37538146972655
2021-01-20T17:00:00,76.79777079043181
2021-01-20T18:00:00,63.97289292708687
2021-01-20T19:00:00,51.2167858455492
2021-01-20T20:00:00,41.99715597733207
2021-01-20T21:00:00,36.080697764521055
2021-01-20T22:00:00,33.64570874753205
2021-01-20T23:00:00,31.37713241577148
2021-01-21T00:00:00,30.39645427206288
2021-01-21T01:00:00,29.80849050438922
2021-01-21T02:00:00,23.011287440424375
2021-01-21T03:00:00,17.9696627907131
2021-01-21T04:00:00,14.66166707743769
2021-01-21T05:00:00,12.470464374708092
2021-01-21T06:00:00,11.377418642458707
2021-01-21T07:00:00,10.726616071618121
2021-01-21T08:00:00,10.66480367080025
2021-01-21T09:00:00,11.257919270059334
2021-01-21T10:00:00,12.344028099723483
2021-01-21T11:00:00,14.312869237816852
2021-01-21T12:00:00,17.367619141288422
2021-01-21T13:00:00,20.118491877680235
2021-01-21T14:00:00,26.529714418494184
2021-01-21T15:00:00,35.9860083538553
2021-01-21T16:00:00,39.65035397073497
2021-01-21T17:00:00,42.93050251836362
2021-01-21T18:00:00,44.35194761856742
2021-01-21T19:00:00,43.702486121136204
2021-01-21T20:00:00,42.200839332912274
2021-01-21T21:00:00,40.946540169093915
2021-01-21T22:00:00,40.775645878003985
2021-01-21T23:00:00,40.998635831086524
2021-01-22T00:00:00,41.37825161477793
2021-01-22T01:00:00,41.86997040458347
2021-01-22T02:00:00,32.75566142538319
2021-01-22T03:00:00,22.344270623248555
2021-01-22T04:00:00,17.068440478780992
2021-01-22T05:00:00,14.119088380233102
2021-01-22T06:00:00,12.685771776282268
2021-01-22T07:00:00,12.324169117471445
2021-01-22T08:00:00,12.649012358292287
2021-01-22T09:00:00,13.26944471442181
2021-01-22T10:00:00,14.101852748704992
2021-01-22T11:00:00,16.24372689620308
2021-01-22T12:00:00,21.102136197297465
2021-01-22T13:00:00,25.074016902757727
2021-01-22T14:00:00,26.53620097948157
2021-01-22T15:00:00,27.746718448141344
2021-01-22T16:00:00,32.397689653479524
2021-01-22T17:00:00,38.88186910878057
2021-01-22T18:00:00,44.43569316034731
2021-01-22T19:00:00,49.575629524562665
2021-01-22T20:00:00,52.16978703374447
2021-01-22T21:00:00,52.65691591345745
2021-01-22T22:00:00,52.89343560260274
2021-01-22T23:00:00,51.82780108244523
2021-01-23T00:00:00,50.84674155193826
2021-01-23T01:00:00,47.44916716865871
2021-01-23T02:00:00,27.019237020741336
2021-01-23T03:00:00,18.020340048748512
2021-01-23T04:00:00,14.898125980211342
2021-01-23T05:00:00,13.180691180021865
2021-01-23T06:00:00,12.140765936478324
2021-01-23T07:00:00,11.652299507804535
2021-01-23T08:00:00,11.629057925680408
2021-01-23T09:00:00,12.017557185629139
2021-01-23T10:00:00,12.952270217563793
2021-01-23T11:00:00,15.344717937967049
2021-01-23T12:00:00,20.229133191316023
2021-01-23T13:00:00,28.783278921376102
2021-01-23T14:00:00,36.98539966085683
2021-01-23T15:00:00,43.08948566602623
2021-01-23T16:00:00,47.10388498720914
2021-01-23T17:00:00,52.843760448953375
2021-01-23T18:00:00,57.3704779251762
2021-01-23T19:00:00,56.75976164444633
2021-01-23T20:00:00,57.047431282375165
2021-01-23T21:00:00,58.592633288839586
2021-01-23T22:00:00,60.39490243662958
2021-01-23T23:00:00,62.44644347481105
2021-01-24T00:00:00,64.48093663091244
2021-01-24T01:00:00,65.84393443231995
2021-01-24T02:00:00,48.31621120287024
2021-01-24T03:00:00,34.6693232992421
2021-01-24T04:00:00,29.4789286074431
2021-01-24T05:00:00,26.55837705860967
2021-01-24T06:00:00,24.733957954075024
2021-01-24T07:00:00,23.60649946461553
2021-01-24T08:00:00,23.23400016452955
2021-01-24T09:00:00,22.975511136262313
2021-01-24T10:00:00,23.626629041588824
2021-01-24T11:00:00,27.41377092444378
2021-01-24T12:00:00,34.27224532417629
2021-01-24T13:00:00,40.068424390709914
2021-01-24T14:00:00,44.748786926269524
2021-01-24T15:00:00,49.00751511946968
2021-01-24T16:00:00,53.230296591053836
2021-01-24T17:00:00,57.57117080688475
2021-01-24T18:00:00,60.91493523639181
2021-01-24T19:00:00,61.10839230081309
2021-01-24T20:00:00,59.81261825561523
2021-01-24T21:00:00,58.90385320912236
2021-01-24T22:00:00,58.12973072217858
2021-01-24T23:00:00,57.49557262918223
2021-01-25T00:00:00,56.9450456370478
2021-01-25T01:00:00,56.25501765375551
2021-01-25T02:00:00,34.967391884845235
2021-01-25T03:00:00,22.37068367004394
2021-01-25T04:00:00,20.202231946198836
2021-01-25T05:00:00,19.273253399392832
2021-01-25T06:00:00,18.654053231944204
2021-01-25T07:00:00,18.104135015736453
2021-01-25T08:00:00,18.04190395189368
2021-01-25T09:00:00,18.653863243434735
2021-01-25T10:00:00,20.01736674101456
2021-01-25T11:00:00,23.453004588251524
2021-01-25T12:00:00,28.966009222942848
2021-01-25T13:00:00,36.32591728542162
2021-01-25T14:00:00,43.812458867612094
2021-01-25T15:00:00,50.48097013390582
2021-01-25T16:00:00,55.57218518464461
2021-01-25T17:00:00,59.525045975394875
2021-01-25T18:00:00,61.83091072414233
2021-01-25T19:00:00,61.75647188269573
2021-01-25T20:00:00,61.339724001677126
2021-01-25T21:00:00,61.44084233823029
2021-01-25T22:00:00,62.5960464477539
2021-01-25T23:00:00,63.27381996486498
2021-01-26T00:00:00,63.50887995180875
2021-01-26T01:00:00,62.368495277736486
2021-01-26T02:00:00,37.02416519496751
2021-01-26T03:00:00,24.224969615106996
2021-01-26T04:00:00,20.728368510370665
2021-01-26T05:00:00,19.32175669462784
2021-01-26T06:00:00,18.495800681736156
2021-01-26T07:00:00,18.217271887737773
2021-01-26T08:00:00,18.569902005402938
2021-01-26T09:00:00,19.645690752112344
2021-01-26T10:00:00,21.428087068640664
2021-01-26T11:00:00,24.87239721547002
2021-01-26T12:00:00,31.64435353486434
2021-01-26T13:00:00,38.2543769504713
2021-01-26T14:00:00,45.58602590146271
2021-01-26T15:00:00,53.533252716064446
2021-01-26T16:00:00,60.692901279615306
2021-01-26T17:00:00,67.32489511241083
2021-01-26T18:00:00,71.32914999256963
2021-01-26T19:00:00,73.13830964461617
2021-01-26T20:00:00,74.30637094248895
2021-01-26T21:00:00,75.06828075906505
2021-01-26T22:00:00,75.04424518087635
2021-01-26T23:00:00,74.25226991072944
2021-01-27T00:00:00,73.48745329483697
2021-01-27T01:00:00,71.98317818019702
2021-01-27T02:00:00,49.60080038982888
2021-01-27T03:00:00,28.401758111041524
2021-01-27T04:00:00,23.457448710565977
2021-01-27T05:00:00,21.158298492431637
2021-01-27T06:00:00,19.777684336123254
2021-01-27T07:00:00,19.329079503598418
2021-01-27T08:00:00,19.85901716481084
2021-01-27T09:00:00,22.051985616269317
2021-01-27T10:00:00,26.034344797549036
2021-01-27T11:00:00,30.874893520189367
2021-01-27T12:00:00,38.95843505859374
2021-01-27T13:00:00,46.76860859083092
2021-01-27T14:00:00,53.01154874718707
2021-01-27T15:00:00,58.746955871582024
2021-01-27T16:00:00,64.77013480144998
2021-01-27T17:00:00,71.210879450259
2021-01-27T18:00:00,76.15483524488366
2021-01-27T19:00:00,78.69029733409052
2021-01-27T20:00:00,80.07459756602411
2021-01-27T21:00:00,81.93149268108864
2021-01-27T22:00:00,84.85447726042374
2021-01-27T23:00:00,88.09479522705078
2021-01-28T00:00:00,91.0507348102072
2021-01-28T01:00:00,92.9558334350586
2021-01-28T02:00:00,81.00776539678158
2021-01-28T03:00:00,56.055003788160235
2021-01-28T04:00:00,46.140742094620414
2021-01-28T05:00:00,37.93725303981615
2021-01-28T06:00:00,31.661831482597012
2021-01-28T07:00:00,28.370220350182574
2021-01-28T08:00:00,27.705624870632004
2021-01-28T09:00:00,29.731569124304727
2021-01-28T10:00:00,35.35354017174762
2021-01-28T11:00:00,46.22634157927139
2021-01-28T12:00:00,54.28192536727241
2021-01-28T13:00:00,58.470462964928664
2021-01-28T14:00:00,66.79763329547384
2021-01-28T15:00:00,78.09826427957286
2021-01-28T16:00:00,87.94727292268172
2021-01-28T17:00:00,96.35651430876356
2021-01-28T18:00:00,104.15701426630434
2021-01-28T19:00:00,109.28252543573792
2021-01-28T20:00:00,111.51289201819377
2021-01-28T21:00:00,112.37975377621856
2021-01-28T22:00:00,115.65858326787533
2021-01-28T23:00:00,122.86552959939708
2021-01-29T00:00:00,133.30176511018172
2021-01-29T01:00:00,149.17476023798403
2021-01-29T02:00:00,165.87619549295175
2021-01-29T03:00:00,133.15261907162872
2021-01-29T04:00:00,109.82406019127886
2021-01-29T05:00:00,92.93232859735903
2021-01-29T06:00:00,79.79467375382133
2021-01-29T07:00:00,68.94300742771314
2021-01-29T08:00:00,57.832005542257555
2021-01-29T09:00:00,59.08444064596424
2021-01-29T10:00:00,65.64273635200831
2021-01-29T11:00:00,73.6048988673998
2021-01-29T12:00:00,81.72901385763416
2021-01-29T13:00:00,91.83093195376188
2021-01-29T14:00:00,101.45349552320397
2021-01-29T15:00:00,112.33421259341031
2021-01-29T16:00:00,124.22345700471297
2021-01-29T17:00:00,135.86011073900306
2021-01-29T18:00:00,144.2116413945737
2021-01-29T19:00:00,148.77591274095616
2021-01-29T20:00:00,149.0300936491593
2021-01-29T21:00:00,144.51128685992694
2021-01-29T22:00:00,140.5651795760445
2021-01-29T23:00:00,135.45805823284644
2021-01-30T00:00:00,126.5551419465438
2021-01-30T01:00:00,104.59039406154464
2021-01-30T02:00:00,37.96346714185631
2021-01-30T03:00:00,22.793127972146735
2021-01-30T04:00:00,17.54787017988122
2021-01-30T05:00:00,13.657081023506494
2021-01-30T06:00:00,11.092170217762822
2021-01-30T07:00:00,9.718935717707092
2021-01-30T08:00:00,10.26164154384447
2021-01-30T09:00:00,11.142853612485139
2021-01-30T10:00:00,13.55587743676227
2021-01-30T11:00:00,18.68129647296408
2021-01-30T12:00:00,29.387789601865016
2021-01-30T13:00:00,31.530843071315598
2021-01-30T14:00:00,27.9414936563243
2021-01-30T15:00:00,27.53857844808827
2021-01-30T16:00:00,32.33809786257536
2021-01-30T17:00:00,36.228339983069375
2021-01-30T18:00:00,38.73490391606869
2021-01-30T19:00:00,40.628062206765875
2021-01-30T20:00:00,38.2555455746858
2021-01-30T21:00:00,39.620025634765625
2021-01-30T22:00:00,42.205583323603086
2021-01-30T23:00:00,45.67458807903787
2021-01-31T00:00:00,48.992251852284305
2021-01-31T01:00:00,51.75397972438646
2021-01-31T02:00:00,42.33086527948793
2021-01-31T03:00:00,27.52996793000594
2021-01-31T04:00:00,20.061488441798993
2021-01-31T05:00:00,16.141453908837356
2021-01-31T06:00:00,13.942545683487602
2021-01-31T07:00:00,12.70801892487899
2021-01-31T08:00:00,12.238376990608547
2021-01-31T09:00:00,12.047460887743078
2021-01-31T10:00:00,14.033309356026026
2021-01-31T11:00:00,18.409671202949855
2021-01-31T12:00:00,27.324077772057574
2021-01-31T13:00:00,29.005134582519528
2021-01-31T14:00:00,26.689810960189153
2021-01-31T15:00:00,24.142435239708938
2021-01-31T16:00:00,23.21545758454696
2021-01-31T17:00:00,25.84247182763141
2021-01-31T18:00:00,29.232049278590985
2021-01-31T19:00:00,30.91291626639988
2021-01-31T20:00:00,32.10661000790803
2021-01-31T21:00:00,35.2683510987655
2021-01-31T22:00:00,40.35350849317467
2021-01-31T23:00:00,47.28616880333941
2021-02-01T00:00:00,52.789954144021735
2021-02-01T01:00:00,52.29931574282438
2021-02-01T02:00:00,33.17451170216436
2021-02-01T03:00:00,21.79565736521845
2021-02-01T04:00:00,16.858208614846934
2021-02-01T05:00:00,14.60772829470427
2021-02-01T06:00:00,13.559593490932297
2021-02-01T07:00:00,13.39541418656059
2021-02-01T08:00:00,14.168864581895908
2021-02-01T09:00:00,15.628088163292924
2021-02-01T10:00:00,17.712152149366293
2021-02-01T11:00:00,21.929452564405356
2021-02-01T12:00:00,28.25914449277131
2021-02-01T13:00:00,32.61794380519701
2021-02-01T14:00:00,34.98444449383279
2021-02-01T15:00:00,37.63250865106997
2021-02-01T16:00:00,39.98154913860818
2021-02-01T17:00:00,42.23941139552904
2021-02-01T18:00:00,44.617998537809946
2021-02-01T19:00:00,47.05425229279891
2021-02-01T20:00:00,48.87440208766771
2021-02-01T21:00:00,49.186777363652766
2021-02-01T22:00:00,48.49382848324983
2021-02-01T23:00:00,47.69014308763586
2021-02-02T00:00:00,47.61685479205587
2021-02-02T01:00:00,48.090175462805696
2021-02-02T02:00:00,37.626462853473164
2021-02-02T03:00:00,28.542945281318993
2021-02-02T04:00:00,23.952820570572563
2021-02-02T05:00:00,20.95197304435398
2021-02-02T06:00:00,20.78796444768491
2021-02-02T07:00:00,22.708180386087168
2021-02-02T08:00:00,25.04554574385933
2021-02-02T09:00:00,29.690210259479024
2021-02-02T10:00:00,38.15254194840141
2021-02-02T11:00:00,49.948960179867946
2021-02-02T12:00:00,60.98728727257769
2021-02-02T13:00:00,67.76568703029466
2021-02-02T14:00:00,70.93217401919158
2021-02-02T15:00:00,71.33734130859375
2021-02-02T16:00:00,71.63372139308763
2021-02-02T17:00:00,71.50729469631027
2021-02-02T18:00:00,68.7783319224482
2021-02-02T19:00:00,67.10464776080586
2021-02-02T20:00:00,69.53569694187328
2021-02-02T21:00:00,69.23371422809102
2021-02-02T22:00:00,65.78922172214673
2021-02-02T23:00:00,62.81283901048742
2021-02-03T00:00:00,61.08771514892578
2021-02-03T01:00:00,60.26784498795219
2021-02-03T02:00:00,47.45918904180111
2021-02-03T03:00:00,34.9661166978919
2021-02-03T04:00:00,27.543763285097867
2021-02-03T05:00:00,23.266614831012223
2021-02-03T06:00:00,21.752047497293223
2021-02-03T07:00:00,21.273487837418266
2021-02-03T08:00:00,21.607328995414402
2021-02-03T09:00:00,23.445079720538594
2021-02-03T10:00:00,26.66465435857358
2021-02-03T11:00:00,32.88245126475458
2021-02-03T12:00:00,42.198187454887055
2021-02-03T13:00:00,50.74795631740404
2021-02-03T14:00:00,55.53588535474694
2021-02-03T15:00:00,54.605995841648266
2021-02-03T16:00:00,56.70050562982973
2021-02-03T17:00:00,60.64881415989088
2021-02-03T18:00:00,64.27870178222656
2021-02-03T19:00:00,64.39812369968578
2021-02-03T20:00:00,61.97033227008322
2021-02-03T21:00:00,56.67483719535495
2021-02-03T22:00:00,54.15200059310249
2021-02-03T23:00:00,52.209461212158196
2021-02-04T00:00:00,52.101005885912016
2021-02-04T01:00:00,51.13079419343367
2021-02-04T02:00:00,37.498572805653446
2021-02-04T03:00:00,29.813744420590606
2021-02-04T04:00:00,26.69994080584982
2021-02-04T05:00:00,25.672085969344426
2021-02-04T06:00:00,25.346483479375422
2021-02-04T07:00:00,25.9275194251019
2021-02-04T08:00:00,26.408015126767364
2021-02-04T09:00:00,27.709906868312668
2021-02-04T10:00:00,30.097983899323836
2021-02-04T11:00:00,34.6402649257494
2021-02-04T12:00:00,41.83648930425229
2021-02-04T13:00:00,44.83140033224354
2021-02-04T14:00:00,45.54204824696416
2021-02-04T15:00:00,47.156677080237344
2021-02-04T16:00:00,49.88344507632048
2021-02-04T17:00:00,53.84402698019276
2021-02-04T18:00:00,59.040106400199555
2021-02-04T19:00:00,61.98917156717051
2021-02-04T20:00:00,61.99858640587848
2021-02-04T21:00:00,61.82992371268893
2021-02-04T22:00:00,60.86373785267705
2021-02-04T23:00:00,59.163253618323274
2021-02-05T00:00:00,57.7574874214504
2021-02-05T01:00:00,55.30365885858949
2021-02-05T02:00:00,39.46939302527385
2021-02-05T03:00:00,32.25280454884405
2021-02-05T04:00:00,27.980700036753774
2021-02-05T05:00:00,24.426252448040504
2021-02-05T06:00:00,21.90335240571395
2021-02-05T07:00:00,20.160908242930535
2021-02-05T08:00:00,19.564630342566446
2021-02-05T09:00:00,20.35626792907715
2021-02-05T10:00:00,22.595079090284262
2021-02-05T11:00:00,28.860417075779125
2021-02-05T12:00:00,38.00970890211022
2021-02-05T13:00:00,45.592497120732844
2021-02-05T14:00:00,48.92913188105043
2021-02-05T15:00:00,53.32988291201384
2021-02-05T16:00:00,61.73883819580078
2021-02-05T17:00:00,72.03148219896399
2021-02-05T18:00:00,79.24956014881963
2021-02-05T19:00:00,82.3140119469684
2021-02-05T20:00:00,83.0031509399414
2021-02-05T21:00:00,83.09703760561734
2021-02-05T22:00:00,82.90798751167628
2021-02-05T23:00:00,82.8526272981063
2021-02-06T00:00:00,82.66658318561056
2021-02-06T01:00:00,82.18604875647503
2021-02-06T02:00:00,52.915464318316914
2021-02-06T03:00:00,30.991416931152344
2021-02-06T04:00:00,21.34344382908033
2021-02-06T05:00:00,16.78767506972603
2021-02-06T06:00:00,14.38242377405581
2021-02-06T07:00:00,13.039512800133746
2021-02-06T08:00:00,12.354024223659348
2021-02-06T09:00:00,13.263874427131983
2021-02-06T10:00:00,17.001251303631324
2021-02-06T11:00:00,23.798557696135145
2021-02-06T12:00:00,32.92595971148947
2021-02-06T13:00:00,38.588353198507555
2021-02-06T14:00:00,42.09176088416058
2021-02-06T15:00:00,44.55333477517833
2021-02-06T16:00:00,47.477730792501696
2021-02-06T17:00:00,49.9432897153108
2021-02-06T18:00:00,51.32772744220236
2021-02-06T19:00:00,52.39446440986964
2021-02-06T20:00:00,53.57006487639054
2021-02-06T21:00:00,53.21844565350076
2021-02-06T22:00:00,52.4980355967646
2021-02-06T23:00:00,49.72949069479237
2021-02-07T00:00:00,48.96529968925144
2021-02-07T01:00:00,47.76287244713824
2021-02-07T02:00:00,28.64672403750212
2021-02-07T03:00:00,20.35687620743461
2021-02-07T04:00:00,16.025554947231125
2021-02-07T05:00:00,13.929119939389436
2021-02-07T06:00:00,12.986066693845
2021-02-07T07:00:00,12.480047682057254
2021-02-07T08:00:00,12.043023897253946
2021-02-07T09:00:00,11.933016901430875
2021-02-07T10:00:00,12.494346991829248
2021-02-07T11:00:00,15.470214180324387
2021-02-07T12:00:00,20.999219230983567
2021-02-07T13:00:00,25.367181529169493
2021-02-07T14:00:00,29.947110715119734
2021-02-07T15:00:00,34.04810814235522
2021-02-07T16:00:00,36.87675343389096
2021-02-07T17:00:00,39.267999234406844
2021-02-07T18:00:00,40.19722880487856
2021-02-07T19:00:00,41.043114371921696
2021-02-07T20:00:00,43.08303584223208
2021-02-07T21:00:00,44.73939066347868
2021-02-07T22:00:00,45.8898517774499
2021-02-07T23:00:00,46.92589104693868
2021-02-08T00:00:00,47.91107476275899
2021-02-08T01:00:00,48.734197699505344
2021-02-08T02:00:00,39.877577408500336
2021-02-08T03:00:00,26.759723829186477
2021-02-08T04:00:00,21.098930358886715
2021-02-08T05:00:00,18.656439822653063
2021-02-08T06:00:00,17.92117939824643
2021-02-08T07:00:00,17.787106057871938
2021-02-08T08:00:00,18.00027449234672
2021-02-08T09:00:00,19.035626784614895
2021-02-08T10:00:00,22.754342535267703
2021-02-08T11:00:00,30.057007499363106
2021-02-08T12:00:00,40.07522632764733
2021-02-08T13:00:00,47.014468483302906
2021-02-08T14:00:00,52.44115232384723
2021-02-08T15:00:00,55.934461178986915
2021-02-08T16:00:00,58.29088957413382
2021-02-08T17:00:00,60.23118060568104
2021-02-08T18:00:00,61.09778860340947
2021-02-08T19:00:00,60.21401098500127
2021-02-08T20:00:00,57.85157178795855
2021-02-08T21:00:00,55.67842417177946
2021-02-08T22:00:00,54.74451745074727
2021-02-08T23:00:00,53.571297189463735
2021-02-09T00:00:00,52.151805380116336
2021-02-09T01:00:00,50.229032931120486
2021-02-09T02:00:00,41.90976798016092
2021-02-09T03:00:00,34.24596902598505
2021-02-09T04:00:00,29.305383516394567
2021-02-09T05:00:00,25.707633308742356
2021-02-09T06:00:00,23.544865732607633
2021-02-09T07:00:00,22.882929262907606
2021-02-09T08:00:00,22.745934196140453
2021-02-09T09:00:00,22.989920242972993
2021-02-09T10:00:00,23.536976026452102
2021-02-09T11:00:00,25.34660214963166
2021-02-09T12:00:00,28.414543068927266
2021-02-09T13:00:00,30.09977058742357
2021-02-09T14:00:00,31.866533362347145
2021-02-09T15:00:00,34.27016581659732
2021-02-09T16:00:00,38.40140433933424
2021-02-09T17:00:00,44.19121020773182
2021-02-09T18:00:00,48.733995520550266
2021-02-09T19:00:00,52.53489353345788
2021-02-09T20:00:00,56.479199119236156
2021-02-09T21:00:00,60.51485708485478
2021-02-09T22:00:00,65.05669502590013
2021-02-09T23:00:00,69.16439885678497
2021-02-10T00:00:00,73.24279751984969
2021-02-10T01:00:00,75.5258384372877
2021-02-10T02:00:00,56.510808364204735
2021-02-10T03:00:00,45.609657951023266
2021-02-10T04:00:00,40.3432618846064
2021-02-10T05:00:00,36.073370394499406
2021-02-10T06:00:00,33.031128095543906
2021-02-10T07:00:00,30.95065664208453
2021-02-10T08:00:00,29.899712189384125
2021-02-10T09:00:00,29.55203296827233
2021-02-10T10:00:00,30.22662768156632
2021-02-10T11:00:00,32.80717219477114
2021-02-10T12:00:00,38.24772461600925
2021-02-10T13:00:00,43.24663610043733
2021-02-10T14:00:00,47.17197716754415
2021-02-10T15:00:00,51.21042251586914
2021-02-10T16:00:00,55.298520958941914
2021-02-10T17:00:00,61.05962454754372
2021-02-10T18:00:00,65.34648712821628
2021-02-10T19:00:00,65.96075704823369
2021-02-10T20:00:00,65.92547673764436
2021-02-10T21:00:00,66.61458023734714
2021-02-10T22:00:00,67.35597162661345
2021-02-10T23:00:00,67.76877859364384
2021-02-11T00:00:00,67.75651284922724
2021-02-11T01:00:00,64.86034310382345
2021-02-11T02:00:00,40.04705263220746
2021-02-11T03:00:00,29.281939879707664
2021-02-11T04:00:00,26.2991885309634
2021-02-11T05:00:00,23.82655682771102
2021-02-11T06:00:00,21.81850765062415
2021-02-11T07:00:00,20.372239983600117
2021-02-11T08:00:00,19.396523102470063
2021-02-11T09:00:00,19.16750634234884
2021-02-11T10:00:00,19.776299601015836
2021-02-11T11:00:00,22.49046358854874
2021-02-11T12:00:00,27.742714259935457
2021-02-11T13:00:00,36.06026060684867
2021-02-11T14:00:00,45.14198717863663
2021-02-11T15:00:00,53.99394839742909
2021-02-11T16:00:00,61.53486069389011
2021-02-11T17:00:00,67.18510204812753
2021-02-11T18:00:00,70.71551613185716
2021-02-11T19:00:00,71.81646579244861
2021-02-11T20:00:00,71.12656253317127
2021-02-11T21:00:00,69.92885606185249
2021-02-11T22:00:00,68.76322406271228
2021-02-11T23:00:00,68.68556279721467
2021-02-12T00:00:00,61.17431126470151
2021-02-12T01:00:00,57.29619731073794
2021-02-12T02:00:00,41.9278221130371
2021-02-12T03:00:00,24.99561268350352
2021-02-12T04:00:00,19.539692132369332
2021-02-12T05:00:00,17.25006240347157
2021-02-12T06:00:00,16.427239915598992
2021-02-12T07:00:00,16.14992100259532
2021-02-12T08:00:00,16.238730057426118
2021-02-12T09:00:00,16.501497019892152
2021-02-12T10:00:00,16.934818806855574
2021-02-12T11:00:00,18.83365552321724
2021-02-12T12:00:00,25.55348844113557
2021-02-12T13:00:00,35.00660166533096
2021-02-12T14:00:00,39.406059596849516
2021-02-12T15:00:00,43.676431738811985
2021-02-12T16:00:00,53.56529584138289
2021-02-12T17:00:00,64.66620304273522
2021-02-12T18:00:00,73.59097688094427
2021-02-12T19:00:00,78.6257626077403
2021-02-12T20:00:00,81.60718237835428
2021-02-12T21:00:00,84.45995994236158
2021-02-12T22:00:00,87.51150744894275
2021-02-12T23:00:00,90.56762595798658
2021-02-13T00:00:00,93.5286928259808
2021-02-13T01:00:00,92.8072224492612
2021-02-13T02:00:00,42.9522358438243
2021-02-13T03:00:00,20.76310406560483
2021-02-13T04:00:00,15.51258447895879
2021-02-13T05:00:00,13.335522983385166
2021-02-13T06:00:00,12.150538485983143
2021-02-13T07:00:00,11.751920451288637
2021-02-13T08:00:00,11.841452681499977
2021-02-13T09:00:00,12.181599368219787
2021-02-13T10:00:00,12.634263743524963
2021-02-13T11:00:00,14.35428130108377
2021-02-13T12:00:00,18.305527728536855
2021-02-13T13:00:00,26.975605176842727
2021-02-13T14:00:00,31.20452283776324
2021-02-13T15:00:00,35.43320008982782
2021-02-13T16:00:00,39.37320244830587
2021-02-13T17:00:00,47.54138448963994
2021-02-13T18:00:00,57.89650543876316
2021-02-13T19:00:00,70.56391044284986
2021-02-13T20:00:00,79.26079658840014
2021-02-13T21:00:00,85.2309984953507
2021-02-13T22:00:00,89.53578385062838
2021-02-13T23:00:00,92.61734108302905
2021-02-14T00:00:00,94.47546121348506
2021-02-14T01:00:00,82.04643116826594
2021-02-14T02:00:00,33.85961615520975
2021-02-14T03:00:00,19.546400982400645
2021-02-14T04:00:00,15.89413307024085
2021-02-14T05:00:00,14.56572569971499
2021-02-14T06:00:00,13.771750947703486
2021-02-14T07:00:00,13.291352976923402
2021-02-14T08:00:00,13.107707811438516
2021-02-14T09:00:00,13.280002635458239
2021-02-14T10:00:00,13.832251963408096
2021-02-14T11:00:00,15.72476179703422
2021-02-14T12:00:00,20.557419984237004
2021-02-14T13:00:00,28.025513192881704
2021-02-14T14:00:00,34.99031722027321
2021-02-14T15:00:00,41.69699544491975
2021-02-14T16:00:00,49.64257895428201
2021-02-14T17:00:00,59.72078937032948
2021-02-14T18:00:00,69.50019869597061
2021-02-14T19:00:00,73.29130388342814
2021-02-14T20:00:00,73.18479023809017
2021-02-14T21:00:00,71.7015268077021
2021-02-14T22:00:00,70.13369750976561
2021-02-14T23:00:00,68.70730225936225
2021-02-15T00:00:00,64.59402548748514
2021-02-15T01:00:00,56.69405232305112
2021-02-15T02:00:00,29.991971969604485
2021-02-15T03:00:00,24.33325502146845
2021-02-15T04:00:00,21.495493681534477
2021-02-15T05:00:00,19.15912794030231
2021-02-15T06:00:00,17.310497698576555
2021-02-15T07:00:00,16.165311688962184
2021-02-15T08:00:00,15.740977079971975
2021-02-15T09:00:00,15.815005675606105
2021-02-15T10:00:00,16.403411782306172
2021-02-15T11:00:00,18.19959599038829
2021-02-15T12:00:00,23.951933819314704
2021-02-15T13:00:00,29.02820661793584
2021-02-15T14:00:00,27.96148283585258
2021-02-15T15:00:00,31.97129373965056
2021-02-15T16:00:00,34.81369673687478
2021-02-15T17:00:00,38.57751050202743
2021-02-15T18:00:00,41.037202254585594
2021-02-15T19:00:00,42.79353349105171
2021-02-15T20:00:00,43.86178107883619
2021-02-15T21:00:00,45.039521590523094
2021-02-15T22:00:00,44.584029819654376
2021-02-15T23:00:00,42.790523529052734
2021-02-16T00:00:00,43.97458515996518
2021-02-16T01:00:00,47.250996133555525
2021-02-16T02:00:00,43.58888095358144
2021-02-16T03:00:00,41.089578048042625
2021-02-16T04:00:00,38.14620971679687
2021-02-16T05:00:00,32.89192630933678
2021-02-16T06:00:00,31.19878976241402
2021-02-16T07:00:00,30.743478194527
2021-02-16T08:00:00,30.944106889807657
2021-02-16T09:00:00,31.683453601339586
2021-02-16T10:00:00,34.12303891389266
2021-02-16T11:00:00,37.426668250042454
2021-02-16T12:00:00,47.15398805037788
2021-02-16T13:00:00,60.619344794231914
2021-02-16T14:00:00,72.53317924167797
2021-02-16T15:00:00,83.40801902439283
2021-02-16T16:00:00,92.80072220512058
2021-02-16T17:00:00,100.11206883969513
2021-02-16T18:00:00,108.5790202928626
2021-02-16T19:00:00,113.34738723091456
2021-02-16T20:00:00,112.73903058922807
2021-02-16T21:00:00,109.96203646452528
2021-02-16T22:00:00,105.9180622930112
2021-02-16T23:00:00,101.61994270656419
2021-02-17T00:00:00,97.93075528352156
2021-02-17T01:00:00,90.41888626762058
2021-02-17T02:00:00,65.58089430435844
2021-02-17T03:00:00,47.74811155899711
2021-02-17T04:00:00,42.449711011803664
2021-02-17T05:00:00,41.20609698088272
2021-02-17T06:00:00,40.37825393676758
2021-02-17T07:00:00,39.470518029254414
2021-02-17T08:00:00,38.454391645348586
2021-02-17T09:00:00,37.39903292448624
2021-02-17T10:00:00,36.85645493217136
2021-02-17T11:00:00,38.268262448518165
2021-02-17T12:00:00,44.25615559453549
2021-02-17T13:00:00,52.19327412480893
2021-02-17T14:00:00,58.669221960979954
2021-02-17T15:00:00,63.26028492139732
2021-02-17T16:00:00,68.44194246375041
2021-02-17T17:00:00,75.16272238026495
2021-02-17T18:00:00,82.85993095066236
2021-02-17T19:00:00,84.72670115595277
2021-02-17T20:00:00,84.12734919009
2021-02-17T21:00:00,83.579333761464
2021-02-17T22:00:00,82.90399634319802
2021-02-17T23:00:00,82.05752563476561
2021-02-18T00:00:00,81.07692751677139
2021-02-18T01:00:00,77.82680544645889
2021-02-18T02:00:00,50.0210893050484
2021-02-18T03:00:00,38.421607473622196
2021-02-18T04:00:00,32.387901554936946
2021-02-18T05:00:00,28.762731717980422
2021-02-18T06:00:00,26.425567046455715
2021-02-18T07:00:00,25.11638210130774
2021-02-18T08:00:00,24.422622100166652
2021-02-18T09:00:00,24.23740527940833
2021-02-18T10:00:00,24.498518985250723
2021-02-18T11:00:00,26.663263901420258
2021-02-18T12:00:00,34.914328865382984
2021-02-18T13:00:00,45.21081443454908
2021-02-18T14:00:00,47.65679848712423
2021-02-18T15:00:00,45.70594041243843
2021-02-18T16:00:00,46.68752139547597
2021-02-18T17:00:00,47.94111235245414
2021-02-18T18:00:00,49.3149475429369
2021-02-18T19:00:00,54.59223075534986
2021-02-18T20:00:00,63.58806112538213
2021-02-18T21:00:00,72.02683390741763
2021-02-18T22:00:00,81.4322045367697
2021-02-18T23:00:00,89.31401261039402
2021-02-19T00:00:00,94.68841751762056
2021-02-19T01:00:00,89.21629333496092
2021-02-19T02:00:00,43.600605342699126
2021-02-19T03:00:00,25.518973723701805
2021-02-19T04:00:00,18.207246199898094
2021-02-19T05:00:00,14.886955883191977
2021-02-19T06:00:00,13.068811789802881
2021-02-19T07:00:00,12.255501705667244
2021-02-19T08:00:00,12.002204148665717
2021-02-19T09:00:00,12.248701717542565
2021-02-19T10:00:00,13.063143937484076
2021-02-19T11:00:00,16.095198548358418
2021-02-19T12:00:00,21.766691622526746
2021-02-19T13:00:00,24.698747966600497
2021-02-19T14:00:00,26.45413307521654
2021-02-19T15:00:00,29.397025315657903
2021-02-19T16:00:00,33.68941232432489
2021-02-19T17:00:00,37.12362637727156
2021-02-19T18:00:00,33.88394894807235
2021-02-19T19:00:00,32.420452200848125
2021-02-19T20:00:00,31.45299032460088
2021-02-19T21:00:00,30.862504295680832
2021-02-19T22:00:00,30.301607878311813
2021-02-19T23:00:00,29.87750385118567
2021-02-20T00:00:00,29.77027511596679
2021-02-20T01:00:00,30.02331916145656
2021-02-20T02:00:00,26.350958368052606
2021-02-20T03:00:00,21.28749971804411
2021-02-20T04:00:00,18.4702905571979
2021-02-20T05:00:00,16.841108487999954
2021-02-20T06:00:00,15.83586966473123
2021-02-20T07:00:00,15.384352062059483
2021-02-20T08:00:00,15.208476812943168
2021-02-20T09:00:00,15.345048862954844
2021-02-20T10:00:00,15.805073945418647
2021-02-20T11:00:00,17.699009190434992
2021-02-20T12:00:00,22.06373529848845
2021-02-20T13:00:00,25.822493097056512
2021-02-20T14:00:00,27.275919292284094
2021-02-20T15:00:00,28.383700080539867
2021-02-20T16:00:00,30.39381508205248
2021-02-20T17:00:00,33.39751525547193
2021-02-20T18:00:00,35.97178583559782
2021-02-20T19:00:00,36.75975169306216
2021-02-20T20:00:00,37.05988560552182
2021-02-20T21:00:00,38.74796942005986
2021-02-20T22:00:00,41.76787102740744
2021-02-20T23:00:00,45.993461443030306
2021-02-21T00:00:00,50.02736696989639
2021-02-21T01:00:00,52.0537868997325
2021-02-21T02:00:00,30.450595358143683
2021-02-21T03:00:00,20.090261956919793
2021-02-21T04:00:00,16.720107700513754
2021-02-21T05:00:00,15.14533469987952
2021-02-21T06:00:00,14.82043345078178
2021-02-21T07:00:00,15.111636452052903
2021-02-21T08:00:00,15.655647194903828
2021-02-21T09:00:00,16.43026986329452
2021-02-21T10:00:00,17.433267427527383
2021-02-21T11:00:00,19.450421208920684
2021-02-21T12:00:00,22.770920794943102
2021-02-21T13:00:00,26.085905489714246
2021-02-21T14:00:00,32.61846459430196
2021-02-21T15:00:00,38.79674364172893
2021-02-21T16:00:00,43.916594961415164
2021-02-21T17:00:00,48.118505892546274
2021-02-21T18:00:00,49.50322972173276
2021-02-21T19:00:00,51.88209019536557
2021-02-21T20:00:00,59.461003842561134
2021-02-21T21:00:00,67.63061125382133
2021-02-21T22:00:00,69.35645642487898
2021-02-21T23:00:00,63.194016498068095
2021-02-22T00:00:00,61.501942510190204
2021-02-22T01:00:00,60.775565603505
2021-02-22T02:00:00,40.678361643915586
2021-02-22T03:00:00,28.658878906913422
2021-02-22T04:00:00,23.253450310748555
2021-02-22T05:00:00,20.64530845310377
2021-02-22T06:00:00,18.723232103430703
2021-02-22T07:00:00,17.246366044749383
2021-02-22T08:00:00,16.8168018175208
2021-02-22T09:00:00,17.232453636501145
2021-02-22T10:00:00,18.566353258879285
2021-02-22T11:00:00,22.748905430669367
2021-02-22T12:00:00,30.092445622319755
2021-02-22T13:00:00,33.428524680759594
2021-02-22T14:00:00,36.92545434702998
2021-02-22T15:00:00,42.510752636453375
2021-02-22T16:00:00,47.991955135179595
2021-02-22T17:00:00,53.412157805069626
2021-02-22T18:00:00,57.01701952063518
2021-02-22T19:00:00,58.796886609948196
2021-02-22T20:00:00,60.39144101350203
2021-02-22T21:00:00,59.347001780634336
2021-02-22T22:00:00,57.46408495695694
2021-02-22T23:00:00,55.382280764372446
2021-02-23T00:00:00,53.60521863854449
2021-02-23T01:00:00,47.863411447276235
2021-02-23T02:00:00,28.789872708527938
2021-02-23T03:00:00,23.151779091876485
2021-02-23T04:00:00,20.24052337978197
2021-02-23T05:00:00,18.92019047944442
2021-02-23T06:00:00,18.3423900604248
2021-02-23T07:00:00,18.01315407131029
2021-02-23T08:00:00,17.93144035339355
2021-02-23T09:00:00,18.22013174969217
2021-02-23T10:00:00,19.07647779713506
2021-02-23T11:00:00,21.4740690148395
2021-02-23T12:00:00,26.312449165012524
2021-02-23T13:00:00,31.932278342868965
2021-02-23T14:00:00,37.711744391399876
2021-02-23T15:00:00,44.37177044412364
2021-02-23T16:00:00,50.42009602422299
2021-02-23T17:00:00,56.54176313980766
2021-02-23T18:00:00,64.53123175579569
2021-02-23T19:00:00,69.79933664073114
2021-02-23T20:00:00,73.28910794465438
2021-02-23T21:00:00,76.42396280039911
2021-02-23T22:00:00,79.70248711627463
2021-02-23T23:00:00,83.55824279785155
2021-02-24T00:00:00,85.92953988780144
2021-02-24T01:00:00,81.50461976424506
2021-02-24T02:00:00,52.17954370249872
2021-02-24T03:00:00,36.36952955826469
2021-02-24T04:00:00,29.624252153479528
2021-02-24T05:00:00,26.72400209178095
2021-02-24T06:00:00,25.000844706659727
2021-02-24T07:00:00,23.865202696427055
2021-02-24T08:00:00,23.151678831680957
2021-02-24T09:00:00,22.92101072228473
2021-02-24T10:00:00,23.24422504590905
2021-02-24T11:00:00,24.977380835491676
2021-02-24T12:00:00,29.053739133088484
2021-02-24T13:00:00,33.401073124097735
2021-02-24T14:00:00,41.861825528352156
2021-02-24T15:00:00,54.00484018740446
2021-02-24T16:00:00,69.33009802776834
2021-02-24T17:00:00,84.41706715459408
2021-02-24T18:00:00,96.29280985956605
2021-02-24T19:00:00,102.21394082774285
2021-02-24T20:00:00,104.34554556141728
2021-02-24T21:00:00,104.27469502324642
2021-02-24T22:00:00,101.20564502218494
2021-02-24T23:00:00,94.04583640720533
2021-02-25T00:00:00,74.37091362994649
2021-02-25T01:00:00,61.793207417363696
2021-02-25T02:00:00,41.04192219609799
2021-02-25T03:00:00,30.428873062133786
2021-02-25T04:00:00,25.580440604168434
2021-02-25T05:00:00,22.91353018387504
2021-02-25T06:00:00,21.426376425701633
2021-02-25T07:00:00,20.914996934973676
2021-02-25T08:00:00,20.92703255363132
2021-02-25T09:00:00,21.26753823653511
2021-02-25T10:00:00,21.844945575879965
2021-02-25T11:00:00,22.397201621014137
2021-02-25T12:00:00,23.977097138114594
2021-02-25T13:00:00,27.078884705253266
2021-02-25T14:00:00,35.7906555507494
2021-02-25T15:00:00,47.0491246762483
2021-02-25T16:00:00,56.38897754835045
2021-02-25T17:00:00,64.80862741884978
2021-02-25T18:00:00,72.50615758481233
2021-02-25T19:00:00,81.9269906748896
2021-02-25T20:00:00,88.7737814861795
2021-02-25T21:00:00,93.22678607443103
2021-02-25T22:00:00,95.57531406568442
2021-02-25T23:00:00,97.22344672161599
2021-02-26T00:00:00,98.9725182574728
2021-02-26T01:00:00,98.54672075354533
2021-02-26T02:00:00,67.30281382021695
2021-02-26T03:00:00,37.539198004681126
2021-02-26T04:00:00,31.591516163038172
2021-02-26T05:00:00,28.791295507679813
2021-02-26T06:00:00,27.088645769202188
2021-02-26T07:00:00,25.91138449959133
2021-02-26T08:00:00,25.0607155509617
2021-02-26T09:00:00,24.54357512100883
2021-02-26T10:00:00,24.597306873487387
2021-02-26T11:00:00,25.663613360861074
2021-02-26T12:00:00,30.537086155103598
2021-02-26T13:00:00,40.8537194625191
2021-02-26T14:00:00,53.84087388411811
2021-02-26T15:00:00,69.00285455454949
2021-02-26T16:00:00,82.58748494023861
2021-02-26T17:00:00,93.63547482697858
2021-02-26T18:00:00,102.20002083156419
2021-02-26T19:00:00,109.92228234332539
2021-02-26T20:00:00,116.82962069304092
2021-02-26T21:00:00,121.73218702233355
2021-02-26T22:00:00,125.53181291663128
2021-02-26T23:00:00,128.55317057733947
2021-02-27T00:00:00,130.42860213569972
2021-02-27T01:00:00,126.98113416588824
2021-02-27T02:00:00,77.19727424953295
2021-02-27T03:00:00,49.1219019682511
2021-02-27T04:00:00,42.2124317003333
2021-02-27T05:00:00,39.27037943964419
2021-02-27T06:00:00,37.56552986476732
2021-02-27T07:00:00,36.39914338485054
2021-02-27T08:00:00,35.68037878948709
2021-02-27T09:00:00,35.55684263809867
2021-02-27T10:00:00,36.16722223033075
2021-02-27T11:00:00,37.83315741497537
2021-02-27T12:00:00,44.68008223823878
2021-02-27T13:00:00,58.63770907858143
2021-02-27T14:00:00,72.90104310408881
2021-02-27T15:00:00,85.90417646325152
2021-02-27T16:00:00,96.264614271081
2021-02-27T17:00:00,102.45395428201425
2021-02-27T18:00:00,103.33550295622452
2021-02-27T19:00:00,99.80503314474353
2021-02-27T20:00:00,93.97775600267492
2021-02-27T21:00:00,87.36919767960258
2021-02-27T22:00:00,80.10541866136633
2021-02-27T23:00:00,74.15622379468834
2021-02-28T00:00:00,70.44821929931639
2021-02-28T01:00:00,68.35867790553878
2021-02-28T02:00:00,58.11796818608823
2021-02-28T03:00:00,38.45196781987729
2021-02-28T04:00:00,33.67983494634213
2021-02-28T05:00:00,30.531894103340477
2021-02-28T06:00:00,27.583398238472313
2021-02-28T07:00:00,25.5835657534392
2021-02-28T08:00:00,24.492319438768465
2021-02-28T09:00:00,24.315266070158586
2021-02-28T10:00:00,25.111643003380813
2021-02-28T11:00:00,26.99997636546259
2021-02-28T12:00:00,34.685180498206094
2021-02-28T13:00:00,47.319933683975876
2021-02-28T14:00:00,59.772318135137134
2021-02-28T15:00:00,71.38265128757642
2021-02-28T16:00:00,80.62851482888927
2021-02-28T17:00:00,85.9862644361413
2021-02-28T18:00:00,87.1985163481339
2021-02-28T19:00:00,83.57842553180195
2021-02-28T20:00:00,77.6640858857528
2021-02-28T21:00:00,75.8925263778023
2021-02-28T22:00:00,75.22439011283542
2021-02-28T23:00:00,74.63387563954228
2021-03-01T00:00:00,73.00964620838994
2021-03-01T01:00:00,69.45869064331055
2021-03-01T02:00:00,54.38134268055791
2021-03-01T03:00:00,29.28265828671662
2021-03-01T04:00:00,22.597571746162743
2021-03-01T05:00:00,19.656295112941574
2021-03-01T06:00:00,18.349092566448707
2021-03-01T07:00:00,17.917005787725035
2021-03-01T08:00:00,17.962989807128903
2021-03-01T09:00:00,18.51766130198603
2021-03-01T10:00:00,19.90661455237347
2021-03-01T11:00:00,23.375537540601645
2021-03-01T12:00:00,31.909152238265325
2021-03-01T13:00:00,42.494214596955665
2021-03-01T14:00:00,52.68006415989087
2021-03-01T15:00:00,61.99986565631368
2021-03-01T16:00:00,69.42878623630689
2021-03-01T17:00:00,74.72967529296875
2021-03-01T18:00:00,78.20279129691744
2021-03-01T19:00:00,80.09804767111072
2021-03-01T20:00:00,78.4794284986413
2021-03-01T21:00:00,75.33867346722147
2021-03-01T22:00:00,72.22580951193103
2021-03-01T23:00:00,69.65963164619777
2021-03-02T00:00:00,68.35499390311861
2021-03-02T01:00:00,67.21511592035706
2021-03-02T02:00:00,48.02176500403362
2021-03-02T03:00:00,31.79399639627208
2021-03-02T04:00:00,27.074797671774153
2021-03-02T05:00:00,25.94152102263077
2021-03-02T06:00:00,25.16827516970427
2021-03-02T07:00:00,24.2977296580439
2021-03-02T08:00:00,23.657386116359543
2021-03-02T09:00:00,23.57751108252484
2021-03-02T10:00:00,24.254853455916688
2021-03-02T11:00:00,26.630138811857798
2021-03-02T12:00:00,33.479492021643594
2021-03-02T13:00:00,41.18631943412449
2021-03-02T14:00:00,49.31725775677224
2021-03-02T15:00:00,58.281080992325485
2021-03-02T16:00:00,65.96947794375211
2021-03-02T17:00:00,72.1411016713018
2021-03-02T18:00:00,76.1013007785963
2021-03-02T19:00:00,77.7820932139521
2021-03-02T20:00:00,79.9859622457753
2021-03-02T21:00:00,80.82576983907948
2021-03-02T22:00:00,80.81970679241677
2021-03-02T23:00:00,82.22183459738027
2021-03-03T00:00:00,83.40999470586361
2021-03-03T01:00:00,78.9851661350416
2021-03-03T02:00:00,43.85402314559273
2021-03-03T03:00:00,28.45952871571416
2021-03-03T04:00:00,23.39351936008619
2021-03-03T05:00:00,21.060966242914613
2021-03-03T06:00:00,19.653627063917074
2021-03-03T07:00:00,18.863608816395637
2021-03-03T08:00:00,18.51871822191321
2021-03-03T09:00:00,18.68941472924274
2021-03-03T10:00:00,19.514686501544453
2021-03-03T11:00:00,22.210374915081516
2021-03-03T12:00:00,28.501651515131407
2021-03-03T13:00:00,36.712524082349695
2021-03-03T14:00:00,45.469806339429766
2021-03-03T15:00:00,53.91365382982336
2021-03-03T16:00:00,60.77605023591414
2021-03-03T17:00:00,65.7860638162364
2021-03-03T18:00:00,67.52457809448242
2021-03-03T19:00:00,66.18492159636124
2021-03-03T20:00:00,65.09139898548955
2021-03-03T21:00:00,63.871248825736664
2021-03-03T22:00:00,62.66314647508703
2021-03-03T23:00:00,63.46538394430409
2021-03-04T00:00:00,65.41048497739044
2021-03-04T01:00:00,65.85234633735988
2021-03-04T02:00:00,38.39699571029
2021-03-04T03:00:00,25.785056238589075
2021-03-04T04:00:00,22.201672263767406
2021-03-04T05:00:00,20.650163899297297
2021-03-04T06:00:00,19.766894133194633
2021-03-04T07:00:00,19.020890111508574
2021-03-04T08:00:00,18.241202230038848
2021-03-04T09:00:00,17.676446043926735
2021-03-04T10:00:00,17.517340908879817
2021-03-04T11:00:00,19.306688640428625
2021-03-04T12:00:00,24.98158911000127
2021-03-04T13:00:00,32.437007655268125
2021-03-04T14:00:00,39.91359412151834
2021-03-04T15:00:00,47.36533853282098
2021-03-04T16:00:00,54.22020538993503
2021-03-04T17:00:00,59.596342501433
2021-03-04T18:00:00,62.05168384054432
2021-03-04T19:00:00,61.631847547448196
2021-03-04T20:00:00,60.29831927755605
2021-03-04T21:00:00,59.55666351318359
2021-03-04T22:00:00,60.33120312898055
2021-03-04T23:00:00,60.92983925860861
2021-03-05T00:00:00,61.13857484900432
2021-03-05T01:00:00,57.70504910012949
2021-03-05T02:00:00,29.697013689124063
2021-03-05T03:00:00,20.582985670670215
2021-03-05T04:00:00,18.7631778717041
2021-03-05T05:00:00,17.755438348521352
2021-03-05T06:00:00,17.033381047456157
2021-03-05T07:00:00,16.616298053575598
2021-03-05T08:00:00,16.55617087820302
2021-03-05T09:00:00,16.881874540577762
2021-03-05T10:00:00,17.687838844631028
2021-03-05T11:00:00,19.636233785878055
2021-03-05T12:00:00,22.461923433386758
2021-03-05T13:00:00,29.595981680828586
2021-03-05T14:00:00,36.34837225209112
2021-03-05T15:00:00,43.621019446331516
2021-03-05T16:00:00,52.003889498503305
2021-03-05T17:00:00,67.6724797124448
2021-03-05T18:00:00,75.85386458687161
2021-03-05T19:00:00,78.16676496422808
2021-03-05T20:00:00,84.69747891633406
2021-03-05T21:00:00,87.82098090130349
2021-03-05T22:00:00,87.39681343410325
2021-03-05T23:00:00,85.79471223250678
2021-03-06T00:00:00,83.70040595013161
2021-03-06T01:00:00,81.38556239915931
2021-03-06T02:00:00,54.010020712147586
2021-03-06T03:00:00,33.461629535840906
2021-03-06T04:00:00,26.02396384529445
2021-03-06T05:00:00,21.283732206925098
2021-03-06T06:00:00,17.134701023931086
2021-03-06T07:00:00,13.99377793851106
2021-03-06T08:00:00,12.610305910525112
2021-03-06T09:00:00,13.828252585037893
2021-03-06T10:00:00,14.970286120539125
2021-03-06T11:00:00,17.695410521134082
2021-03-06T12:00:00,27.462280024652895
2021-03-06T13:00:00,37.7416589156441
2021-03-06T14:00:00,42.36305269987686
2021-03-06T15:00:00,38.98389584085215
2021-03-06T16:00:00,45.12514164136803
2021-03-06T17:00:00,43.472854614257805
2021-03-06T18:00:00,46.550190303636626
2021-03-06T19:00:00,50.41846482650093
2021-03-06T20:00:00,53.08596901271654
2021-03-06T21:00:00,55.64916842916737
2021-03-06T22:00:00,55.87102392445439
2021-03-06T23:00:00,56.796089006506875
2021-03-07T00:00:00,57.65278907444166
2021-03-07T01:00:00,55.005870321522586
2021-03-07T02:00:00,28.0674586088761
2021-03-07T03:00:00,17.787851955579672
2021-03-07T04:00:00,14.848949225052541
2021-03-07T05:00:00,13.230125095533287
2021-03-07T06:00:00,12.268360469652258
2021-03-07T07:00:00,11.558488389720086
2021-03-07T08:00:00,10.788760641346805
2021-03-07T09:00:00,10.676145677981168
2021-03-07T10:00:00,11.99157548987347
2021-03-07T11:00:00,15.199863185053285
2021-03-07T12:00:00,22.017506226249363
2021-03-07T13:00:00,26.583677955295727
2021-03-07T14:00:00,25.591903188954227
2021-03-07T15:00:00,24.90873743140179
2021-03-07T16:00:00,25.16670840719472
2021-03-07T17:00:00,25.963158317234203
2021-03-07T18:00:00,25.043914380280864
2021-03-07T19:00:00,23.89301523954972
2021-03-07T20:00:00,23.344483458477516
2021-03-07T21:00:00,23.73523666547692
2021-03-07T22:00:00,24.418246352154274
2021-03-07T23:00:00,25.158222198486328
2021-03-08T00:00:00,26.007463703984794
2021-03-08T01:00:00,26.184125858804453
2021-03-08T02:00:00,18.468063437420387
2021-03-08T03:00:00,13.598089964493461
2021-03-08T04:00:00,11.68224347156027
2021-03-08T05:00:00,10.860298281130582
2021-03-08T06:00:00,9.860299732374108
2021-03-08T07:00:00,8.922877912936002
2021-03-08T08:00:00,8.569365729456361
2021-03-08T09:00:00,8.720323811406674
2021-03-08T10:00:00,10.043132906374725
2021-03-08T11:00:00,12.632781070211658
2021-03-08T12:00:00,16.41315041417661
2021-03-08T13:00:00,19.04719029302182
2021-03-08T14:00:00,21.73360310430112
2021-03-08T15:00:00,24.457530311916184
2021-03-08T16:00:00,28.521128032518465
2021-03-08T17:00:00,33.0981971906579
2021-03-08T18:00:00,36.83815997579823
2021-03-08T19:00:00,40.495457027269445
2021-03-08T20:00:00,44.641512000042454
2021-03-08T21:00:00,47.237053249193266
2021-03-08T22:00:00,48.338055817977235
2021-03-08T23:00:00,49.062185204547376
2021-03-09T00:00:00,48.98515601780103
2021-03-09T01:00:00,45.19404817664104
2021-03-09T02:00:00,24.478909699813176
2021-03-09T03:00:00,15.430202193882154
2021-03-09T04:00:00,12.103381156921385
2021-03-09T05:00:00,10.625971006310504
2021-03-09T06:00:00,9.844803271086318
2021-03-09T07:00:00,9.476108675417692
2021-03-09T08:00:00,9.334233325460682
2021-03-09T09:00:00,9.489589027736498
2021-03-09T10:00:00,10.102818364682403
2021-03-09T11:00:00,11.854826139367145
2021-03-09T12:00:00,17.759775203207262
2021-03-09T13:00:00,25.80622523763905
2021-03-09T14:00:00,33.18935634778893
2021-03-09T15:00:00,40.27642507138459
2021-03-09T16:00:00,46.637458801269524
2021-03-09T17:00:00,50.83184996895167
2021-03-09T18:00:00,54.25860413261081
2021-03-09T19:00:00,56.17721076633619
2021-03-09T20:00:00,54.63813035384467
2021-03-09T21:00:00,51.69145534349524
2021-03-09T22:00:00,44.863382256549336
2021-03-09T23:00:00,42.47001929905103
2021-03-10T00:00:00,39.63084759919539
2021-03-10T01:00:00,36.424551010131836
2021-03-10T02:00:00,22.5391206326692
2021-03-10T03:00:00,14.007698805435844
2021-03-10T04:00:00,11.047178061112112
2021-03-10T05:00:00,9.718099386795705
2021-03-10T06:00:00,8.93163952620133
2021-03-10T07:00:00,8.452504987302033
2021-03-10T08:00:00,8.66024355266405
2021-03-10T09:00:00,9.120038488636846
2021-03-10T10:00:00,10.111020793085512
2021-03-10T11:00:00,12.532888495403785
2021-03-10T12:00:00,16.056294399759043
2021-03-10T13:00:00,21.716480006342348
2021-03-10T14:00:00,27.92225530873174
2021-03-10T15:00:00,35.32885029004967
2021-03-10T16:00:00,42.84138903410538
2021-03-10T17:00:00,48.39598863021187
2021-03-10T18:00:00,53.50590880020805
2021-03-10T19:00:00,57.658336141835086
2021-03-10T20:00:00,59.365602244501524
2021-03-10T21:00:00,63.4517593383789
2021-03-10T22:00:00,64.471377497134
2021-03-10T23:00:00,67.81321185568103
2021-03-11T00:00:00,72.31606027354364
2021-03-11T01:00:00,69.19658793573794
2021-03-11T02:00:00,31.03666960674783
2021-03-11T03:00:00,19.010610456052028
2021-03-11T04:00:00,14.547974130381707
2021-03-11T05:00:00,12.547751219376273
2021-03-11T06:00:00,11.536431436953336
2021-03-11T07:00:00,11.018857997396717
2021-03-11T08:00:00,10.942870181539783
2021-03-11T09:00:00,11.316508915113365
2021-03-11T10:00:00,12.461923018745754
2021-03-11T11:00:00,15.127756160238514
2021-03-11T12:00:00,19.89395199651303
2021-03-11T13:00:00,27.25598045017408
2021-03-11T14:00:00,29.516620221345317
2021-03-11T15:00:00,33.10408235632855
2021-03-11T16:00:00,37.01125277643618
2021-03-11T17:00:00,39.639789664227024
2021-03-11T18:00:00,42.106213445248805
2021-03-11T19:00:00,44.09382115239682
2021-03-11T20:00:00,45.29872545988663
2021-03-11T21:00:00,44.90091821421747
2021-03-11T22:00:00,43.848322661026664
2021-03-11T23:00:00,43.83269484146781
2021-03-12T00:00:00,43.7389035432235
2021-03-12T01:00:00,38.391856317934774
2021-03-12T02:00:00,24.033431509266723
2021-03-12T03:00:00,18.75555312115213
2021-03-12T04:00:00,15.43906771618387
2021-03-12T05:00:00,13.393350062162977
2021-03-12T06:00:00,12.26346496913744
2021-03-12T07:00:00,11.71951907614003
2021-03-12T08:00:00,11.746700038080627
2021-03-12T09:00:00,12.132639221523117
2021-03-12T10:00:00,12.853532127712082
2021-03-12T11:00:00,14.885088215703547
2021-03-12T12:00:00,21.003537634144656
2021-03-12T13:00:00,27.067482160485305
2021-03-12T14:00:00,33.20850621099056
2021-03-12T15:00:00,33.50284485194994
2021-03-12T16:00:00,34.48658329507579
2021-03-12T17:00:00,35.3426340351934
2021-03-12T18:00:00,35.21311055059018
2021-03-12T19:00:00,34.42116331017536
2021-03-12T20:00:00,33.981980614040204
2021-03-12T21:00:00,35.841592208198875
2021-03-12T22:00:00,38.36389591382897
2021-03-12T23:00:00,40.21363449096679
2021-03-13T00:00:00,41.32612460592519
2021-03-13T01:00:00,40.083248138427734
2021-03-13T02:00:00,25.95194866346276
2021-03-13T03:00:00,20.965960378232207
2021-03-13T04:00:00,19.084901892620582
2021-03-13T05:00:00,17.606829270072605
2021-03-13T06:00:00,16.377777845963188
2021-03-13T07:00:00,15.41464863652768
2021-03-13T08:00:00,14.833277909652045
2021-03-13T09:00:00,14.80248219033946
2021-03-13T10:00:00,15.276863429857334
2021-03-13T11:00:00,17.661905786265496
2021-03-13T12:00:00,21.027845714403234
2021-03-13T13:00:00,23.74573865144149
2021-03-13T14:00:00,27.146853985993758
2021-03-13T15:00:00,29.597135875536043
2021-03-13T16:00:00,29.67569118997325
2021-03-13T17:00:00,30.296946318253223
2021-03-13T18:00:00,30.968677769536555
2021-03-13T19:00:00,30.942659295123555
2021-03-13T20:00:00,30.921331073926844
2021-03-13T21:00:00,30.967664469843317
2021-03-13T22:00:00,30.859819909800652
2021-03-13T23:00:00,30.85163373532502
2021-03-14T00:00:00,32.83634757995605
2021-03-14T01:00:00,35.086452815843664
2021-03-14T02:00:00,21.44374963511591
2021-03-14T03:00:00,15.903285772904102
2021-03-14T04:00:00,13.34333270529042
2021-03-14T05:00:00,12.164888050245201
2021-03-14T06:00:00,11.566467824189559
2021-03-14T07:00:00,11.553221329398776
2021-03-14T08:00:00,11.936457094938858
2021-03-14T09:00:00,12.669184394504711
2021-03-14T10:00:00,14.011655766031016
2021-03-14T11:00:00,17.618153447690215
2021-03-14T12:00:00,22.853065988291863
2021-03-14T13:00:00,27.075185692828633
2021-03-14T14:00:00,33.031008678933844
2021-03-14T15:00:00,34.306304434071414
2021-03-14T16:00:00,40.9020883311396
2021-03-14T17:00:00,40.515641419783876
2021-03-14T18:00:00,43.2399209063986
2021-03-14T19:00:00,47.81842770783797
2021-03-14T20:00:00,51.38700601328974
2021-03-14T21:00:00,51.74850447281547
2021-03-14T22:00:00,51.85602536408797
2021-03-14T23:00:00,51.29488472316575
2021-03-15T00:00:00,50.60841469142747
2021-03-15T01:00:00,48.30492882106615
2021-03-15T02:00:00,30.86285193070121
2021-03-15T03:00:00,25.830844879150387
2021-03-15T04:00:00,23.43370338108228
2021-03-15T05:00:00,22.622850003449813
2021-03-15T06:00:00,22.878849941751227
2021-03-15T07:00:00,23.701000047766644
2021-03-15T08:00:00,24.740192827971082
2021-03-15T09:00:00,25.900713298631747
2021-03-15T10:00:00,27.219264735346254
2021-03-15T11:00:00,29.870965045431383
2021-03-15T12:00:00,35.996652354364805
2021-03-15T13:00:00,44.64916959016219
2021-03-15T14:00:00,51.98362615834112
2021-03-15T15:00:00,58.36810966159986
2021-03-15T16:00:00,63.05266471531079
2021-03-15T17:00:00,67.06781155130138
2021-03-15T18:00:00,70.94479088161302
2021-03-15T19:00:00,70.28707968670389
2021-03-15T20:00:00,71.26187200131623
2021-03-15T21:00:00,70.07870815111242
2021-03-15T22:00:00,67.90292540840481
2021-03-15T23:00:00,63.77225411456564
2021-03-16T00:00:00,55.02125930786132
2021-03-16T01:00:00,49.91349792480469
2021-03-16T02:00:00,36.08922361290973
2021-03-16T03:00:00,27.15269569728685
2021-03-16T04:00:00,25.61743139184039
2021-03-16T05:00:00,25.589911668196965
2021-03-16T06:00:00,25.022471552309778
2021-03-16T07:00:00,23.81693591242251
2021-03-16T08:00:00,22.889046544614043
2021-03-16T09:00:00,23.05903791344684
2021-03-16T10:00:00,24.756458116614297
2021-03-16T11:00:00,28.219938112341836
2021-03-16T12:00:00,35.4654424916143
2021-03-16T13:00:00,40.83434793223505
2021-03-16T14:00:00,46.73784952578337
2021-03-16T15:00:00,50.17174961255943
2021-03-16T16:00:00,55.00703264319378
2021-03-16T17:00:00,67.43417126199472
2021-03-16T18:00:00,74.849749357804
2021-03-16T19:00:00,75.82179459281588
2021-03-16T20:00:00,74.58979764192
2021-03-16T21:00:00,76.92960755721381
2021-03-16T22:00:00,80.0943371316661
2021-03-16T23:00:00,82.32405521558678
2021-03-17T00:00:00,82.58287247367525
2021-03-17T01:00:00,74.31414197838824
2021-03-17T02:00:00,35.861586363419235
2021-03-17T03:00:00,25.567912226137906
2021-03-17T04:00:00,22.045022881549333
2021-03-17T05:00:00,20.94580567401388
2021-03-17T06:00:00,20.82649670476499
2021-03-17T07:00:00,21.128345240717348
2021-03-17T08:00:00,21.94966822085173
2021-03-17T09:00:00,23.168481826782223
2021-03-17T10:00:00,25.144477346669067
2021-03-17T11:00:00,29.40457816745924
2021-03-17T12:00:00,35.84017347252887
2021-03-17T13:00:00,43.44763614820397
2021-03-17T14:00:00,50.15246416174847
2021-03-17T15:00:00,57.363261015518844
2021-03-17T16:00:00,65.39354440440302
2021-03-17T17:00:00,72.67091170601222
2021-03-17T18:00:00,85.24519646686055
2021-03-17T19:00:00,93.96801492442253
2021-03-17T20:00:00,100.24256167204483
2021-03-17T21:00:00,102.3564403368079
2021-03-17T22:00:00,101.08805051057234
2021-03-17T23:00:00,91.7567549995754
2021-03-18T00:00:00,78.98071073449175
2021-03-18T01:00:00,72.07201451840606
2021-03-18T02:00:00,51.73822436125382
2021-03-18T03:00:00,39.29425712253736
2021-03-18T04:00:00,32.31681757387907
2021-03-18T05:00:00,28.427184146383528
2021-03-18T06:00:00,26.483779990154762
2021-03-18T07:00:00,25.922861348027766
2021-03-18T08:00:00,25.787016578342598
2021-03-18T09:00:00,26.654639451400094
2021-03-18T10:00:00,28.794925275056254
2021-03-18T11:00:00,32.349335380222485
2021-03-18T12:00:00,36.864165264627204
2021-03-18T13:00:00,44.54567618992018
2021-03-18T14:00:00,55.21538792485775
2021-03-18T15:00:00,65.75694440758745
2021-03-18T16:00:00,74.67320914890455
2021-03-18T17:00:00,79.11802208941916
2021-03-18T18:00:00,81.23624718707539
2021-03-18T19:00:00,87.66622825290844
2021-03-18T20:00:00,92.92105268395464
2021-03-18T21:00:00,96.7105659816576
2021-03-18T22:00:00,101.21075406281842
2021-03-18T23:00:00,106.67118470565131
2021-03-19T00:00:00,112.17717378035834
2021-03-19T01:00:00,106.3041013634723
2021-03-19T02:00:00,52.15959515778914
2021-03-19T03:00:00,24.93239809119183
2021-03-19T04:00:00,16.287629376287047
2021-03-19T05:00:00,12.304543909819229
2021-03-19T06:00:00,10.249770827915357
2021-03-19T07:00:00,9.265070293260656
2021-03-19T08:00:00,9.030947726705799
2021-03-19T09:00:00,9.641661395197328
2021-03-19T10:00:00,11.523966042891793
2021-03-19T11:00:00,14.773696401844852
2021-03-19T12:00:00,18.850376129150387
2021-03-19T13:00:00,26.56148752958878
2021-03-19T14:00:00,34.59209027497665
2021-03-19T15:00:00,43.26816890550696
2021-03-19T16:00:00,52.4047853221064
2021-03-19T17:00:00,61.16731394892153
2021-03-19T18:00:00,69.32162541928497
2021-03-19T19:00:00,79.79946451601775
2021-03-19T20:00:00,92.62799636177394
2021-03-19T21:00:00,104.85103275464927
2021-03-19T22:00:00,116.12870589546534
2021-03-19T23:00:00,125.30756112803583
2021-03-20T00:00:00,132.3872713835343
2021-03-20T01:00:00,127.60655477772586
2021-03-20T02:00:00,53.441415703814954
2021-03-20T03:00:00,36.315312095310375
2021-03-20T04:00:00,33.50913561945376
2021-03-20T05:00:00,32.754176181295634
2021-03-20T06:00:00,33.83101479903511
2021-03-20T07:00:00,36.53071726923403
2021-03-20T08:00:00,38.80276472672171
2021-03-20T09:00:00,40.95098918417225
2021-03-20T10:00:00,42.92287138234013
2021-03-20T11:00:00,46.556595346202016
2021-03-20T12:00:00,54.254501176917024
2021-03-20T13:00:00,64.77416511203931
2021-03-20T14:00:00,80.068417424741
2021-03-20T15:00:00,96.26834803042203
2021-03-20T16:00:00,110.52371083135189
2021-03-20T17:00:00,121.81350907035495
2021-03-20T18:00:00,128.6939285941746
2021-03-20T19:00:00,131.44629636018172
2021-03-20T20:00:00,131.76555998429006
2021-03-20T21:00:00,130.23026574176288
2021-03-20T22:00:00,127.27923550813094
2021-03-20T23:00:00,122.69707721212633
2021-03-21T00:00:00,117.6640107528023
2021-03-21T01:00:00,88.21220099407692
2021-03-21T02:00:00,32.19523786461871
2021-03-21T03:00:00,24.82763406504755
2021-03-21T04:00:00,22.719348492829692
2021-03-21T05:00:00,21.580413154933762
2021-03-21T06:00:00,20.756783526876696
2021-03-21T07:00:00,20.751819195954692
2021-03-21T08:00:00,21.583708472873848
2021-03-21T09:00:00,22.71848952251932
2021-03-21T10:00:00,24.069694850755774
2021-03-21T11:00:00,26.967975782311477
2021-03-21T12:00:00,28.36676282468049
2021-03-21T13:00:00,32.563287320344344
2021-03-21T14:00:00,36.49206609311311
2021-03-21T15:00:00,40.30137816719386
2021-03-21T16:00:00,41.98497175133746
2021-03-21T17:00:00,38.95747093532396
2021-03-21T18:00:00,37.444995382557735
2021-03-21T19:00:00,39.27661248911981
2021-03-21T20:00:00,48.92434211399244
2021-03-21T21:00:00,57.34380838145379
2021-03-21T22:00:00,64.85064067011294
2021-03-21T23:00:00,70.37130272906758
2021-03-22T00:00:00,71.32083113297172
2021-03-22T01:00:00,63.26408220374064
2021-03-22T02:00:00,21.822461667268172
2021-03-22T03:00:00,15.816485861073367
2021-03-22T04:00:00,17.735332240229063
2021-03-22T05:00:00,20.272820099540375
2021-03-22T06:00:00,23.631471302198324
2021-03-22T07:00:00,26.757754367330797
2021-03-22T08:00:00,28.907149190488067
2021-03-22T09:00:00,30.689267034115993
2021-03-22T10:00:00,31.37027002417523
2021-03-22T11:00:00,31.78112030029297
2021-03-22T12:00:00,39.84524768331776
2021-03-22T13:00:00,53.824970742930525
2021-03-22T14:00:00,69.3640954390816
2021-03-22T15:00:00,85.7583876900051
2021-03-22T16:00:00,99.28234199855638
2021-03-22T17:00:00,108.85495525857675
2021-03-22T18:00:00,114.32807656993036
2021-03-22T19:00:00,115.99086330247961
2021-03-22T20:00:00,114.6234369692595
2021-03-22T21:00:00,110.02120938508406
2021-03-22T22:00:00,103.21000936756961
2021-03-22T23:00:00,98.01443299003267
2021-03-23T00:00:00,92.24937157008958
2021-03-23T01:00:00,78.91627900496772
2021-03-23T02:00:00,43.49873932548191
2021-03-23T03:00:00,31.574902575948958
2021-03-23T04:00:00,28.29352353966754
2021-03-23T05:00:00,27.142737098362133
2021-03-23T06:00:00,25.99809223672618
2021-03-23T07:00:00,25.029020309448242
2021-03-23T08:00:00,24.569909468941066
2021-03-23T09:00:00,24.816908463187836
2021-03-23T10:00:00,25.962056781934653
2021-03-23T11:00:00,28.54514569821565
2021-03-23T12:00:00,30.810714472895086
2021-03-23T13:00:00,33.00794535097868
2021-03-23T14:00:00,39.41835287342901
2021-03-23T15:00:00,45.12021554034689
2021-03-23T16:00:00,56.7655266471531
2021-03-23T17:00:00,68.55729078209919
2021-03-23T18:00:00,78.32909857708475
2021-03-23T19:00:00,87.68726282534392
2021-03-23T20:00:00,97.76386360500169
2021-03-23T21:00:00,104.78743644382641
2021-03-23T22:00:00,107.91035361911938
2021-03-23T23:00:00,110.8545104317043
2021-03-24T00:00:00,116.37811876379924
2021-03-24T01:00:00,106.19132199494733
2021-03-24T02:00:00,61.023049727730125
2021-03-24T03:00:00,43.05882843681003
2021-03-24T04:00:00,35.35890745080035
2021-03-24T05:00:00,30.225298259569247
2021-03-24T06:00:00,28.317129300988235
2021-03-24T07:00:00,27.096576193104617
2021-03-24T08:00:00,26.433363707169242
2021-03-24T09:00:00,26.98084557574728
2021-03-24T10:00:00,30.739761269610856
2021-03-24T11:00:00,38.02941778431768
2021-03-24T12:00:00,49.58458825816279
2021-03-24T13:00:00,63.26372627590013
2021-03-24T14:00:00,75.62327642026153
2021-03-24T15:00:00,74.44065558392067
2021-03-24T16:00:00,80.71032714843749
2021-03-24T17:00:00,88.92338230298911
2021-03-24T18:00:00,94.06645667034645
2021-03-24T19:00:00,94.98805800728175
2021-03-24T20:00:00,95.12136907162872
2021-03-24T21:00:00,97.72911104948624
2021-03-24T22:00:00,106.82087674348249
2021-03-24T23:00:00,103.18719681449558
2021-03-25T00:00:00,107.84189108143681
2021-03-25T01:00:00,107.2416819696841
2021-03-25T02:00:00,70.40918366805367
2021-03-25T03:00:00,50.67131971276324
2021-03-25T04:00:00,44.32824176290761
2021-03-25T05:00:00,34.37497528739597
2021-03-25T06:00:00,25.5346681346064
2021-03-25T07:00:00,23.003300542416778
2021-03-25T08:00:00,22.493452735569164
2021-03-25T09:00:00,23.696383517721422
2021-03-25T10:00:00,26.102738256039828
2021-03-25T11:00:00,29.644923832105547
2021-03-25T12:00:00,36.01458690477453
2021-03-25T13:00:00,34.21308981853983
2021-03-25T14:00:00,39.07865076479704
2021-03-25T15:00:00,45.23520527715268
2021-03-25T16:00:00,53.059372114098586
2021-03-25T17:00:00,61.93422549703847
2021-03-25T18:00:00,66.24565655252206
2021-03-25T19:00:00,62.53601223489512
2021-03-25T20:00:00,52.467562965724774
2021-03-25T21:00:00,44.71617225978685
2021-03-25T22:00:00,39.29762400751528
2021-03-25T23:00:00,36.12743162072223
2021-03-26T00:00:00,33.65886198956033
2021-03-26T01:00:00,30.940793078878652
2021-03-26T02:00:00,19.85708294744077
2021-03-26T03:00:00,14.175253619318422
2021-03-26T04:00:00,11.788434484730594
2021-03-26T05:00:00,10.829904556274412
2021-03-26T06:00:00,10.67729319696841
2021-03-26T07:00:00,10.87079508408256
2021-03-26T08:00:00,11.157938625501549
2021-03-26T09:00:00,11.56196299843166
2021-03-26T10:00:00,12.52456009906271
2021-03-26T11:00:00,14.879795447639797
2021-03-26T12:00:00,19.844496768453844
2021-03-26T13:00:00,25.264006904933762
2021-03-26T14:00:00,28.994563475899074
2021-03-26T15:00:00,31.42628089241359
2021-03-26T16:00:00,33.257331018862516
2021-03-26T17:00:00,36.692624796991765
2021-03-26T18:00:00,40.18777615091074
2021-03-26T19:00:00,43.86048242320185
2021-03-26T20:00:00,48.34968268353006
2021-03-26T21:00:00,52.43029901255731
2021-03-26T22:00:00,55.193817304528274
2021-03-26T23:00:00,56.37131881713867
2021-03-27T00:00:00,56.688610242760696
2021-03-27T01:00:00,52.62650066873301
2021-03-27T02:00:00,26.87284801317298
2021-03-27T03:00:00,17.179122136986773
2021-03-27T04:00:00,13.705807893172553
2021-03-27T05:00:00,12.08210563659668
2021-03-27T06:00:00,11.404081551924994
2021-03-27T07:00:00,11.130856306656547
2021-03-27T08:00:00,10.699116126350733
2021-03-27T09:00:00,10.11735505643098
2021-03-27T10:00:00,9.817976039388904
2021-03-27T11:00:00,10.487608038860818
2021-03-27T12:00:00,14.914578603661576
2021-03-27T13:00:00,23.77182338548743
2021-03-27T14:00:00,33.69701700625212
2021-03-27T15:00:00,44.95526139632515
2021-03-27T16:00:00,55.274264625881024
2021-03-27T17:00:00,63.13910359921662
2021-03-27T18:00:00,68.73507939214291
2021-03-27T19:00:00,73.30784225463867
2021-03-27T20:00:00,79.27663604072902
2021-03-27T21:00:00,84.11222756427266
2021-03-27T22:00:00,84.53090518453845
2021-03-27T23:00:00,84.37863938704778
2021-03-28T00:00:00,84.78860838516898
2021-03-28T01:00:00,74.14311749002206
2021-03-28T02:00:00,32.965720715730086
2021-03-28T03:00:00,21.76607961240022
2021-03-28T04:00:00,19.093202839726985
2021-03-28T05:00:00,18.226189737734586
2021-03-28T06:00:00,18.315281909445055
2021-03-28T07:00:00,19.028363766877543
2021-03-28T08:00:00,19.972701694654383
2021-03-28T09:00:00,20.848406169725497
2021-03-28T10:00:00,22.556292989979617
2021-03-28T11:00:00,26.279471355935797
2021-03-28T12:00:00,30.89023507159689
2021-03-28T13:00:00,36.9807419154955
2021-03-28T14:00:00,41.659286830736235
2021-03-28T15:00:00,42.3154127701469
2021-03-28T16:00:00,48.714892180069626
2021-03-28T17:00:00,60.438864832339064
2021-03-28T18:00:00,72.83244904227878
2021-03-28T19:00:00,87.36976424507472
2021-03-28T20:00:00,98.2032009622325
2021-03-28T21:00:00,108.51649309241252
2021-03-28T22:00:00,117.04848380710767
2021-03-28T23:00:00,123.90835438603938
2021-03-29T00:00:00,126.40472014054008
2021-03-29T01:00:00,120.50877446713652
2021-03-29T02:00:00,63.84130743275517
2021-03-29T03:00:00,29.946833651998766
2021-03-29T04:00:00,23.29413090581479
2021-03-29T05:00:00,20.740884946740188
2021-03-29T06:00:00,19.238015423650324
2021-03-29T07:00:00,18.652497581813645
2021-03-29T08:00:00,18.649758090143617
2021-03-29T09:00:00,19.07971266041631
2021-03-29T10:00:00,19.934849697610606
2021-03-29T11:00:00,21.186741787454356
2021-03-29T12:00:00,23.716988522073496
2021-03-29T13:00:00,28.84796648440153
2021-03-29T14:00:00,35.15279288913892
2021-03-29T15:00:00,46.037526337996766
2021-03-29T16:00:00,63.49764550250509
2021-03-29T17:00:00,84.52838499649711
2021-03-29T18:00:00,109.80064624288806
2021-03-29T19:00:00,125.38209600033967
2021-03-29T20:00:00,132.39835457179854
2021-03-29T21:00:00,137.01298854662022
2021-03-29T22:00:00,137.87043297809103
2021-03-29T23:00:00,134.2616796078889
2021-03-30T00:00:00,126.53415978473163
2021-03-30T01:00:00,101.39532304846722
2021-03-30T02:00:00,46.10185490483823
2021-03-30T03:00:00,29.491841025974434
2021-03-30T04:00:00,25.885871223781415
2021-03-30T05:00:00,25.26194265614385
2021-03-30T06:00:00,25.690756507541817
2021-03-30T07:00:00,25.982713367628012
2021-03-30T08:00:00,26.117682083793305
2021-03-30T09:00:00,26.77345906133237
2021-03-30T10:00:00,27.964803115181297
2021-03-30T11:00:00,28.973126950471293
2021-03-30T12:00:00,32.74989650560462
2021-03-30T13:00:00,38.705695940100625
2021-03-30T14:00:00,46.71213017339291
2021-03-30T15:00:00,56.82785896632982
2021-03-30T16:00:00,68.85923800261124
2021-03-30T17:00:00,82.08418506124745
2021-03-30T18:00:00,93.83564990499744
2021-03-30T19:00:00,110.03659190302308
2021-03-30T20:00:00,124.888311634893
2021-03-30T21:00:00,134.67954685377035
2021-03-30T22:00:00,134.8519645359205
2021-03-30T23:00:00,128.2310565450917
2021-03-31T00:00:00,120.15418807319973
2021-03-31T01:00:00,97.87969307277513
2021-03-31T02:00:00,49.88942337036132
2021-03-31T03:00:00,32.43235231482464
2021-03-31T04:00:00,29.464269969774328
2021-03-31T05:00:00,28.551980225936223
2021-03-31T06:00:00,28.240203111068062
2021-03-31T07:00:00,28.453175337418262
2021-03-31T08:00:00,29.043653985728387
2021-03-31T09:00:00,30.051718089891516
2021-03-31T10:00:00,32.00240126900051
2021-03-31T11:00:00,33.97789946846339
2021-03-31T12:00:00,42.095840951670766
2021-03-31T13:00:00,48.62045254914656
2021-03-31T14:00:00,56.04374512382175
2021-03-31T15:00:00,67.76662345554517
2021-03-31T16:00:00,83.80322497823963
2021-03-31T17:00:00,103.52186750329058
2021-03-31T18:00:00,107.99527342423147
2021-03-31T19:00:00,104.4543281223463
2021-03-31T20:00:00,102.01249827509339
2021-03-31T21:00:00,98.64841096297553
2021-03-31T22:00:00,95.85918227485988
2021-03-31T23:00:00,93.45489999522333
2021-04-01T00:00:00,87.67917566714078
2021-04-01T01:00:00,76.52465190058169
2021-04-01T02:00:00,44.5340579489003
2021-04-01T03:00:00,32.53519224083942
2021-04-01T04:00:00,29.352605653845742
2021-04-01T05:00:00,27.521862112957496
2021-04-01T06:00:00,26.15937647612198
2021-04-01T07:00:00,26.121442380158797
2021-04-01T08:00:00,26.62196947180706
2021-04-01T09:00:00,27.787961130556848
2021-04-01T10:00:00,29.897767523060676
2021-04-01T11:00:00,32.68608441560164
2021-04-01T12:00:00,40.41018842614214
2021-04-01T13:00:00,46.08720281849737
2021-04-01T14:00:00,54.8307991027832
2021-04-01T15:00:00,64.52230834960938
2021-04-01T16:00:00,77.48405257515284
2021-04-01T17:00:00,86.36172286323878
2021-04-01T18:00:00,91.4526951002038
2021-04-01T19:00:00,92.44250455109967
2021-04-01T20:00:00,91.85978234332539
2021-04-01T21:00:00,91.86339867633322
2021-04-01T22:00:00,91.68940933890964
2021-04-01T23:00:00,91.21704101562499
2021-04-02T00:00:00,90.8549171116041
2021-04-02T01:00:00,82.6863320392111
2021-04-02T02:00:00,60.06781204887058
2021-04-02T03:00:00,46.63993288123089
2021-04-02T04:00:00,41.44404038139011
2021-04-02T05:00:00,39.17080837747325
2021-04-02T06:00:00,38.149022143820055
2021-04-02T07:00:00,38.61903298419454
2021-04-02T08:00:00,40.361066569452696
2021-04-02T09:00:00,43.011137257451594
2021-04-02T10:00:00,47.294924694558844
2021-04-02T11:00:00,52.429276010264516
2021-04-02T12:00:00,63.252283179241665
2021-04-02T13:00:00,76.28373088007386
2021-04-02T14:00:00,91.33814239501952
2021-04-02T15:00:00,106.80644425101902
2021-04-02T16:00:00,113.66639377759849
2021-04-02T17:00:00,117.95882183572519
2021-04-02T18:00:00,120.74244524085002
2021-04-02T19:00:00,120.77989793860391
2021-04-02T20:00:00,117.5915480903957
2021-04-02T21:00:00,114.15608646558678
2021-04-02T22:00:00,112.00335560674252
2021-04-02T23:00:00,111.77374168064283
2021-04-03T00:00:00,112.84186089557149
2021-04-03T01:00:00,109.2947304767111
2021-04-03T02:00:00,85.32436105479364
2021-04-03T03:00:00,64.3716579934825
2021-04-03T04:00:00,52.06857399318529
2021-04-03T05:00:00,46.84826046487559
2021-04-03T06:00:00,44.889716936194375
2021-04-03T07:00:00,44.624221304188595
2021-04-03T08:00:00,45.191610585088306
2021-04-03T09:00:00,46.4823294929836
2021-04-03T10:00:00,49.25967506740404
2021-04-03T11:00:00,54.934103095013164
2021-04-03T12:00:00,62.926862633746595
2021-04-03T13:00:00,69.2568647965141
2021-04-03T14:00:00,77.2147216796875
2021-04-03T15:00:00,85.68862351127292
2021-04-03T16:00:00,96.65641154413636
2021-04-03T17:00:00,110.65696086054261
2021-04-03T18:00:00,119.14659052309783
2021-04-03T19:00:00,124.30998163637908
2021-04-03T20:00:00,126.2006603738536
2021-04-03T21:00:00,125.73331484587294
2021-04-03T22:00:00,123.7110950635827
2021-04-03T23:00:00,120.40013752812924
2021-04-04T00:00:00,117.35432467253312
2021-04-04T01:00:00,108.6518567956012
2021-04-04T02:00:00,73.8749651701554
2021-04-04T03:00:00,49.25634350983992
2021-04-04T04:00:00,41.256427433179766
2021-04-04T05:00:00,39.32793426513671
2021-04-04T06:00:00,39.24388222072435
2021-04-04T07:00:00,39.35457644255265
2021-04-04T08:00:00,39.289430203645125
2021-04-04T09:00:00,39.231335017992095
2021-04-04T10:00:00,39.357929561449126
2021-04-04T11:00:00,38.631357441777766
2021-04-04T12:00:00,42.496525474216625
2021-04-04T13:00:00,51.22497210295304
2021-04-04T14:00:00,60.16923191236412
2021-04-04T15:00:00,69.24765512217645
2021-04-04T16:00:00,77.94732632844344
2021-04-04T17:00:00,84.8110066289487
2021-04-04T18:00:00,89.96158599853514
2021-04-04T19:00:00,93.67995386538297
2021-04-04T20:00:00,96.88100267493206
2021-04-04T21:00:00,101.87370632005774
2021-04-04T22:00:00,108.25408769690472
2021-04-04T23:00:00,113.51555235489555
2021-04-05T00:00:00,116.14440785283625
2021-04-05T01:00:00,109.28308503524116
2021-04-05T02:00:00,58.617743782375165
2021-04-05T03:00:00,45.13139940344769
2021-04-05T04:00:00,40.78319947615913
2021-04-05T05:00:00,38.37110851121985
2021-04-05T06:00:00,37.24196558413297
2021-04-05T07:00:00,36.62773596722147
2021-04-05T08:00:00,36.23629429029381
2021-04-05T09:00:00,36.279825956925094
2021-04-05T10:00:00,36.71502055292544
2021-04-05T11:00:00,36.74048034004542
2021-04-05T12:00:00,44.766306338102915
2021-04-05T13:00:00,59.94973091457201
2021-04-05T14:00:00,75.5499386994735
2021-04-05T15:00:00,92.07247891633406
2021-04-05T16:00:00,107.89803944463314
2021-04-05T17:00:00,121.98403466266134
2021-04-05T18:00:00,132.29374097741166
2021-04-05T19:00:00,136.70502969493035
2021-04-05T20:00:00,135.99092599619988
2021-04-05T21:00:00,132.96693951150644
2021-04-05T22:00:00,129.0722891766092
2021-04-05T23:00:00,124.86346767259678
2021-04-06T00:00:00,120.85186999777088
2021-04-06T01:00:00,109.51547805122706
2021-04-06T02:00:00,56.51451658165973
2021-04-06T03:00:00,41.776273312775984
2021-04-06T04:00:00,35.553199270497196
2021-04-06T05:00:00,31.541341201118797
2021-04-06T06:00:00,28.962112260901407
2021-04-06T07:00:00,27.606404926465906
2021-04-06T08:00:00,27.210995300956395
2021-04-06T09:00:00,27.37219561701235
2021-04-06T10:00:00,27.942451642907184
2021-04-06T11:00:00,29.136312070100203
2021-04-06T12:00:00,35.56584167480469
2021-04-06T13:00:00,47.88852343351944
2021-04-06T14:00:00,60.53352604741635
2021-04-06T15:00:00,74.07961339535919
2021-04-06T16:00:00,87.51102646537447
2021-04-06T17:00:00,97.54381329080331
2021-04-06T18:00:00,102.23322196628736
2021-04-06T19:00:00,102.25751362676205
2021-04-06T20:00:00,99.81152310578719
2021-04-06T21:00:00,96.47236732814622
2021-04-06T22:00:00,95.34840724779212
2021-04-06T23:00:00,98.64354108727497
2021-04-07T00:00:00,99.19006347656249
2021-04-07T01:00:00,88.09769506039825
2021-04-07T02:00:00,46.78444489188816
2021-04-07T03:00:00,26.157952018406075
2021-04-07T04:00:00,20.99197196960449
2021-04-07T05:00:00,19.161312517912492
2021-04-07T06:00:00,18.105384743731953
2021-04-07T07:00:00,17.515530959419582
2021-04-07T08:00:00,17.10703986624013
2021-04-07T09:00:00,17.075907416965652
2021-04-07T10:00:00,17.44673969434655
2021-04-07T11:00:00,18.9747895779817
2021-04-07T12:00:00,24.44020520085873
2021-04-07T13:00:00,37.37626399164614
2021-04-07T14:00:00,51.159025275188945
2021-04-07T15:00:00,62.928262959355884
2021-04-07T16:00:00,68.05549886952275
2021-04-07T17:00:00,80.16155475118886
2021-04-07T18:00:00,91.74510093357252
2021-04-07T19:00:00,102.8298651653787
2021-04-07T20:00:00,111.50917219079057
2021-04-07T21:00:00,121.45024904997452
2021-04-07T22:00:00,130.14060111667797
2021-04-07T23:00:00,134.5603432033373
2021-04-08T00:00:00,140.53206800377885
2021-04-08T01:00:00,122.68267855436906
2021-04-08T02:00:00,51.36804746544878
2021-04-08T03:00:00,37.13706613623578
2021-04-08T04:00:00,33.66475146749745
2021-04-08T05:00:00,32.78273922464122
2021-04-08T06:00:00,32.76878290591033
2021-04-08T07:00:00,33.93749560480532
2021-04-08T08:00:00,35.75208249299422
2021-04-08T09:00:00,39.953531845756196
2021-04-08T10:00:00,44.28646004718283
2021-04-08T11:00:00,47.55604636150857
2021-04-08T12:00:00,53.34669527800186
2021-04-08T13:00:00,61.46689108143683
2021-04-08T14:00:00,70.20380899180536
2021-04-08T15:00:00,81.54085706627887
2021-04-08T16:00:00,97.15216197138247
2021-04-08T17:00:00,115.65963711945905
2021-04-08T18:00:00,133.6085851918096
2021-04-08T19:00:00,151.18087436841878
2021-04-08T20:00:00,168.43032505201256
2021-04-08T21:00:00,185.6695622983186
2021-04-08T22:00:00,202.3882963761039
2021-04-08T23:00:00,217.37876958432403
2021-04-09T00:00:00,230.54066865340522
2021-04-09T01:00:00,173.52210865850031
2021-04-09T02:00:00,64.24884530772333
2021-04-09T03:00:00,41.885621112325914
2021-04-09T04:00:00,34.90145127669624
2021-04-09T05:00:00,30.989094609799587
2021-04-09T06:00:00,29.172476727029547
2021-04-09T07:00:00,28.235333484152083
2021-04-09T08:00:00,28.4457602293595
2021-04-09T09:00:00,29.208470551863957
2021-04-09T10:00:00,31.531378041143
2021-04-09T11:00:00,34.31232427514117
2021-04-09T12:00:00,37.474026970241376
2021-04-09T13:00:00,44.23289108276367
2021-04-09T14:00:00,51.73837694914444
2021-04-09T15:00:00,59.81994496221127
2021-04-09T16:00:00,68.43559596849524
2021-04-09T17:00:00,81.81061487612517
2021-04-09T18:00:00,96.35491976530655
2021-04-09T19:00:00,108.50728441321331
2021-04-09T20:00:00,120.39170173976731
2021-04-09T21:00:00,131.92197318699047
2021-04-09T22:00:00,142.6537740956182
2021-04-09T23:00:00,154.37017357867697
2021-04-10T00:00:00,167.14118028723675
2021-04-10T01:00:00,145.79243867293647
2021-04-10T02:00:00,76.42688319994055
2021-04-10T03:00:00,54.78855016957158
2021-04-10T04:00:00,48.60365693465523
2021-04-10T05:00:00,46.85130193959112
2021-04-10T06:00:00,42.04616065647291
2021-04-10T07:00:00,37.33192543361498
2021-04-10T08:00:00,35.8336128566576
2021-04-10T09:00:00,37.95099988191024
2021-04-10T10:00:00,43.80178501295006
2021-04-10T11:00:00,53.25217387987219
2021-04-10T12:00:00,64.67694523023522
2021-04-10T13:00:00,76.51372130020803
2021-04-10T14:00:00,87.98321334175442
2021-04-10T15:00:00,101.20226287841794
2021-04-10T16:00:00,115.29907425590183
2021-04-10T17:00:00,124.89149607782777
2021-04-10T18:00:00,122.32246133555537
2021-04-10T19:00:00,113.71817381485647
2021-04-10T20:00:00,110.28322767174761
2021-04-10T21:00:00,115.272798952849
2021-04-10T22:00:00,131.50166619342306
2021-04-10T23:00:00,153.9664134149966
2021-04-11T00:00:00,171.92238583772075
2021-04-11T01:00:00,183.95751223356825
2021-04-11T02:00:00,142.66731461234713
2021-04-11T03:00:00,69.06769843723463
2021-04-11T04:00:00,41.64763657943062
2021-04-11T05:00:00,35.17067386793053
2021-04-11T06:00:00,33.07051302039105
2021-04-11T07:00:00,32.053387185801625
2021-04-11T08:00:00,31.56354929053265
2021-04-11T09:00:00,31.299002523007598
2021-04-11T10:00:00,32.14690382584281
2021-04-11T11:00:00,34.14323806762695
2021-04-11T12:00:00,37.25125984523607
2021-04-11T13:00:00,42.783029307489805
2021-04-11T14:00:00,49.37764590719471
2021-04-11T15:00:00,61.502932009489626
2021-04-11T16:00:00,76.5136197960895
2021-04-11T17:00:00,90.32337918488874
2021-04-11T18:00:00,102.42450117028277
2021-04-11T19:00:00,111.10779339334236
2021-04-11T20:00:00,118.03797614056131
2021-04-11T21:00:00,124.9129346764606
2021-04-11T22:00:00,102.51644731604533
2021-04-11T23:00:00,107.76177547288977
2021-04-12T00:00:00,121.01801134192424
2021-04-12T01:00:00,116.92053620711616
2021-04-12T02:00:00,63.125637552012556
2021-04-12T03:00:00,39.183356409487516
2021-04-12T04:00:00,32.99397891500721
2021-04-12T05:00:00,28.800933506177817
2021-04-12T06:00:00,26.92353480795155
2021-04-12T07:00:00,26.722183642180063
2021-04-12T08:00:00,26.94332006703252
2021-04-12T09:00:00,27.889316310053285
2021-04-12T10:00:00,28.517836031706434
2021-04-12T11:00:00,28.148672518522844
2021-04-12T12:00:00,26.387948036193844
2021-04-12T13:00:00,30.515880253003985
2021-04-12T14:00:00,37.202090221902594
2021-04-12T15:00:00,42.6595114832339
2021-04-12T16:00:00,51.45148152890412
2021-04-12T17:00:00,62.00798946878184
2021-04-12T18:00:00,70.89579723192297
2021-04-12T19:00:00,77.36747716820757
2021-04-12T20:00:00,86.33724759972613
2021-04-12T21:00:00,97.93355427617611
2021-04-12T22:00:00,108.91625810706095
2021-04-12T23:00:00,118.48087609332539
2021-04-13T00:00:00,125.2680498206097
2021-04-13T01:00:00,93.9381969286048
2021-04-13T02:00:00,36.81637714220129
2021-04-13T03:00:00,23.58324755793032
2021-04-13T04:00:00,19.822966119517446
2021-04-13T05:00:00,18.640060300412383
2021-04-13T06:00:00,17.807007996932317
2021-04-13T07:00:00,17.369887683702547
2021-04-13T08:00:00,17.360280410103172
2021-04-13T09:00:00,17.34427671847136
2021-04-13T10:00:00,19.26573189445164
2021-04-13T11:00:00,21.854052087535027
2021-04-13T12:00:00,24.009589609892465
2021-04-13T13:00:00,26.88396147023076
2021-04-13T14:00:00,32.21977980240531
2021-04-13T15:00:00,39.54518119148585
2021-04-13T16:00:00,48.10109859964121
2021-04-13T17:00:00,58.81563087131665
2021-04-13T18:00:00,74.46018666806428
2021-04-13T19:00:00,88.14813895847486
2021-04-13T20:00:00,101.8286845995032
2021-04-13T21:00:00,116.49691871974778
2021-04-13T22:00:00,130.0354760211447
2021-04-13T23:00:00,142.75848786727238
2021-04-14T00:00:00,152.22351405931553
2021-04-14T01:00:00,127.800538767939
2021-04-14T02:00:00,55.26955397232719
2021-04-14T03:00:00,33.59895017872686
2021-04-14T04:00:00,27.376889436141305
2021-04-14T05:00:00,23.892096975575324
2021-04-14T06:00:00,24.992008458013117
2021-04-14T07:00:00,25.90588631837264
2021-04-14T08:00:00,28.061544667119563
2021-04-14T09:00:00,31.21296517745308
2021-04-14T10:00:00,34.34029861118483
2021-04-14T11:00:00,36.161306712938384
2021-04-14T12:00:00,36.42770186714504
2021-04-14T13:00:00,36.64028059917947
2021-04-14T14:00:00,38.73787680916164
2021-04-14T15:00:00,48.68176252945609
2021-04-14T16:00:00,62.84676079128099
2021-04-14T17:00:00,79.88453807001528
2021-04-14T18:00:00,95.49317534073539
2021-04-14T19:00:00,104.55119058360224
2021-04-14T20:00:00,108.51729749596636
2021-04-14T21:00:00,113.55537646749744
2021-04-14T22:00:00,123.5389288197393
2021-04-14T23:00:00,136.7398104460343
2021-04-15T00:00:00,149.79269342837122
2021-04-15T01:00:00,155.94961813221806
2021-04-15T02:00:00,100.50486125116763
2021-04-15T03:00:00,58.022860651430875
2021-04-15T04:00:00,38.7853247601053
2021-04-15T05:00:00,30.766302357549247
2021-04-15T06:00:00,29.88312157340671
2021-04-15T07:00:00,31.923037653384
2021-04-15T08:00:00,35.22880836155103
2021-04-15T09:00:00,38.32751862899116
2021-04-15T10:00:00,42.248756242835
2021-04-15T11:00:00,49.569095611572266
2021-04-15T12:00:00,60.84096444171407
2021-04-15T13:00:00,75.33036572000253
2021-04-15T14:00:00,91.75153218144956
2021-04-15T15:00:00,108.46465102485988
2021-04-15T16:00:00,123.01944566809614
2021-04-15T17:00:00,137.63478552776834
2021-04-15T18:00:00,153.4167380954908
2021-04-15T19:00:00,169.05578414253566
2021-04-15T20:00:00,180.68952676524287
2021-04-15T21:00:00,188.90219779636547
2021-04-15T22:00:00,193.55521094280738
2021-04-15T23:00:00,189.41299106763756
2021-04-16T00:00:00,178.35748357358185
2021-04-16T01:00:00,129.72360030464503
2021-04-16T02:00:00,37.12049301810886
2021-04-16T03:00:00,19.482921351557188
2021-04-16T04:00:00,16.904759863148563
2021-04-16T05:00:00,16.98608638929284
2021-04-16T06:00:00,16.821259457132086
2021-04-16T07:00:00,18.211774079695992
2021-04-16T08:00:00,20.224268623020336
2021-04-16T09:00:00,22.361456663712207
2021-04-16T10:00:00,25.2976075048032
2021-04-16T11:00:00,29.142766454945434
2021-04-16T12:00:00,33.06170123556385
2021-04-16T13:00:00,39.9649369612984
2021-04-16T14:00:00,50.273525569749914
2021-04-16T15:00:00,59.46645023511804
2021-04-16T16:00:00,65.53298883852752
2021-04-16T17:00:00,72.1244951331097
2021-04-16T18:00:00,84.51431937839673
2021-04-16T19:00:00,97.51676343834919
2021-04-16T20:00:00,96.78643500286599
2021-04-16T21:00:00,94.43731191883916
2021-04-16T22:00:00,92.48502714737602
2021-04-16T23:00:00,98.0389172097911
2021-04-17T00:00:00,102.63332267429517
2021-04-17T01:00:00,75.49358235234799
2021-04-17T02:00:00,24.543971683668047
2021-04-17T03:00:00,17.086987702742867
2021-04-17T04:00:00,16.085848932680875
2021-04-17T05:00:00,15.77528422811757
2021-04-17T06:00:00,16.00118230736774
2021-04-17T07:00:00,16.747545159381367
2021-04-17T08:00:00,17.964967395948324
2021-04-17T09:00:00,19.28058342311693
2021-04-17T10:00:00,21.112725050553028
2021-04-17T11:00:00,24.628537302431848
2021-04-17T12:00:00,31.189854912135907
2021-04-17T13:00:00,39.18637118132217
2021-04-17T14:00:00,46.960296796715774
2021-04-17T15:00:00,54.759959179422125
2021-04-17T16:00:00,61.72484671551246
2021-04-17T17:00:00,67.70847801540208
2021-04-17T18:00:00,78.12917692764945
2021-04-17T19:00:00,93.58955416472061
2021-04-17T20:00:00,108.2885048907736
2021-04-17T21:00:00,119.7545991980511
2021-04-17T22:00:00,127.79814612347145
2021-04-17T23:00:00,132.6579556672469
2021-04-18T00:00:00,132.99452740213144
2021-04-18T01:00:00,120.44060682213825
2021-04-18T02:00:00,54.922515371571414
2021-04-18T03:00:00,29.521697583405864
2021-04-18T04:00:00,25.408325029456094
2021-04-18T05:00:00,23.993014957593832
2021-04-18T06:00:00,22.643034810605254
2021-04-18T07:00:00,21.894196385922637
2021-04-18T08:00:00,21.835925060769785
2021-04-18T09:00:00,22.426914463872492
2021-04-18T10:00:00,24.071458236030907
2021-04-18T11:00:00,26.223446555759594
2021-04-18T12:00:00,29.81813696156377
2021-04-18T13:00:00,32.070900626804516
2021-04-18T14:00:00,34.18817022572393
2021-04-18T15:00:00,38.653500266697094
2021-04-18T16:00:00,46.257928433625594
2021-04-18T17:00:00,53.326889369798735
2021-04-18T18:00:00,58.00867611428965
2021-04-18T19:00:00,60.73470405910325
2021-04-18T20:00:00,60.250628595766806
2021-04-18T21:00:00,57.46388045601223
2021-04-18T22:00:00,52.44015502929687
2021-04-18T23:00:00,47.13238143920898
2021-04-19T00:00:00,45.38711547851562
2021-04-19T01:00:00,45.155806499978766
2021-04-19T02:00:00,26.541407129038934
2021-04-19T03:00:00,17.993854025135867
2021-04-19T04:00:00,16.45474985371465
2021-04-19T05:00:00,16.15144389608632
2021-04-19T06:00:00,16.407501220703125
2021-04-19T07:00:00,17.06793760216754
2021-04-19T08:00:00,17.969782041466754
2021-04-19T09:00:00,19.505708279816997
2021-04-19T10:00:00,21.884310680886973
2021-04-19T11:00:00,26.65879199815833
2021-04-19T12:00:00,36.75183055711829
2021-04-19T13:00:00,48.62219304623811
2021-04-19T14:00:00,58.28554551497749
2021-04-19T15:00:00,67.63336015784222
2021-04-19T16:00:00,74.37365788998811
2021-04-19T17:00:00,79.74345961860988
2021-04-19T18:00:00,83.93631180472994
2021-04-19T19:00:00,87.91367240574047
2021-04-19T20:00:00,92.54535077965778
2021-04-19T21:00:00,97.11068791928497
2021-04-19T22:00:00,99.38753609035325
2021-04-19T23:00:00,101.11368096393086
2021-04-20T00:00:00,99.63709093176799
2021-04-20T01:00:00,95.70768969991931
2021-04-20T02:00:00,58.789774687393844
2021-04-20T03:00:00,32.6810476883598
2021-04-20T04:00:00,26.61876015041185
2021-04-20T05:00:00,24.032233362612516
2021-04-20T06:00:00,23.28117412069569
2021-04-20T07:00:00,23.280091990595277
2021-04-20T08:00:00,23.755558594413422
2021-04-20T09:00:00,24.707377392312754
2021-04-20T10:00:00,25.962255229120665
2021-04-20T11:00:00,30.10023573170537
2021-04-20T12:00:00,34.43808696580969
2021-04-20T13:00:00,38.34379345437755
2021-04-20T14:00:00,47.16590416949728
2021-04-20T15:00:00,59.282011944314704
2021-04-20T16:00:00,69.72445479683253
2021-04-20T17:00:00,78.15874414858608
2021-04-20T18:00:00,85.68690490722655
2021-04-20T19:00:00,93.1448102204696
2021-04-20T20:00:00,100.64180921471636
2021-04-20T21:00:00,107.98888231360392
2021-04-20T22:00:00,114.44650766123895
2021-04-20T23:00:00,119.40579124118968
2021-04-21T00:00:00,122.46515954059102
2021-04-21T01:00:00,109.2514661706012
2021-04-21T02:00:00,35.81917605192764
2021-04-21T03:00:00,25.77856279456097
2021-04-21T04:00:00,23.968742785246473
2021-04-21T05:00:00,23.72242023633874
2021-04-21T06:00:00,23.11913830301036
2021-04-21T07:00:00,24.703966140747067
2021-04-21T08:00:00,29.121892514436137
2021-04-21T09:00:00,35.26228631061056
2021-04-21T10:00:00,41.82108456155528
2021-04-21T11:00:00,49.05286772354789
2021-04-21T12:00:00,55.755537945291266
2021-04-21T13:00:00,61.2849008311396
2021-04-21T14:00:00,66.74337071957795
2021-04-21T15:00:00,73.97102720841117
2021-04-21T16:00:00,79.02809872834578
2021-04-21T17:00:00,82.25255750573199
2021-04-21T18:00:00,85.69583693794581
2021-04-21T19:00:00,86.39247330375339
2021-04-21T20:00:00,90.71149776292884
2021-04-21T21:00:00,98.34007594896399
2021-04-21T22:00:00,104.08792180600372
2021-04-21T23:00:00,103.1019575699516
2021-04-22T00:00:00,93.04085242229958
2021-04-22T01:00:00,86.5277219025985
2021-04-22T02:00:00,66.50853861933169
2021-04-22T03:00:00,33.66902790898862
2021-04-22T04:00:00,23.832452359406844
2021-04-22T05:00:00,21.159270328024157
2021-04-22T06:00:00,21.204160109810207
2021-04-22T07:00:00,21.610261336616844
2021-04-22T08:00:00,22.32023346942404
2021-04-22T09:00:00,23.3441278208857
2021-04-22T10:00:00,24.94815162990404
2021-04-22T11:00:00,30.54645845164423
2021-04-22T12:00:00,42.05589493461277
2021-04-22T13:00:00,59.983250161875844
2021-04-22T14:00:00,79.90409486190133
2021-04-22T15:00:00,101.24034450365147
2021-04-22T16:00:00,123.32975271473758
2021-04-22T17:00:00,144.15958835767663
2021-04-22T18:00:00,157.65129752781078
2021-04-22T19:00:00,165.56669085958728
2021-04-22T20:00:00,160.63149626358694
2021-04-22T21:00:00,138.08827740213144
2021-04-22T22:00:00,126.45888021717901
2021-04-22T23:00:00,127.07869289232336
2021-04-23T00:00:00,123.82828952955161
2021-04-23T01:00:00,122.57626011060631
2021-04-23T02:00:00,77.99418474280316
2021-04-23T03:00:00,38.861827352772586
2021-04-23T04:00:00,28.76373423700747
2021-04-23T05:00:00,24.961629535840906
2021-04-23T06:00:00,22.205584401669707
2021-04-23T07:00:00,20.77893937152365
2021-04-23T08:00:00,20.69413566589355
2021-04-23T09:00:00,21.41990421129309
2021-04-23T10:00:00,23.175226460332453
2021-04-23T11:00:00,29.040903174358867
2021-04-23T12:00:00,37.902247553286344
2021-04-23T13:00:00,49.47962520433508
2021-04-23T14:00:00,54.11305966584579
2021-04-23T15:00:00,63.984261056651235
2021-04-23T16:00:00,72.33526014245074
2021-04-23T17:00:00,77.75620402460511
2021-04-23T18:00:00,80.41835486370583
2021-04-23T19:00:00,79.79611172883405
2021-04-23T20:00:00,77.61610777481742
2021-04-23T21:00:00,83.22811193051545
2021-04-23T22:00:00,90.51399861211361
2021-04-23T23:00:00,95.6288080630095
2021-04-24T00:00:00,99.25133613918139
2021-04-24T01:00:00,88.71185833474864
2021-04-24T02:00:00,36.8230857849121
2021-04-24T03:00:00,27.950144477512524
2021-04-24T04:00:00,25.974486558333684
2021-04-24T05:00:00,25.40917247274647
2021-04-24T06:00:00,25.651467281839118
2021-04-24T07:00:00,26.224757401839543
2021-04-24T08:00:00,27.093290660692297
2021-04-24T09:00:00,28.020332419353977
2021-04-24T10:00:00,29.330233366593067
2021-04-24T11:00:00,30.454573423966114
2021-04-24T12:00:00,31.435102213983946
2021-04-24T13:00:00,35.829696821129836
2021-04-24T14:00:00,42.38439178466796
2021-04-24T15:00:00,55.40425408404806
2021-04-24T16:00:00,73.65499546216883
2021-04-24T17:00:00,93.18162768820056
2021-04-24T18:00:00,112.6711014457371
2021-04-24T19:00:00,128.2785001008407
2021-04-24T20:00:00,141.45853457243544
2021-04-24T21:00:00,150.78520136294156
2021-04-24T22:00:00,156.1897861646569
2021-04-24T23:00:00,158.619792772376
2021-04-25T00:00:00,158.3001655910326
2021-04-25T01:00:00,132.6229838495669
2021-04-25T02:00:00,71.667086062224
2021-04-25T03:00:00,49.69734871905783
2021-04-25T04:00:00,44.63713504957116
2021-04-25T05:00:00,43.77398499198582
2021-04-25T06:00:00,43.89516764101775
2021-04-25T07:00:00,44.47179246985394
2021-04-25T08:00:00,45.23352166880732
2021-04-25T09:00:00,46.238533020019524
2021-04-25T10:00:00,48.28826871125594
2021-04-25T11:00:00,50.70487262891686
2021-04-25T12:00:00,54.839242852252454
2021-04-25T13:00:00,68.57226827870244
2021-04-25T14:00:00,85.32685354481572
2021-04-25T15:00:00,103.18725320567255
2021-04-25T16:00:00,110.1438920394234
2021-04-25T17:00:00,90.30023425558339
2021-04-25T18:00:00,98.50026835565981
2021-04-25T19:00:00,107.70399010699727
2021-04-25T20:00:00,117.85082079016642
2021-04-25T21:00:00,135.56634620998216
2021-04-25T22:00:00,155.18850973378056
2021-04-25T23:00:00,174.99203358525813
2021-04-26T00:00:00,193.36743296747622
2021-04-26T01:00:00,175.40541275687838
2021-04-26T02:00:00,72.55018350352411
2021-04-26T03:00:00,51.679562775985055
2021-04-26T04:00:00,46.4650883881942
2021-04-26T05:00:00,42.69484976063604
2021-04-26T06:00:00,38.64330457604449
2021-04-26T07:00:00,35.810684204101555
2021-04-26T08:00:00,34.531288810398266
2021-04-26T09:00:00,34.17552964583687
2021-04-26T10:00:00,35.54542325890582
2021-04-26T11:00:00,41.464053278384
2021-04-26T12:00:00,50.35808264690897
2021-04-26T13:00:00,61.57894068178923
2021-04-26T14:00:00,70.5510021707286
2021-04-26T15:00:00,77.50151692266049
2021-04-26T16:00:00,89.92106329876442
2021-04-26T17:00:00,106.97136489204738
2021-04-26T18:00:00,124.34199059527852
2021-04-26T19:00:00,137.52739881432572
2021-04-26T20:00:00,146.07160949707028
2021-04-26T21:00:00,149.2788789168648
2021-04-26T22:00:00,144.35564920176628
2021-04-26T23:00:00,134.67056473441744
2021-04-27T00:00:00,126.25524769658625
2021-04-27T01:00:00,100.165689551312
2021-04-27T02:00:00,46.37699757451596
2021-04-27T03:00:00,26.690936378810715
2021-04-27T04:00:00,20.915603720623512
2021-04-27T05:00:00,19.643170895783793
2021-04-27T06:00:00,19.46355794823688
2021-04-27T07:00:00,20.000385947849438
2021-04-27T08:00:00,21.035483235898223
2021-04-27T09:00:00,22.6752350019372
2021-04-27T10:00:00,23.974571476811946
2021-04-27T11:00:00,25.943483684373934
2021-04-27T12:00:00,29.261202936587125
2021-04-27T13:00:00,33.452476999034054
2021-04-27T14:00:00,38.620469632356055
2021-04-27T15:00:00,45.52673041302224
2021-04-27T16:00:00,55.008624201235556
2021-04-27T17:00:00,66.47098425160283
2021-04-27T18:00:00,80.36024607782778
2021-04-27T19:00:00,98.90260281770124
2021-04-27T20:00:00,116.94481459907863
2021-04-27T21:00:00,133.35691966181216
2021-04-27T22:00:00,145.85661448603088
2021-04-27T23:00:00,154.43080935270888
2021-04-28T00:00:00,160.75521784243375
2021-04-28T01:00:00,138.96156841775644
2021-04-28T02:00:00,62.31190955120584
2021-04-28T03:00:00,33.6346785503885
2021-04-28T04:00:00,24.61887450840162
2021-04-28T05:00:00,21.502882998922598
2021-04-28T06:00:00,20.09509700277577
2021-04-28T07:00:00,19.580834678981613
2021-04-28T08:00:00,19.598206478616465
2021-04-28T09:00:00,19.991246430770207
2021-04-28T10:00:00,21.024446404498555
2021-04-28T11:00:00,23.865904434867524
2021-04-28T12:00:00,29.328311090884
2021-04-28T13:00:00,39.80093052076257
2021-04-28T14:00:00,49.13552060334578
2021-04-28T15:00:00,55.02534103393554
2021-04-28T16:00:00,59.47235754261846
2021-04-28T17:00:00,66.46600341796875
2021-04-28T18:00:00,69.49432174019191
2021-04-28T19:00:00,68.15122853154722
2021-04-28T20:00:00,69.40074190886124
2021-04-28T21:00:00,70.93561752982761
2021-04-28T22:00:00,71.58770917809527
2021-04-28T23:00:00,71.58459041429602
2021-04-29T00:00:00,71.43741806693698
2021-04-29T01:00:00,63.88970880923063
2021-04-29T02:00:00,31.933744845182996
2021-04-29T03:00:00,20.69706054355787
2021-04-29T04:00:00,17.557730964992356
2021-04-29T05:00:00,16.438309462174125
2021-04-29T06:00:00,16.048054156096086
2021-04-29T07:00:00,15.949297697647756
2021-04-29T08:00:00,16.04743940933891
2021-04-29T09:00:00,16.314980382504668
2021-04-29T10:00:00,17.060746649037235
2021-04-29T11:00:00,21.07190870202106
2021-04-29T12:00:00,29.354430323061734
2021-04-29T13:00:00,41.580867767333984
2021-04-29T14:00:00,43.74484335857888
2021-04-29T15:00:00,44.287926217784054
2021-04-29T16:00:00,46.32174549932064
2021-04-29T17:00:00,48.63395939702573
2021-04-29T18:00:00,50.23328598685886
2021-04-29T19:00:00,51.52344164641006
2021-04-29T20:00:00,51.82307434082031
2021-04-29T21:00:00,52.436516803243876
2021-04-29T22:00:00,52.918528515359625
2021-04-29T23:00:00,50.658428689707875
2021-04-30T00:00:00,50.12757608164911
2021-04-30T01:00:00,45.067720993705414
2021-04-30T02:00:00,26.585553625355594
2021-04-30T03:00:00,22.503630928371262
2021-04-30T04:00:00,21.66162814264712
2021-04-30T05:00:00,21.870562760726262
2021-04-30T06:00:00,21.21389123667841
2021-04-30T07:00:00,21.89267830226732
2021-04-30T08:00:00,24.586738420569375
2021-04-30T09:00:00,28.85274505615234
2021-04-30T10:00:00,35.67823609061863
2021-04-30T11:00:00,47.339122938073196
2021-04-30T12:00:00,61.24678769318953
2021-04-30T13:00:00,72.60623998227327
2021-04-30T14:00:00,76.6800125785496
2021-04-30T15:00:00,79.06002509075662
2021-04-30T16:00:00,82.47822869342306
2021-04-30T17:00:00,90.14563883905825
2021-04-30T18:00:00,100.79581882642663
2021-04-30T19:00:00,110.1976902173913
2021-04-30T20:00:00,118.51180068306299
2021-04-30T21:00:00,125.70546490213144
2021-04-30T22:00:00,131.4630607936693
2021-04-30T23:00:00,134.53314839238703
2021-05-01T00:00:00,133.90563633130944
2021-05-01T01:00:00,135.60954185154125
2021-05-01T02:00:00,139.33600914996603
2021-05-01T03:00:00,118.05048602560291
2021-05-01T04:00:00,72.94367068746816
2021-05-01T05:00:00,42.52855118461276
2021-05-01T06:00:00,30.15004348754882
2021-05-01T07:00:00,24.323321964429773
2021-05-01T08:00:00,21.321689771569293
2021-05-01T09:00:00,20.72042763751486
2021-05-01T10:00:00,21.626932558806043
2021-05-01T11:00:00,23.70985304790994
2021-05-01T12:00:00,27.43041171198306
2021-05-01T13:00:00,34.76785634911578
2021-05-01T14:00:00,42.42189896625021
2021-05-01T15:00:00,52.599088420038626
2021-05-01T16:00:00,64.85038674396017
2021-05-01T17:00:00,69.16488348919411
2021-05-01T18:00:00,83.46955672554347
2021-05-01T19:00:00,97.54354792055877
2021-05-01T20:00:00,106.29016544507897
2021-05-01T21:00:00,113.98206893257473
2021-05-01T22:00:00,124.26510819144869
2021-05-01T23:00:00,133.45860555897585
2021-05-02T00:00:00,136.73098555855125
2021-05-02T01:00:00,113.00857908829398
2021-05-02T02:00:00,46.68598009192424
2021-05-02T03:00:00,31.434486720872954
2021-05-02T04:00:00,25.339786861253817
2021-05-02T05:00:00,25.198621086452317
2021-05-02T06:00:00,24.115514921105422
2021-05-02T07:00:00,22.75014786098314
2021-05-02T08:00:00,22.812232058981188
2021-05-02T09:00:00,23.055390316507086
2021-05-02T10:00:00,21.642500752988067
2021-05-02T11:00:00,20.485225967738934
2021-05-02T12:00:00,19.473969210749086
2021-05-02T13:00:00,20.413831462030824
2021-05-02T14:00:00,22.819628839907438
2021-05-02T15:00:00,26.40258341250212
2021-05-02T16:00:00,29.97423528588336
2021-05-02T17:00:00,33.77661447939665
2021-05-02T18:00:00,35.70270745650582
2021-05-02T19:00:00,39.00193114902662
2021-05-02T20:00:00,44.504694731339164
2021-05-02T21:00:00,50.12882149737814
2021-05-02T22:00:00,56.51998934538467
2021-05-02T23:00:00,64.95167939559272
2021-05-03T00:00:00,74.32643575253692
2021-05-03T01:00:00,71.54301734592603
2021-05-03T02:00:00,39.41844807500424
2021-05-03T03:00:00,27.36063940628715
2021-05-03T04:00:00,25.078651262366254
2021-05-03T05:00:00,24.30655147718346
2021-05-03T06:00:00,22.71778177178424
2021-05-03T07:00:00,23.16805545143459
2021-05-03T08:00:00,26.16587560073189
2021-05-03T09:00:00,30.48682192097539
2021-05-03T10:00:00,37.03294903299083
2021-05-03T11:00:00,41.5531993534254
2021-05-03T12:00:00,42.814751666525126
2021-05-03T13:00:00,45.2821977034859
2021-05-03T14:00:00,47.956720849742055
2021-05-03T15:00:00,53.13569309400475
2021-05-03T16:00:00,67.76159336255944
2021-05-03T17:00:00,86.94986807781716
2021-05-03T18:00:00,103.15127762504244
2021-05-03T19:00:00,117.56108358631963
2021-05-03T20:00:00,132.13138646664825
2021-05-03T21:00:00,145.09990526282266
2021-05-03T22:00:00,155.76738904870075
2021-05-03T23:00:00,164.24474434230635
2021-05-04T00:00:00,174.1687947148862
2021-05-04T01:00:00,168.4625934103261
2021-05-04T02:00:00,98.41397791323455
2021-05-04T03:00:00,64.18239908633025
2021-05-04T04:00:00,49.362561101498805
2021-05-04T05:00:00,41.83975319240403
2021-05-04T06:00:00,34.77279182102369
2021-05-04T07:00:00,29.76372519783351
2021-05-04T08:00:00,30.14982376927915
2021-05-04T09:00:00,31.944404933763586
2021-05-04T10:00:00,31.661197869674016
2021-05-04T11:00:00,33.06599272852358
2021-05-04T12:00:00,34.34202210799507
2021-05-04T13:00:00,39.38182897153107
2021-05-04T14:00:00,47.010757943858266
2021-05-04T15:00:00,55.680324139802345
2021-05-04T16:00:00,62.91709601360819
2021-05-04T17:00:00,73.02347017371136
2021-05-04T18:00:00,90.4564446159031
2021-05-04T19:00:00,107.21631141330883
2021-05-04T20:00:00,120.95785323433253
2021-05-04T21:00:00,125.82812732198961
2021-05-04T22:00:00,126.95288318136461
2021-05-04T23:00:00,126.66059510604194
2021-05-05T00:00:00,124.94467527970022
2021-05-05T01:00:00,87.18006134033202
2021-05-05T02:00:00,27.767077570376184
2021-05-05T03:00:00,21.107201617697008
2021-05-05T04:00:00,19.03864819070567
2021-05-05T05:00:00,16.763128612352453
2021-05-05T06:00:00,15.038695874421492
2021-05-05T07:00:00,13.684889254362686
2021-05-05T08:00:00,12.756805585778277
2021-05-05T09:00:00,12.509738548942234
2021-05-05T10:00:00,13.34166788018268
2021-05-05T11:00:00,13.299940026324727
2021-05-05T12:00:00,13.891193845997686
2021-05-05T13:00:00,15.775299030801522
2021-05-05T14:00:00,19.13204242872155
2021-05-05T15:00:00,24.491341798201848
2021-05-05T16:00:00,32.70020261018172
2021-05-05T17:00:00,43.290599988854446
2021-05-05T18:00:00,58.39524128126062
2021-05-05T19:00:00,71.54840850830077
2021-05-05T20:00:00,82.5662845114003
2021-05-05T21:00:00,89.4628329069718
2021-05-05T22:00:00,91.45714635434356
2021-05-05T23:00:00,92.07691756538722
2021-05-06T00:00:00,89.936070981233
2021-05-06T01:00:00,78.59967903468919
2021-05-06T02:00:00,30.63896021635636
2021-05-06T03:00:00,21.351189074308977
2021-05-06T04:00:00,18.876090671705164
2021-05-06T05:00:00,17.778560223786727
2021-05-06T06:00:00,16.57010555267334
2021-05-06T07:00:00,15.71623831209929
2021-05-06T08:00:00,15.666778066883914
2021-05-06T09:00:00,15.998254029647164
2021-05-06T10:00:00,16.289012452830438
2021-05-06T11:00:00,14.840941843779188
2021-05-06T12:00:00,14.424427239791205
2021-05-06T13:00:00,16.394859977390453
2021-05-06T14:00:00,20.590680661408793
2021-05-06T15:00:00,28.997183094853938
2021-05-06T16:00:00,37.61682278177012
2021-05-06T17:00:00,47.88626662544582
2021-05-06T18:00:00,58.54274069744607
2021-05-06T19:00:00,69.5836821017058
2021-05-06T20:00:00,78.64127001555067
2021-05-06T21:00:00,84.33628132032311
2021-05-06T22:00:00,85.71085623036258
2021-05-06T23:00:00,92.44205690466838
2021-05-07T00:00:00,101.04599131708558
2021-05-07T01:00:00,84.05669087949005
2021-05-07T02:00:00,33.37482236779254
2021-05-07T03:00:00,21.38248020669688
2021-05-07T04:00:00,17.426067186438516
2021-05-07T05:00:00,15.22629281748896
2021-05-07T06:00:00,13.336080841396164
2021-05-07T07:00:00,12.1341612028039
2021-05-07T08:00:00,11.916893254155697
2021-05-07T09:00:00,12.54806841974673
2021-05-07T10:00:00,13.183544739432955
2021-05-07T11:00:00,14.216748859571373
2021-05-07T12:00:00,17.592382638350777
2021-05-07T13:00:00,27.503217448358946
2021-05-07T14:00:00,38.99213426009468
2021-05-07T15:00:00,52.427023680313766
2021-05-07T16:00:00,66.3043917780337
2021-05-07T17:00:00,80.08379695726477
2021-05-07T18:00:00,95.08513973070228
2021-05-07T19:00:00,111.9072033426036
2021-05-07T20:00:00,125.23991526728089
2021-05-07T21:00:00,136.38314222252885
2021-05-07T22:00:00,147.55928304921025
2021-05-07T23:00:00,157.60381416652513
2021-05-08T00:00:00,164.6770908521569
2021-05-08T01:00:00,133.56596208655313
2021-05-08T02:00:00,60.74769459600033
2021-05-08T03:00:00,37.65563002876613
2021-05-08T04:00:00,28.73603547137716
2021-05-08T05:00:00,24.383480320806086
2021-05-08T06:00:00,21.616686530735176
2021-05-08T07:00:00,19.893045342486836
2021-05-08T08:00:00,18.33446278779403
2021-05-08T09:00:00,17.162915520046067
2021-05-08T10:00:00,16.45297278528628
2021-05-08T11:00:00,14.599162267602006
2021-05-08T12:00:00,12.845308801402215
2021-05-08T13:00:00,13.272042564723801
2021-05-08T14:00:00,17.88841579271399
2021-05-08T15:00:00,18.937309762705922
2021-05-08T16:00:00,21.402127970819887
2021-05-08T17:00:00,33.50176852682362
2021-05-08T18:00:00,47.50902043218198
2021-05-08T19:00:00,62.619865085767664
2021-05-08T20:00:00,75.23817543361497
2021-05-08T21:00:00,86.70868483833644
2021-05-08T22:00:00,96.30619049072264
2021-05-08T23:00:00,104.3728498375934
2021-05-09T00:00:00,110.81398706850798
2021-05-09T01:00:00,70.59300845602284
2021-05-09T02:00:00,25.04753908903702
2021-05-09T03:00:00,20.29508308742357
2021-05-09T04:00:00,17.906771452530567
2021-05-09T05:00:00,16.661931369615633
2021-05-09T06:00:00,16.142465010933254
2021-05-09T07:00:00,16.11889192332392
2021-05-09T08:00:00,16.58886519722316
2021-05-09T09:00:00,17.85730453159498
2021-05-09T10:00:00,21.343757505002227
2021-05-09T11:00:00,26.268552282582156
2021-05-09T12:00:00,33.169239458830454
2021-05-09T13:00:00,41.059215628582486
2021-05-09T14:00:00,48.60485756915548
2021-05-09T15:00:00,58.62786234980044
2021-05-09T16:00:00,66.27821283755095
2021-05-09T17:00:00,72.64659765492314
2021-05-09T18:00:00,82.41213690716287
2021-05-09T19:00:00,96.0258629840353
2021-05-09T20:00:00,111.2920223733653
2021-05-09T21:00:00,124.44969973356827
2021-05-09T22:00:00,135.75201482358185
2021-05-09T23:00:00,146.8903165070907
2021-05-10T00:00:00,158.3332068401834
2021-05-10T01:00:00,160.42023965586785
2021-05-10T02:00:00,91.79889413584833
2021-05-10T03:00:00,35.07960427325705
2021-05-10T04:00:00,24.278894424438477
2021-05-10T05:00:00,19.75596635237984
2021-05-10T06:00:00,18.259114804475203
2021-05-10T07:00:00,17.901691353839375
2021-05-10T08:00:00,19.81211338872495
2021-05-10T09:00:00,23.82470653368079
2021-05-10T10:00:00,29.96528053283691
2021-05-10T11:00:00,41.742998537809946
2021-05-10T12:00:00,58.1665390678074
2021-05-10T13:00:00,75.97053461489469
2021-05-10T14:00:00,96.9580081442128
2021-05-10T15:00:00,118.46566573433255
2021-05-10T16:00:00,143.22427699876866
2021-05-10T17:00:00,167.05963134765622
2021-05-10T18:00:00,186.9960313879925
2021-05-10T19:00:00,203.3463446575662
2021-05-10T20:00:00,207.44479635487428
2021-05-10T21:00:00,193.9679087763247
2021-05-10T22:00:00,168.88223399286684
2021-05-10T23:00:00,150.6763345469599
2021-05-11T00:00:00,145.96951094917628
2021-05-11T01:00:00,156.24209263013756
2021-05-11T02:00:00,135.2946485436481
2021-05-11T03:00:00,90.65247013257897
2021-05-11T04:00:00,66.04136359173317
2021-05-11T05:00:00,56.65417795595914
2021-05-11T06:00:00,48.51568255217178
2021-05-11T07:00:00,40.31382502680239
2021-05-11T08:00:00,36.66679979407268
2021-05-11T09:00:00,35.794720691183336
2021-05-11T10:00:00,41.02675943789274
2021-05-11T11:00:00,48.766282786493704
2021-05-11T12:00:00,52.46272078804348
2021-05-11T13:00:00,56.15699967094089
2021-05-11T14:00:00,57.54476895539657
2021-05-11T15:00:00,58.27770929751188
2021-05-11T16:00:00,57.97888017737347
2021-05-11T17:00:00,51.3644560109014
2021-05-11T18:00:00,41.0261757892111
2021-05-11T19:00:00,41.156332098919414
2021-05-11T20:00:00,43.30798339843749
2021-05-11T21:00:00,48.71462697568146
2021-05-11T22:00:00,56.33363906196925
2021-05-11T23:00:00,64.62136973505433
2021-05-12T00:00:00,72.94654116423233
2021-05-12T01:00:00,73.04851266612175
2021-05-12T02:00:00,36.21533153368079
2021-05-12T03:00:00,27.188722278760824
2021-05-12T04:00:00,22.293023316756535
2021-05-12T05:00:00,18.53588527181874
2021-05-12T06:00:00,16.657905827397883
2021-05-12T07:00:00,17.972947742628016
2021-05-12T08:00:00,21.644005982772164
2021-05-12T09:00:00,27.07652009051779
2021-05-12T10:00:00,33.74184799194335
2021-05-12T11:00:00,48.67624780406122
2021-05-12T12:00:00,64.5658307282821
2021-05-12T13:00:00,70.90576868471891
2021-05-12T14:00:00,75.34276647153106
2021-05-12T15:00:00,79.37974183455756
2021-05-12T16:00:00,88.73232103430705
2021-05-12T17:00:00,97.44752004872197
2021-05-12T18:00:00,100.97113601021144
2021-05-12T19:00:00,99.95728832742441
2021-05-12T20:00:00,95.0761085178541
2021-05-12T21:00:00,90.4222000785496
2021-05-12T22:00:00,85.04138382621434
2021-05-12T23:00:00,83.03215458082114
2021-05-13T00:00:00,86.95560223123302
2021-05-13T01:00:00,96.46528658659561
2021-05-13T02:00:00,87.50849018926205
2021-05-13T03:00:00,70.58190005758534
2021-05-13T04:00:00,35.03249276202658
2021-05-13T05:00:00,23.268647069516387
2021-05-13T06:00:00,20.878719910331395
2021-05-13T07:00:00,20.197476179703422
2021-05-13T08:00:00,19.67769083769425
2021-05-13T09:00:00,20.46225075099779
2021-05-13T10:00:00,25.1823849056078
2021-05-13T11:00:00,35.91182186292565
2021-05-13T12:00:00,47.57842652694038
2021-05-13T13:00:00,60.76669842263925
2021-05-13T14:00:00,66.36670784328294
2021-05-13T15:00:00,63.776239146356986
2021-05-13T16:00:00,51.19893148671026
2021-05-13T17:00:00,41.173667410145626
2021-05-13T18:00:00,41.016143964684524
2021-05-13T19:00:00,45.41015558657439
2021-05-13T20:00:00,38.643473583719
2021-05-13T21:00:00,29.49153303063434
2021-05-13T22:00:00,27.944008536960762
2021-05-13T23:00:00,29.861194942308504
2021-05-14T00:00:00,32.382968570875086
2021-05-14T01:00:00,36.38074286087699
2021-05-14T02:00:00,38.083752176036
2021-05-14T03:00:00,25.876355461452313
2021-05-14T04:00:00,20.970701217651364
2021-05-14T05:00:00,21.432624070540715
2021-05-14T06:00:00,21.284764663032863
2021-05-14T07:00:00,19.030680283256196
2021-05-14T08:00:00,18.25617989249851
2021-05-14T09:00:00,19.51710037563158
2021-05-14T10:00:00,23.528543472290036
2021-05-14T11:00:00,30.832059860229485
2021-05-14T12:00:00,39.44270722762397
2021-05-14T13:00:00,46.09047383847443
2021-05-14T14:00:00,52.33589951888374
2021-05-14T15:00:00,58.34637650199557
2021-05-14T16:00:00,62.97356746507727
2021-05-14T17:00:00,69.52064812701681
2021-05-14T18:00:00,75.17897398575492
2021-05-14T19:00:00,75.5990633757218
2021-05-14T20:00:00,71.727597112241
2021-05-14T21:00:00,67.88490146139394
2021-05-14T22:00:00,63.92671087513799
2021-05-14T23:00:00,56.029931939166524
2021-05-15T00:00:00,42.897975092348844
2021-05-15T01:00:00,36.00077819824218
2021-05-15T02:00:00,29.662483795829438
2021-05-15T03:00:00,21.262190113896906
2021-05-15T04:00:00,16.98322644441024
2021-05-15T05:00:00,14.31330743043319
2021-05-15T06:00:00,12.851728895436162
2021-05-15T07:00:00,11.092146168584406
2021-05-15T08:00:00,10.182928541432256
2021-05-15T09:00:00,10.09101336935292
2021-05-15T10:00:00,10.77109390756358
2021-05-15T11:00:00,13.36603823952053
2021-05-15T12:00:00,16.768218828284223
2021-05-15T13:00:00,19.200988189033836
2021-05-15T14:00:00,20.324595161106274
2021-05-15T15:00:00,20.43097396518873
2021-05-15T16:00:00,20.185576480367907
2021-05-15T17:00:00,21.83338331139606
2021-05-15T18:00:00,24.371545211128563
2021-05-15T19:00:00,24.948095736296278
2021-05-15T20:00:00,25.12403629137122
2021-05-15T21:00:00,25.43309220023777
2021-05-15T22:00:00,26.281532370525856
2021-05-15T23:00:00,28.24189451466436
2021-05-16T00:00:00,30.465127281520672
2021-05-16T01:00:00,30.7044623831044
2021-05-16T02:00:00,21.76232528686523
2021-05-16T03:00:00,16.31382743172023
2021-05-16T04:00:00,14.25671046713124
2021-05-16T05:00:00,13.445026107456371
2021-05-16T06:00:00,12.988022555475647
2021-05-16T07:00:00,12.88927360202955
2021-05-16T08:00:00,13.11025175840958
2021-05-16T09:00:00,13.883465310801629
2021-05-16T10:00:00,15.216915752576742
2021-05-16T11:00:00,18.03124145839525
2021-05-16T12:00:00,23.890475646309227
2021-05-16T13:00:00,32.140391557112984
2021-05-16T14:00:00,39.32311630249023
2021-05-16T15:00:00,46.70270803700323
2021-05-16T16:00:00,54.7027881456458
2021-05-16T17:00:00,61.20320394764775
2021-05-16T18:00:00,65.85473699155061
2021-05-16T19:00:00,70.27123160984205
2021-05-16T20:00:00,72.41124658999234
2021-05-16T21:00:00,75.05128445832624
2021-05-16T22:00:00,75.50460450545602
2021-05-16T23:00:00,74.41581692902938
2021-05-17T00:00:00,73.51296399987261
2021-05-17T01:00:00,72.06016042958134
2021-05-17T02:00:00,54.11680138629415
2021-05-17T03:00:00,27.60087560570758
2021-05-17T04:00:00,21.739958555802055
2021-05-17T05:00:00,20.1486875285273
2021-05-17T06:00:00,19.372324238652766
2021-05-17T07:00:00,19.375528003858484
2021-05-17T08:00:00,19.788889926412832
2021-05-17T09:00:00,20.715659597645633
2021-05-17T10:00:00,22.350411373635993
2021-05-17T11:00:00,25.785646106885824
2021-05-17T12:00:00,27.790086497431215
2021-05-17T13:00:00,34.66392998073412
2021-05-17T14:00:00,46.95635919985563
2021-05-17T15:00:00,62.59664120881454
2021-05-17T16:00:00,76.69356570036514
2021-05-17T17:00:00,89.87692658797553
2021-05-17T18:00:00,93.88802503502886
2021-05-17T19:00:00,97.66921466329822
2021-05-17T20:00:00,101.62729279891303
2021-05-17T21:00:00,98.30269357432489
2021-05-17T22:00:00,92.29589047639266
2021-05-17T23:00:00,89.54877438752547
2021-05-18T00:00:00,89.26606650974439
2021-05-18T01:00:00,84.21417534869649
2021-05-18T02:00:00,50.398791271707275
2021-05-18T03:00:00,32.67015656181003
2021-05-18T04:00:00,26.126664534859035
2021-05-18T05:00:00,22.956026657767914
2021-05-18T06:00:00,21.11648949332859
2021-05-18T07:00:00,19.983343704887055
2021-05-18T08:00:00,19.358126764712125
2021-05-18T09:00:00,19.68133155159328
2021-05-18T10:00:00,21.053684068762735
2021-05-18T11:00:00,24.32107129304305
2021-05-18T12:00:00,29.955248874166738
2021-05-18T13:00:00,39.94457112187924
2021-05-18T14:00:00,47.01946374644404
2021-05-18T15:00:00,54.077851502791695
2021-05-18T16:00:00,60.70536041259765
2021-05-18T17:00:00,70.1219187197478
2021-05-18T18:00:00,79.32310751210088
2021-05-18T19:00:00,85.52681400464928
2021-05-18T20:00:00,88.56440237294072
2021-05-18T21:00:00,88.87934775974438
2021-05-18T22:00:00,87.41705554464588
2021-05-18T23:00:00,84.41339078156844
2021-05-19T00:00:00,80.58141890816066
2021-05-19T01:00:00,74.15622412640116
2021-05-19T02:00:00,42.146917426067844
2021-05-19T03:00:00,25.964169377865993
2021-05-19T04:00:00,21.232672981593918
2021-05-19T05:00:00,19.715903240701426
2021-05-19T06:00:00,18.944294390471082
2021-05-19T07:00:00,18.74440135126528
2021-05-19T08:00:00,18.734686312468153
2021-05-19T09:00:00,19.018242296965223
2021-05-19T10:00:00,20.260710674783454
2021-05-19T11:00:00,23.35719340780507
2021-05-19T12:00:00,30.227798710698664
2021-05-19T13:00:00,38.67236543738323
2021-05-19T14:00:00,44.57209412947945
2021-05-19T15:00:00,48.40927455736243
2021-05-19T16:00:00,50.61811447143555
2021-05-19T17:00:00,50.246350661568016
2021-05-19T18:00:00,48.41766821819803
2021-05-19T19:00:00,45.19943635360054
2021-05-19T20:00:00,42.207680080247954
2021-05-19T21:00:00,40.24191018809443
2021-05-19T22:00:00,40.0876993925675
2021-05-19T23:00:00,40.81515303902003
2021-05-20T00:00:00,41.68353702711022
2021-05-20T01:00:00,40.81234658282736
2021-05-20T02:00:00,28.214689503545344
2021-05-20T03:00:00,20.227186203002926
2021-05-20T04:00:00,17.865875492925227
2021-05-20T05:00:00,16.852955403535262
2021-05-20T06:00:00,15.82997073297915
2021-05-20T07:00:00,15.255848677262014
2021-05-20T08:00:00,15.723810030066447
2021-05-20T09:00:00,16.03651826278023
2021-05-20T10:00:00,15.621309073075
2021-05-20T11:00:00,16.296976587046743
2021-05-20T12:00:00,17.292976545250934
2021-05-20T13:00:00,18.685714472895082
2021-05-20T14:00:00,20.411716958750848
2021-05-20T15:00:00,18.540524026621938
2021-05-20T16:00:00,14.532002946604852
2021-05-20T17:00:00,13.654063805289889
2021-05-20T18:00:00,15.732122504192848
2021-05-20T19:00:00,20.480140354322348
2021-05-20T20:00:00,29.464477539062496
2021-05-20T21:00:00,38.401642509128735
2021-05-20T22:00:00,45.112958161727235
2021-05-20T23:00:00,50.66874927023182
2021-05-21T00:00:00,57.53771176545516
2021-05-21T01:00:00,64.71051174661388
2021-05-21T02:00:00,57.39075221186098
2021-05-21T03:00:00,41.5763871566109
2021-05-21T04:00:00,24.41919426296068
2021-05-21T05:00:00,21.235119280607805
2021-05-21T06:00:00,18.66780820100204
2021-05-21T07:00:00,17.40872926297395
2021-05-21T08:00:00,16.742816510407817
2021-05-21T09:00:00,17.33748809151027
2021-05-21T10:00:00,20.69817186438519
2021-05-21T11:00:00,26.289664144101348
2021-05-21T12:00:00,32.18872758616571
2021-05-21T13:00:00,35.20992950771166
2021-05-21T14:00:00,37.428274735160485
2021-05-21T15:00:00,39.40742575603982
2021-05-21T16:00:00,40.36307774419369
2021-05-21T17:00:00,38.81853899748429
2021-05-21T18:00:00,37.83117227968962
2021-05-21T19:00:00,36.34085928875467
2021-05-21T20:00:00,34.697184687075406
2021-05-21T21:00:00,34.323634935461946
2021-05-21T22:00:00,34.01805006939431
2021-05-21T23:00:00,33.340650143830665
2021-05-22T00:00:00,32.691056707630985
2021-05-22T01:00:00,31.583963477093235
2021-05-22T02:00:00,27.399615080460258
2021-05-22T03:00:00,19.204393967338227
2021-05-22T04:00:00,15.353848042695414
2021-05-22T05:00:00,14.042072752247686
2021-05-22T06:00:00,13.18764835855235
2021-05-22T07:00:00,12.283250103826107
2021-05-22T08:00:00,11.72745484891145
2021-05-22T09:00:00,12.06149561508842
2021-05-22T10:00:00,14.944634105848227
2021-05-22T11:00:00,19.01986047495966
2021-05-22T12:00:00,21.61562272776728
2021-05-22T13:00:00,23.449639942335043
2021-05-22T14:00:00,28.93132582954738
2021-05-22T15:00:00,32.81140410381814
2021-05-22T16:00:00,31.968968515810754
2021-05-22T17:00:00,29.87407659447711
2021-05-22T18:00:00,28.192895308784816
2021-05-22T19:00:00,27.617770734040633
2021-05-22T20:00:00,28.188341057818867
2021-05-22T21:00:00,28.533624566119645
2021-05-22T22:00:00,27.86587615635084
2021-05-22T23:00:00,27.002859613169793
2021-05-23T00:00:00,26.616359296052348
2021-05-23T01:00:00,26.75940123848293
2021-05-23T02:00:00,25.019291670426075
2021-05-23T03:00:00,18.270489485367484
2021-05-23T04:00:00,15.18601732668669
2021-05-23T05:00:00,13.94816323985224
2021-05-23T06:00:00,13.380973608597463
2021-05-23T07:00:00,13.217766678851582
2021-05-23T08:00:00,13.687414998593535
2021-05-23T09:00:00,15.1627603613812
2021-05-23T10:00:00,18.805157288261082
2021-05-23T11:00:00,27.291626971700914
2021-05-23T12:00:00,36.05597371640412
2021-05-23T13:00:00,40.31249950243078
2021-05-23T14:00:00,43.05979504792586
2021-05-23T15:00:00,44.08302074929942
2021-05-23T16:00:00,41.547562308933415
2021-05-23T17:00:00,37.773729656053625
2021-05-23T18:00:00,35.56937549425207
2021-05-23T19:00:00,33.68363073597783
2021-05-23T20:00:00,32.678138732910156
2021-05-23T21:00:00,32.896937245907985
2021-05-23T22:00:00,33.43215759940769
2021-05-23T23:00:00,34.105024088983946
2021-05-24T00:00:00,36.822205584982164
2021-05-24T01:00:00,40.70086139181385
2021-05-24T02:00:00,43.96208953857421
2021-05-24T03:00:00,42.634120609449305
2021-05-24T04:00:00,36.23728503351626
2021-05-24T05:00:00,25.525077736896016
2021-05-24T06:00:00,21.620104416556977
2021-05-24T07:00:00,21.457550546397332
2021-05-24T08:00:00,22.341568076092262
2021-05-24T09:00:00,29.23870269111965
2021-05-24T10:00:00,42.04981530230978
2021-05-24T11:00:00,47.92351830523947
2021-05-24T12:00:00,43.44826988551927
2021-05-24T13:00:00,38.88111471093219
2021-05-24T14:00:00,41.26791116465692
2021-05-24T15:00:00,49.88629896744437
2021-05-24T16:00:00,46.52545564070992
2021-05-24T17:00:00,30.208204352337376
2021-05-24T18:00:00,24.918562598850414
2021-05-24T19:00:00,25.96032325081203
2021-05-24T20:00:00,27.073562290357504
2021-05-24T21:00:00,26.070622236832325
2021-05-24T22:00:00,25.842313932335895
2021-05-24T23:00:00,23.599004496698793
2021-05-25T00:00:00,17.228526737378992
2021-05-25T01:00:00,15.021903577058207
2021-05-25T02:00:00,15.01984621130902
2021-05-25T03:00:00,14.928337511808975
2021-05-25T04:00:00,13.701323467752207
2021-05-25T05:00:00,11.283628256424612
2021-05-25T06:00:00,9.871159221815025
2021-05-25T07:00:00,10.2746059583581
2021-05-25T08:00:00,11.148791479027789
2021-05-25T09:00:00,12.576259613037108
2021-05-25T10:00:00,13.210587211277174
2021-05-25T11:00:00,14.446926531584365
2021-05-25T12:00:00,17.242144335871156
2021-05-25T13:00:00,20.02975803872813
2021-05-25T14:00:00,22.099052180414613
2021-05-25T15:00:00,24.31219316565472
2021-05-25T16:00:00,24.52850731559421
2021-05-25T17:00:00,24.746282660442848
2021-05-25T18:00:00,24.780372204987895
2021-05-25T19:00:00,23.684356274812117
2021-05-25T20:00:00,22.004544299581777
2021-05-25T21:00:00,20.95173255256984
2021-05-25T22:00:00,21.6545411814814
2021-05-25T23:00:00,22.52821880838145
2021-05-26T00:00:00,22.228825195975922
2021-05-26T01:00:00,19.601610100787617
2021-05-26T02:00:00,18.21938423488451
2021-05-26T03:00:00,15.854297140370242
2021-05-26T04:00:00,11.908241354900857
2021-05-26T05:00:00,10.193900315657904
2021-05-26T06:00:00,9.329699972401494
2021-05-26T07:00:00,9.290600154710852
2021-05-26T08:00:00,9.81567088417385
2021-05-26T09:00:00,10.855561049088186
2021-05-26T10:00:00,12.294340921484904
2021-05-26T11:00:00,14.57792219908341
2021-05-26T12:00:00,16.174497604370117
2021-05-26T13:00:00,16.758759954701297
2021-05-26T14:00:00,17.39866949164349
2021-05-26T15:00:00,18.498885444972828
2021-05-26T16:00:00,19.41151179438052
2021-05-26T17:00:00,19.33356766078783
2021-05-26T18:00:00,19.062526039455243
2021-05-26T19:00:00,18.838470956553582
2021-05-26T20:00:00,18.257252485855766
2021-05-26T21:00:00,17.34085870825726
2021-05-26T22:00:00,17.317277410755988
2021-05-26T23:00:00,17.881656232087504
2021-05-27T00:00:00,18.862522622813348
2021-05-27T01:00:00,19.466978819473926
2021-05-27T02:00:00,17.741260528564453
2021-05-27T03:00:00,15.782700870348059
2021-05-27T04:00:00,14.206001571986985
2021-05-27T05:00:00,13.427897536236307
2021-05-27T06:00:00,13.330330890157947
2021-05-27T07:00:00,13.160902769669242
2021-05-27T08:00:00,13.029881477355955
2021-05-27T09:00:00,13.432733452838397
2021-05-27T10:00:00,14.453892044399094
2021-05-27T11:00:00,16.429391031679902
2021-05-27T12:00:00,18.846971345984418
2021-05-27T13:00:00,20.321613311767578
2021-05-27T14:00:00,21.52285600745159
2021-05-27T15:00:00,23.285720659338907
2021-05-27T16:00:00,24.665899193805192
2021-05-27T17:00:00,25.924318396526832
2021-05-27T18:00:00,26.043867774631664
2021-05-27T19:00:00,24.164910606715985
2021-05-27T20:00:00,22.181025463601816
2021-05-27T21:00:00,21.64381168199622
2021-05-27T22:00:00,22.846125727114465
2021-05-27T23:00:00,24.366797322812282
2021-05-28T00:00:00,24.16185677569845
2021-05-28T01:00:00,23.9529450458029
2021-05-28T02:00:00,20.267122268676754
2021-05-28T03:00:00,15.675347908683445
2021-05-28T04:00:00,13.752232593038807
2021-05-28T05:00:00,12.72250055230182
2021-05-28T06:00:00,12.607933666395104
2021-05-28T07:00:00,12.465711220451022
2021-05-28T08:00:00,12.54030824744183
2021-05-28T09:00:00,12.84557707413383
2021-05-28T10:00:00,13.647231682487156
2021-05-28T11:00:00,16.8254395360532
2021-05-28T12:00:00,23.054598766824473
2021-05-28T13:00:00,28.44392511119013
2021-05-28T14:00:00,36.323151049406626
2021-05-28T15:00:00,46.24580665256665
2021-05-28T16:00:00,55.44755869326384
2021-05-28T17:00:00,58.5997898267663
2021-05-28T18:00:00,55.874340389085845
2021-05-28T19:00:00,54.2971305847168
2021-05-28T20:00:00,56.734861954398774
2021-05-28T21:00:00,55.89755066581393
2021-05-28T22:00:00,50.80076599121093
2021-05-28T23:00:00,45.01686792788298
2021-05-29T00:00:00,44.33912874304729
2021-05-29T01:00:00,45.76401702217433
2021-05-29T02:00:00,28.153675908627715
2021-05-29T03:00:00,18.986226952594258
2021-05-29T04:00:00,14.980698087941045
2021-05-29T05:00:00,13.30900018111519
2021-05-29T06:00:00,12.525886411252227
2021-05-29T07:00:00,12.0788167455922
2021-05-29T08:00:00,11.687209378118098
2021-05-29T09:00:00,11.478712538014285
2021-05-29T10:00:00,11.872344887774924
2021-05-29T11:00:00,15.014634381169856
2021-05-29T12:00:00,24.48557414179263
2021-05-29T13:00:00,34.126878904259726
2021-05-29T14:00:00,39.40591016023055
2021-05-29T15:00:00,41.12643465788468
2021-05-29T16:00:00,42.06019492771314
2021-05-29T17:00:00,41.664994447127626
2021-05-29T18:00:00,40.00667754463527
2021-05-29T19:00:00,38.579454504925266
2021-05-29T20:00:00,36.821855462115735
2021-05-29T21:00:00,35.137221626613446
2021-05-29T22:00:00,33.92932792331861
2021-05-29T23:00:00,34.355205535888665
2021-05-30T00:00:00,34.90041318147079
2021-05-30T01:00:00,34.65039029328719
2021-05-30T02:00:00,27.558025691820227
2021-05-30T03:00:00,17.35820844899053
2021-05-30T04:00:00,14.127580228059188
2021-05-30T05:00:00,12.896211624145508
2021-05-30T06:00:00,12.19790695024573
2021-05-30T07:00:00,11.717929466910983
2021-05-30T08:00:00,11.652876190517258
2021-05-30T09:00:00,12.123267837192701
2021-05-30T10:00:00,13.205108103544813
2021-05-30T11:00:00,15.935508396314537
2021-05-30T12:00:00,23.979354360829223
2021-05-30T13:00:00,32.109385946522586
2021-05-30T14:00:00,37.4075811634893
2021-05-30T15:00:00,40.95902849280315
2021-05-30T16:00:00,40.19561319765837
2021-05-30T17:00:00,38.72746144170346
2021-05-30T18:00:00,39.130802817966625
2021-05-30T19:00:00,39.17102714206861
2021-05-30T20:00:00,38.086310013480805
2021-05-30T21:00:00,38.60815728229025
2021-05-30T22:00:00,39.18635890794837
2021-05-30T23:00:00,38.5291049791419
2021-05-31T00:00:00,37.7627535280974
2021-05-31T01:00:00,36.22399537459663
2021-05-31T02:00:00,25.50593334695567
2021-05-31T03:00:00,17.787834416265074
2021-05-31T04:00:00,15.161049718442168
2021-05-31T05:00:00,13.819374582041863
2021-05-31T06:00:00,12.998192704242209
2021-05-31T07:00:00,12.250840352929155
2021-05-31T08:00:00,12.123674392700194
2021-05-31T09:00:00,12.297048485797385
2021-05-31T10:00:00,13.049671795057213
2021-05-31T11:00:00,15.748042770054028
2021-05-31T12:00:00,24.140566618546192
2021-05-31T13:00:00,32.92333660955014
2021-05-31T14:00:00,40.125374337901235
2021-05-31T15:00:00,46.98705689803413
2021-05-31T16:00:00,51.247307155443266
2021-05-31T17:00:00,51.41233444213867
2021-05-31T18:00:00,49.733935148819626
2021-05-31T19:00:00,48.267253212306805
2021-05-31T20:00:00,47.135361049486235
2021-05-31T21:00:00,45.8909102730129
2021-05-31T22:00:00,43.54054227082626
2021-05-31T23:00:00,41.62983604099439
2021-06-01T00:00:00,42.063058438508406
2021-06-01T01:00:00,40.537625354269274
2021-06-01T02:00:00,25.575383393660832
2021-06-01T03:00:00,18.82260944532311
2021-06-01T04:00:00,16.303164938221805
2021-06-01T05:00:00,15.068133851756219
2021-06-01T06:00:00,14.51195774907651
2021-06-01T07:00:00,14.279120694036068
2021-06-01T08:00:00,14.174337801725969
2021-06-01T09:00:00,14.3068326452504
2021-06-01T10:00:00,15.142651931099268
2021-06-01T11:00:00,17.636137257451594
2021-06-01T12:00:00,25.371185634447176
2021-06-01T13:00:00,33.120007390561305
2021-06-01T14:00:00,39.48504887456478
2021-06-01T15:00:00,48.12377564803414
2021-06-01T16:00:00,57.95641476175059
2021-06-01T17:00:00,64.81886805658755
2021-06-01T18:00:00,67.67875721143639
2021-06-01T19:00:00,66.80270103786302
2021-06-01T20:00:00,64.89841311910877
2021-06-01T21:00:00,64.51739452196203
2021-06-01T22:00:00,65.314104826554
2021-06-01T23:00:00,67.20258895210597
2021-06-02T00:00:00,69.66416665782097
2021-06-02T01:00:00,66.28430407980213
2021-06-02T02:00:00,34.49913306858228
2021-06-02T03:00:00,20.671546853106957
2021-06-02T04:00:00,16.589979918106742
2021-06-02T05:00:00,14.930680606676182
2021-06-02T06:00:00,14.31916332244873
2021-06-02T07:00:00,14.240583295407502
2021-06-02T08:00:00,14.244825321695078
2021-06-02T09:00:00,14.942998720251996
2021-06-02T10:00:00,16.598264196644656
2021-06-02T11:00:00,21.9213926895805
2021-06-02T12:00:00,34.3157323754352
2021-06-02T13:00:00,51.29491142604662
2021-06-02T14:00:00,62.86421070928158
2021-06-02T15:00:00,72.5621925022291
2021-06-02T16:00:00,79.98383198613705
2021-06-02T17:00:00,86.05678326150645
2021-06-02T18:00:00,92.60648213262142
2021-06-02T19:00:00,100.68372875711191
2021-06-02T20:00:00,105.2264872011931
2021-06-02T21:00:00,105.3593633900518
2021-06-02T22:00:00,99.72444252345872
2021-06-02T23:00:00,85.56547579557999
2021-06-03T00:00:00,68.7308004628057
2021-06-03T01:00:00,57.828483913255766
2021-06-03T02:00:00,34.45748685753864
2021-06-03T03:00:00,24.14701743747877
2021-06-03T04:00:00,19.939269936603043
2021-06-03T05:00:00,17.610766369363535
2021-06-03T06:00:00,16.06497872394064
2021-06-03T07:00:00,15.295517879983652
2021-06-03T08:00:00,14.74531542736551
2021-06-03T09:00:00,15.350248502648393
2021-06-03T10:00:00,17.888720387997832
2021-06-03T11:00:00,23.437029465385102
2021-06-03T12:00:00,35.00840759277344
2021-06-03T13:00:00,45.60052291206691
2021-06-03T14:00:00,53.94085162618885
2021-06-03T15:00:00,64.11770878667416
2021-06-03T16:00:00,77.69711038340692
2021-06-03T17:00:00,93.4705764107082
2021-06-03T18:00:00,110.20568615457285
2021-06-03T19:00:00,127.5181771983271
2021-06-03T20:00:00,142.40543796705163
2021-06-03T21:00:00,146.91679249639094
2021-06-03T22:00:00,140.9837832243546
2021-06-03T23:00:00,131.79617773968238
2021-06-04T00:00:00,113.35056802500849
2021-06-04T01:00:00,84.15518951416016
2021-06-04T02:00:00,51.96140952732251
2021-06-04T03:00:00,37.71656965172809
2021-06-04T04:00:00,31.092253726461653
2021-06-04T05:00:00,28.169263259224266
2021-06-04T06:00:00,27.37529041456139
2021-06-04T07:00:00,26.86517168127972
2021-06-04T08:00:00,27.508176140163254
2021-06-04T09:00:00,26.98977238198985
2021-06-04T10:00:00,27.731194869331688
2021-06-04T11:00:00,28.856191718060035
2021-06-04T12:00:00,30.149984857310415
2021-06-04T13:00:00,31.63609023716138
2021-06-04T14:00:00,33.01076325126316
2021-06-04T15:00:00,35.278670020725414
2021-06-04T16:00:00,37.51822322347889
2021-06-04T17:00:00,41.72303838315217
2021-06-04T18:00:00,45.14018912937329
2021-06-04T19:00:00,48.220036216404125
2021-06-04T20:00:00,48.89539005445397
2021-06-04T21:00:00,44.79841597183891
2021-06-04T22:00:00,42.836711220119305
2021-06-04T23:00:00,41.48696882828422
2021-06-05T00:00:00,42.703447093134336
2021-06-05T01:00:00,45.045482303785235
2021-06-05T02:00:00,31.048997381459113
2021-06-05T03:00:00,24.041230657826297
2021-06-05T04:00:00,21.302158687425695
2021-06-05T05:00:00,19.581732708474863
2021-06-05T06:00:00,18.759614363960598
2021-06-05T07:00:00,18.860635923302688
2021-06-05T08:00:00,19.564310571421743
2021-06-05T09:00:00,20.478468604709786
2021-06-05T10:00:00,23.49346575529679
2021-06-05T11:00:00,29.05505147187606
2021-06-05T12:00:00,34.41156951240871
2021-06-05T13:00:00,37.38372421264648
2021-06-05T14:00:00,38.42998089997664
2021-06-05T15:00:00,41.25654361558997
2021-06-05T16:00:00,47.00562916631283
2021-06-05T17:00:00,55.37143939474354
2021-06-05T18:00:00,60.522690151048735
2021-06-05T19:00:00,62.66256017270295
2021-06-05T20:00:00,61.836290110712454
2021-06-05T21:00:00,57.229350546131954
2021-06-05T22:00:00,54.08732903521994
2021-06-05T23:00:00,54.35327861620032
2021-06-06T00:00:00,56.433070970618196
2021-06-06T01:00:00,53.86864322164784
2021-06-06T02:00:00,29.365698855856188
2021-06-06T03:00:00,21.920445317807403
2021-06-06T04:00:00,18.213318949160364
2021-06-06T05:00:00,16.193191777104918
2021-06-06T06:00:00,15.097792625427244
2021-06-06T07:00:00,14.492713679438051
2021-06-06T08:00:00,14.185759088267448
2021-06-06T09:00:00,14.376664742179537
2021-06-06T10:00:00,15.98333275836447
2021-06-06T11:00:00,20.17474141328231
2021-06-06T12:00:00,26.529397218123723
2021-06-06T13:00:00,32.61843067666758
2021-06-06T14:00:00,36.87540236763332
2021-06-06T15:00:00,40.74063972804857
2021-06-06T16:00:00,45.837200662364125
2021-06-06T17:00:00,52.177540986434266
2021-06-06T18:00:00,57.17995668494182
2021-06-06T19:00:00,58.020087532375165
2021-06-06T20:00:00,56.69351362145465
2021-06-06T21:00:00,54.22818109263544
2021-06-06T22:00:00,53.25521767657736
2021-06-06T23:00:00,53.9606993302055
2021-06-07T00:00:00,56.68303978961447
2021-06-07T01:00:00,59.17271191140879
2021-06-07T02:00:00,42.09347517594046
2021-06-07T03:00:00,28.884896651558254
2021-06-07T04:00:00,24.581715459408965
2021-06-07T05:00:00,22.307421808657434
2021-06-07T06:00:00,20.839383913123086
2021-06-07T07:00:00,19.78423110298488
2021-06-07T08:00:00,19.396784658017364
2021-06-07T09:00:00,20.61529424916143
2021-06-07T10:00:00,24.00921995743461
2021-06-07T11:00:00,27.992428572281543
2021-06-07T12:00:00,35.736516206160836
2021-06-07T13:00:00,44.8962229853091
2021-06-07T14:00:00,52.58609572700831
2021-06-07T15:00:00,57.891435374384336
2021-06-07T16:00:00,63.80308350272799
2021-06-07T17:00:00,68.42738790097444
2021-06-07T18:00:00,69.93694720060928
2021-06-07T19:00:00,69.15255405591881
2021-06-07T20:00:00,68.17600001459535
2021-06-07T21:00:00,66.7516224073327
2021-06-07T22:00:00,61.02047497293223
2021-06-07T23:00:00,54.66704625668732
2021-06-08T00:00:00,51.534894860309095
2021-06-08T01:00:00,49.30269838416058
2021-06-08T02:00:00,38.615247975225024
2021-06-08T03:00:00,21.88911637015964
2021-06-08T04:00:00,16.400245334791098
2021-06-08T05:00:00,14.915734954502268
2021-06-08T06:00:00,16.367538493612535
2021-06-08T07:00:00,18.3282993980076
2021-06-08T08:00:00,19.52462163178817
2021-06-08T09:00:00,22.694017990775727
2021-06-08T10:00:00,29.1098748911982
2021-06-08T11:00:00,33.83844433660092
2021-06-08T12:00:00,35.91311081596042
2021-06-08T13:00:00,36.6065502166748
2021-06-08T14:00:00,35.65771865844726
2021-06-08T15:00:00,33.57425250177798
2021-06-08T16:00:00,35.85858527473781
2021-06-08T17:00:00,39.58907251772673
2021-06-08T18:00:00,40.594644629436985
2021-06-08T19:00:00,39.15159922060759
2021-06-08T20:00:00,37.40136270937712
2021-06-08T21:00:00,35.89215767901876
2021-06-08T22:00:00,34.81130417533543
2021-06-08T23:00:00,35.376774000084914
2021-06-09T00:00:00,38.39711960502292
2021-06-09T01:00:00,40.10237867935843
2021-06-09T02:00:00,32.42778280506963
2021-06-09T03:00:00,25.43896078026813
2021-06-09T04:00:00,22.38952769403872
2021-06-09T05:00:00,20.419142349906586
2021-06-09T06:00:00,19.532072979470954
2021-06-09T07:00:00,19.63665837826936
2021-06-09T08:00:00,20.161980255790375
2021-06-09T09:00:00,21.145735699197516
2021-06-09T10:00:00,22.4108250659445
2021-06-09T11:00:00,25.34890805120053
2021-06-09T12:00:00,30.1423633409583
2021-06-09T13:00:00,32.761181541111156
2021-06-09T14:00:00,34.78396341075067
2021-06-09T15:00:00,38.72921122675356
2021-06-09T16:00:00,40.19826955380647
2021-06-09T17:00:00,39.51823375536048
2021-06-09T18:00:00,40.87592862999957
2021-06-09T19:00:00,38.72492715586787
2021-06-09T20:00:00,38.84077934596849
2021-06-09T21:00:00,36.7840345631475
2021-06-09T22:00:00,31.828921110733692
2021-06-09T23:00:00,30.60707747417947
2021-06-10T00:00:00,33.35146447886591
2021-06-10T01:00:00,36.81263135827105
2021-06-10T02:00:00,26.46235175754713
2021-06-10T03:00:00,21.11504513284434
2021-06-10T04:00:00,18.61856170322584
2021-06-10T05:00:00,17.171044059421703
2021-06-10T06:00:00,16.30145976854407
2021-06-10T07:00:00,15.30641356758449
2021-06-10T08:00:00,15.065268889717434
2021-06-10T09:00:00,15.58815056344737
2021-06-10T10:00:00,16.508415056311563
2021-06-10T11:00:00,19.544616616290543
2021-06-10T12:00:00,25.920422844264817
2021-06-10T13:00:00,33.0300469605819
2021-06-10T14:00:00,38.297725677490234
2021-06-10T15:00:00,41.085638129192844
2021-06-10T16:00:00,44.488931075386375
2021-06-10T17:00:00,47.84677206951638
2021-06-10T18:00:00,47.932727813720696
2021-06-10T19:00:00,45.412461156430446
2021-06-10T20:00:00,41.831175928530484
2021-06-10T21:00:00,41.641270015550695
2021-06-10T22:00:00,41.80561563243037
2021-06-10T23:00:00,42.40760753465735
2021-06-11T00:00:00,43.548695771590516
2021-06-11T01:00:00,42.47963565328847
2021-06-11T02:00:00,24.81269421784774
2021-06-11T03:00:00,18.632324716319207
2021-06-11T04:00:00,15.717541114143703
2021-06-11T05:00:00,14.598637746727984
2021-06-11T06:00:00,13.758761613265326
2021-06-11T07:00:00,13.252619204313856
2021-06-11T08:00:00,13.156502723693848
2021-06-11T09:00:00,13.344637207362961
2021-06-11T10:00:00,14.161537875299867
2021-06-11T11:00:00,17.006546435148817
2021-06-11T12:00:00,23.596390765646227
2021-06-11T13:00:00,30.32338557036026
2021-06-11T14:00:00,36.878009464429766
2021-06-11T15:00:00,41.40359065843665
2021-06-11T16:00:00,45.07662632154381
2021-06-11T17:00:00,49.528689840565555
2021-06-11T18:00:00,49.90824591595193
2021-06-11T19:00:00,46.49259567260742
2021-06-11T20:00:00,44.80447006225585
2021-06-11T21:00:00,44.10835249527641
2021-06-11T22:00:00,42.74276484613833
2021-06-11T23:00:00,41.76695815376613
2021-06-12T00:00:00,41.14598398623259
2021-06-12T01:00:00,39.126187863557234
2021-06-12T02:00:00,22.965920406839118
2021-06-12T03:00:00,16.60627555847168
2021-06-12T04:00:00,14.399772353794262
2021-06-12T05:00:00,13.199113970217496
2021-06-12T06:00:00,12.54935894841733
2021-06-12T07:00:00,12.240980397100033
2021-06-12T08:00:00,12.39784360968548
2021-06-12T09:00:00,12.191263074460235
2021-06-12T10:00:00,12.554372082585871
2021-06-12T11:00:00,14.72378647845724
2021-06-12T12:00:00,19.84147544529127
2021-06-12T13:00:00,24.99136112047278
2021-06-12T14:00:00,29.755023127016813
2021-06-12T15:00:00,33.08812166296917
2021-06-12T16:00:00,34.261606133502454
2021-06-12T17:00:00,34.25065645964249
2021-06-12T18:00:00,31.692724642546278
2021-06-12T19:00:00,28.85134282319442
2021-06-12T20:00:00,29.099278408548102
2021-06-12T21:00:00,30.130616810010824
2021-06-12T22:00:00,30.31376374286154
2021-06-12T23:00:00,30.6506115457286
2021-06-13T00:00:00,29.919298254925266
2021-06-13T01:00:00,28.90490440700365
2021-06-13T02:00:00,24.571608667788293
2021-06-13T03:00:00,19.303319184676457
2021-06-13T04:00:00,16.514723819235094
2021-06-13T05:00:00,15.519029783165971
2021-06-13T06:00:00,14.545949977377187
2021-06-13T07:00:00,14.255662835162617
2021-06-13T08:00:00,13.922055368838102
2021-06-13T09:00:00,13.526987822159475
2021-06-13T10:00:00,14.504946957463803
2021-06-13T11:00:00,17.761597011400305
2021-06-13T12:00:00,19.110971284949258
2021-06-13T13:00:00,19.39113791092582
2021-06-13T14:00:00,21.81971699258555
2021-06-13T15:00:00,25.55633735656738
2021-06-13T16:00:00,32.465320835942805
2021-06-13T17:00:00,31.578340281610902
2021-06-13T18:00:00,22.73536789935568
2021-06-13T19:00:00,17.780435064564575
2021-06-13T20:00:00,19.564837331357207
2021-06-13T21:00:00,25.002327131188434
2021-06-13T22:00:00,29.573601100755774
2021-06-13T23:00:00,31.701884394106653
2021-06-14T00:00:00,28.619112512339715
2021-06-14T01:00:00,26.35450213888417
2021-06-14T02:00:00,21.908305707185164
2021-06-14T03:00:00,18.229871501093324
2021-06-14T04:00:00,14.935804491457729
2021-06-14T05:00:00,15.066818817802098
2021-06-14T06:00:00,15.546749280846635
2021-06-14T07:00:00,16.16374687526537
2021-06-14T08:00:00,16.067368548849352
2021-06-14T09:00:00,15.165680180425227
2021-06-14T10:00:00,15.63349736255148
2021-06-14T11:00:00,19.220428135084067
2021-06-14T12:00:00,25.02839743572732
2021-06-14T13:00:00,29.569413226583727
2021-06-14T14:00:00,33.370967367421024
2021-06-14T15:00:00,37.997108625329055
2021-06-14T16:00:00,40.2900337550951
2021-06-14T17:00:00,41.13811542676842
2021-06-14T18:00:00,40.088359335194454
2021-06-14T19:00:00,37.270306296970524
2021-06-14T20:00:00,34.44216189177139
2021-06-14T21:00:00,33.661250321761415
2021-06-14T22:00:00,35.12867703645125
2021-06-14T23:00:00,39.10134224269701
2021-06-15T00:00:00,41.38446592248004
2021-06-15T01:00:00,37.844460362973415
2021-06-15T02:00:00,28.813622350278102
2021-06-15T03:00:00,21.90237177973208
2021-06-15T04:00:00,18.8011708466903
2021-06-15T05:00:00,17.123158828071926
2021-06-15T06:00:00,16.388436773548953
2021-06-15T07:00:00,16.19420449630074
2021-06-15T08:00:00,16.110418817271356
2021-06-15T09:00:00,16.342274043871008
2021-06-15T10:00:00,17.315761483233906
2021-06-15T11:00:00,20.403702694436774
2021-06-15T12:00:00,27.265549286552094
2021-06-15T13:00:00,33.49231073130731
2021-06-15T14:00:00,39.89621784376061
2021-06-15T15:00:00,45.62344111566958
2021-06-15T16:00:00,47.46003391431725
2021-06-15T17:00:00,47.96535044131071
2021-06-15T18:00:00,48.306465148925774
2021-06-15T19:00:00,44.58992452206818
2021-06-15T20:00:00,41.421005083167024
2021-06-15T21:00:00,39.76143563312032
2021-06-15T22:00:00,40.19574521935504
2021-06-15T23:00:00,41.6075031446374
2021-06-16T00:00:00,40.48454914922299
2021-06-16T01:00:00,36.97353711335555
2021-06-16T02:00:00,24.69412455351456
2021-06-16T03:00:00,19.071296526038125
2021-06-16T04:00:00,17.32423840398374
2021-06-16T05:00:00,17.100189706553582
2021-06-16T06:00:00,17.03882789611816
2021-06-16T07:00:00,17.070857835852582
2021-06-16T08:00:00,17.33868192589801
2021-06-16T09:00:00,17.841499743254285
2021-06-16T10:00:00,18.403300326803457
2021-06-16T11:00:00,20.83560528962508
2021-06-16T12:00:00,26.761763365372367
2021-06-16T13:00:00,32.13128620645274
2021-06-16T14:00:00,37.40674325694208
2021-06-16T15:00:00,43.30708346159562
2021-06-16T16:00:00,47.77791446188221
2021-06-16T17:00:00,49.9735284888226
2021-06-16T18:00:00,48.54221095209536
2021-06-16T19:00:00,45.52053915936013
2021-06-16T20:00:00,42.81570351642111
2021-06-16T21:00:00,41.70147389950959
2021-06-16T22:00:00,40.39722392870031
2021-06-16T23:00:00,40.868394437043555
2021-06-17T00:00:00,43.33577429729959
2021-06-17T01:00:00,42.956005759861156
2021-06-17T02:00:00,33.5787995379904
2021-06-17T03:00:00,27.402181210725203
2021-06-17T04:00:00,25.62005764505137
2021-06-17T05:00:00,25.31270889613939
2021-06-17T06:00:00,25.950804420139473
2021-06-17T07:00:00,27.111949423085083
2021-06-17T08:00:00,28.492051083108652
2021-06-17T09:00:00,30.3047691842784
2021-06-17T10:00:00,32.234962629235305
2021-06-17T11:00:00,35.36678214695142
2021-06-17T12:00:00,41.83315227342688
2021-06-17T13:00:00,47.66129402492357
2021-06-17T14:00:00,54.230787360149876
2021-06-17T15:00:00,59.32273533033287
2021-06-17T16:00:00,61.065242767333984
2021-06-17T17:00:00,63.53488175765327
2021-06-17T18:00:00,62.04404316777767
2021-06-17T19:00:00,60.656522170357086
2021-06-17T20:00:00,60.305681145709485
2021-06-17T21:00:00,59.329323478367
2021-06-17T22:00:00,60.662975145422884
2021-06-17T23:00:00,62.58358333421789
2021-06-18T00:00:00,62.22870503301205
2021-06-18T01:00:00,58.53294737442679
2021-06-18T02:00:00,48.76140793510105
2021-06-18T03:00:00,42.65353376969047
2021-06-18T04:00:00,38.09321328868036
2021-06-18T05:00:00,34.46610243424125
2021-06-18T06:00:00,32.2207149008046
2021-06-18T07:00:00,31.517793821251907
2021-06-18T08:00:00,31.84868414505668
2021-06-18T09:00:00,33.80356730585512
2021-06-18T10:00:00,36.40707977958347
2021-06-18T11:00:00,40.062043563179344
2021-06-18T12:00:00,46.47133968187414
2021-06-18T13:00:00,54.746612548828125
2021-06-18T14:00:00,63.12973420516304
2021-06-18T15:00:00,67.35342324298361
2021-06-18T16:00:00,66.01581606657608
2021-06-18T17:00:00,64.37870191491167
2021-06-18T18:00:00,63.92764597353727
2021-06-18T19:00:00,61.8249226445737
2021-06-18T20:00:00,59.190555240796954
2021-06-18T21:00:00,58.21526917167331
2021-06-18T22:00:00,58.65380809618079
2021-06-18T23:00:00,57.965516131857164
2021-06-19T00:00:00,56.95370284370753
2021-06-19T01:00:00,54.04085640285325
2021-06-19T02:00:00,41.51125252765157
2021-06-19T03:00:00,34.90228984666907
2021-06-19T04:00:00,30.960985266644016
2021-06-19T05:00:00,28.285426678864848
2021-06-19T06:00:00,26.469729879628055
2021-06-19T07:00:00,26.224465245785918
2021-06-19T08:00:00,26.751712799072262
2021-06-19T09:00:00,27.540865027386204
2021-06-19T10:00:00,29.196352668430492
2021-06-19T11:00:00,32.68285469386888
2021-06-19T12:00:00,38.9350876186205
2021-06-19T13:00:00,49.80156541907269
2021-06-19T14:00:00,60.95608669778575
2021-06-19T15:00:00,72.34736434273097
2021-06-19T16:00:00,85.2939396733823
2021-06-19T17:00:00,91.06239551046619
2021-06-19T18:00:00,85.8479644111965
2021-06-19T19:00:00,77.03370069420856
2021-06-19T20:00:00,67.65230460788892
2021-06-19T21:00:00,60.17647121263587
2021-06-19T22:00:00,54.85556726870328
2021-06-19T23:00:00,46.17125652147376
2021-06-20T00:00:00,41.9244268666143
2021-06-20T01:00:00,40.68929572727369
2021-06-20T02:00:00,30.49381239517875
2021-06-20T03:00:00,24.91605949401855
2021-06-20T04:00:00,21.895568433015242
2021-06-20T05:00:00,20.932882640672766
2021-06-20T06:00:00,21.546988860420555
2021-06-20T07:00:00,22.77988591401473
2021-06-20T08:00:00,24.01739568295686
2021-06-20T09:00:00,25.292016817175824
2021-06-20T10:00:00,26.75507255222486
2021-06-20T11:00:00,29.51336578700853
2021-06-20T12:00:00,33.98282092550526
2021-06-20T13:00:00,41.112397401229195
2021-06-20T14:00:00,50.9028555828592
2021-06-20T15:00:00,60.691956561544664
2021-06-20T16:00:00,68.87034971817678
2021-06-20T17:00:00,74.38899894382642
2021-06-20T18:00:00,79.71676702084747
2021-06-20T19:00:00,89.22082851244055
2021-06-20T20:00:00,101.5010873545771
2021-06-20T21:00:00,108.04400104025135
2021-06-20T22:00:00,111.82573235553242
2021-06-20T23:00:00,113.1943133810292
2021-06-21T00:00:00,108.25779889977495
2021-06-21T01:00:00,100.32821456245752
2021-06-21T02:00:00,77.23551045293392
2021-06-21T03:00:00,56.66255287502122
2021-06-21T04:00:00,45.542053056799844
2021-06-21T05:00:00,39.172525986381196
2021-06-21T06:00:00,34.109806060791016
2021-06-21T07:00:00,32.41324350108271
2021-06-21T08:00:00,33.10972346430239
2021-06-21T09:00:00,33.46472366996433
2021-06-21T10:00:00,34.23650592306386
2021-06-21T11:00:00,37.92097307288128
2021-06-21T12:00:00,42.42013002478558
2021-06-21T13:00:00,45.40382186226223
2021-06-21T14:00:00,52.0153340878694
2021-06-21T15:00:00,58.21871118960173
2021-06-21T16:00:00,62.381523629893415
2021-06-21T17:00:00,65.05523283585258
2021-06-21T18:00:00,66.57752128269361
2021-06-21T19:00:00,66.71382025013799
2021-06-21T20:00:00,64.45648359215777
2021-06-21T21:00:00,64.54425148341967
2021-06-21T22:00:00,67.43831319394317
2021-06-21T23:00:00,70.98057290782099
2021-06-22T00:00:00,66.87053099922511
2021-06-22T01:00:00,68.97908252218494
2021-06-22T02:00:00,57.17569318025008
2021-06-22T03:00:00,43.777834187383235
2021-06-22T04:00:00,39.38222934888756
2021-06-22T05:00:00,37.57267180733058
2021-06-22T06:00:00,36.72745381230893
2021-06-22T07:00:00,37.26058644833772
2021-06-22T08:00:00,38.904332202413805
2021-06-22T09:00:00,41.32854776797087
2021-06-22T10:00:00,45.446878350299336
2021-06-22T11:00:00,53.55572924406631
2021-06-22T12:00:00,67.07771002728006
2021-06-22T13:00:00,77.97264729375424
2021-06-22T14:00:00,80.82455510678498
2021-06-22T15:00:00,81.27389990765114
2021-06-22T16:00:00,71.62285779870075
2021-06-22T17:00:00,58.05390963347061
2021-06-22T18:00:00,51.20189616991126
2021-06-22T19:00:00,48.14121578050696
2021-06-22T20:00:00,46.05959485924762
2021-06-22T21:00:00,43.95050115170685
2021-06-22T22:00:00,41.89267548270847
2021-06-22T23:00:00,41.31306490690812
2021-06-23T00:00:00,41.147002676258914
2021-06-23T01:00:00,39.548220427139945
2021-06-23T02:00:00,35.35809210072393
2021-06-23T03:00:00,29.8035077634065
2021-06-23T04:00:00,23.998811473017152
2021-06-23T05:00:00,20.196525573730465
2021-06-23T06:00:00,18.373512682707414
2021-06-23T07:00:00,17.533209842184313
2021-06-23T08:00:00,17.132764069930364
2021-06-23T09:00:00,17.130756295245625
2021-06-23T10:00:00,18.074667723282523
2021-06-23T11:00:00,20.19778956537661
2021-06-23T12:00:00,24.743899967359457
2021-06-23T13:00:00,29.147082536116887
2021-06-23T14:00:00,32.69303753065026
2021-06-23T15:00:00,37.4711973770805
2021-06-23T16:00:00,42.37587505838145
2021-06-23T17:00:00,47.0263844365659
2021-06-23T18:00:00,52.753006147301704
2021-06-23T19:00:00,57.38891286435334
2021-06-23T20:00:00,61.253715515136705
2021-06-23T21:00:00,63.457870815111235
2021-06-23T22:00:00,66.39650975102963
2021-06-23T23:00:00,67.00063274217688
2021-06-24T00:00:00,67.01975150730298
2021-06-24T01:00:00,64.0160028208857
2021-06-24T02:00:00,46.13243733281674
2021-06-24T03:00:00,30.42026975880498
2021-06-24T04:00:00,27.12424510458241
2021-06-24T05:00:00,26.653201144674547
2021-06-24T06:00:00,25.478548630424168
2021-06-24T07:00:00,25.063625003980555
2021-06-24T08:00:00,25.591900701108184
2021-06-24T09:00:00,27.712796750275984
2021-06-24T10:00:00,30.51334265004033
2021-06-24T11:00:00,37.048681507939875
2021-06-24T12:00:00,44.017725903054945
2021-06-24T13:00:00,49.13073100214418
2021-06-24T14:00:00,51.31575410262397
2021-06-24T15:00:00,53.10106376979662
2021-06-24T16:00:00,54.4291471398395
2021-06-24T17:00:00,54.73386615255605
2021-06-24T18:00:00,53.24880599975585
2021-06-24T19:00:00,50.73760571687117
2021-06-24T20:00:00,48.7308993132218
2021-06-24T21:00:00,48.02888521940812
2021-06-24T22:00:00,47.64984031345533
2021-06-24T23:00:00,47.21054359104322
2021-06-25T00:00:00,45.70140589838442
2021-06-25T01:00:00,44.72723571113917
2021-06-25T02:00:00,41.89147070179814
2021-06-25T03:00:00,33.67779101496157
2021-06-25T04:00:00,28.93243955529254
2021-06-25T05:00:00,26.6233900318975
2021-06-25T06:00:00,25.767083789991293
2021-06-25T07:00:00,25.545513484788973
2021-06-25T08:00:00,25.47635484778362
2021-06-25T09:00:00,25.620176895805024
2021-06-25T10:00:00,26.051545184591536
2021-06-25T11:00:00,28.1566976464313
2021-06-25T12:00:00,32.89376814469047
2021-06-25T13:00:00,37.763314952021055
2021-06-25T14:00:00,40.50449520608653
2021-06-25T15:00:00,40.16905195816703
2021-06-25T16:00:00,38.24666744729747
2021-06-25T17:00:00,35.577399544093915
2021-06-25T18:00:00,32.76433695917544
2021-06-25T19:00:00,29.553362390269402
2021-06-25T20:00:00,26.825829298599903
2021-06-25T21:00:00,25.234376575635824
2021-06-25T22:00:00,23.185856528904125
2021-06-25T23:00:00,22.07152076389478
2021-06-26T00:00:00,21.91962789452594
2021-06-26T01:00:00,22.825313982756242
2021-06-26T02:00:00,20.07167724941088
2021-06-26T03:00:00,17.822328318720277
2021-06-26T04:00:00,17.06386715432872
2021-06-26T05:00:00,17.16214213163956
2021-06-26T06:00:00,17.372290486874785
2021-06-26T07:00:00,16.818006266718324
2021-06-26T08:00:00,16.074316771134086
2021-06-26T09:00:00,15.947483643241549
2021-06-26T10:00:00,16.54393378548
2021-06-26T11:00:00,20.290466806162954
2021-06-26T12:00:00,27.976005388342813
2021-06-26T13:00:00,36.30679130554199
2021-06-26T14:00:00,42.96613975193189
2021-06-26T15:00:00,45.6819899185844
2021-06-26T16:00:00,47.91147663282311
2021-06-26T17:00:00,49.571653946586274
2021-06-26T18:00:00,48.565438477889344
2021-06-26T19:00:00,44.47802037778107
2021-06-26T20:00:00,40.26341761713442
2021-06-26T21:00:00,38.95562760726265
2021-06-26T22:00:00,40.50802346934443
2021-06-26T23:00:00,42.09949791949728
2021-06-27T00:00:00,42.95967118636421
2021-06-27T01:00:00,43.22096799767535
2021-06-27T02:00:00,35.19164889791737
2021-06-27T03:00:00,28.901727344678793
2021-06-27T04:00:00,26.13220455335534
2021-06-27T05:00:00,25.829533867214035
2021-06-27T06:00:00,25.70129129161005
2021-06-27T07:00:00,25.200236527816106
2021-06-27T08:00:00,25.579764573470403
2021-06-27T09:00:00,27.518401270327356
2021-06-27T10:00:00,26.40683431210725
2021-06-27T11:00:00,30.05741932081139
2021-06-27T12:00:00,36.66392268305239
2021-06-27T13:00:00,40.719262330428414
2021-06-27T14:00:00,45.78078444107719
2021-06-27T15:00:00,54.659119813338556
2021-06-27T16:00:00,68.48023771203081
2021-06-27T17:00:00,84.47280485733694
2021-06-27T18:00:00,99.84129930579142
2021-06-27T19:00:00,108.96491573167883
2021-06-27T20:00:00,110.16462176779042
2021-06-27T21:00:00,106.98577748174252
2021-06-27T22:00:00,100.99447764521058
2021-06-27T23:00:00,89.03288733440895
2021-06-28T00:00:00,69.44282299539316
2021-06-28T01:00:00,52.73408607814623
2021-06-28T02:00:00,45.58557045978048
2021-06-28T03:00:00,40.256665602974266
2021-06-28T04:00:00,33.9571305150571
2021-06-28T05:00:00,29.17477184793223
2021-06-28T06:00:00,25.04635371332583
2021-06-28T07:00:00,22.38696405161982
2021-06-28T08:00:00,21.288463509601094
2021-06-28T09:00:00,20.891162457673442
2021-06-28T10:00:00,20.477914893108863
2021-06-28T11:00:00,22.25838918271272
2021-06-28T12:00:00,27.88107424196989
2021-06-28T13:00:00,34.580700086510696
2021-06-28T14:00:00,41.558857959249735
2021-06-28T15:00:00,48.71417269499405
2021-06-28T16:00:00,54.60619420590607
2021-06-28T17:00:00,60.03066585374915
2021-06-28T18:00:00,65.664214424465
2021-06-28T19:00:00,69.74295143459153
2021-06-28T20:00:00,72.05217809262483
2021-06-28T21:00:00,73.44698532767917
2021-06-28T22:00:00,75.01965862771738
2021-06-28T23:00:00,76.1050909291143
2021-06-29T00:00:00,75.20565862240998
2021-06-29T01:00:00,70.42101619554602
2021-06-29T02:00:00,39.892432337221884
2021-06-29T03:00:00,23.707479808641512
2021-06-29T04:00:00,19.923897618832793
2021-06-29T05:00:00,18.079298185265582
2021-06-29T06:00:00,17.016034665315047
2021-06-29T07:00:00,16.228731777357016
2021-06-29T08:00:00,15.949813842773438
2021-06-29T09:00:00,16.133595881254777
2021-06-29T10:00:00,17.067560527635656
2021-06-29T11:00:00,20.489289656929348
2021-06-29T12:00:00,28.507261690886125
2021-06-29T13:00:00,37.010899087657094
2021-06-29T14:00:00,44.33411606498386
2021-06-29T15:00:00,50.076311028521985
2021-06-29T16:00:00,54.68878837253735
2021-06-29T17:00:00,58.27074747500211
2021-06-29T18:00:00,61.42655530183211
2021-06-29T19:00:00,62.96583391272503
2021-06-29T20:00:00,65.12820600426716
2021-06-29T21:00:00,67.7549698871115
2021-06-29T22:00:00,68.89249984077786
2021-06-29T23:00:00,68.19245811130689
2021-06-30T00:00:00,67.29994649472444
2021-06-30T01:00:00,60.722620093304165
2021-06-30T02:00:00,36.72700210239576
2021-06-30T03:00:00,25.062304040660024
2021-06-30T04:00:00,20.784435272216797
2021-06-30T05:00:00,18.768568370653234
2021-06-30T06:00:00,17.700761960900348
2021-06-30T07:00:00,17.405982639478598
2021-06-30T08:00:00,17.117761611938473
2021-06-30T09:00:00,17.867328643798828
2021-06-30T10:00:00,20.5559896386188
2021-06-30T11:00:00,26.39318449600883
2021-06-30T12:00:00,35.26881143321161
2021-06-30T13:00:00,44.62388942552649
2021-06-30T14:00:00,49.557381339695134
2021-06-30T15:00:00,53.57789346446161
2021-06-30T16:00:00,58.48816116996433
2021-06-30T17:00:00,63.6041787188986
2021-06-30T18:00:00,67.49719470480213
2021-06-30T19:00:00,69.44768656855042
2021-06-30T20:00:00,68.42890681391177
2021-06-30T21:00:00,65.17609455274498
2021-06-30T22:00:00,60.24635331527046
2021-06-30T23:00:00,52.906509896983266
2021-07-01T00:00:00,45.29839026409647
2021-07-01T01:00:00,41.03418399976647
2021-07-01T02:00:00,36.78403746563455
2021-07-01T03:00:00,25.987716674804684
2021-07-01T04:00:00,20.588551313980762
2021-07-01T05:00:00,18.000591443932574
2021-07-01T06:00:00,16.30302802376125
2021-07-01T07:00:00,15.625813650048293
2021-07-01T08:00:00,15.965586413507875
2021-07-01T09:00:00,17.191117120825723
2021-07-01T10:00:00,20.673113532688305
2021-07-01T11:00:00,24.572028367415715
2021-07-01T12:00:00,28.322774140731145
2021-07-01T13:00:00,31.0723818903384
2021-07-01T14:00:00,36.57181167602538
2021-07-01T15:00:00,36.9409357153851
2021-07-01T16:00:00,27.800733897996984
2021-07-01T17:00:00,20.240541872770887
2021-07-01T18:00:00,18.357568409131922
2021-07-01T19:00:00,18.160926901775856
2021-07-01T20:00:00,16.94720608255137
2021-07-01T21:00:00,15.960899145706838
2021-07-01T22:00:00,16.210069241731063
2021-07-01T23:00:00,17.521753228229027
2021-07-02T00:00:00,19.636552478956137
2021-07-02T01:00:00,22.067778960518215
2021-07-02T02:00:00,22.10568809509277
2021-07-02T03:00:00,18.544808014579438
2021-07-02T04:00:00,16.420919418334957
2021-07-02T05:00:00,15.291259558304496
2021-07-02T06:00:00,14.73086535412332
2021-07-02T07:00:00,14.675478313280188
2021-07-02T08:00:00,14.883451005686881
2021-07-02T09:00:00,15.594929446344787
2021-07-02T10:00:00,16.863733706266984
2021-07-02T11:00:00,20.249394126560375
2021-07-02T12:00:00,28.696531959201977
2021-07-02T13:00:00,39.53930498206097
2021-07-02T14:00:00,45.19003047113833
2021-07-02T15:00:00,43.67430844514266
2021-07-02T16:00:00,40.98981442658798
2021-07-02T17:00:00,39.16565638003142
2021-07-02T18:00:00,40.29827947201936
2021-07-02T19:00:00,45.403943600861915
2021-07-02T20:00:00,50.081424713134766
2021-07-02T21:00:00,47.93196304984714
2021-07-02T22:00:00,41.35274654885997
2021-07-02T23:00:00,42.639493030050524
2021-07-03T00:00:00,51.225938382356055
2021-07-03T01:00:00,62.80956865393597
2021-07-03T02:00:00,63.38594685430112
2021-07-03T03:00:00,38.150027067764945
2021-07-03T04:00:00,25.990389036095657
2021-07-03T05:00:00,21.23102635922639
2021-07-03T06:00:00,19.42481173639712
2021-07-03T07:00:00,19.341844227003016
2021-07-03T08:00:00,19.80517478611158
2021-07-03T09:00:00,21.40882218402365
2021-07-03T10:00:00,26.3942116447117
2021-07-03T11:00:00,34.61281287151834
2021-07-03T12:00:00,45.554397251295
2021-07-03T13:00:00,57.790496162746265
2021-07-03T14:00:00,67.39874450020167
2021-07-03T15:00:00,74.65341584578803
2021-07-03T16:00:00,78.94456448762313
2021-07-03T17:00:00,84.16275190270464
2021-07-03T18:00:00,93.95271035899286
2021-07-03T19:00:00,104.3503066353176
2021-07-03T20:00:00,113.83967888873556
2021-07-03T21:00:00,117.97273320737092
2021-07-03T22:00:00,108.64174055016558
2021-07-03T23:00:00,93.48754219386888
2021-07-04T00:00:00,79.50780619745669
2021-07-04T01:00:00,71.62770710820736
2021-07-04T02:00:00,50.747810197913125
2021-07-04T03:00:00,28.98162219835364
2021-07-04T04:00:00,21.865534740945566
2021-07-04T05:00:00,18.67967688519022
2021-07-04T06:00:00,17.559023815652598
2021-07-04T07:00:00,17.604558447132938
2021-07-04T08:00:00,18.068685034047
2021-07-04T09:00:00,19.500192642211914
2021-07-04T10:00:00,23.477256360261336
2021-07-04T11:00:00,31.481787971828297
2021-07-04T12:00:00,40.47772448995838
2021-07-04T13:00:00,44.28515857198964
2021-07-04T14:00:00,48.3993857010551
2021-07-04T15:00:00,51.685294275698446
2021-07-04T16:00:00,55.58696846340013
2021-07-04T17:00:00,60.81545605866804
2021-07-04T18:00:00,68.53329418016516
2021-07-04T19:00:00,79.31489861529805
2021-07-04T20:00:00,88.77313431449558
2021-07-04T21:00:00,91.76065726902172
2021-07-04T22:00:00,90.15363742994226
2021-07-04T23:00:00,89.28426792310631
2021-07-05T00:00:00,93.66998224673063
2021-07-05T01:00:00,102.3472674825917
2021-07-05T02:00:00,77.17076807436734
2021-07-05T03:00:00,50.01018391484799
2021-07-05T04:00:00,34.457419188126266
2021-07-05T05:00:00,26.794649124145504
2021-07-05T06:00:00,23.241336988366168
2021-07-05T07:00:00,22.324936576511547
2021-07-05T08:00:00,22.48253001337466
2021-07-05T09:00:00,23.220339899477747
2021-07-05T10:00:00,24.40022062218707
2021-07-05T11:00:00,27.772702341494348
2021-07-05T12:00:00,35.4214334902556
2021-07-05T13:00:00,51.088332466457196
2021-07-05T14:00:00,68.80267831553584
2021-07-05T15:00:00,86.46481389584747
2021-07-05T16:00:00,96.64003156579058
2021-07-05T17:00:00,67.76002485855764
2021-07-05T18:00:00,75.19303048175314
2021-07-05T19:00:00,86.09125817340353
2021-07-05T20:00:00,92.00399647588314
2021-07-05T21:00:00,93.97694728685461
2021-07-05T22:00:00,93.92972033956775
2021-07-05T23:00:00,93.36970121964164
2021-07-06T00:00:00,88.8972821442977
2021-07-06T01:00:00,74.56143951416016
2021-07-06T02:00:00,41.91081188036047
2021-07-06T03:00:00,28.863696305648133
2021-07-06T04:00:00,23.67132485431173
2021-07-06T05:00:00,22.060319817584492
2021-07-06T06:00:00,20.887238295181938
2021-07-06T07:00:00,19.88209019536557
2021-07-06T08:00:00,19.36950517737347
2021-07-06T09:00:00,19.550212777179215
2021-07-06T10:00:00,21.723116916158922
2021-07-06T11:00:00,28.4271241063657
2021-07-06T12:00:00,39.81489662502123
2021-07-06T13:00:00,50.01254902715268
2021-07-06T14:00:00,48.199236496635095
2021-07-06T15:00:00,49.95277023315429
2021-07-06T16:00:00,56.63585662841796
2021-07-06T17:00:00,65.5821941209876
2021-07-06T18:00:00,70.89080711033033
2021-07-06T19:00:00,69.66706052033797
2021-07-06T20:00:00,63.84600299337636
2021-07-06T21:00:00,57.51546013873556
2021-07-06T22:00:00,51.759001690408454
2021-07-06T23:00:00,48.03994817319123
2021-07-07T00:00:00,46.13169993524966
2021-07-07T01:00:00,43.50056440933891
2021-07-07T02:00:00,32.992694108382516
2021-07-07T03:00:00,22.870748934538465
2021-07-07T04:00:00,19.612566325975497
2021-07-07T05:00:00,17.72990376016368
2021-07-07T06:00:00,17.24515906624172
2021-07-07T07:00:00,17.11697122325068
2021-07-07T08:00:00,16.764371623163637
2021-07-07T09:00:00,16.881152111551035
2021-07-07T10:00:00,18.822523448778234
2021-07-07T11:00:00,22.922930261363152
2021-07-07T12:00:00,31.960529990818184
2021-07-07T13:00:00,43.41152672145677
2021-07-07T14:00:00,51.732045380965516
2021-07-07T15:00:00,55.83455342831818
2021-07-07T16:00:00,59.87345139876656
2021-07-07T17:00:00,65.10296730373216
2021-07-07T18:00:00,70.03178870159647
2021-07-07T19:00:00,69.51490451978599
2021-07-07T20:00:00,65.35726265285325
2021-07-07T21:00:00,60.306724548339844
2021-07-07T22:00:00,54.949960459833555
2021-07-07T23:00:00,52.30424864395805
2021-07-08T00:00:00,53.19116343622622
2021-07-08T01:00:00,52.10571371990701
2021-07-08T02:00:00,34.88650031711744
2021-07-08T03:00:00,23.206221787825875
2021-07-08T04:00:00,19.6393868819527
2021-07-08T05:00:00,17.85254395526388
2021-07-08T06:00:00,16.51400499758513
2021-07-08T07:00:00,15.9074068484099
2021-07-08T08:00:00,16.49528461953868
2021-07-08T09:00:00,17.848699901414953
2021-07-08T10:00:00,18.52605579210364
2021-07-08T11:00:00,21.178358575572137
2021-07-08T12:00:00,28.63252730991529
2021-07-08T13:00:00,42.152931876804516
2021-07-08T14:00:00,53.97398824277131
2021-07-08T15:00:00,55.833476190981656
2021-07-08T16:00:00,57.41118688168733
2021-07-08T17:00:00,56.80952951182489
2021-07-08T18:00:00,53.95122677346934
2021-07-08T19:00:00,48.18100340470023
2021-07-08T20:00:00,44.42818683126698
2021-07-08T21:00:00,44.74142688253651
2021-07-08T22:00:00,45.38220098744268
2021-07-08T23:00:00,47.71158135455587
2021-07-09T00:00:00,50.82787986423658
2021-07-09T01:00:00,50.904155067775555
2021-07-09T02:00:00,43.22317703910495
2021-07-09T03:00:00,27.2235572649085
2021-07-09T04:00:00,23.41994061677352
2021-07-09T05:00:00,25.440428443576977
2021-07-09T06:00:00,20.649037983106528
2021-07-09T07:00:00,19.825651915177055
2021-07-09T08:00:00,23.698319144870922
2021-07-09T09:00:00,30.083634500918176
2021-07-09T10:00:00,29.65350889123004
2021-07-09T11:00:00,32.06416196408479
2021-07-09T12:00:00,39.474023736041524
2021-07-09T13:00:00,45.33412452366041
2021-07-09T14:00:00,47.075445921524704
2021-07-09T15:00:00,44.37577803238578
2021-07-09T16:00:00,41.06938552856445
2021-07-09T17:00:00,38.056267779806376
2021-07-09T18:00:00,35.76992449553116
2021-07-09T19:00:00,35.12183877696161
2021-07-09T20:00:00,37.605847234311305
2021-07-09T21:00:00,39.53103189883024
2021-07-09T22:00:00,30.72876109247622
2021-07-09T23:00:00,19.568032140317168
2021-07-10T00:00:00,20.618913650512695
2021-07-10T01:00:00,22.01914530215056
2021-07-10T02:00:00,23.15028522325598
2021-07-10T03:00:00,18.8087567039158
2021-07-10T04:00:00,16.222964784373406
2021-07-10T05:00:00,16.846697807312008
2021-07-10T06:00:00,13.842273131660793
2021-07-10T07:00:00,13.487309621727984
2021-07-10T08:00:00,16.564970182335895
2021-07-10T09:00:00,17.884166717529293
2021-07-10T10:00:00,18.042478561401364
2021-07-10T11:00:00,22.448537826538086
2021-07-10T12:00:00,24.59218572533649
2021-07-10T13:00:00,23.472588083018422
2021-07-10T14:00:00,23.786836541217305
2021-07-10T15:00:00,26.13827207814092
2021-07-10T16:00:00,28.50896710934846
2021-07-10T17:00:00,31.39996371061905
2021-07-10T18:00:00,31.56188815572987
2021-07-10T19:00:00,30.88432519332222
2021-07-10T20:00:00,30.615689816682234
2021-07-10T21:00:00,30.69043142899223
2021-07-10T22:00:00,30.105906196262517
2021-07-10T23:00:00,29.988233732140582
2021-07-11T00:00:00,29.378106241640833
2021-07-11T01:00:00,27.508698007334832
2021-07-11T02:00:00,23.847672503927477
2021-07-11T03:00:00,21.30980698958687
2021-07-11T04:00:00,20.532648335332453
2021-07-11T05:00:00,19.49982734348463
2021-07-11T06:00:00,18.465933177782137
2021-07-11T07:00:00,18.153233569601305
2021-07-11T08:00:00,18.37778514364491
2021-07-11T09:00:00,19.171982474949047
2021-07-11T10:00:00,19.642431425011676
2021-07-11T11:00:00,20.824255072552223
2021-07-11T12:00:00,23.747964776080586
2021-07-11T13:00:00,26.482322361158285
2021-07-11T14:00:00,28.134812313577402
2021-07-11T15:00:00,29.22840848176375
2021-07-11T16:00:00,29.788641971090563
2021-07-11T17:00:00,29.63335841634999
2021-07-11T18:00:00,29.498842405236285
2021-07-11T19:00:00,28.569195457126778
2021-07-11T20:00:00,27.956315579621684
2021-07-11T21:00:00,27.734196538510528
2021-07-11T22:00:00,27.499558656112004
2021-07-11T23:00:00,27.596026047416355
2021-07-12T00:00:00,27.9684421705163
2021-07-12T01:00:00,27.094831383746598
2021-07-12T02:00:00,21.690313919730805
2021-07-12T03:00:00,18.786488823268726
2021-07-12T04:00:00,17.55467953889266
2021-07-12T05:00:00,16.68640493310016
2021-07-12T06:00:00,16.492304677548614
2021-07-12T07:00:00,16.450107491534684
2021-07-12T08:00:00,16.452518380206563
2021-07-12T09:00:00,16.62805648471998
2021-07-12T10:00:00,17.18431165943975
2021-07-12T11:00:00,18.76672728165336
2021-07-12T12:00:00,21.492322838824727
2021-07-12T13:00:00,24.475776838219684
2021-07-12T14:00:00,27.279376403145164
2021-07-12T15:00:00,30.131201205046278
2021-07-12T16:00:00,30.571003291917883
2021-07-12T17:00:00,31.066256896309227
2021-07-12T18:00:00,32.318064896956734
2021-07-12T19:00:00,30.99944040049677
2021-07-12T20:00:00,28.93971119756284
2021-07-12T21:00:00,29.122234427410618
2021-07-12T22:00:00,29.304393851238746
2021-07-12T23:00:00,28.547553850256875
2021-07-13T00:00:00,28.08122701230256
2021-07-13T01:00:00,26.6764965057373
2021-07-13T02:00:00,22.308373824409813
2021-07-13T03:00:00,21.067552234815512
2021-07-13T04:00:00,21.274631831956942
2021-07-13T05:00:00,22.065570002016813
2021-07-13T06:00:00,21.499976780103598
2021-07-13T07:00:00,20.987558116083555
2021-07-13T08:00:00,21.247961624808934
2021-07-13T09:00:00,21.62496583358101
2021-07-13T10:00:00,22.013658357703164
2021-07-13T11:00:00,23.066141543181043
2021-07-13T12:00:00,25.47902853592582
2021-07-13T13:00:00,28.33584652776303
2021-07-13T14:00:00,30.25714890853218
2021-07-13T15:00:00,32.31705018748408
2021-07-13T16:00:00,34.185292036637016
2021-07-13T17:00:00,35.42821850983992
2021-07-13T18:00:00,36.69882334833559
2021-07-13T19:00:00,34.99465295542841
2021-07-13T20:00:00,33.67001384237538
2021-07-13T21:00:00,34.07481334520422
2021-07-13T22:00:00,33.223503195721165
2021-07-13T23:00:00,33.23758722388226
2021-07-14T00:00:00,33.257498616757594
2021-07-14T01:00:00,30.46608841937521
2021-07-14T02:00:00,21.83225515614385
2021-07-14T03:00:00,19.66508807306704
2021-07-14T04:00:00,18.93181734499724
2021-07-14T05:00:00,19.586187777311903
2021-07-14T06:00:00,21.304643382196836
2021-07-14T07:00:00,24.39106460239576
2021-07-14T08:00:00,28.148882990298063
2021-07-14T09:00:00,30.391121822854743
2021-07-14T10:00:00,31.392165142556895
2021-07-14T11:00:00,32.18568917979364
2021-07-14T12:00:00,35.13678376570992
2021-07-14T13:00:00,40.17525449006454
2021-07-14T14:00:00,45.90731231026027
2021-07-14T15:00:00,50.85959575487219
2021-07-14T16:00:00,54.08693595554517
2021-07-14T17:00:00,54.561797929846726
2021-07-14T18:00:00,52.713448068369985
2021-07-14T19:00:00,51.9268682728643
2021-07-14T20:00:00,52.21404316114343
2021-07-14T21:00:00,53.48312460857889
2021-07-14T22:00:00,54.42096793133279
2021-07-14T23:00:00,53.06362649668818
2021-07-15T00:00:00,48.36748604152513
2021-07-15T01:00:00,43.23001679130222
2021-07-15T02:00:00,31.873817941416863
2021-07-15T03:00:00,26.70804687168287
2021-07-15T04:00:00,24.34187549093495
2021-07-15T05:00:00,23.354340345963184
2021-07-15T06:00:00,22.24052470663319
2021-07-15T07:00:00,21.202396226965863
2021-07-15T08:00:00,20.486453927081563
2021-07-15T09:00:00,20.31876464512037
2021-07-15T10:00:00,21.39064316127611
2021-07-15T11:00:00,24.410190001777977
2021-07-15T12:00:00,31.78113224195397
2021-07-15T13:00:00,41.61048839403235
2021-07-15T14:00:00,45.81761285533075
2021-07-15T15:00:00,51.06624719370965
2021-07-15T16:00:00,58.56787490844725
2021-07-15T17:00:00,62.32932580035665
2021-07-15T18:00:00,61.549609640370235
2021-07-15T19:00:00,57.68656805287236
2021-07-15T20:00:00,52.41873135774031
2021-07-15T21:00:00,47.18214051619819
2021-07-15T22:00:00,42.913668259330414
2021-07-15T23:00:00,40.21368242346722
2021-07-16T00:00:00,38.89940344769022
2021-07-16T01:00:00,37.01748474784519
2021-07-16T02:00:00,23.745980884717856
2021-07-16T03:00:00,21.37251505644425
2021-07-16T04:00:00,22.691772295081098
2021-07-16T05:00:00,24.99706998078719
2021-07-16T06:00:00,26.466930638188895
2021-07-16T07:00:00,26.981117829032563
2021-07-16T08:00:00,27.27704786217731
2021-07-16T09:00:00,27.64594865881878
2021-07-16T10:00:00,28.799661802208938
2021-07-16T11:00:00,32.146451037863024
2021-07-16T12:00:00,39.83967839116635
2021-07-16T13:00:00,49.84206523065981
2021-07-16T14:00:00,53.062163809071414
2021-07-16T15:00:00,59.231787805971884
2021-07-16T16:00:00,66.96894736911939
2021-07-16T17:00:00,76.33131541376528
2021-07-16T18:00:00,82.46697135593578
2021-07-16T19:00:00,88.1799731047257
2021-07-16T20:00:00,91.62745898702869
2021-07-16T21:00:00,93.64297750721805
2021-07-16T22:00:00,93.18429399573284
2021-07-16T23:00:00,84.50096594769022
2021-07-17T00:00:00,71.54299462359883
2021-07-17T01:00:00,58.294697139574126
2021-07-17T02:00:00,36.956950975501016
2021-07-17T03:00:00,25.875559019005813
2021-07-17T04:00:00,21.84522189264712
2021-07-17T05:00:00,20.839944093123723
2021-07-17T06:00:00,20.820679457291313
2021-07-17T07:00:00,20.872136323348336
2021-07-17T08:00:00,21.2675199923308
2021-07-17T09:00:00,22.5323371057925
2021-07-17T10:00:00,25.00216426020083
2021-07-17T11:00:00,31.469193417093027
2021-07-17T12:00:00,41.011415730351985
2021-07-17T13:00:00,46.644860474959664
2021-07-17T14:00:00,52.60913765948751
2021-07-17T15:00:00,57.960324494735055
2021-07-17T16:00:00,64.675305739693
2021-07-17T17:00:00,67.85043600331181
2021-07-17T18:00:00,70.05411562712295
2021-07-17T19:00:00,70.07609889818274
2021-07-17T20:00:00,67.03510781993036
2021-07-17T21:00:00,63.36957450534986
2021-07-17T22:00:00,60.68832944787067
2021-07-17T23:00:00,55.175673277481735
2021-07-18T00:00:00,49.15445294587508
2021-07-18T01:00:00,45.86614625350288
2021-07-18T02:00:00,37.788635088049844
2021-07-18T03:00:00,26.33978868567425
2021-07-18T04:00:00,21.089358868806258
2021-07-18T05:00:00,18.886533654254414
2021-07-18T06:00:00,17.838754819787066
2021-07-18T07:00:00,17.109572369119395
2021-07-18T08:00:00,16.245626117872153
2021-07-18T09:00:00,15.838657462078588
2021-07-18T10:00:00,16.685191195944082
2021-07-18T11:00:00,20.723016407178793
2021-07-18T12:00:00,27.73426810554836
2021-07-18T13:00:00,34.73302194346552
2021-07-18T14:00:00,39.53133226477581
2021-07-18T15:00:00,41.80248907338018
2021-07-18T16:00:00,41.826674917469845
2021-07-18T17:00:00,41.71915551890497
2021-07-18T18:00:00,42.07549368816873
2021-07-18T19:00:00,42.19302683291228
2021-07-18T20:00:00,41.92714077493418
2021-07-18T21:00:00,41.46161734539529
2021-07-18T22:00:00,41.208454961362094
2021-07-18T23:00:00,41.28864421015199
2021-07-19T00:00:00,42.886382559071414
2021-07-19T01:00:00,43.81810578056004
2021-07-19T02:00:00,33.08431094625722
2021-07-19T03:00:00,26.91459473319675
2021-07-19T04:00:00,24.29289510975713
2021-07-19T05:00:00,22.927227351976473
2021-07-19T06:00:00,22.171420636384383
2021-07-19T07:00:00,21.496248079382852
2021-07-19T08:00:00,20.41180934076724
2021-07-19T09:00:00,19.455816600633703
2021-07-19T10:00:00,19.72168798032014
2021-07-19T11:00:00,22.764082867166266
2021-07-19T12:00:00,27.643846926481825
2021-07-19T13:00:00,27.431023805037785
2021-07-19T14:00:00,27.37709683957307
2021-07-19T15:00:00,29.093157395072602
2021-07-19T16:00:00,30.919896664826762
2021-07-19T17:00:00,32.95909641100012
2021-07-19T18:00:00,35.75042011426843
2021-07-19T19:00:00,37.36528545877208
2021-07-19T20:00:00,36.25517637833305
2021-07-19T21:00:00,34.75053820402726
2021-07-19T22:00:00,33.23046269624129
2021-07-19T23:00:00,33.97275684190833
2021-07-20T00:00:00,34.02926536228346
2021-07-20T01:00:00,32.55903384996496
2021-07-20T02:00:00,25.58768496306046
2021-07-20T03:00:00,21.467014644456945
2021-07-20T04:00:00,20.16153642405634
2021-07-20T05:00:00,18.954846174820606
2021-07-20T06:00:00,18.0240072167438
2021-07-20T07:00:00,17.708761795707368
2021-07-20T08:00:00,17.53418118020762
2021-07-20T09:00:00,18.1310046652089
2021-07-20T10:00:00,19.94121327607528
2021-07-20T11:00:00,23.873566503110137
2021-07-20T12:00:00,30.1594416576883
2021-07-20T13:00:00,35.52886332636294
2021-07-20T14:00:00,38.50554806253184
2021-07-20T15:00:00,39.45476316369098
2021-07-20T16:00:00,39.20927362856658
2021-07-20T17:00:00,38.1262615038001
2021-07-20T18:00:00,36.31577856644339
2021-07-20T19:00:00,32.02995250536048
2021-07-20T20:00:00,28.637581783792243
2021-07-20T21:00:00,26.23107122338336
2021-07-20T22:00:00,24.807652431985602
2021-07-20T23:00:00,24.096117600150727
2021-07-21T00:00:00,24.72166757998259
2021-07-21T01:00:00,25.386772902115528
2021-07-21T02:00:00,19.997350941533625
2021-07-21T03:00:00,18.360989031584364
2021-07-21T04:00:00,17.498080543849778
2021-07-21T05:00:00,16.96415702156398
2021-07-21T06:00:00,16.249027252197266
2021-07-21T07:00:00,15.416130397630774
2021-07-21T08:00:00,14.846881700598672
2021-07-21T09:00:00,14.748834444128947
2021-07-21T10:00:00,15.463255384693973
2021-07-21T11:00:00,18.19887244183084
2021-07-21T12:00:00,22.30950720413871
2021-07-21T13:00:00,26.42904762599779
2021-07-21T14:00:00,30.393491081569504
2021-07-21T15:00:00,32.70166844907014
2021-07-21T16:00:00,32.996101711107336
2021-07-21T17:00:00,31.431800759356953
2021-07-21T18:00:00,30.592538999474566
2021-07-21T19:00:00,30.83584719118864
2021-07-21T20:00:00,31.207953328671664
2021-07-21T21:00:00,30.9014257348102
2021-07-21T22:00:00,30.760489422342047
2021-07-21T23:00:00,30.34349126401154
2021-07-22T00:00:00,30.111634295919664
2021-07-22T01:00:00,29.93287824547809
2021-07-22T02:00:00,28.195248313572094
2021-07-22T03:00:00,21.932585177214246
2021-07-22T04:00:00,18.470706856769063
2021-07-22T05:00:00,16.567410759303883
2021-07-22T06:00:00,15.731623773989469
2021-07-22T07:00:00,15.168519434721572
2021-07-22T08:00:00,15.101284317348313
2021-07-22T09:00:00,15.406846212304156
2021-07-22T10:00:00,16.364324237989344
2021-07-22T11:00:00,20.609356175298274
2021-07-22T12:00:00,25.43767671999724
2021-07-22T13:00:00,27.723902495011036
2021-07-22T14:00:00,30.021289659583044
2021-07-22T15:00:00,32.196469431338095
2021-07-22T16:00:00,31.969221861466117
2021-07-22T17:00:00,30.24743743564771
2021-07-22T18:00:00,29.042658266813856
2021-07-22T19:00:00,28.16997851496157
2021-07-22T20:00:00,25.7192556961723
2021-07-22T21:00:00,23.130358737447985
2021-07-22T22:00:00,22.235703758571457
2021-07-22T23:00:00,21.686241398686946
2021-07-23T00:00:00,21.489615896473758
2021-07-23T01:00:00,20.821351839148477
2021-07-23T02:00:00,18.80168989430303
2021-07-23T03:00:00,15.374484684156334
2021-07-23T04:00:00,13.99374190620754
2021-07-23T05:00:00,14.690646420354428
2021-07-23T06:00:00,15.253406690514604
2021-07-23T07:00:00,14.759715992471444
2021-07-23T08:00:00,14.369800526162852
2021-07-23T09:00:00,14.132188714068867
2021-07-23T10:00:00,14.513492957405422
2021-07-23T11:00:00,16.1645917477815
2021-07-23T12:00:00,18.956324784652043
2021-07-23T13:00:00,21.281072782433547
2021-07-23T14:00:00,22.80950687242591
2021-07-23T15:00:00,24.33218889651091
2021-07-23T16:00:00,26.271728598553196
2021-07-23T17:00:00,27.79867678103239
2021-07-23T18:00:00,28.919167062510613
2021-07-23T19:00:00,26.698749376379922
2021-07-23T20:00:00,23.6533204783564
2021-07-23T21:00:00,24.06921925752059
2021-07-23T22:00:00,23.578268465788465
2021-07-23T23:00:00,22.222356962121047
2021-07-24T00:00:00,21.44572855078656
2021-07-24T01:00:00,22.494395546291184
2021-07-24T02:00:00,20.646491258040715
2021-07-24T03:00:00,15.860565061154572
2021-07-24T04:00:00,16.013733241869055
2021-07-24T05:00:00,15.174500631249465
2021-07-24T06:00:00,12.814727492954418
2021-07-24T07:00:00,11.47156047821045
2021-07-24T08:00:00,11.828632935233736
2021-07-24T09:00:00,12.675168410591457
2021-07-24T10:00:00,13.736009266065512
2021-07-24T11:00:00,15.501782417297363
2021-07-24T12:00:00,18.77085785243822
2021-07-24T13:00:00,22.47037962208623
2021-07-24T14:00:00,23.74722795901091
2021-07-24T15:00:00,24.62039118227751
2021-07-24T16:00:00,26.853929768437926
2021-07-24T17:00:00,29.539946514627207
2021-07-24T18:00:00,32.36929586659306
2021-07-24T19:00:00,36.337710836659305
2021-07-24T20:00:00,38.440342281175695
2021-07-24T21:00:00,34.51389221523119
2021-07-24T22:00:00,31.871768868487816
2021-07-24T23:00:00,29.945938856705375
2021-07-25T00:00:00,29.710510668547254
2021-07-25T01:00:00,32.011564254760735
2021-07-25T02:00:00,29.198684526526407
2021-07-25T03:00:00,20.336951711903446
2021-07-25T04:00:00,17.609211631443188
2021-07-25T05:00:00,17.09664386251698
2021-07-25T06:00:00,16.61676862965459
2021-07-25T07:00:00,16.072142808333684
2021-07-25T08:00:00,15.835403276526408
2021-07-25T09:00:00,15.539596972258192
2021-07-25T10:00:00,15.698718858801799
2021-07-25T11:00:00,17.225622260052223
2021-07-25T12:00:00,20.361856792284094
2021-07-25T13:00:00,22.16895252725352
2021-07-25T14:00:00,24.261166448178496
2021-07-25T15:00:00,27.119186898936395
2021-07-25T16:00:00,29.940414014069926
2021-07-25T17:00:00,29.652346154917836
2021-07-25T18:00:00,28.631244078926414
2021-07-25T19:00:00,28.662331290867016
2021-07-25T20:00:00,28.584698055101473
2021-07-25T21:00:00,28.39543433811353
2021-07-25T22:00:00,27.770111332768977
2021-07-25T23:00:00,27.221301286116887
2021-07-26T00:00:00,26.976811699245285
2021-07-26T01:00:00,27.962311537369434
2021-07-26T02:00:00,23.009694389674973
2021-07-26T03:00:00,18.021029347958766
2021-07-26T04:00:00,15.81603535361912
2021-07-26T05:00:00,14.599541912908137
2021-07-26T06:00:00,13.891551183617633
2021-07-26T07:00:00,13.676162968511166
2021-07-26T08:00:00,13.667345461638076
2021-07-26T09:00:00,14.099533081054688
2021-07-26T10:00:00,14.870289180589758
2021-07-26T11:00:00,17.093091715937074
2021-07-26T12:00:00,21.62860853775688
2021-07-26T13:00:00,25.550852568253223
2021-07-26T14:00:00,28.51193867559018
2021-07-26T15:00:00,31.69949971074643
2021-07-26T16:00:00,32.913059068762735
2021-07-26T17:00:00,32.26300571275794
2021-07-26T18:00:00,31.06459460051163
2021-07-26T19:00:00,29.180411131485645
2021-07-26T20:00:00,27.392403229423188
2021-07-26T21:00:00,25.74305857782778
2021-07-26T22:00:00,24.821219568667203
2021-07-26T23:00:00,24.698756508205246
2021-07-27T00:00:00,25.885269911392875
2021-07-27T01:00:00,26.849716932877246
2021-07-27T02:00:00,22.868536493052602
2021-07-27T03:00:00,19.147020091181215
2021-07-27T04:00:00,17.44462137636931
2021-07-27T05:00:00,16.424762228260867
2021-07-27T06:00:00,15.948616649793541
2021-07-27T07:00:00,15.458787254665207
2021-07-27T08:00:00,14.85807821025019
2021-07-27T09:00:00,14.593498478765072
2021-07-27T10:00:00,15.15091904349949
2021-07-27T11:00:00,17.82826058760933
2021-07-27T12:00:00,24.545079687367313
2021-07-27T13:00:00,30.80151715485945
2021-07-27T14:00:00,29.753449647322945
2021-07-27T15:00:00,30.948762313179348
2021-07-27T16:00:00,34.966113629548445
2021-07-27T17:00:00,37.7088852757993
2021-07-27T18:00:00,40.4144406525985
2021-07-27T19:00:00,42.7013053894043
2021-07-27T20:00:00,43.13843917846679
2021-07-27T21:00:00,40.974834939707875
2021-07-27T22:00:00,36.991769790649414
2021-07-27T23:00:00,34.66202636387037
2021-07-28T00:00:00,36.04057154448135
2021-07-28T01:00:00,36.438233417013414
2021-07-28T02:00:00,26.742826793504797
2021-07-28T03:00:00,19.983969646951422
2021-07-28T04:00:00,16.47740073826002
2021-07-28T05:00:00,14.940435285153596
2021-07-28T06:00:00,13.874223087144934
2021-07-28T07:00:00,13.035384468410324
2021-07-28T08:00:00,12.566971654477324
2021-07-28T09:00:00,12.6705671807994
2021-07-28T10:00:00,13.455596923828123
2021-07-28T11:00:00,16.802370817764942
2021-07-28T12:00:00,26.45994708849036
2021-07-28T13:00:00,34.418291755344555
2021-07-28T14:00:00,37.604144220766806
2021-07-28T15:00:00,44.04299727730129
2021-07-28T16:00:00,50.730660148288884
2021-07-28T17:00:00,53.43614810446034
2021-07-28T18:00:00,47.69692346324091
2021-07-28T19:00:00,38.592538584833555
2021-07-28T20:00:00,34.726078033447266
2021-07-28T21:00:00,34.28097310273543
2021-07-28T22:00:00,34.082013835077696
2021-07-28T23:00:00,35.62178561998449
2021-07-29T00:00:00,37.07151296864385
2021-07-29T01:00:00,37.19294241200322
2021-07-29T02:00:00,32.479321355405055
2021-07-29T03:00:00,26.52258848107379
2021-07-29T04:00:00,22.72682247991147
2021-07-29T05:00:00,20.870286526887313
2021-07-29T06:00:00,20.347775417825446
2021-07-29T07:00:00,20.82382815817128
2021-07-29T08:00:00,20.767754762069035
2021-07-29T09:00:00,20.01174868708071
2021-07-29T10:00:00,19.18845740608547
2021-07-29T11:00:00,20.79490296737007
2021-07-29T12:00:00,28.175715322079864
2021-07-29T13:00:00,37.012978926948875
2021-07-29T14:00:00,40.95885766070822
2021-07-29T15:00:00,43.43755987416143
2021-07-29T16:00:00,45.09696661907693
2021-07-29T17:00:00,45.657554128895626
2021-07-29T18:00:00,47.603778673254915
2021-07-29T19:00:00,48.06998244575831
2021-07-29T20:00:00,49.05037589695142
2021-07-29T21:00:00,50.39878314474353
2021-07-29T22:00:00,48.70928673122239
2021-07-29T23:00:00,44.027075228483774
2021-07-30T00:00:00,40.21333412502123
2021-07-30T01:00:00,36.84745655889096
2021-07-30T02:00:00,28.140776509824004
2021-07-30T03:00:00,22.60966126815132
2021-07-30T04:00:00,17.977420143459153
2021-07-30T05:00:00,15.924575308094852
2021-07-30T06:00:00,15.21424733037534
2021-07-30T07:00:00,14.593928959058678
2021-07-30T08:00:00,14.613684944484543
2021-07-30T09:00:00,15.273553682410197
2021-07-30T10:00:00,16.694612917692762
2021-07-30T11:00:00,19.689539204473075
2021-07-30T12:00:00,25.637455484141473
2021-07-30T13:00:00,32.139733936475665
2021-07-30T14:00:00,36.54897291763969
2021-07-30T15:00:00,37.17088417384935
2021-07-30T16:00:00,37.731603871221125
2021-07-30T17:00:00,37.136135267174765
2021-07-30T18:00:00,33.86063177689262
2021-07-30T19:00:00,30.95661171622898
2021-07-30T20:00:00,28.342529131018594
2021-07-30T21:00:00,26.74800922559655
2021-07-30T22:00:00,26.243532595427133
2021-07-30T23:00:00,27.53610337298849
2021-07-31T00:00:00,29.49894921675972
2021-07-31T01:00:00,28.352552911509637
2021-07-31T02:00:00,19.814802833225414
2021-07-31T03:00:00,18.067844307940938
2021-07-31T04:00:00,17.146647494772207
2021-07-31T05:00:00,16.889590138974395
2021-07-31T06:00:00,17.038197393002715
2021-07-31T07:00:00,17.56708534904148
2021-07-31T08:00:00,18.109208065530527
2021-07-31T09:00:00,18.26316103727921
2021-07-31T10:00:00,18.649399384208344
2021-07-31T11:00:00,20.578587988148566
2021-07-31T12:00:00,27.168421455051586
2021-07-31T13:00:00,35.62948110829229
2021-07-31T14:00:00,41.268496637759
2021-07-31T15:00:00,42.87339666615362
2021-07-31T16:00:00,40.957038215968915
2021-07-31T17:00:00,37.42719832710597
2021-07-31T18:00:00,37.57107577116593
2021-07-31T19:00:00,37.38621861001719
2021-07-31T20:00:00,37.1429273356562
2021-07-31T21:00:00,37.81783394191576
2021-07-31T22:00:00,38.804414832073704
2021-07-31T23:00:00,40.751802029817
2021-08-01T00:00:00,42.41976663340693
2021-08-01T01:00:00,39.05317173833431
2021-08-01T02:00:00,21.886751589567762
2021-08-01T03:00:00,17.11832162608271
2021-08-01T04:00:00,15.490279031836467
2021-08-01T05:00:00,15.386948212333344
2021-08-01T06:00:00,15.578489967014477
2021-08-01T07:00:00,15.954957132754117
2021-08-01T08:00:00,16.336167376974352
2021-08-01T09:00:00,16.546223764834195
2021-08-01T10:00:00,17.128802175107207
2021-08-01T11:00:00,19.05158424377441
2021-08-01T12:00:00,25.413202700407606
2021-08-01T13:00:00,34.49344784280528
2021-08-01T14:00:00,40.31669666456139
2021-08-01T15:00:00,41.80903658659561
2021-08-01T16:00:00,42.57604532656461
2021-08-01T17:00:00,42.86009465093198
2021-08-01T18:00:00,44.47599510524583
2021-08-01T19:00:00,40.97057806927224
2021-08-01T20:00:00,38.51080247630243
2021-08-01T21:00:00,37.34839630126953
2021-08-01T22:00:00,37.48390147996985
2021-08-01T23:00:00,39.70124833480171
2021-08-02T00:00:00,42.48518073040506
2021-08-02T01:00:00,41.68265135391898
2021-08-02T02:00:00,25.931923576023266
2021-08-02T03:00:00,19.59822430817977
2021-08-02T04:00:00,16.66652671150539
2021-08-02T05:00:00,14.928906896839969
2021-08-02T06:00:00,13.774688264598016
2021-08-02T07:00:00,13.385188102722166
2021-08-02T08:00:00,13.53596322432808
2021-08-02T09:00:00,13.802064688309379
2021-08-02T10:00:00,14.49485264653745
2021-08-02T11:00:00,17.158795066501785
2021-08-02T12:00:00,23.649602060732633
2021-08-02T13:00:00,29.73581322379734
2021-08-02T14:00:00,32.094751275104024
2021-08-02T15:00:00,35.012944097104274
2021-08-02T16:00:00,37.48748430998428
2021-08-02T17:00:00,38.56046162480893
2021-08-02T18:00:00,37.51539396203082
2021-08-02T19:00:00,34.05402374267578
2021-08-02T20:00:00,30.384164561396055
2021-08-02T21:00:00,28.982128392095145
2021-08-02T22:00:00,28.514745048854657
2021-08-02T23:00:00,28.594444523686946
2021-08-03T00:00:00,28.632088288016938
2021-08-03T01:00:00,27.933878110802688
2021-08-03T02:00:00,21.32314516150433
2021-08-03T03:00:00,16.674500506857164
2021-08-03T04:00:00,15.00487812705662
2021-08-03T05:00:00,13.978054544200068
2021-08-03T06:00:00,13.105007378951361
2021-08-03T07:00:00,12.746710694354512
2021-08-03T08:00:00,12.798282001329506
2021-08-03T09:00:00,12.860694263292395
2021-08-03T10:00:00,13.401412217513373
2021-08-03T11:00:00,16.23688225124193
2021-08-03T12:00:00,22.85341917950174
2021-08-03T13:00:00,29.478188390317168
2021-08-03T14:00:00,34.3863349582838
2021-08-03T15:00:00,38.41745973669964
2021-08-03T16:00:00,40.11538298233695
2021-08-03T17:00:00,40.86040845124617
2021-08-03T18:00:00,39.85464046312415
2021-08-03T19:00:00,38.66103047909944
2021-08-03T20:00:00,38.617169421652086
2021-08-03T21:00:00,37.96842757515285
2021-08-03T22:00:00,36.344966142073915
2021-08-03T23:00:00,35.20584048395571
2021-08-04T00:00:00,35.45846980551015
2021-08-04T01:00:00,33.930461468903914
2021-08-04T02:00:00,23.071479465650476
2021-08-04T03:00:00,19.662353100983992
2021-08-04T04:00:00,17.631953115048614
2021-08-04T05:00:00,16.743003679358438
2021-08-04T06:00:00,16.15438701795495
2021-08-04T07:00:00,15.83798317287279
2021-08-04T08:00:00,15.766867098600967
2021-08-04T09:00:00,15.967818633369776
2021-08-04T10:00:00,16.553701898326043
2021-08-04T11:00:00,18.481002890545387
2021-08-04T12:00:00,24.44373512268066
2021-08-04T13:00:00,30.644963057144825
2021-08-04T14:00:00,37.061227052108094
2021-08-04T15:00:00,42.889234128205665
2021-08-04T16:00:00,47.01173798934273
2021-08-04T17:00:00,48.410839744236156
2021-08-04T18:00:00,46.68586216802182
2021-08-04T19:00:00,39.93826808100161
2021-08-04T20:00:00,37.02827519955842
2021-08-04T21:00:00,36.52439639879309
2021-08-04T22:00:00,36.89215767901876
2021-08-04T23:00:00,35.88762714551842
2021-08-05T00:00:00,34.99634377852729
2021-08-05T01:00:00,33.54337999095087
2021-08-05T02:00:00,22.814852921859078
2021-08-05T03:00:00,18.163432328597356
2021-08-05T04:00:00,16.704868980076
2021-08-05T05:00:00,16.107234457264774
2021-08-05T06:00:00,15.708537060281502
2021-08-05T07:00:00,15.355321469514264
2021-08-05T08:00:00,15.38197898864746
2021-08-05T09:00:00,15.631629943847654
2021-08-05T10:00:00,15.859552715135656
2021-08-05T11:00:00,17.92199508003566
2021-08-05T12:00:00,22.684965962949008
2021-08-05T13:00:00,23.39658156685207
2021-08-05T14:00:00,23.91819331956946
2021-08-05T15:00:00,27.628375343654465
2021-08-05T16:00:00,33.214309941167414
2021-08-05T17:00:00,35.38701264754586
2021-08-05T18:00:00,34.7067118105681
2021-08-05T19:00:00,36.949106465215266
2021-08-05T20:00:00,40.07946694415548
2021-08-05T21:00:00,40.72813763825789
2021-08-05T22:00:00,37.38010937234629
2021-08-05T23:00:00,36.74534225463867
2021-08-06T00:00:00,37.647469064463735
2021-08-06T01:00:00,37.148238306460165
2021-08-06T02:00:00,25.031054787013844
2021-08-06T03:00:00,18.834948664126188
2021-08-06T04:00:00,16.268989314203676
2021-08-06T05:00:00,14.941270289213762
2021-08-06T06:00:00,14.699894241664719
2021-08-06T07:00:00,14.832385519276492
2021-08-06T08:00:00,15.128527143727176
2021-08-06T09:00:00,15.739976551221764
2021-08-06T10:00:00,17.437449247940723
2021-08-06T11:00:00,22.015835886416227
2021-08-06T12:00:00,31.826077088065766
2021-08-06T13:00:00,40.805594071097985
2021-08-06T14:00:00,46.88229652073071
2021-08-06T15:00:00,49.916138690450914
2021-08-06T16:00:00,51.001152204430625
2021-08-06T17:00:00,55.013255243716024
2021-08-06T18:00:00,58.46761786419412
2021-08-06T19:00:00,56.41192096212635
2021-08-06T20:00:00,52.67076110839843
2021-08-06T21:00:00,50.27357433153235
2021-08-06T22:00:00,47.06359382297681
2021-08-06T23:00:00,44.77084035458771
2021-08-07T00:00:00,45.67906951904296
2021-08-07T01:00:00,50.068466518236235
2021-08-07T02:00:00,39.493597776993454
2021-08-07T03:00:00,21.649138823799465
2021-08-07T04:00:00,17.273864165596336
2021-08-07T05:00:00,16.20271778106689
2021-08-07T06:00:00,15.002178772636078
2021-08-07T07:00:00,14.300657894300375
2021-08-07T08:00:00,14.472411777662193
2021-08-07T09:00:00,14.986721329067064
2021-08-07T10:00:00,16.064167934915293
2021-08-07T11:00:00,19.215583967125934
2021-08-07T12:00:00,29.355250482973844
2021-08-07T13:00:00,42.71160573544709
2021-08-07T14:00:00,51.47989754054856
2021-08-07T15:00:00,53.52003279976222
2021-08-07T16:00:00,52.60683938731317
2021-08-07T17:00:00,49.76985367484714
2021-08-07T18:00:00,48.916051118270204
2021-08-07T19:00:00,47.61256159906801
2021-08-07T20:00:00,44.0304892166801
2021-08-07T21:00:00,40.327759286631704
2021-08-07T22:00:00,38.59656474901282
2021-08-07T23:00:00,38.18846777211065
2021-08-08T00:00:00,39.54975493057914
2021-08-08T01:00:00,40.238811327063516
2021-08-08T02:00:00,32.478367681088656
2021-08-08T03:00:00,20.868309435637098
2021-08-08T04:00:00,18.164945602416992
2021-08-08T05:00:00,16.899374256963313
2021-08-08T06:00:00,16.11509775078815
2021-08-08T07:00:00,15.614171152529508
2021-08-08T08:00:00,15.088499732639479
2021-08-08T09:00:00,15.323955950529678
2021-08-08T10:00:00,17.333369213601813
2021-08-08T11:00:00,24.23542429053265
2021-08-08T12:00:00,34.80924855107846
2021-08-08T13:00:00,39.66017233807107
2021-08-08T14:00:00,39.480505404265024
2021-08-08T15:00:00,41.75637087614639
2021-08-08T16:00:00,46.70995778622834
2021-08-08T17:00:00,53.31221920510996
2021-08-08T18:00:00,57.20461206850798
2021-08-08T19:00:00,54.313105541726806
2021-08-08T20:00:00,44.81877683556597
2021-08-08T21:00:00,39.39161101631496
2021-08-08T22:00:00,36.9182071685791
2021-08-08T23:00:00,38.15560233074685
2021-08-09T00:00:00,41.49026489257812
2021-08-09T01:00:00,45.111979111381196
2021-08-09T02:00:00,37.86516952514648
2021-08-09T03:00:00,24.383564327074133
2021-08-09T04:00:00,19.628233204717223
2021-08-09T05:00:00,17.32226346886676
2021-08-09T06:00:00,16.31473881265391
2021-08-09T07:00:00,16.950959330019742
2021-08-09T08:00:00,18.25526204316512
2021-08-09T09:00:00,17.23648635200832
2021-08-09T10:00:00,17.720657597417418
2021-08-09T11:00:00,22.36151753301206
2021-08-09T12:00:00,30.69499513377314
2021-08-09T13:00:00,38.57126899387525
2021-08-09T14:00:00,41.995220184326165
2021-08-09T15:00:00,40.56082800160283
2021-08-09T16:00:00,36.440151380456015
2021-08-09T17:00:00,35.99971273671026
2021-08-09T18:00:00,33.34844738504161
2021-08-09T19:00:00,32.437318138454266
2021-08-09T20:00:00,35.26287717404573
2021-08-09T21:00:00,36.924129486083984
2021-08-09T22:00:00,34.6392128985861
2021-08-09T23:00:00,32.63249505084493
2021-08-10T00:00:00,33.4148416104524
2021-08-10T01:00:00,33.318316584048056
2021-08-10T02:00:00,23.23727358942446
2021-08-10T03:00:00,19.140872291896653
2021-08-10T04:00:00,18.362431235935375
2021-08-10T05:00:00,18.223094608472742
2021-08-10T06:00:00,17.973520527715266
2021-08-10T07:00:00,17.835138237994645
2021-08-10T08:00:00,17.511198375536047
2021-08-10T09:00:00,17.482820925505262
2021-08-10T10:00:00,18.533559301625125
2021-08-10T11:00:00,21.52230179828146
2021-08-10T12:00:00,28.443331511124317
2021-08-10T13:00:00,35.01094967385997
2021-08-10T14:00:00,40.220089622165844
2021-08-10T15:00:00,44.200930553933844
2021-08-10T16:00:00,45.82519431736158
2021-08-10T17:00:00,46.586914560069204
2021-08-10T18:00:00,49.06019592285156
2021-08-10T19:00:00,49.87964265242866
2021-08-10T20:00:00,48.66237341839334
2021-08-10T21:00:00,46.459332010020375
2021-08-10T22:00:00,44.700302455736235
2021-08-10T23:00:00,42.96037093452785
2021-08-11T00:00:00,41.69042603865913
2021-08-11T01:00:00,39.172431779944375
2021-08-11T02:00:00,28.1277728702711
2021-08-11T03:00:00,22.50334573828656
2021-08-11T04:00:00,20.020697883937668
2021-08-11T05:00:00,18.294135218081262
2021-08-11T06:00:00,17.06549669348675
2021-08-11T07:00:00,16.820685428121813
2021-08-11T08:00:00,17.67786473813264
2021-08-11T09:00:00,18.867955000504203
2021-08-11T10:00:00,21.436161290044364
2021-08-11T11:00:00,29.15222698709239
2021-08-11T12:00:00,41.938667629076086
2021-08-11T13:00:00,52.012044823688
2021-08-11T14:00:00,60.96608949744183
2021-08-11T15:00:00,67.7861503932787
2021-08-11T16:00:00,67.5999639759893
2021-08-11T17:00:00,59.29541778564452
2021-08-11T18:00:00,53.03320163229237
2021-08-11T19:00:00,50.013706870701
2021-08-11T20:00:00,45.3269278484842
2021-08-11T21:00:00,38.9885547472083
2021-08-11T22:00:00,38.15825122335682
2021-08-11T23:00:00,40.128035669741415
2021-08-12T00:00:00,39.84601062277089
2021-08-12T01:00:00,35.22481520279594
2021-08-12T02:00:00,29.119279446809188
2021-08-12T03:00:00,20.792231186576508
2021-08-12T04:00:00,18.55493694802989
2021-08-12T05:00:00,18.715230610059653
2021-08-12T06:00:00,19.237416060074516
2021-08-12T07:00:00,20.828644462253735
2021-08-12T08:00:00,23.646011518395465
2021-08-12T09:00:00,27.35181418709133
2021-08-12T10:00:00,32.07755138563073
2021-08-12T11:00:00,37.2696184904679
2021-08-12T12:00:00,42.66028578385062
2021-08-12T13:00:00,45.513958640720524
2021-08-12T14:00:00,48.69567157911217
2021-08-12T15:00:00,50.253034342890196
2021-08-12T16:00:00,47.99788184787915
2021-08-12T17:00:00,46.31531557829483
2021-08-12T18:00:00,44.65122554613196
2021-08-12T19:00:00,46.098067905591876
2021-08-12T20:00:00,47.14462213930876
2021-08-12T21:00:00,47.451309701670766
2021-08-12T22:00:00,47.35379641989003
2021-08-12T23:00:00,48.31797823698624
2021-08-13T00:00:00,50.27689311815344
2021-08-13T01:00:00,49.798784836478845
2021-08-13T02:00:00,36.95535211977751
2021-08-13T03:00:00,28.652317212975543
2021-08-13T04:00:00,25.201409547225285
2021-08-13T05:00:00,23.637905618418817
2021-08-13T06:00:00,22.47934067767599
2021-08-13T07:00:00,22.229101595671278
2021-08-13T08:00:00,22.84720064246136
2021-08-13T09:00:00,23.625323171200954
2021-08-13T10:00:00,24.185406560483184
2021-08-13T11:00:00,30.398649962052048
2021-08-13T12:00:00,43.12410122415293
2021-08-13T13:00:00,58.507675502611235
2021-08-13T14:00:00,70.141125222911
2021-08-13T15:00:00,71.4129177591075
2021-08-13T16:00:00,66.84525763470194
2021-08-13T17:00:00,67.51878373519233
2021-08-13T18:00:00,72.88618635094684
2021-08-13T19:00:00,75.16916125753652
2021-08-13T20:00:00,66.01555384760317
2021-08-13T21:00:00,53.385471675706945
2021-08-13T22:00:00,47.481820147970446
2021-08-13T23:00:00,43.325073573900305
2021-08-14T00:00:00,38.90178232607634
2021-08-14T01:00:00,31.96714467587678
2021-08-14T02:00:00,23.33291609390922
2021-08-14T03:00:00,21.27527676457944
2021-08-14T04:00:00,20.773869721785832
2021-08-14T05:00:00,20.80486728834069
2021-08-14T06:00:00,21.083808069643766
2021-08-14T07:00:00,21.234726283861242
2021-08-14T08:00:00,21.420002895852793
2021-08-14T09:00:00,22.08823826002038
2021-08-14T10:00:00,23.635959791100543
2021-08-14T11:00:00,26.022145312765367
2021-08-14T12:00:00,30.95957979948624
2021-08-14T13:00:00,33.884675399116844
2021-08-14T14:00:00,36.20069006214971
2021-08-14T15:00:00,38.647379833719
2021-08-14T16:00:00,38.67796541296917
2021-08-14T17:00:00,37.82227706909179
2021-08-14T18:00:00,33.459095415861704
2021-08-14T19:00:00,31.753238512122106
2021-08-14T20:00:00,30.72111983921216
2021-08-14T21:00:00,29.861312368641723
2021-08-14T22:00:00,29.25568439649499
2021-08-14T23:00:00,29.318776089212164
2021-08-15T00:00:00,29.96917102647864
2021-08-15T01:00:00,31.179330162380047
2021-08-15T02:00:00,31.50189200691554
2021-08-15T03:00:00,28.446323228918985
2021-08-15T04:00:00,27.31255116670028
2021-08-15T05:00:00,26.326631546020504
2021-08-15T06:00:00,24.21175359643024
2021-08-15T07:00:00,22.924015376878817
2021-08-15T08:00:00,23.188359467879582
2021-08-15T09:00:00,25.938609081765875
2021-08-15T10:00:00,28.26580354441767
2021-08-15T11:00:00,29.90241888295049
2021-08-15T12:00:00,34.41390261442764
2021-08-15T13:00:00,39.32764799698539
2021-08-15T14:00:00,42.349488963251524
2021-08-15T15:00:00,43.64713685408882
2021-08-15T16:00:00,42.90792896436608
2021-08-15T17:00:00,39.24210705964462
2021-08-15T18:00:00,40.22454502271569
2021-08-15T19:00:00,38.452529907226555
2021-08-15T20:00:00,35.23206511787746
2021-08-15T21:00:00,32.95410272349482
2021-08-15T22:00:00,31.9358145672342
2021-08-15T23:00:00,32.15585269098696
2021-08-16T00:00:00,33.03797539420749
2021-08-16T01:00:00,33.396066914434016
2021-08-16T02:00:00,30.44377625506857
2021-08-16T03:00:00,27.450536810833473
2021-08-16T04:00:00,24.96252333599588
2021-08-16T05:00:00,23.04749472244926
2021-08-16T06:00:00,22.554750276648477
2021-08-16T07:00:00,23.04311777197796
2021-08-16T08:00:00,23.748364738796063
2021-08-16T09:00:00,24.248689153920047
2021-08-16T10:00:00,27.08909101071565
2021-08-16T11:00:00,33.12219097303307
2021-08-16T12:00:00,40.81773459393045
2021-08-16T13:00:00,45.91009405384892
2021-08-16T14:00:00,48.46320840586786
2021-08-16T15:00:00,48.09295786981997
2021-08-16T16:00:00,44.248821921970524
2021-08-16T17:00:00,39.117279550303586
2021-08-16T18:00:00,35.26789706686268
2021-08-16T19:00:00,33.32856601217519
2021-08-16T20:00:00,33.38464347175929
2021-08-16T21:00:00,33.864819651064664
2021-08-16T22:00:00,33.89428918258003
2021-08-16T23:00:00,32.565331251724906
2021-08-17T00:00:00,30.88909464297087
2021-08-17T01:00:00,28.730745315551754
2021-08-17T02:00:00,23.988371061242145
2021-08-17T03:00:00,18.80408382415771
2021-08-17T04:00:00,18.407211386639137
2021-08-17T05:00:00,19.58552310777747
2021-08-17T06:00:00,20.852810901144277
2021-08-17T07:00:00,20.42934989929199
2021-08-17T08:00:00,19.536885220071543
2021-08-17T09:00:00,19.981059779291567
2021-08-17T10:00:00,20.257733386495836
2021-08-17T11:00:00,22.762042169985563
2021-08-17T12:00:00,27.082552536674164
2021-08-17T13:00:00,31.502541417660918
2021-08-17T14:00:00,34.54800672116487
2021-08-17T15:00:00,35.83256646861201
2021-08-17T16:00:00,36.499872290569805
2021-08-17T17:00:00,36.71411340133003
2021-08-17T18:00:00,36.53854900857676
2021-08-17T19:00:00,36.244402097619094
2021-08-17T20:00:00,34.64784688534944
2021-08-17T21:00:00,32.15192139667013
2021-08-17T22:00:00,31.736013329547383
2021-08-17T23:00:00,32.84215703217879
2021-08-18T00:00:00,34.200129716292665
2021-08-18T01:00:00,36.86332860200301
2021-08-18T02:00:00,35.430770293526024
2021-08-18T03:00:00,31.538902448571246
2021-08-18T04:00:00,26.981279041456137
2021-08-18T05:00:00,22.252866247425906
2021-08-18T06:00:00,20.77882517939028
2021-08-18T07:00:00,20.020126923270844
2021-08-18T08:00:00,19.88402474444845
2021-08-18T09:00:00,19.984128952026367
2021-08-18T10:00:00,20.01051322273586
2021-08-18T11:00:00,21.98027361994204
2021-08-18T12:00:00,25.82630679918372
2021-08-18T13:00:00,28.842649293982458
2021-08-18T14:00:00,30.96775245666504
2021-08-18T15:00:00,32.55546851780104
2021-08-18T16:00:00,34.687965973563806
2021-08-18T17:00:00,35.96965441496475
2021-08-18T18:00:00,35.836649687393844
2021-08-18T19:00:00,33.48378463413404
2021-08-18T20:00:00,30.75082870151685
2021-08-18T21:00:00,30.66352023249086
2021-08-18T22:00:00,31.295638955157735
2021-08-18T23:00:00,30.077721139659047
2021-08-19T00:00:00,29.142549514770504
2021-08-19T01:00:00,28.669905952785324
2021-08-19T02:00:00,22.819110124007516
2021-08-19T03:00:00,19.73892485577127
2021-08-19T04:00:00,18.470724022906758
2021-08-19T05:00:00,17.33974125074303
2021-08-19T06:00:00,16.374986565631367
2021-08-19T07:00:00,15.86977204032566
2021-08-19T08:00:00,15.581396641938582
2021-08-19T09:00:00,15.948868005172063
2021-08-19T10:00:00,17.431916941767152
2021-08-19T11:00:00,21.07733925529148
2021-08-19T12:00:00,27.56085113857103
2021-08-19T13:00:00,33.594637995180875
2021-08-19T14:00:00,38.72597055849821
2021-08-19T15:00:00,43.94539658919624
2021-08-19T16:00:00,49.99141311645507
2021-08-19T17:00:00,56.52137308535368
2021-08-19T18:00:00,61.26786605171535
2021-08-19T19:00:00,62.109060702116594
2021-08-19T20:00:00,61.477202871571414
2021-08-19T21:00:00,60.87949238652767
2021-08-19T22:00:00,58.26375977889351
2021-08-19T23:00:00,52.68023797740106
2021-08-20T00:00:00,49.76828682940939
2021-08-20T01:00:00,47.17944452036981
2021-08-20T02:00:00,42.45262328438136
2021-08-20T03:00:00,37.28361859528914
2021-08-20T04:00:00,34.2192848868992
2021-08-20T05:00:00,31.98508503126061
2021-08-20T06:00:00,30.62797372237495
2021-08-20T07:00:00,30.134598358817716
2021-08-20T08:00:00,31.438014154848844
2021-08-20T09:00:00,33.990445676057234
2021-08-20T10:00:00,38.18360801365064
2021-08-20T11:00:00,44.41920852661132
2021-08-20T12:00:00,54.16354867686396
2021-08-20T13:00:00,65.61305037788722
2021-08-20T14:00:00,74.39907040803328
2021-08-20T15:00:00,79.42451244851816
2021-08-20T16:00:00,82.96239570949388
2021-08-20T17:00:00,85.83922676418139
2021-08-20T18:00:00,86.48923127547553
2021-08-20T19:00:00,84.29613329016642
2021-08-20T20:00:00,80.30305912183677
2021-08-20T21:00:00,76.20317906918731
2021-08-20T22:00:00,70.42395450757897
2021-08-20T23:00:00,63.98336161737856
2021-08-21T00:00:00,59.55522520645805
2021-08-21T01:00:00,50.74283234969428
2021-08-21T02:00:00,40.75864460157311
2021-08-21T03:00:00,33.135442650836445
2021-08-21T04:00:00,29.586580442345653
2021-08-21T05:00:00,27.367305838543434
2021-08-21T06:00:00,25.894477180812668
2021-08-21T07:00:00,24.37084280926248
2021-08-21T08:00:00,22.972559306932528
2021-08-21T09:00:00,22.55594958429751
2021-08-21T10:00:00,23.434031279190723
2021-08-21T11:00:00,28.425001061480973
2021-08-21T12:00:00,34.727730792501696
2021-08-21T13:00:00,47.15367076707923
2021-08-21T14:00:00,65.39508968850839
2021-08-21T15:00:00,84.98781453008236
2021-08-21T16:00:00,103.76647617505942
2021-08-21T17:00:00,116.03288733440895
2021-08-21T18:00:00,121.47855476711106
2021-08-21T19:00:00,124.64237312648606
2021-08-21T20:00:00,123.32888329547383
2021-08-21T21:00:00,121.07993615191916
2021-08-21T22:00:00,121.01441026770549
2021-08-21T23:00:00,119.29769366720447
2021-08-22T00:00:00,119.01648878014605
2021-08-22T01:00:00,119.86462004288381
2021-08-22T02:00:00,95.02751856264861
2021-08-22T03:00:00,43.736666140349016
2021-08-22T04:00:00,30.71104928721552
2021-08-22T05:00:00,30.21765310867973
2021-08-22T06:00:00,30.715247444484543
2021-08-22T07:00:00,30.076361863509465
2021-08-22T08:00:00,28.449932430101473
2021-08-22T09:00:00,28.56870908322541
2021-08-22T10:00:00,29.36881571230681
2021-08-22T11:00:00,32.419197414232336
2021-08-22T12:00:00,38.41314672387165
2021-08-22T13:00:00,45.34883449388586
2021-08-22T14:00:00,52.685493469238274
2021-08-22T15:00:00,60.61737773729407
2021-08-22T16:00:00,71.48962004288383
2021-08-22T17:00:00,85.0910354282545
2021-08-22T18:00:00,96.25695104184356
2021-08-22T19:00:00,107.3005318019701
2021-08-22T20:00:00,120.99540577764095
2021-08-22T21:00:00,129.76745439612347
2021-08-22T22:00:00,132.3932893172554
2021-08-22T23:00:00,129.40982254691747
2021-08-23T00:00:00,124.54098975140114
2021-08-23T01:00:00,110.93221780528192
2021-08-23T02:00:00,53.42850610484247
2021-08-23T03:00:00,25.15882890120796
2021-08-23T04:00:00,18.152364150337547
2021-08-23T05:00:00,15.917067030201784
2021-08-23T06:00:00,15.57913191422172
2021-08-23T07:00:00,16.04583624134893
2021-08-23T08:00:00,16.898510310960848
2021-08-23T09:00:00,17.867579252823536
2021-08-23T10:00:00,19.274632329526153
2021-08-23T11:00:00,22.33350836712381
2021-08-23T12:00:00,30.83883492842964
2021-08-23T13:00:00,46.540295974068016
2021-08-23T14:00:00,61.24608147662618
2021-08-23T15:00:00,73.1453625222911
2021-08-23T16:00:00,74.81863469662872
2021-08-23T17:00:00,79.50787552543308
2021-08-23T18:00:00,78.3283979996391
2021-08-23T19:00:00,72.61090751316236
2021-08-23T20:00:00,66.3496510049571
2021-08-23T21:00:00,62.825585240903095
2021-08-23T22:00:00,59.064521126125165
2021-08-23T23:00:00,55.58694441422172
2021-08-24T00:00:00,52.43517237124235
2021-08-24T01:00:00,48.457395968229875
2021-08-24T02:00:00,27.650260178939153
2021-08-24T03:00:00,15.786380145860752
2021-08-24T04:00:00,13.172901816990063
2021-08-24T05:00:00,12.625780105590819
2021-08-24T06:00:00,12.640681888746178
2021-08-24T07:00:00,12.632161886795705
2021-08-24T08:00:00,12.899647546851115
2021-08-24T09:00:00,13.999755195949387
2021-08-24T10:00:00,16.048422896343727
2021-08-24T11:00:00,19.535253524780273
2021-08-24T12:00:00,27.02142176420792
2021-08-24T13:00:00,35.94064894966457
2021-08-24T14:00:00,44.60131072998047
2021-08-24T15:00:00,52.115977245828375
2021-08-24T16:00:00,55.60117970342221
2021-08-24T17:00:00,56.00258172076681
2021-08-24T18:00:00,56.60504399175229
2021-08-24T19:00:00,56.13141930621603
2021-08-24T20:00:00,54.61168670654297
2021-08-24T21:00:00,52.62033479110054
2021-08-24T22:00:00,49.77576396776282
2021-08-24T23:00:00,46.94003577854321
2021-08-25T00:00:00,45.28288484656292
2021-08-25T01:00:00,40.646534629490056
2021-08-25T02:00:00,22.027453878651492
2021-08-25T03:00:00,15.073935301407523
2021-08-25T04:00:00,12.80921185534933
2021-08-25T05:00:00,11.449420099673063
2021-08-25T06:00:00,10.56082713085672
2021-08-25T07:00:00,10.094097386235775
2021-08-25T08:00:00,9.983471455781354
2021-08-25T09:00:00,10.45391045445981
2021-08-25T10:00:00,11.605162786400836
2021-08-25T11:00:00,14.87160765606424
2021-08-25T12:00:00,22.006990847380262
2021-08-25T13:00:00,30.584802710491672
2021-08-25T14:00:00,36.558475660241164
2021-08-25T15:00:00,40.11343002319335
2021-08-25T16:00:00,43.007611979608946
2021-08-25T17:00:00,44.575325509776235
2021-08-25T18:00:00,46.62073533431343
2021-08-25T19:00:00,47.54318867559018
2021-08-25T20:00:00,46.328279578167454
2021-08-25T21:00:00,43.42586931974991
2021-08-25T22:00:00,40.29124981424083
2021-08-25T23:00:00,37.85824618132217
2021-08-26T00:00:00,32.86635904726774
2021-08-26T01:00:00,26.250266780023985
2021-08-26T02:00:00,19.302753365558125
2021-08-26T03:00:00,15.706154906231422
2021-08-26T04:00:00,15.126999440400493
2021-08-26T05:00:00,14.956570210664164
2021-08-26T06:00:00,14.287879238957942
2021-08-26T07:00:00,13.84464409040368
2021-08-26T08:00:00,13.566840462062668
2021-08-26T09:00:00,14.010516622792117
2021-08-26T10:00:00,14.490478183912193
2021-08-26T11:00:00,16.868975349094555
2021-08-26T12:00:00,24.75170848680579
2021-08-26T13:00:00,34.56430700550908
2021-08-26T14:00:00,43.27732849121094
2021-08-26T15:00:00,46.69364630657693
2021-08-26T16:00:00,46.09343852167544
2021-08-26T17:00:00,45.28099574213442
2021-08-26T18:00:00,42.813558661419414
2021-08-26T19:00:00,38.45229439113451
2021-08-26T20:00:00,36.82685055940047
2021-08-26T21:00:00,36.772618501082704
2021-08-26T22:00:00,35.058186655459195
2021-08-26T23:00:00,31.960114271744438
2021-08-27T00:00:00,30.94134961003842
2021-08-27T01:00:00,30.89806457187818
2021-08-27T02:00:00,25.85475813824197
2021-08-27T03:00:00,19.938745415729024
2021-08-27T04:00:00,17.093855982241422
2021-08-27T05:00:00,15.916554616845172
2021-08-27T06:00:00,14.871274243230403
2021-08-27T07:00:00,14.50412887075673
2021-08-27T08:00:00,14.70305301832116
2021-08-27T09:00:00,14.852133170418115
2021-08-27T10:00:00,15.27727773915166
2021-08-27T11:00:00,17.190061486285664
2021-08-27T12:00:00,24.57630804310674
2021-08-27T13:00:00,32.39697141232697
2021-08-27T14:00:00,36.43443961765455
2021-08-27T15:00:00,39.80596874071204
2021-08-27T16:00:00,41.53183895608653
2021-08-27T17:00:00,42.45510350102963
2021-08-27T18:00:00,41.16304049284562
2021-08-27T19:00:00,36.71614472762397
2021-08-27T20:00:00,33.52332645913828
2021-08-27T21:00:00,33.45389606641687
2021-08-27T22:00:00,34.00942238517429
2021-08-27T23:00:00,33.67635055210279
2021-08-28T00:00:00,32.04880805637525
2021-08-28T01:00:00,29.760655278744903
2021-08-28T02:00:00,22.74922760673191
2021-08-28T03:00:00,16.765224871428117
2021-08-28T04:00:00,14.41275070024573
2021-08-28T05:00:00,13.146830061207645
2021-08-28T06:00:00,12.463054242341414
2021-08-28T07:00:00,11.954330817512844
2021-08-28T08:00:00,11.884964238042416
2021-08-28T09:00:00,12.329851855402406
2021-08-28T10:00:00,12.998792109282117
2021-08-28T11:00:00,15.470089746558148
2021-08-28T12:00:00,21.36507639677628
2021-08-28T13:00:00,24.928088146707285
2021-08-28T14:00:00,27.775804768437922
2021-08-28T15:00:00,33.5471425263778
2021-08-28T16:00:00,41.637496782385774
2021-08-28T17:00:00,44.93199738212254
2021-08-28T18:00:00,41.18550441576087
2021-08-28T19:00:00,35.56921735017196
2021-08-28T20:00:00,29.92840402022652
2021-08-28T21:00:00,26.99758853083071
2021-08-28T22:00:00,24.159997359566066
2021-08-28T23:00:00,22.471202186916184
2021-08-29T00:00:00,21.54158426367718
2021-08-29T01:00:00,19.786372060361114
2021-08-29T02:00:00,15.935104743294092
2021-08-29T03:00:00,13.098356412804645
2021-08-29T04:00:00,11.651350726252016
2021-08-29T05:00:00,10.752460728520932
2021-08-29T06:00:00,10.423914867898693
2021-08-29T07:00:00,10.378889415575108
2021-08-29T08:00:00,10.736443187879477
2021-08-29T09:00:00,11.571232298146121
2021-08-29T10:00:00,12.561475712320078
2021-08-29T11:00:00,15.018668506456455
2021-08-29T12:00:00,18.473122223563813
2021-08-29T13:00:00,21.266095617543094
2021-08-29T14:00:00,23.218685481859286
2021-08-29T15:00:00,24.73780515919561
2021-08-29T16:00:00,25.943944184676457
2021-08-29T17:00:00,26.49386629850968
2021-08-29T18:00:00,26.204575331314746
2021-08-29T19:00:00,26.391618313996684
2021-08-29T20:00:00,27.584705186926797
2021-08-29T21:00:00,29.342487998630684
2021-08-29T22:00:00,29.954368176667582
2021-08-29T23:00:00,30.303962044093918
2021-08-30T00:00:00,30.91839043990425
2021-08-30T01:00:00,30.75218225562054
2021-08-30T02:00:00,24.47797219649605
2021-08-30T03:00:00,19.432087359221082
2021-08-30T04:00:00,17.295582481052563
2021-08-30T05:00:00,16.332036474476688
2021-08-30T06:00:00,16.14473716072414
2021-08-30T07:00:00,16.355412773464035
2021-08-30T08:00:00,16.806221257085383
2021-08-30T09:00:00,17.42337998099949
2021-08-30T10:00:00,18.294538497924805
2021-08-30T11:00:00,20.397751683774196
2021-08-30T12:00:00,25.131510278452996
2021-08-30T13:00:00,29.85168573130732
2021-08-30T14:00:00,33.39117672132409
2021-08-30T15:00:00,37.05422044836956
2021-08-30T16:00:00,38.75706349248472
2021-08-30T17:00:00,39.89819103738535
2021-08-30T18:00:00,40.563691180685296
2021-08-30T19:00:00,40.05060013480808
2021-08-30T20:00:00,40.87037874304729
2021-08-30T21:00:00,44.45116938715395
2021-08-30T22:00:00,48.995911639669664
2021-08-30T23:00:00,52.70936484958814
2021-08-31T00:00:00,54.21910907911217
2021-08-31T01:00:00,50.037411399509594
2021-08-31T02:00:00,30.574165095453676
2021-08-31T03:00:00,23.508936757626742
2021-08-31T04:00:00,19.884748707646903
2021-08-31T05:00:00,18.199475910352625
2021-08-31T06:00:00,17.589454567950703
2021-08-31T07:00:00,17.46235772837763
2021-08-31T08:00:00,17.710463731185246
2021-08-31T09:00:00,18.438075438789696
2021-08-31T10:00:00,19.467627898506493
2021-08-31T11:00:00,22.331584101137903
2021-08-31T12:00:00,29.36262056101923
2021-08-31T13:00:00,37.98354704483695
2021-08-31T14:00:00,48.939551311990485
2021-08-31T15:00:00,57.580607538637906
2021-08-31T16:00:00,58.934053006379486
2021-08-31T17:00:00,59.016465726106055
2021-08-31T18:00:00,55.86374116980511
2021-08-31T19:00:00,52.70206600686778
2021-08-31T20:00:00,48.87597158680791
2021-08-31T21:00:00,45.542541338049844
2021-08-31T22:00:00,44.74606820811396
2021-08-31T23:00:00,47.446436508842126
2021-09-01T00:00:00,51.176751178243876
2021-09-01T01:00:00,51.91513907391092
2021-09-01T02:00:00,35.09781596971594
2021-09-01T03:00:00,27.294140774270762
2021-09-01T04:00:00,23.914433437844977
2021-09-01T05:00:00,21.406503843224563
2021-09-01T06:00:00,20.164170887159266
2021-09-01T07:00:00,20.09886376754097
2021-09-01T08:00:00,20.56735561204993
2021-09-01T09:00:00,20.921767856763754
2021-09-01T10:00:00,21.53841093312139
2021-09-01T11:00:00,24.579512554666266
2021-09-01T12:00:00,33.33172234244969
2021-09-01T13:00:00,40.30361142365828
2021-09-01T14:00:00,47.78225890449855
2021-09-01T15:00:00,54.097496696140446
2021-09-01T16:00:00,55.88417451278022
2021-09-01T17:00:00,56.330787990404204
2021-09-01T18:00:00,56.68441291477369
2021-09-01T19:00:00,57.481914520263665
2021-09-01T20:00:00,57.31609394239342
2021-09-01T21:00:00,57.5584487915039
2021-09-01T22:00:00,57.035691136899196
2021-09-01T23:00:00,55.389159326967984
2021-09-02T00:00:00,54.099464084791094
2021-09-02T01:00:00,53.97320141999617
2021-09-02T02:00:00,42.085767828899876
2021-09-02T03:00:00,28.359734825465985
2021-09-02T04:00:00,23.029778439065684
2021-09-02T05:00:00,19.603001138438348
2021-09-02T06:00:00,17.13710395149563
2021-09-02T07:00:00,15.75656807940939
2021-09-02T08:00:00,15.65341530675473
2021-09-02T09:00:00,16.73048392586086
2021-09-02T10:00:00,19.284578074579652
2021-09-02T11:00:00,27.009102365244985
2021-09-02T12:00:00,38.74062612782353
2021-09-02T13:00:00,48.90168082195779
2021-09-02T14:00:00,58.11370434968367
2021-09-02T15:00:00,66.39363927426545
2021-09-02T16:00:00,71.64207126783286
2021-09-02T17:00:00,75.27161341128142
2021-09-02T18:00:00,76.29267850129499
2021-09-02T19:00:00,71.5692088914954
2021-09-02T20:00:00,63.14500344317891
2021-09-02T21:00:00,58.39692687988281
2021-09-02T22:00:00,54.98417829430621
2021-09-02T23:00:00,52.90352215974226
2021-09-03T00:00:00,53.88871101711106
2021-09-03T01:00:00,55.63653116640837
2021-09-03T02:00:00,40.053224646526836
2021-09-03T03:00:00,30.479187260503352
2021-09-03T04:00:00,26.69773599375849
2021-09-03T05:00:00,24.638457671455715
2021-09-03T06:00:00,23.24853308304496
2021-09-03T07:00:00,22.410559944484543
2021-09-03T08:00:00,22.03656578063965
2021-09-03T09:00:00,22.014782781186305
2021-09-03T10:00:00,23.070733443550438
2021-09-03T11:00:00,27.185334993445355
2021-09-03T12:00:00,35.73122671376103
2021-09-03T13:00:00,42.13555974545685
2021-09-03T14:00:00,46.51705368705417
2021-09-03T15:00:00,50.07210971998131
2021-09-03T16:00:00,55.64068271802819
2021-09-03T17:00:00,62.381819849428915
2021-09-03T18:00:00,64.83348746921705
2021-09-03T19:00:00,62.27458539216414
2021-09-03T20:00:00,58.34059209408967
2021-09-03T21:00:00,54.659812429676876
2021-09-03T22:00:00,51.33593285602071
2021-09-03T23:00:00,49.11748736837636
2021-09-04T00:00:00,48.17304561449133
2021-09-04T01:00:00,46.93480632616126
2021-09-04T02:00:00,33.30440844660219
2021-09-04T03:00:00,21.388565975686777
2021-09-04T04:00:00,17.8765170885169
2021-09-04T05:00:00,16.846892232480254
2021-09-04T06:00:00,16.199581229168434
2021-09-04T07:00:00,15.718540481899094
2021-09-04T08:00:00,15.628355938455332
2021-09-04T09:00:00,15.982758273249084
2021-09-04T10:00:00,17.25430579807447
2021-09-04T11:00:00,21.202256410018254
2021-09-04T12:00:00,29.176512345023774
2021-09-04T13:00:00,38.492742455523945
2021-09-04T14:00:00,47.61623830380647
2021-09-04T15:00:00,54.46675275719683
2021-09-04T16:00:00,58.24574429055918
2021-09-04T17:00:00,60.248012376868196
2021-09-04T18:00:00,60.591301296068266
2021-09-04T19:00:00,58.38452529907226
2021-09-04T20:00:00,56.18174096812372
2021-09-04T21:00:00,54.758063606593915
2021-09-04T22:00:00,54.28050845602284
2021-09-04T23:00:00,55.6891102998153
2021-09-05T00:00:00,58.59828053350033
2021-09-05T01:00:00,61.07118424125339
2021-09-05T02:00:00,62.43164991295856
2021-09-05T03:00:00,57.76578090501868
2021-09-05T04:00:00,44.862140821373984
2021-09-05T05:00:00,32.53165228470512
2021-09-05T06:00:00,23.406529302182403
2021-09-05T07:00:00,20.065298246300735
2021-09-05T08:00:00,19.570863806683082
2021-09-05T09:00:00,23.164108939792797
2021-09-05T10:00:00,32.71075364817743
2021-09-05T11:00:00,42.461644214132555
2021-09-05T12:00:00,42.10443762074346
2021-09-05T13:00:00,40.77004988297171
2021-09-05T14:00:00,42.35772240680196
2021-09-05T15:00:00,46.87799785448156
2021-09-05T16:00:00,50.314353445301876
2021-09-05T17:00:00,51.66436286594556
2021-09-05T18:00:00,48.680913842242695
2021-09-05T19:00:00,45.537212537682564
2021-09-05T20:00:00,43.91003301869268
2021-09-05T21:00:00,42.81364125790803
2021-09-05T22:00:00,42.059544107188344
2021-09-05T23:00:00,42.21674711807914
2021-09-06T00:00:00,43.0024941485861
2021-09-06T01:00:00,42.57279785819676
2021-09-06T02:00:00,34.8873755413553
2021-09-06T03:00:00,26.77808670375658
2021-09-06T04:00:00,24.339696137801457
2021-09-06T05:00:00,23.10481726604959
2021-09-06T06:00:00,22.98887559641962
2021-09-06T07:00:00,22.552305884983227
2021-09-06T08:00:00,21.660984288091242
2021-09-06T09:00:00,21.26105325118355
2021-09-06T10:00:00,22.0971565246582
2021-09-06T11:00:00,27.16480271712593
2021-09-06T12:00:00,35.32565655915633
2021-09-06T13:00:00,43.21499252319335
2021-09-06T14:00:00,49.123034933338985
2021-09-06T15:00:00,52.82444746597953
2021-09-06T16:00:00,53.59326686029848
2021-09-06T17:00:00,52.661247585130766
2021-09-06T18:00:00,51.06594550091287
2021-09-06T19:00:00,49.33859634399413
2021-09-06T20:00:00,48.14835357666015
2021-09-06T21:00:00,46.60747196363366
2021-09-06T22:00:00,45.51525995005732
2021-09-06T23:00:00,44.32852670420771
2021-09-07T00:00:00,42.73765746406887
2021-09-07T01:00:00,43.243115300717555
2021-09-07T02:00:00,39.76627349853515
2021-09-07T03:00:00,30.712309795877207
2021-09-07T04:00:00,26.645342619522758
2021-09-07T05:00:00,24.247549305791438
2021-09-07T06:00:00,21.802108764648434
2021-09-07T07:00:00,20.39007095668627
2021-09-07T08:00:00,20.28544044494629
2021-09-07T09:00:00,21.348024285357926
2021-09-07T10:00:00,23.04554690485415
2021-09-07T11:00:00,26.768068396526832
2021-09-07T12:00:00,33.09059823077657
2021-09-07T13:00:00,38.665264129638665
2021-09-07T14:00:00,45.519192571225375
2021-09-07T15:00:00,52.065979501475454
2021-09-07T16:00:00,58.508788399074376
2021-09-07T17:00:00,66.43755904487941
2021-09-07T18:00:00,72.71287005880603
2021-09-07T19:00:00,76.13558263364045
2021-09-07T20:00:00,75.57693415102752
2021-09-07T21:00:00,76.10880014170769
2021-09-07T22:00:00,76.50538668425186
2021-09-07T23:00:00,74.74728924295175
2021-09-08T00:00:00,71.72938537597656
2021-09-08T01:00:00,72.47152975331183
2021-09-08T02:00:00,62.10383091802182
2021-09-08T03:00:00,34.895793251369305
2021-09-08T04:00:00,23.527729200280227
2021-09-08T05:00:00,19.131257845007852
2021-09-08T06:00:00,17.528138782667078
2021-09-08T07:00:00,16.58003931460173
2021-09-08T08:00:00,15.555403543555217
2021-09-08T09:00:00,15.490014366481613
2021-09-08T10:00:00,17.666905942170512
2021-09-08T11:00:00,23.56085221663765
2021-09-08T12:00:00,36.115777803503946
2021-09-08T13:00:00,49.04057942266049
2021-09-08T14:00:00,60.41971355935801
2021-09-08T15:00:00,69.03714072186013
2021-09-08T16:00:00,70.14418361497961
2021-09-08T17:00:00,70.73023323390795
2021-09-08T18:00:00,74.98814640874448
2021-09-08T19:00:00,79.67501267142917
2021-09-08T20:00:00,79.06620490032692
2021-09-08T21:00:00,67.99114078024158
2021-09-08T22:00:00,55.97848261957583
2021-09-08T23:00:00,50.52679708729619
2021-09-09T00:00:00,50.27771128778872
2021-09-09T01:00:00,48.110999231753134
2021-09-09T02:00:00,32.111242045526915
2021-09-09T03:00:00,25.793805744336996
2021-09-09T04:00:00,24.039216580598247
2021-09-09T05:00:00,23.35403351161791
2021-09-09T06:00:00,22.449324649313223
2021-09-09T07:00:00,21.896090880684227
2021-09-09T08:00:00,21.57316274228303
2021-09-09T09:00:00,21.897197972173277
2021-09-09T10:00:00,22.91031447700832
2021-09-09T11:00:00,25.489101161127504
2021-09-09T12:00:00,32.994144439697266
2021-09-09T13:00:00,42.41416516511336
2021-09-09T14:00:00,52.28970552527385
2021-09-09T15:00:00,60.77892519080119
2021-09-09T16:00:00,68.34827522609545
2021-09-09T17:00:00,74.47846321437669
2021-09-09T18:00:00,78.53373950460683
2021-09-09T19:00:00,78.63658075747281
2021-09-09T20:00:00,76.19793502144191
2021-09-09T21:00:00,70.695290275242
2021-09-09T22:00:00,63.18835250191067
2021-09-09T23:00:00,57.415179045304
2021-09-10T00:00:00,55.83546414582625
2021-09-10T01:00:00,56.57546532672384
2021-09-10T02:00:00,39.50343820323115
2021-09-10T03:00:00,26.93155330160389
2021-09-10T04:00:00,23.07041176505711
2021-09-10T05:00:00,20.75521477409031
2021-09-10T06:00:00,19.26235729715098
2021-09-10T07:00:00,18.466815202132516
2021-09-10T08:00:00,17.954035054082453
2021-09-10T09:00:00,18.033777817435887
2021-09-10T10:00:00,19.13211009813391
2021-09-10T11:00:00,22.599334716796875
2021-09-10T12:00:00,32.45554542541503
2021-09-10T13:00:00,41.59054532258406
2021-09-10T14:00:00,49.887257451596454
2021-09-10T15:00:00,56.39535041477369
2021-09-10T16:00:00,60.1458511352539
2021-09-10T17:00:00,64.09522827811863
2021-09-10T18:00:00,68.71314007302989
2021-09-10T19:00:00,71.27211396590522
2021-09-10T20:00:00,67.44236274387525
2021-09-10T21:00:00,60.6956503494926
2021-09-10T22:00:00,56.028695811396055
2021-09-10T23:00:00,53.38031121958856
2021-09-11T00:00:00,50.879156527311906
2021-09-11T01:00:00,47.23365584663723
2021-09-11T02:00:00,31.667475907698915
2021-09-11T03:00:00,21.999675004378606
2021-09-11T04:00:00,18.97473899177883
2021-09-11T05:00:00,18.078839758168094
2021-09-11T06:00:00,17.961961414503012
2021-09-11T07:00:00,18.227851204250168
2021-09-11T08:00:00,18.82712878351626
2021-09-11T09:00:00,19.274381222932234
2021-09-11T10:00:00,19.956185796986453
2021-09-11T11:00:00,22.102972694065258
2021-09-11T12:00:00,27.094936951347016
2021-09-11T13:00:00,31.857088337773856
2021-09-11T14:00:00,35.19772595944612
2021-09-11T15:00:00,36.82820610378099
2021-09-11T16:00:00,35.88119208294412
2021-09-11T17:00:00,34.29987003492271
2021-09-11T18:00:00,33.67555311451787
2021-09-11T19:00:00,34.11285649175229
2021-09-11T20:00:00,33.587975460550055
2021-09-11T21:00:00,32.73894119262695
2021-09-11T22:00:00,32.80078124999999
2021-09-11T23:00:00,32.53092724344005
2021-09-12T00:00:00,32.07851857724397
2021-09-12T01:00:00,31.22980855858844
2021-09-12T02:00:00,22.20860323698624
2021-09-12T03:00:00,15.744110273278276
2021-09-12T04:00:00,13.76582966680112
2021-09-12T05:00:00,13.424377690190852
2021-09-12T06:00:00,13.270381968954334
2021-09-12T07:00:00,12.893173881199049
2021-09-12T08:00:00,12.818740554477857
2021-09-12T09:00:00,12.938291674074918
2021-09-12T10:00:00,13.304429676221764
2021-09-12T11:00:00,16.02715143950089
2021-09-12T12:00:00,21.51370570970618
2021-09-12T13:00:00,25.845708100692082
2021-09-12T14:00:00,28.314576190450914
2021-09-12T15:00:00,28.712363865064532
2021-09-12T16:00:00,28.502011672310203
2021-09-12T17:00:00,28.216560363769528
2021-09-12T18:00:00,27.9293794217317
2021-09-12T19:00:00,27.86382666878078
2021-09-12T20:00:00,27.83190884797469
2021-09-12T21:00:00,28.095877688864
2021-09-12T22:00:00,28.461667516957153
2021-09-12T23:00:00,29.676553062770672
2021-09-13T00:00:00,31.250323668770164
2021-09-13T01:00:00,32.0127652209738
2021-09-13T02:00:00,21.82630339912746
2021-09-13T03:00:00,16.72730827331543
2021-09-13T04:00:00,15.923295684482738
2021-09-13T05:00:00,14.964771561000656
2021-09-13T06:00:00,14.073318813158117
2021-09-13T07:00:00,13.627931843633236
2021-09-13T08:00:00,13.494985124339225
2021-09-13T09:00:00,13.754418829213016
2021-09-13T10:00:00,15.019693581954293
2021-09-13T11:00:00,19.060633120329484
2021-09-13T12:00:00,28.429110485574473
2021-09-13T13:00:00,37.671301634415336
2021-09-13T14:00:00,41.882295525592305
2021-09-13T15:00:00,44.2340202331543
2021-09-13T16:00:00,45.59596965623938
2021-09-13T17:00:00,45.60174991773522
2021-09-13T18:00:00,45.673837412958555
2021-09-13T19:00:00,45.90254576309867
2021-09-13T20:00:00,45.881063544231914
2021-09-13T21:00:00,45.85496288797129
2021-09-13T22:00:00,46.24968901924464
2021-09-13T23:00:00,46.18265334419581
2021-09-14T00:00:00,46.141770404318095
2021-09-14T01:00:00,46.00827474179474
2021-09-14T02:00:00,29.946092522662617
2021-09-14T03:00:00,20.93472505652386
2021-09-14T04:00:00,17.842175939808723
2021-09-14T05:00:00,16.680880339249317
2021-09-14T06:00:00,15.809143563975455
2021-09-14T07:00:00,14.802928261134932
2021-09-14T08:00:00,13.948798884516176
2021-09-14T09:00:00,14.274339385654615
2021-09-14T10:00:00,15.937900377356485
2021-09-14T11:00:00,20.79200338280719
2021-09-14T12:00:00,33.03743262912916
2021-09-14T13:00:00,48.633640621019445
2021-09-14T14:00:00,67.46176213803498
2021-09-14T15:00:00,83.64172164253566
2021-09-14T16:00:00,93.73896789550781
2021-09-14T17:00:00,96.26495162300441
2021-09-14T18:00:00,93.09420743195906
2021-09-14T19:00:00,87.47348254659902
2021-09-14T20:00:00,76.42069111699644
2021-09-14T21:00:00,68.51277807484502
2021-09-14T22:00:00,66.95238660729449
2021-09-14T23:00:00,65.51691818237303
2021-09-15T00:00:00,60.66066940971042
2021-09-15T01:00:00,54.63282792464546
2021-09-15T02:00:00,46.37114582891049
2021-09-15T03:00:00,30.04436202671216
2021-09-15T04:00:00,21.663314404694926
2021-09-15T05:00:00,18.621792585953422
2021-09-15T06:00:00,16.302319236423656
2021-09-15T07:00:00,14.903715050738787
2021-09-15T08:00:00,16.222945005997367
2021-09-15T09:00:00,19.83587090865425
2021-09-15T10:00:00,22.800130927044407
2021-09-15T11:00:00,27.417161858600117
2021-09-15T12:00:00,32.704171553902
2021-09-15T13:00:00,38.09951002701469
2021-09-15T14:00:00,46.38680200991423
2021-09-15T15:00:00,60.71905749777088
2021-09-15T16:00:00,79.76910234534222
2021-09-15T17:00:00,99.0643837970236
2021-09-15T18:00:00,95.05502750562583
2021-09-15T19:00:00,78.37057660973589
2021-09-15T20:00:00,64.94712829589842
2021-09-15T21:00:00,49.490918200948954
2021-09-15T22:00:00,45.445532591446586
2021-09-15T23:00:00,48.82668453714121
2021-09-16T00:00:00,52.136088163956344
2021-09-16T01:00:00,52.52118334562881
2021-09-16T02:00:00,51.13353994618291
2021-09-16T03:00:00,38.19429911737856
2021-09-16T04:00:00,24.014135526574176
2021-09-16T05:00:00,18.13305738697881
2021-09-16T06:00:00,17.034465789794922
2021-09-16T07:00:00,16.9242759372877
2021-09-16T08:00:00,16.844653502754543
2021-09-16T09:00:00,17.15977494612984
2021-09-16T10:00:00,20.133906903474227
2021-09-16T11:00:00,29.910225329191785
2021-09-16T12:00:00,46.449283765709914
2021-09-16T13:00:00,60.21733441560164
2021-09-16T14:00:00,70.25613403320311
2021-09-16T15:00:00,80.96200329324473
2021-09-16T16:00:00,94.092565121858
2021-09-16T17:00:00,108.49226445737091
2021-09-16T18:00:00,89.48777306598164
2021-09-16T19:00:00,103.90319691533627
2021-09-16T20:00:00,126.26720959207285
2021-09-16T21:00:00,145.18372776197347
2021-09-16T22:00:00,158.3425239894701
2021-09-16T23:00:00,166.7776880678923
2021-09-17T00:00:00,170.98137167225713
2021-09-17T01:00:00,168.69838150687838
2021-09-17T02:00:00,113.07685553509256
2021-09-17T03:00:00,62.721269027046525
2021-09-17T04:00:00,44.4810908773671
2021-09-17T05:00:00,34.46608568274456
2021-09-17T06:00:00,28.741683877032735
2021-09-17T07:00:00,24.75593202010445
2021-09-17T08:00:00,22.610369143278703
2021-09-17T09:00:00,22.337404997452445
2021-09-17T10:00:00,23.97399056476095
2021-09-17T11:00:00,30.732564760291055
2021-09-17T12:00:00,44.10559397158415
2021-09-17T13:00:00,58.93179022747537
2021-09-17T14:00:00,73.92297296938688
2021-09-17T15:00:00,86.25544838283372
2021-09-17T16:00:00,91.34502178689706
2021-09-17T17:00:00,90.1475893103558
2021-09-17T18:00:00,93.15099732772163
2021-09-17T19:00:00,97.55663763958474
2021-09-17T20:00:00,97.63900889521058
2021-09-17T21:00:00,100.09729302447774
2021-09-17T22:00:00,101.0475380938986
2021-09-17T23:00:00,96.19142880647078
2021-09-18T00:00:00,87.36928392493206
2021-09-18T01:00:00,84.4155217046323
2021-09-18T02:00:00,61.635601209557564
2021-09-18T03:00:00,36.457713085672125
2021-09-18T04:00:00,27.57255106386931
2021-09-18T05:00:00,23.887676985367484
2021-09-18T06:00:00,22.118224683015242
2021-09-18T07:00:00,21.28381248142408
2021-09-18T08:00:00,23.505146441252336
2021-09-18T09:00:00,27.07172344041907
2021-09-18T10:00:00,29.98391118256942
2021-09-18T11:00:00,38.23025894165039
2021-09-18T12:00:00,55.11709992781929
2021-09-18T13:00:00,66.57154514478599
2021-09-18T14:00:00,65.67702268517534
2021-09-18T15:00:00,66.93256427930748
2021-09-18T16:00:00,69.78095610245414
2021-09-18T17:00:00,70.01831021516219
2021-09-18T18:00:00,73.73261244400686
2021-09-18T19:00:00,73.21757241953974
2021-09-18T20:00:00,73.6982136601987
2021-09-18T21:00:00,73.20856442658796
2021-09-18T22:00:00,72.88725877844769
2021-09-18T23:00:00,73.35338094960088
2021-09-19T00:00:00,73.40916807755178
2021-09-19T01:00:00,72.32966812797214
2021-09-19T02:00:00,51.381850532863446
2021-09-19T03:00:00,37.82925497967263
2021-09-19T04:00:00,31.589082469110902
2021-09-19T05:00:00,28.063197260317594
2021-09-19T06:00:00,27.9354716591213
2021-09-19T07:00:00,27.99202943884808
2021-09-19T08:00:00,26.490057157433547
2021-09-19T09:00:00,26.701371483180832
2021-09-19T10:00:00,29.907376330831774
2021-09-19T11:00:00,36.629855280337125
2021-09-19T12:00:00,47.36573940774669
2021-09-19T13:00:00,58.316255486529805
2021-09-19T14:00:00,66.77483467433763
2021-09-19T15:00:00,74.37482253364894
2021-09-19T16:00:00,82.60766369363536
2021-09-19T17:00:00,87.68807917055877
2021-09-19T18:00:00,86.73008230458133
2021-09-19T19:00:00,86.45991482942
2021-09-19T20:00:00,88.06048749840777
2021-09-19T21:00:00,89.48163870106572
2021-09-19T22:00:00,85.43082593834917
2021-09-19T23:00:00,83.73458364735478
2021-09-20T00:00:00,83.5517057335895
2021-09-20T01:00:00,85.06088654891303
2021-09-20T02:00:00,60.611631144647994
2021-09-20T03:00:00,40.85554106339164
2021-09-20T04:00:00,32.269416145656415
2021-09-20T05:00:00,28.293774729189664
2021-09-20T06:00:00,26.60643743432086
2021-09-20T07:00:00,26.52744425898013
2021-09-20T08:00:00,26.990663362585973
2021-09-20T09:00:00,27.4815677145253
2021-09-20T10:00:00,29.744948677394692
2021-09-20T11:00:00,37.739143205725625
2021-09-20T12:00:00,45.80616246099057
2021-09-20T13:00:00,51.95476200269616
2021-09-20T14:00:00,61.18889800361964
2021-09-20T15:00:00,71.20728998598844
2021-09-20T16:00:00,78.50832400114638
2021-09-20T17:00:00,80.12340545654297
2021-09-20T18:00:00,76.3181039561396
2021-09-20T19:00:00,66.3414071124533
2021-09-20T20:00:00,60.69958645364512
2021-09-20T21:00:00,58.04715314118758
2021-09-20T22:00:00,55.400939112124234
2021-09-20T23:00:00,53.96352701601774
2021-09-21T00:00:00,53.29986688365106
2021-09-21T01:00:00,51.29495355357294
2021-09-21T02:00:00,36.98108921880307
2021-09-21T03:00:00,27.68698211338209
2021-09-21T04:00:00,23.668459436167836
2021-09-21T05:00:00,22.329135728918985
2021-09-21T06:00:00,22.111283094986625
2021-09-21T07:00:00,22.33309057484502
2021-09-21T08:00:00,22.54782220591669
2021-09-21T09:00:00,22.98908465841542
2021-09-21T10:00:00,24.148182329924207
2021-09-21T11:00:00,27.98957285673722
2021-09-21T12:00:00,36.86730608732803
2021-09-21T13:00:00,45.695012963336445
2021-09-21T14:00:00,53.52922522503396
2021-09-21T15:00:00,61.5671161154042
2021-09-21T16:00:00,65.46622516797937
2021-09-21T17:00:00,69.40047023607337
2021-09-21T18:00:00,73.74802166482677
2021-09-21T19:00:00,74.42874278192933
2021-09-21T20:00:00,73.68945212986156
2021-09-21T21:00:00,71.60220569113025
2021-09-21T22:00:00,69.36601788064708
2021-09-21T23:00:00,67.6193154376486
2021-09-22T00:00:00,67.30864649233611
2021-09-22T01:00:00,60.82291528452997
2021-09-22T02:00:00,35.73564413319463
2021-09-22T03:00:00,25.833453717439067
2021-09-22T04:00:00,23.029100915660024
2021-09-22T05:00:00,21.463855079982586
2021-09-22T06:00:00,20.118114969004754
2021-09-22T07:00:00,19.523109933604363
2021-09-22T08:00:00,19.605462032815684
2021-09-22T09:00:00,20.35608955051588
2021-09-22T10:00:00,21.92321561730426
2021-09-22T11:00:00,26.262891023055364
2021-09-22T12:00:00,36.83048878545346
2021-09-22T13:00:00,48.97480574898097
2021-09-22T14:00:00,52.91204386172087
2021-09-22T15:00:00,56.51953523055366
2021-09-22T16:00:00,58.49141892142917
2021-09-22T17:00:00,60.111629486083984
2021-09-22T18:00:00,61.82161016049592
2021-09-22T19:00:00,62.87076187133789
2021-09-22T20:00:00,67.36789520927097
2021-09-22T21:00:00,77.65493591972019
2021-09-22T22:00:00,85.30269523288892
2021-09-22T23:00:00,84.44940384574558
2021-09-23T00:00:00,78.33061682659645
2021-09-23T01:00:00,72.15734465225883
2021-09-23T02:00:00,44.155046877653696
2021-09-23T03:00:00,27.344286379606828
2021-09-23T04:00:00,21.833480337391727
2021-09-23T05:00:00,19.468629505323324
2021-09-23T06:00:00,18.448695390120793
2021-09-23T07:00:00,18.10392562202785
2021-09-23T08:00:00,18.178084912507426
2021-09-23T09:00:00,19.291014298148777
2021-09-23T10:00:00,23.444306000419285
2021-09-23T11:00:00,33.00462498872176
2021-09-23T12:00:00,43.84318127839461
2021-09-23T13:00:00,53.180618451989204
2021-09-23T14:00:00,64.24968122399372
2021-09-23T15:00:00,70.73906973133916
2021-09-23T16:00:00,72.33023270316744
2021-09-23T17:00:00,66.35445271367612
2021-09-23T18:00:00,60.03673702737559
2021-09-23T19:00:00,58.00450432818869
2021-09-23T20:00:00,58.84146084992781
2021-09-23T21:00:00,63.74492413064707
2021-09-23T22:00:00,68.1300226294476
2021-09-23T23:00:00,67.34321146425992
2021-09-24T00:00:00,64.70442033850628
2021-09-24T01:00:00,63.15445443858271
2021-09-24T02:00:00,50.7259647535241
2021-09-24T03:00:00,36.753089075503134
2021-09-24T04:00:00,31.435014393018637
2021-09-24T05:00:00,28.00962754954462
2021-09-24T06:00:00,25.962292380954906
2021-09-24T07:00:00,24.572156574415118
2021-09-24T08:00:00,23.364888398543645
2021-09-24T09:00:00,23.589181319527004
2021-09-24T10:00:00,25.58012373551078
2021-09-24T11:00:00,29.322714349497918
2021-09-24T12:00:00,36.8457268424656
2021-09-24T13:00:00,44.2982355200726
2021-09-24T14:00:00,51.55197143554687
2021-09-24T15:00:00,62.23104675956394
2021-09-24T16:00:00,70.25259963325831
2021-09-24T17:00:00,73.41104822573455
2021-09-24T18:00:00,73.55161782969599
2021-09-24T19:00:00,71.71482152524202
2021-09-24T20:00:00,72.61956919794497
2021-09-24T21:00:00,76.29987600575322
2021-09-24T22:00:00,72.9865964806598
2021-09-24T23:00:00,59.73003370865531
2021-09-25T00:00:00,46.345725515614376
2021-09-25T01:00:00,38.45058706532353
2021-09-25T02:00:00,26.118210999862004
2021-09-25T03:00:00,19.534027182537574
2021-09-25T04:00:00,16.943734625111453
2021-09-25T05:00:00,16.779842957206395
2021-09-25T06:00:00,17.397160571554434
2021-09-25T07:00:00,17.907918183699895
2021-09-25T08:00:00,18.02810129912003
2021-09-25T09:00:00,17.937082622362215
2021-09-25T10:00:00,17.917558587115742
2021-09-25T11:00:00,19.08037509088931
2021-09-25T12:00:00,23.28322700832201
2021-09-25T13:00:00,28.83009471064028
2021-09-25T14:00:00,33.0445213317871
2021-09-25T15:00:00,34.67565304300059
2021-09-25T16:00:00,36.39031816565472
2021-09-25T17:00:00,38.31394261899201
2021-09-25T18:00:00,38.840095520019524
2021-09-25T19:00:00,35.43798712025517
2021-09-25T20:00:00,33.532754980999485
2021-09-25T21:00:00,34.60923800261124
2021-09-25T22:00:00,35.77985912820567
2021-09-25T23:00:00,35.722587751305625
2021-09-26T00:00:00,35.958924334982164
2021-09-26T01:00:00,36.26287659354831
2021-09-26T02:00:00,31.357451895008914
2021-09-26T03:00:00,18.97249039359715
2021-09-26T04:00:00,15.27090781667958
2021-09-26T05:00:00,14.715870152349057
2021-09-26T06:00:00,14.814915242402448
2021-09-26T07:00:00,14.619396707286004
2021-09-26T08:00:00,14.975939501886781
2021-09-26T09:00:00,16.180821294369903
2021-09-26T10:00:00,19.20091446586277
2021-09-26T11:00:00,27.13539305977199
2021-09-26T12:00:00,36.1253142978834
2021-09-26T13:00:00,38.82853648973548
2021-09-26T14:00:00,32.74334252398947
2021-09-26T15:00:00,28.997583389282223
2021-09-26T16:00:00,26.785696029663082
2021-09-26T17:00:00,26.910257837046746
2021-09-26T18:00:00,31.60575908163319
2021-09-26T19:00:00,33.33925844275433
2021-09-26T20:00:00,25.20828189020571
2021-09-26T21:00:00,19.041964074839715
2021-09-26T22:00:00,16.819064140319824
2021-09-26T23:00:00,17.831938121629797
2021-09-27T00:00:00,18.49022458947223
2021-09-27T01:00:00,18.331765796827234
2021-09-27T02:00:00,19.414932914402172
2021-09-27T03:00:00,18.933439586473547
2021-09-27T04:00:00,14.905261744623598
2021-09-27T05:00:00,11.713111835977305
2021-09-27T06:00:00,11.935773227525795
2021-09-27T07:00:00,12.95688542075779
2021-09-27T08:00:00,11.73791221950365
2021-09-27T09:00:00,10.659840252088461
2021-09-27T10:00:00,12.017811526422912
2021-09-27T11:00:00,16.736802349919856
2021-09-27T12:00:00,24.387033545452613
2021-09-27T13:00:00,28.54267700858738
2021-09-27T14:00:00,31.503842146500297
2021-09-27T15:00:00,33.497941722040586
2021-09-27T16:00:00,33.89304816204568
2021-09-27T17:00:00,33.53376463185185
2021-09-27T18:00:00,33.3121690335481
2021-09-27T19:00:00,30.89143835979959
2021-09-27T20:00:00,27.087540087492567
2021-09-27T21:00:00,25.54346482650093
2021-09-27T22:00:00,24.967447778452996
2021-09-27T23:00:00,25.053634975267492
2021-09-28T00:00:00,25.221265709918473
2021-09-28T01:00:00,24.788686752319336
2021-09-28T02:00:00,23.176853428716242
2021-09-28T03:00:00,18.63581723752229
2021-09-28T04:00:00,14.6489142956941
2021-09-28T05:00:00,12.748037048008129
2021-09-28T06:00:00,11.620995480081309
2021-09-28T07:00:00,10.88852243838103
2021-09-28T08:00:00,10.76719636502473
2021-09-28T09:00:00,11.240961530934209
2021-09-28T10:00:00,12.472407714180322
2021-09-28T11:00:00,14.629147902778955
2021-09-28T12:00:00,18.30665928384532
2021-09-28T13:00:00,22.088379818460215
2021-09-28T14:00:00,24.960821400518
2021-09-28T15:00:00,27.651319835496984
2021-09-28T16:00:00,29.349492280379582
2021-09-28T17:00:00,30.098459658415415
2021-09-28T18:00:00,30.87854932702106
2021-09-28T19:00:00,30.88790802333666
2021-09-28T20:00:00,29.873333391935926
2021-09-28T21:00:00,30.049178994220235
2021-09-28T22:00:00,31.458619905554723
2021-09-28T23:00:00,30.246023841526195
2021-09-29T00:00:00,29.869069306746773
2021-09-29T01:00:00,30.479215456091836
2021-09-29T02:00:00,23.22613483926524
2021-09-29T03:00:00,19.7324393728505
2021-09-29T04:00:00,17.83899995555048
2021-09-29T05:00:00,16.377832495647926
2021-09-29T06:00:00,15.247447801672891
2021-09-29T07:00:00,14.65593391916026
2021-09-29T08:00:00,14.384300936823303
2021-09-29T09:00:00,14.4176201198412
2021-09-29T10:00:00,15.256910365560778
2021-09-29T11:00:00,17.657989584881324
2021-09-29T12:00:00,23.411180745000422
2021-09-29T13:00:00,33.09275104688561
2021-09-29T14:00:00,43.12570887026579
2021-09-29T15:00:00,54.372102654498555
2021-09-29T16:00:00,64.61461937945822
2021-09-29T17:00:00,72.66851707126783
2021-09-29T18:00:00,80.42356275475542
2021-09-29T19:00:00,84.5889892578125
2021-09-29T20:00:00,87.11731786313264
2021-09-29T21:00:00,91.42415287183678
2021-09-29T22:00:00,97.3192032523777
2021-09-29T23:00:00,100.14467222794241
2021-09-30T00:00:00,97.03808228865913
2021-09-30T01:00:00,90.52235777481741
2021-09-30T02:00:00,58.15957392816958
2021-09-30T03:00:00,45.26451326453167
2021-09-30T04:00:00,37.09833145141601
2021-09-30T05:00:00,26.275090341982633
2021-09-30T06:00:00,21.024030436640196
2021-09-30T07:00:00,19.158245750095528
2021-09-30T08:00:00,18.601434956426203
2021-09-30T09:00:00,18.75253494926121
2021-09-30T10:00:00,19.862291253131367
2021-09-30T11:00:00,24.164130252340563
2021-09-30T12:00:00,32.23072234443996
2021-09-30T13:00:00,42.73876886782439
2021-09-30T14:00:00,51.870635488758914
2021-09-30T15:00:00,59.191642429517664
2021-09-30T16:00:00,53.2465357573136
2021-09-30T17:00:00,53.844800534455665
2021-09-30T18:00:00,57.94267870032269
2021-09-30T19:00:00,57.603288401728086
2021-09-30T20:00:00,58.693042423414134
2021-09-30T21:00:00,61.325708803923234
2021-09-30T22:00:00,64.67187168287194
2021-09-30T23:00:00,68.28381248142408
2021-10-01T00:00:00,72.35456118376358
2021-10-01T01:00:00,74.9254319564156
2021-10-01T02:00:00,51.530520231827445
2021-10-01T03:00:00,41.49753388114597
2021-10-01T04:00:00,33.356949350108266
2021-10-01T05:00:00,27.05944334942361
2021-10-01T06:00:00,24.15965237824813
2021-10-01T07:00:00,24.23333350471828
2021-10-01T08:00:00,27.203585914943528
2021-10-01T09:00:00,31.26392356209133
2021-10-01T10:00:00,38.89025232066278
2021-10-01T11:00:00,54.12055405326511
2021-10-01T12:00:00,73.82325213888417
2021-10-01T13:00:00,87.06687894074813
2021-10-01T14:00:00,94.38699440334153
2021-10-01T15:00:00,102.60222128163213
2021-10-01T16:00:00,113.80814792798913
2021-10-01T17:00:00,126.90811024541439
2021-10-01T18:00:00,135.9836604906165
2021-10-01T19:00:00,140.85873943826425
2021-10-01T20:00:00,143.9851916769276
2021-10-01T21:00:00,142.71692159901494
2021-10-01T22:00:00,142.05595331606656
2021-10-01T23:00:00,145.6052657417629
2021-10-02T00:00:00,149.46467855702275
2021-10-02T01:00:00,145.130987416143
2021-10-02T02:00:00,89.59892040750253
2021-10-02T03:00:00,53.26916868790335
2021-10-02T04:00:00,36.33335859879204
2021-10-02T05:00:00,29.16676289102305
2021-10-02T06:00:00,25.58540004232655
2021-10-02T07:00:00,23.214768534121305
2021-10-02T08:00:00,24.94086829475734
2021-10-02T09:00:00,28.22781372070312
2021-10-02T10:00:00,31.470717471578848
2021-10-02T11:00:00,39.078467991041094
2021-10-02T12:00:00,54.08658964737601
2021-10-02T13:00:00,70.68435071862261
2021-10-02T14:00:00,87.3137555329696
2021-10-02T15:00:00,98.50958318295685
2021-10-02T16:00:00,106.5551359757133
2021-10-02T17:00:00,112.32773623259169
2021-10-02T18:00:00,115.1839261262313
2021-10-02T19:00:00,115.9454060430112
2021-10-02T20:00:00,109.6177049719769
2021-10-02T21:00:00,103.5680638188901
2021-10-02T22:00:00,101.15530262822689
2021-10-02T23:00:00,97.64334205959153
2021-10-03T00:00:00,90.44361313529635
2021-10-03T01:00:00,76.20453776483949
2021-10-03T02:00:00,34.994575998057485
2021-10-03T03:00:00,19.83394539874533
2021-10-03T04:00:00,17.863810995350715
2021-10-03T05:00:00,17.604634367901344
2021-10-03T06:00:00,17.70772792982018
2021-10-03T07:00:00,18.52053633980129
2021-10-03T08:00:00,19.43541153617527
2021-10-03T09:00:00,20.130659352178156
2021-10-03T10:00:00,21.03661246921705
2021-10-03T11:00:00,24.416051615839418
2021-10-03T12:00:00,34.82191566798998
2021-10-03T13:00:00,41.48931055483611
2021-10-03T14:00:00,46.237485802691914
2021-10-03T15:00:00,50.26839563120966
2021-10-03T16:00:00,52.998816946278446
2021-10-03T17:00:00,56.43837655108908
2021-10-03T18:00:00,62.136118349821665
2021-10-03T19:00:00,68.56481087726094
2021-10-03T20:00:00,73.20509023251739
2021-10-03T21:00:00,76.97441366444463
2021-10-03T22:00:00,84.65188681561013
2021-10-03T23:00:00,102.64695076320481
2021-10-04T00:00:00,123.0516423764436
2021-10-04T01:00:00,142.58634152619732
2021-10-04T02:00:00,119.3156801306683
2021-10-04T03:00:00,69.29604853754456
2021-10-04T04:00:00,41.830267533012055
2021-10-04T05:00:00,31.783475129500676
2021-10-04T06:00:00,28.200159072875977
2021-10-04T07:00:00,26.67976155488387
2021-10-04T08:00:00,25.00287047676418
2021-10-04T09:00:00,24.093911378279973
2021-10-04T10:00:00,26.81457577580991
2021-10-04T11:00:00,37.36047197424847
2021-10-04T12:00:00,55.04281947923742
2021-10-04T13:00:00,81.03008701490319
2021-10-04T14:00:00,103.83012157937753
2021-10-04T15:00:00,121.51591889754584
2021-10-04T16:00:00,143.51567475692084
2021-10-04T17:00:00,166.2438440737517
2021-10-04T18:00:00,187.40684177564535
2021-10-04T19:00:00,204.45039633046025
2021-10-04T20:00:00,217.5267579451851
2021-10-04T21:00:00,225.9620507281759
2021-10-04T22:00:00,230.98469211744222
2021-10-04T23:00:00,232.6387647545856
2021-10-05T00:00:00,230.22819320015284
2021-10-05T01:00:00,225.46952090056047
2021-10-05T02:00:00,173.8541027566661
2021-10-05T03:00:00,68.51185209854788
2021-10-05T04:00:00,30.35950188014818
2021-10-05T05:00:00,20.721613262010653
2021-10-05T06:00:00,17.75105691992718
2021-10-05T07:00:00,16.954883575439453
2021-10-05T08:00:00,16.977105679719344
2021-10-05T09:00:00,17.306109760118566
2021-10-05T10:00:00,22.360120607459024
2021-10-05T11:00:00,34.30720694168754
2021-10-05T12:00:00,55.10546526701553
2021-10-05T13:00:00,65.52986277704653
2021-10-05T14:00:00,62.59949095352835
2021-10-05T15:00:00,58.15616491566533
2021-10-05T16:00:00,57.625047766644016
2021-10-05T17:00:00,62.478063168733
2021-10-05T18:00:00,62.45454721865445
2021-10-05T19:00:00,56.02486535777216
2021-10-05T20:00:00,52.57689633576765
2021-10-05T21:00:00,53.038629117219344
2021-10-05T22:00:00,52.59547938471254
2021-10-05T23:00:00,49.112382640009336
2021-10-06T00:00:00,51.70905801524286
2021-10-06T01:00:00,60.03903181656547
2021-10-06T02:00:00,49.84012603759765
2021-10-06T03:00:00,24.118852615356445
2021-10-06T04:00:00,16.99830444999363
2021-10-06T05:00:00,14.880552333334217
2021-10-06T06:00:00,13.940623739491336
2021-10-06T07:00:00,14.58608569269595
2021-10-06T08:00:00,16.12976012022599
2021-10-06T09:00:00,18.09384146980617
2021-10-06T10:00:00,23.216352794481356
2021-10-06T11:00:00,31.82545471191406
2021-10-06T12:00:00,44.250760119894274
2021-10-06T13:00:00,55.01826095581054
2021-10-06T14:00:00,59.22116486922554
2021-10-06T15:00:00,57.418260325556204
2021-10-06T16:00:00,56.69688763825789
2021-10-06T17:00:00,59.88374112999957
2021-10-06T18:00:00,64.55638421100117
2021-10-06T19:00:00,67.43245232623555
2021-10-06T20:00:00,66.41896488355553
2021-10-06T21:00:00,62.76290644770082
2021-10-06T22:00:00,57.46022697117017
2021-10-06T23:00:00,50.47503844551418
2021-10-07T00:00:00,45.17584941698157
2021-10-07T01:00:00,43.57718293563179
2021-10-07T02:00:00,39.65880999357804
2021-10-07T03:00:00,27.98685256294582
2021-10-07T04:00:00,20.03342628479004
2021-10-07T05:00:00,16.40148594068444
2021-10-07T06:00:00,15.488629921622897
2021-10-07T07:00:00,14.8006767190021
2021-10-07T08:00:00,14.469080385954483
2021-10-07T09:00:00,14.850770784460977
2021-10-07T10:00:00,15.566221651823621
2021-10-07T11:00:00,18.784775443699047
2021-10-07T12:00:00,25.834585770316743
2021-10-07T13:00:00,33.58927220883576
2021-10-07T14:00:00,41.08840096515157
2021-10-07T15:00:00,45.60846660448157
2021-10-07T16:00:00,46.334878506867774
2021-10-07T17:00:00,45.28593627266261
2021-10-07T18:00:00,45.294757511304766
2021-10-07T19:00:00,45.70731038632599
2021-10-07T20:00:00,44.52520851466966
2021-10-07T21:00:00,41.6072822239088
2021-10-07T22:00:00,39.11664365685504
2021-10-07T23:00:00,36.287054642387055
2021-10-08T00:00:00,34.42001168624215
2021-10-08T01:00:00,33.03456646463145
2021-10-08T02:00:00,24.717835053153657
2021-10-08T03:00:00,17.861207464466922
2021-10-08T04:00:00,15.049876213073729
2021-10-08T05:00:00,14.006663778553836
2021-10-08T06:00:00,13.592688228773032
2021-10-08T07:00:00,13.423464816549547
2021-10-08T08:00:00,13.368076158606486
2021-10-08T09:00:00,13.517318725585938
2021-10-08T10:00:00,14.161057472229002
2021-10-08T11:00:00,16.381118442701254
2021-10-08T12:00:00,22.35016938914423
2021-10-08T13:00:00,29.1538611702297
2021-10-08T14:00:00,32.86323514192
2021-10-08T15:00:00,35.47844828730044
2021-10-08T16:00:00,37.71399655549423
2021-10-08T17:00:00,39.4720405910326
2021-10-08T18:00:00,39.26951549364173
2021-10-08T19:00:00,36.7008406597635
2021-10-08T20:00:00,34.80601990741232
2021-10-08T21:00:00,33.449616805366844
2021-10-08T22:00:00,32.55620160310165
2021-10-08T23:00:00,31.577068743498426
2021-10-09T00:00:00,30.532871578050692
2021-10-09T01:00:00,29.411831399668813
2021-10-09T02:00:00,21.4027160146962
2021-10-09T03:00:00,16.62633402451225
2021-10-09T04:00:00,15.071498041567594
2021-10-09T05:00:00,13.72599701259447
2021-10-09T06:00:00,12.814091848290484
2021-10-09T07:00:00,12.401532753654148
2021-10-09T08:00:00,12.386740186940067
2021-10-09T09:00:00,12.818486421004584
2021-10-09T10:00:00,13.45634999482528
2021-10-09T11:00:00,15.211826075678283
2021-10-09T12:00:00,19.75927792424741
2021-10-09T13:00:00,22.769215459408965
2021-10-09T14:00:00,24.805346364560332
2021-10-09T15:00:00,26.957457169242524
2021-10-09T16:00:00,29.488218887992524
2021-10-09T17:00:00,30.801717094753094
2021-10-09T18:00:00,31.67887496948242
2021-10-09T19:00:00,31.200718340666395
2021-10-09T20:00:00,30.45821563057277
2021-10-09T21:00:00,30.522115873253867
2021-10-09T22:00:00,29.539374475893762
2021-10-09T23:00:00,33.27430202649987
2021-10-10T00:00:00,38.52664002128269
2021-10-10T01:00:00,40.67340585459833
2021-10-10T02:00:00,27.03395544964334
2021-10-10T03:00:00,18.197564747022543
2021-10-10T04:00:00,15.422995401465371
2021-10-10T05:00:00,14.051612190578293
2021-10-10T06:00:00,13.119349604067594
2021-10-10T07:00:00,12.802046444105065
2021-10-10T08:00:00,12.84709710660188
2021-10-10T09:00:00,13.460682537244713
2021-10-10T10:00:00,15.148260738538658
2021-10-10T11:00:00,18.727567755657695
2021-10-10T12:00:00,25.452426578687582
2021-10-10T13:00:00,31.618025904116415
2021-10-10T14:00:00,33.26200203273607
2021-10-10T15:00:00,33.19324725607167
2021-10-10T16:00:00,33.13532895627228
2021-10-10T17:00:00,31.607113050377883
2021-10-10T18:00:00,30.019179717354145
2021-10-10T19:00:00,28.770486831665036
2021-10-10T20:00:00,30.35714846071989
2021-10-10T21:00:00,33.41128282961638
2021-10-10T22:00:00,33.58412419194761
2021-10-10T23:00:00,32.683833578358524
2021-10-11T00:00:00,31.934575619904887
2021-10-11T01:00:00,31.4290773142939
2021-10-11T02:00:00,31.31268857873004
2021-10-11T03:00:00,26.89375769573709
2021-10-11T04:00:00,19.625512330428414
2021-10-11T05:00:00,16.107357978820797
2021-10-11T06:00:00,13.90653610229492
2021-10-11T07:00:00,13.02245281053626
2021-10-11T08:00:00,12.871978967086127
2021-10-11T09:00:00,12.944187164306639
2021-10-11T10:00:00,14.108965417613152
2021-10-11T11:00:00,17.600762740425438
2021-10-11T12:00:00,20.69759012305218
2021-10-11T13:00:00,22.19839460953422
2021-10-11T14:00:00,23.826982995738152
2021-10-11T15:00:00,26.50819504779318
2021-10-11T16:00:00,29.65868410856827
2021-10-11T17:00:00,31.667358647222102
2021-10-11T18:00:00,29.367479738981825
2021-10-11T19:00:00,26.710013431051504
2021-10-11T20:00:00,25.391969349073328
2021-10-11T21:00:00,24.93380082171896
2021-10-11T22:00:00,24.016158477119774
2021-10-11T23:00:00,23.93653579380201
2021-10-12T00:00:00,25.36657864114512
2021-10-12T01:00:00,26.70516254590905
2021-10-12T02:00:00,21.948033374288805
2021-10-12T03:00:00,16.17414905713952
2021-10-12T04:00:00,13.71954706440801
2021-10-12T05:00:00,12.469799995422363
2021-10-12T06:00:00,11.724351260973059
2021-10-12T07:00:00,11.38782957325811
2021-10-12T08:00:00,11.278104450391684
2021-10-12T09:00:00,11.142933430879012
2021-10-12T10:00:00,11.675188106039293
2021-10-12T11:00:00,14.777265797490656
2021-10-12T12:00:00,21.594828978828758
2021-10-12T13:00:00,27.165135922639262
2021-10-12T14:00:00,30.83183139303456
2021-10-12T15:00:00,33.63389048369034
2021-10-12T16:00:00,35.57840181433635
2021-10-12T17:00:00,36.657232367474094
2021-10-12T18:00:00,36.20952904742696
2021-10-12T19:00:00,35.84345469267472
2021-10-12T20:00:00,34.30498670495075
2021-10-12T21:00:00,33.13767018525497
2021-10-12T22:00:00,32.43545266856318
2021-10-12T23:00:00,32.246720521346376
2021-10-13T00:00:00,33.530703751937196
2021-10-13T01:00:00,35.16144586646038
2021-10-13T02:00:00,26.013120153675906
2021-10-13T03:00:00,19.439914039943528
2021-10-13T04:00:00,16.567669744076934
2021-10-13T05:00:00,14.55196956966234
2021-10-13T06:00:00,13.335999405902363
2021-10-13T07:00:00,13.18072509765625
2021-10-13T08:00:00,13.042578489884086
2021-10-13T09:00:00,12.943039313606594
2021-10-13T10:00:00,13.279567511185354
2021-10-13T11:00:00,16.019845464955203
2021-10-13T12:00:00,22.95706856769064
2021-10-13T13:00:00,31.502810934315555
2021-10-13T14:00:00,37.12345819887907
2021-10-13T15:00:00,40.80014071257217
2021-10-13T16:00:00,42.423176143480376
2021-10-13T17:00:00,41.314998129139774
2021-10-13T18:00:00,37.99664970066236
2021-10-13T19:00:00,35.81290825553562
2021-10-13T20:00:00,34.93173574364703
2021-10-13T21:00:00,35.70670136161472
2021-10-13T22:00:00,36.950238601021134
2021-10-13T23:00:00,37.414253732432485
2021-10-14T00:00:00,36.84654791458793
2021-10-14T01:00:00,37.69407844543456
2021-10-14T02:00:00,24.904066417528234
2021-10-14T03:00:00,17.472282243811563
2021-10-14T04:00:00,14.621802330017086
2021-10-14T05:00:00,13.334565660227899
2021-10-14T06:00:00,12.574777603149412
2021-10-14T07:00:00,12.292333312656567
2021-10-14T08:00:00,12.357227408367654
2021-10-14T09:00:00,12.011317253112793
2021-10-14T10:00:00,12.377284174380094
2021-10-14T11:00:00,14.84330314138661
2021-10-14T12:00:00,21.736242460167922
2021-10-14T13:00:00,28.71679919698964
2021-10-14T14:00:00,35.37971571217412
2021-10-14T15:00:00,42.71495603478473
2021-10-14T16:00:00,46.154688959536344
2021-10-14T17:00:00,46.27936089557149
2021-10-14T18:00:00,50.13834265004033
2021-10-14T19:00:00,51.953758405602485
2021-10-14T20:00:00,49.664593406345524
2021-10-14T21:00:00,44.64168946639351
2021-10-14T22:00:00,38.72440139107082
2021-10-14T23:00:00,34.29380209549613
2021-10-15T00:00:00,33.06386275913404
2021-10-15T01:00:00,32.77734607198963
2021-10-15T02:00:00,24.92806650244671
2021-10-15T03:00:00,18.390686035156246
2021-10-15T04:00:00,15.564893639605977
2021-10-15T05:00:00,14.45311463397482
2021-10-15T06:00:00,13.742838486381197
2021-10-15T07:00:00,13.559694621873938
2021-10-15T08:00:00,13.368096600408139
2021-10-15T09:00:00,13.599440450253693
2021-10-15T10:00:00,14.383857353873873
2021-10-15T11:00:00,16.9718718321427
2021-10-15T12:00:00,22.49866551938264
2021-10-15T13:00:00,28.05342218150263
2021-10-15T14:00:00,32.37585333119267
2021-10-15T15:00:00,35.50779417286748
2021-10-15T16:00:00,36.339604087497875
2021-10-15T17:00:00,35.16784253327742
2021-10-15T18:00:00,34.39125815681789
2021-10-15T19:00:00,33.55606775698454
2021-10-15T20:00:00,33.094435733297594
2021-10-15T21:00:00,32.81636619567871
2021-10-15T22:00:00,32.202155237612516
2021-10-15T23:00:00,31.291083045627754
2021-10-16T00:00:00,30.668953854104743
2021-10-16T01:00:00,30.000068830407184
2021-10-16T02:00:00,25.922153389972188
2021-10-16T03:00:00,20.69267704175866
2021-10-16T04:00:00,18.486030661541477
2021-10-16T05:00:00,17.09809095963188
2021-10-16T06:00:00,16.03737615502399
2021-10-16T07:00:00,15.699981482132618
2021-10-16T08:00:00,15.695912029432213
2021-10-16T09:00:00,16.16775620501974
2021-10-16T10:00:00,17.486183747001316
2021-10-16T11:00:00,20.780884701272715
2021-10-16T12:00:00,26.01384461444357
2021-10-16T13:00:00,29.567968617314875
2021-10-16T14:00:00,31.414826185806934
2021-10-16T15:00:00,31.297057027402122
2021-10-16T16:00:00,30.462368674900215
2021-10-16T17:00:00,30.05183593086574
2021-10-16T18:00:00,29.34630468617315
2021-10-16T19:00:00,28.084706264993414
2021-10-16T20:00:00,26.850942114125125
2021-10-16T21:00:00,26.190650359443993
2021-10-16T22:00:00,25.67769025719684
2021-10-16T23:00:00,25.73402296978494
2021-10-17T00:00:00,26.077305752298106
2021-10-17T01:00:00,26.503793882287066
2021-10-17T02:00:00,26.288997235505477
2021-10-17T03:00:00,22.83087697236434
2021-10-17T04:00:00,19.30793049024499
2021-10-17T05:00:00,18.093461990356445
2021-10-17T06:00:00,17.821077595586363
2021-10-17T07:00:00,17.606200923090395
2021-10-17T08:00:00,17.8526437178902
2021-10-17T09:00:00,17.980776994124703
2021-10-17T10:00:00,18.823158761729363
2021-10-17T11:00:00,20.62551340849503
2021-10-17T12:00:00,23.855929582015325
2021-10-17T13:00:00,27.100965334021524
2021-10-17T14:00:00,30.43091259831968
2021-10-17T15:00:00,34.51394744541333
2021-10-17T16:00:00,39.144651993461274
2021-10-17T17:00:00,39.99926326585852
2021-10-17T18:00:00,40.984591608462125
2021-10-17T19:00:00,40.35076672097911
2021-10-17T20:00:00,40.467350006103516
2021-10-17T21:00:00,39.86154970915421
2021-10-17T22:00:00,40.49940988291864
2021-10-17T23:00:00,42.10029220581055
2021-10-18T00:00:00,46.76573131395422
2021-10-18T01:00:00,50.22515222300653
2021-10-18T02:00:00,29.33260992298955
2021-10-18T03:00:00,19.961102941761844
2021-10-18T04:00:00,17.01585827703061
2021-10-18T05:00:00,15.607452268185822
2021-10-18T06:00:00,14.852520693903383
2021-10-18T07:00:00,14.767903037693188
2021-10-18T08:00:00,14.642004759415334
2021-10-18T09:00:00,14.714117298955502
2021-10-18T10:00:00,15.673667949178942
2021-10-18T11:00:00,18.71277377916419
2021-10-18T12:00:00,26.594931643942125
2021-10-18T13:00:00,34.38930329032566
2021-10-18T14:00:00,40.9311641195546
2021-10-18T15:00:00,45.97764587402343
2021-10-18T16:00:00,54.10081432176672
2021-10-18T17:00:00,61.72309477432914
2021-10-18T18:00:00,67.26487383635147
2021-10-18T19:00:00,70.29038951707923
2021-10-18T20:00:00,69.96657263714333
2021-10-18T21:00:00,69.06826948082964
2021-10-18T22:00:00,66.48477935791016
2021-10-18T23:00:00,62.15108572918436
2021-10-19T00:00:00,61.01665811953337
2021-10-19T01:00:00,59.85631279323411
2021-10-19T02:00:00,47.40579671445099
2021-10-19T03:00:00,33.84551321941873
2021-10-19T04:00:00,26.551689728446625
2021-10-19T05:00:00,22.37724329077679
2021-10-19T06:00:00,21.10526010264521
2021-10-19T07:00:00,20.998883205911383
2021-10-19T08:00:00,21.565833962481953
2021-10-19T09:00:00,22.59911661562712
2021-10-19T10:00:00,27.23939804408861
2021-10-19T11:00:00,35.494568368662954
2021-10-19T12:00:00,47.677558069643766
2021-10-19T13:00:00,63.3346123073412
2021-10-19T14:00:00,83.60218313465947
2021-10-19T15:00:00,101.07145127006197
2021-10-19T16:00:00,99.04608054783033
2021-10-19T17:00:00,108.2438792353091
2021-10-19T18:00:00,118.36443892769191
2021-10-19T19:00:00,127.33551025390625
2021-10-19T20:00:00,134.75066641102666
2021-10-19T21:00:00,141.16895725416097
2021-10-19T22:00:00,147.21158102284303
2021-10-19T23:00:00,152.29760675844938
2021-10-20T00:00:00,155.8487960152004
2021-10-20T01:00:00,146.65975620435628
2021-10-20T02:00:00,67.44591439288594
2021-10-20T03:00:00,45.97142592720363
2021-10-20T04:00:00,40.81325381735097
2021-10-20T05:00:00,37.66015807442042
2021-10-20T06:00:00,35.51137949072796
2021-10-20T07:00:00,33.455610275268555
2021-10-20T08:00:00,32.83793084517769
2021-10-20T09:00:00,33.314723388008446
2021-10-20T10:00:00,36.40222060162088
2021-10-20T11:00:00,38.44822941655698
2021-10-20T12:00:00,38.00693968067998
2021-10-20T13:00:00,35.15038249803626
2021-10-20T14:00:00,35.47187548098357
2021-10-20T15:00:00,39.08905402473781
2021-10-20T16:00:00,42.59093027529509
2021-10-20T17:00:00,48.18197565493376
2021-10-20T18:00:00,59.689860800038204
2021-10-20T19:00:00,72.72613293191661
2021-10-20T20:00:00,83.92952396558678
2021-10-20T21:00:00,92.8045136824898
2021-10-20T22:00:00,100.4740345167077
2021-10-20T23:00:00,108.22346994151239
2021-10-21T00:00:00,112.20154339334239
2021-10-21T01:00:00,107.64778734290081
2021-10-21T02:00:00,97.52537636134934
2021-10-21T03:00:00,75.01739170240319
2021-10-21T04:00:00,45.35231532221254
2021-10-21T05:00:00,26.83072173077127
2021-10-21T06:00:00,22.170797265094258
2021-10-21T07:00:00,22.299929743227754
2021-10-21T08:00:00,23.916750866433844
2021-10-21T09:00:00,26.785693541817043
2021-10-21T10:00:00,30.901564556619395
2021-10-21T11:00:00,37.74221138332201
2021-10-21T12:00:00,49.06697463989257
2021-10-21T13:00:00,63.426000843877375
2021-10-21T14:00:00,76.64460522195566
2021-10-21T15:00:00,93.42416215979534
2021-10-21T16:00:00,109.474761299465
2021-10-21T17:00:00,121.29434204101561
2021-10-21T18:00:00,124.25731161366338
2021-10-21T19:00:00,128.9386915123981
2021-10-21T20:00:00,129.7312661875849
2021-10-21T21:00:00,132.0050990892493
2021-10-21T22:00:00,132.83484815514603
2021-10-21T23:00:00,132.90296471637225
2021-10-22T00:00:00,131.86053599481994
2021-10-22T01:00:00,118.39956698210342
2021-10-22T02:00:00,60.62419576230256
2021-10-22T03:00:00,36.3901952660602
2021-10-22T04:00:00,28.21567817356275
2021-10-22T05:00:00,25.098774370939832
2021-10-22T06:00:00,23.747700069261633
2021-10-22T07:00:00,23.159041114475414
2021-10-22T08:00:00,25.358862752499785
2021-10-22T09:00:00,29.89170356418775
2021-10-22T10:00:00,35.91116648134978
2021-10-22T11:00:00,46.16093378481657
2021-10-22T12:00:00,62.404705545176625
2021-10-22T13:00:00,82.22587286907692
2021-10-22T14:00:00,99.04479582413381
2021-10-22T15:00:00,109.8434189506199
2021-10-22T16:00:00,122.70220847751783
2021-10-22T17:00:00,137.08654718813688
2021-10-22T18:00:00,146.3168832530146
2021-10-22T19:00:00,140.74641484799594
2021-10-22T20:00:00,124.15822435461956
2021-10-22T21:00:00,93.99769923997962
2021-10-22T22:00:00,67.84840426237686
2021-10-22T23:00:00,59.90219613780145
2021-10-23T00:00:00,54.365648352581516
2021-10-23T01:00:00,50.23468598075535
2021-10-23T02:00:00,34.869053384532094
2021-10-23T03:00:00,24.993490550829016
2021-10-23T04:00:00,21.157214703767192
2021-10-23T05:00:00,19.69187437969705
2021-10-23T06:00:00,19.046828477278996
2021-10-23T07:00:00,18.50890673761782
2021-10-23T08:00:00,18.12644643368928
2021-10-23T09:00:00,18.25318610149881
2021-10-23T10:00:00,19.09255508754564
2021-10-23T11:00:00,21.711004505986747
2021-10-23T12:00:00,27.000816759855844
2021-10-23T13:00:00,35.3079137387483
2021-10-23T14:00:00,42.598094608472735
2021-10-23T15:00:00,48.962380118992016
2021-10-23T16:00:00,53.78182817542034
2021-10-23T17:00:00,55.249092433763586
2021-10-23T18:00:00,58.01392563529635
2021-10-23T19:00:00,67.73508221170177
2021-10-23T20:00:00,79.63047856869905
2021-10-23T21:00:00,89.80363895582116
2021-10-23T22:00:00,90.96185203220533
2021-10-23T23:00:00,80.9419472735861
2021-10-24T00:00:00,66.5657441512398
2021-10-24T01:00:00,53.970252659009844
2021-10-24T02:00:00,28.254498523214586
2021-10-24T03:00:00,20.213164868562117
2021-10-24T04:00:00,17.60814227228579
2021-10-24T05:00:00,17.044045158054516
2021-10-24T06:00:00,17.17555692921514
2021-10-24T07:00:00,17.481736473415207
2021-10-24T08:00:00,17.751313250997793
2021-10-24T09:00:00,18.28218874724015
2021-10-24T10:00:00,19.204390235569164
2021-10-24T11:00:00,21.644983374554176
2021-10-24T12:00:00,23.96941981108292
2021-10-24T13:00:00,29.57435027412746
2021-10-24T14:00:00,39.394135184909985
2021-10-24T15:00:00,49.50811551964801
2021-10-24T16:00:00,60.37036398182744
2021-10-24T17:00:00,73.02817104173744
2021-10-24T18:00:00,91.09827389924422
2021-10-24T19:00:00,102.63386834186056
2021-10-24T20:00:00,110.02888322913128
2021-10-24T21:00:00,114.03223518703294
2021-10-24T22:00:00,104.5482419884723
2021-10-24T23:00:00,86.82265638268511
2021-10-25T00:00:00,80.73094409445058
2021-10-25T01:00:00,69.18394602899966
2021-10-25T02:00:00,49.973734150762134
2021-10-25T03:00:00,39.72003887010657
2021-10-25T04:00:00,29.735605654509172
2021-10-25T05:00:00,23.718679511028785
2021-10-25T06:00:00,20.920209221217938
2021-10-25T07:00:00,19.520186631575875
2021-10-25T08:00:00,18.01967736949091
2021-10-25T09:00:00,17.804079387498938
2021-10-25T10:00:00,18.298695439877715
2021-10-25T11:00:00,18.9548515651537
2021-10-25T12:00:00,22.320111813752543
2021-10-25T13:00:00,30.024747765582536
2021-10-25T14:00:00,42.92486804464588
2021-10-25T15:00:00,59.05443390556003
2021-10-25T16:00:00,80.04949918000594
2021-10-25T17:00:00,104.30848561162533
2021-10-25T18:00:00,130.25968734077784
2021-10-25T19:00:00,154.63834679645038
2021-10-25T20:00:00,172.8812103271484
2021-10-25T21:00:00,186.99970742930535
2021-10-25T22:00:00,197.66886503800097
2021-10-25T23:00:00,205.62198937457538
2021-10-26T00:00:00,212.25773952318272
2021-10-26T01:00:00,198.96548727284306
2021-10-26T02:00:00,89.09018972645636
2021-10-26T03:00:00,44.408053522524625
2021-10-26T04:00:00,29.179586493450657
2021-10-26T05:00:00,22.21084180085555
2021-10-26T06:00:00,19.31895637512207
2021-10-26T07:00:00,17.878214380015493
2021-10-26T08:00:00,17.612218939739723
2021-10-26T09:00:00,18.17447007220724
2021-10-26T10:00:00,20.516733003699255
2021-10-26T11:00:00,25.31051851355511
2021-10-26T12:00:00,32.10326186470363
2021-10-26T13:00:00,44.692783853282094
2021-10-26T14:00:00,58.25277029949685
2021-10-26T15:00:00,72.61518627664317
2021-10-26T16:00:00,88.23501852284306
2021-10-26T17:00:00,104.2420249607252
2021-10-26T18:00:00,119.84049954621688
2021-10-26T19:00:00,132.4764682935632
2021-10-26T20:00:00,141.4673382302989
2021-10-26T21:00:00,148.53600410793138
2021-10-26T22:00:00,153.92994822626525
2021-10-26T23:00:00,154.78490016771397
2021-10-27T00:00:00,151.97424515433931
2021-10-27T01:00:00,127.63588150687838
2021-10-27T02:00:00,58.91067322440769
2021-10-27T03:00:00,38.14241326373556
2021-10-27T04:00:00,29.789802882982336
2021-10-27T05:00:00,24.248575376427688
2021-10-27T06:00:00,21.34310423809549
2021-10-27T07:00:00,18.951479455699086
2021-10-27T08:00:00,16.65235088182532
2021-10-27T09:00:00,16.24631122920824
2021-10-27T10:00:00,18.86049643806789
2021-10-27T11:00:00,25.350436252096426
2021-10-27T12:00:00,36.727270540983774
2021-10-27T13:00:00,53.95302764229152
2021-10-27T14:00:00,74.8780520895253
2021-10-27T15:00:00,99.12671694548233
2021-10-27T16:00:00,122.7663580853006
2021-10-27T17:00:00,143.5658552750297
2021-10-27T18:00:00,163.7096882695737
2021-10-27T19:00:00,182.6346389107082
2021-10-27T20:00:00,196.07067274010697
2021-10-27T21:00:00,202.65389085852578
2021-10-27T22:00:00,196.44208957837975
2021-10-27T23:00:00,178.8197167438009
2021-10-28T00:00:00,158.79573457137397
2021-10-28T01:00:00,117.24492180865742
2021-10-28T02:00:00,69.8639911154042
2021-10-28T03:00:00,36.68923004813816
2021-10-28T04:00:00,24.995400055595066
2021-10-28T05:00:00,21.118308025857672
2021-10-28T06:00:00,21.145710157311477
2021-10-28T07:00:00,22.028149065764055
2021-10-28T08:00:00,23.173162543255348
2021-10-28T09:00:00,25.883166437563688
2021-10-28T10:00:00,30.666016703066617
2021-10-28T11:00:00,39.91859286764394
2021-10-28T12:00:00,53.53243338543435
2021-10-28T13:00:00,69.5963257499363
2021-10-28T14:00:00,84.78964067542033
2021-10-28T15:00:00,96.16144893480381
2021-10-28T16:00:00,113.04005266272503
2021-10-28T17:00:00,132.25155473792034
2021-10-28T18:00:00,150.6218109130859
2021-10-28T19:00:00,169.0910180133322
2021-10-28T20:00:00,177.01258120329481
2021-10-28T21:00:00,167.91130132260528
2021-10-28T22:00:00,151.0044840937075
2021-10-28T23:00:00,127.66888228706691
2021-10-29T00:00:00,113.09156732973844
2021-10-29T01:00:00,104.52751723579738
2021-10-29T02:00:00,89.81463987930961
2021-10-29T03:00:00,78.53373253863789
2021-10-29T04:00:00,74.72668390688689
2021-10-29T05:00:00,72.34461145815641
2021-10-29T06:00:00,71.3557022758152
2021-10-29T07:00:00,69.33699964440385
2021-10-29T08:00:00,61.10273527062456
2021-10-29T09:00:00,57.3158133133598
2021-10-29T10:00:00,60.48099086595618
2021-10-29T11:00:00,66.8720587025518
2021-10-29T12:00:00,79.03707189145294
2021-10-29T13:00:00,96.49319192637567
2021-10-29T14:00:00,118.71581467338231
2021-10-29T15:00:00,143.15041649859882
2021-10-29T16:00:00,166.63043743631113
2021-10-29T17:00:00,188.799376114555
2021-10-29T18:00:00,211.38601220172384
2021-10-29T19:00:00,234.71743973441744
2021-10-29T20:00:00,256.8396142047384
2021-10-29T21:00:00,275.2919855532438
2021-10-29T22:00:00,291.3539070461107
2021-10-29T23:00:00,303.1326094917629
2021-10-30T00:00:00,302.06275342858356
2021-10-30T01:00:00,256.55830648671025
2021-10-30T02:00:00,74.06494074282438
2021-10-30T03:00:00,37.822041387143344
2021-10-30T04:00:00,25.868848054305367
2021-10-30T05:00:00,19.287580241327696
2021-10-30T06:00:00,17.66890828505806
2021-10-30T07:00:00,16.529922899992567
2021-10-30T08:00:00,15.962325054666268
2021-10-30T09:00:00,16.892419897991676
2021-10-30T10:00:00,18.783243013464883
2021-10-30T11:00:00,22.90584033468495
2021-10-30T12:00:00,26.70628763281781
2021-10-30T13:00:00,30.96715661753779
2021-10-30T14:00:00,32.34659551537554
2021-10-30T15:00:00,36.463345569113024
2021-10-30T16:00:00,45.61601788064708
2021-10-30T17:00:00,55.45422811093537
2021-10-30T18:00:00,62.718977389128305
2021-10-30T19:00:00,61.329286824101985
2021-10-30T20:00:00,54.270196002462626
2021-10-30T21:00:00,49.046746793000594
2021-10-30T22:00:00,48.487348307733946
2021-10-30T23:00:00,51.99517374453337
2021-10-31T00:00:00,57.16219346419624
2021-10-31T01:00:00,63.815862240998634
2021-10-31T02:00:00,48.72287086818528
2021-10-31T03:00:00,30.55991496210513
2021-10-31T04:00:00,19.59113776165506
2021-10-31T05:00:00,13.179726807967475
2021-10-31T06:00:00,12.178457218667733
2021-10-31T07:00:00,12.041728641675865
2021-10-31T08:00:00,12.472445570904274
2021-10-31T09:00:00,14.027367135752801
2021-10-31T10:00:00,17.162018651547637
2021-10-31T11:00:00,23.856802650119945
2021-10-31T12:00:00,29.171044888703715
2021-10-31T13:00:00,32.15085361314856
2021-10-31T14:00:00,36.439957328464665
2021-10-31T15:00:00,41.46950265635614
2021-10-31T16:00:00,42.58914814824643
2021-10-31T17:00:00,40.206524890402086
2021-10-31T18:00:00,38.04918969195822
2021-10-31T19:00:00,40.29559226658033
2021-10-31T20:00:00,46.049047221308165
2021-10-31T21:00:00,54.41453801030697
2021-10-31T22:00:00,62.45835312553074
2021-10-31T23:00:00,70.508242731509
2021-11-01T00:00:00,75.83651932426119
2021-11-01T01:00:00,80.07790805982505
2021-11-01T02:00:00,83.73233264425525
2021-11-01T03:00:00,82.67841206426206
2021-11-01T04:00:00,64.28728485107422
2021-11-01T05:00:00,46.46891734911048
2021-11-01T06:00:00,30.663734104322348
2021-11-01T07:00:00,20.846236104550567
2021-11-01T08:00:00,18.00645471655804
2021-11-01T09:00:00,19.252478475156035
2021-11-01T10:00:00,24.096950116364848
2021-11-01T11:00:00,33.24529780512271
2021-11-01T12:00:00,43.74222315912661
2021-11-01T13:00:00,51.169903962508485
2021-11-01T14:00:00,59.67293764197308
2021-11-01T15:00:00,72.2020028155783
2021-11-01T16:00:00,86.13886327328889
2021-11-01T17:00:00,99.28450377091116
2021-11-01T18:00:00,111.09990426768425
2021-11-01T19:00:00,116.58950009553327
2021-11-01T20:00:00,119.90575508449388
2021-11-01T21:00:00,120.8621776414954
2021-11-01T22:00:00,119.57126285718834
2021-11-01T23:00:00,117.130313044009
2021-11-02T00:00:00,114.93513389255689
2021-11-02T01:00:00,101.86023712158202
2021-11-02T02:00:00,36.922667130180024
2021-11-02T03:00:00,20.802575401637863
2021-11-02T04:00:00,17.545096438864004
2021-11-02T05:00:00,16.54043081532354
2021-11-02T06:00:00,16.646960963373598
2021-11-02T07:00:00,15.643005993055258
2021-11-02T08:00:00,16.121813276539676
2021-11-02T09:00:00,18.12548894467561
2021-11-02T10:00:00,21.699907551641047
2021-11-02T11:00:00,29.78085982281229
2021-11-02T12:00:00,40.00414160023565
2021-11-02T13:00:00,52.64158348415208
2021-11-02T14:00:00,66.69704470427139
2021-11-02T15:00:00,84.69709678318189
2021-11-02T16:00:00,105.2607604317043
2021-11-02T17:00:00,126.9703720756199
2021-11-02T18:00:00,144.67530955439028
2021-11-02T19:00:00,152.55643098250675
2021-11-02T20:00:00,155.7858362612517
2021-11-02T21:00:00,157.87771142047384
2021-11-02T22:00:00,159.5869850490404
2021-11-02T23:00:00,155.526891293733
2021-11-03T00:00:00,146.67083010466203
2021-11-03T01:00:00,127.64437070100205
2021-11-03T02:00:00,54.15430019212805
2021-11-03T03:00:00,21.61156123617421
2021-11-03T04:00:00,15.140679608220639
2021-11-03T05:00:00,13.118230073348334
2021-11-03T06:00:00,12.180253526438834
2021-11-03T07:00:00,12.925630859706713
2021-11-03T08:00:00,14.236680030822754
2021-11-03T09:00:00,15.871506151945692
2021-11-03T10:00:00,17.78792513971743
2021-11-03T11:00:00,21.27404561250106
2021-11-03T12:00:00,24.409892206606653
2021-11-03T13:00:00,30.950550079345703
2021-11-03T14:00:00,44.88980981577997
2021-11-03T15:00:00,59.62059087338654
2021-11-03T16:00:00,71.71251678466795
2021-11-03T17:00:00,78.35615075152852
2021-11-03T18:00:00,66.75554756496263
2021-11-03T19:00:00,64.52966209079908
2021-11-03T20:00:00,64.84331545622452
2021-11-03T21:00:00,65.75104622218919
2021-11-03T22:00:00,67.82614401112431
2021-11-03T23:00:00,71.54993140179178
2021-11-04T00:00:00,76.4222302644149
2021-11-04T01:00:00,65.50853629734205
2021-11-04T02:00:00,25.582732076230254
2021-11-04T03:00:00,18.64963738814644
2021-11-04T04:00:00,16.417910161225688
2021-11-04T05:00:00,16.578199179276172
2021-11-04T06:00:00,18.695982311082922
2021-11-04T07:00:00,20.590981359067168
2021-11-04T08:00:00,20.649007216743797
2021-11-04T09:00:00,20.85254835045856
2021-11-04T10:00:00,22.79773952649987
2021-11-04T11:00:00,27.8921132295028
2021-11-04T12:00:00,38.22227560955545
2021-11-04T13:00:00,51.295722795569375
2021-11-04T14:00:00,61.91908280745796
2021-11-04T15:00:00,71.28515459143597
2021-11-04T16:00:00,79.37435415516727
2021-11-04T17:00:00,84.66490505052649
2021-11-04T18:00:00,85.67368913733439
2021-11-04T19:00:00,85.30495054825492
2021-11-04T20:00:00,83.72330176311989
2021-11-04T21:00:00,82.87382540495497
2021-11-04T22:00:00,84.17072694197944
2021-11-04T23:00:00,88.49875441841456
2021-11-05T00:00:00,92.95394864289655
2021-11-05T01:00:00,81.38367030931555
2021-11-05T02:00:00,46.53520584106445
2021-11-05T03:00:00,30.300799328347907
2021-11-05T04:00:00,22.544659987739895
2021-11-05T05:00:00,19.697458184283708
2021-11-05T06:00:00,18.452007293701172
2021-11-05T07:00:00,17.498843732087504
2021-11-05T08:00:00,17.905637243519656
2021-11-05T09:00:00,19.583959413611367
2021-11-05T10:00:00,22.465379051540207
2021-11-05T11:00:00,28.320633017498512
2021-11-05T12:00:00,35.34083590300187
2021-11-05T13:00:00,41.65471416970958
2021-11-05T14:00:00,48.55218572201935
2021-11-05T15:00:00,55.010089708411165
2021-11-05T16:00:00,59.37546506135359
2021-11-05T17:00:00,62.62565579621688
2021-11-05T18:00:00,65.25643390157947
2021-11-05T19:00:00,64.98294929836108
2021-11-05T20:00:00,62.7824252584706
2021-11-05T21:00:00,59.93274290665335
2021-11-05T22:00:00,61.289907372516126
2021-11-05T23:00:00,66.32837046747622
2021-11-06T00:00:00,73.24428525178328
2021-11-06T01:00:00,81.57329194442084
2021-11-06T02:00:00,87.92866383428158
2021-11-06T03:00:00,66.86498608796492
2021-11-06T04:00:00,38.30278413192085
2021-11-06T05:00:00,28.22518788213315
2021-11-06T06:00:00,22.91344708981721
2021-11-06T07:00:00,18.585859713347062
2021-11-06T08:00:00,15.776761428169582
2021-11-06T09:00:00,14.357076810753863
2021-11-06T10:00:00,15.86080447487209
2021-11-06T11:00:00,25.3891310484513
2021-11-06T12:00:00,45.50777617744777
2021-11-06T13:00:00,65.33369910198708
2021-11-06T14:00:00,78.90660692297892
2021-11-06T15:00:00,82.11791726817255
2021-11-06T16:00:00,74.21375241486922
2021-11-06T17:00:00,60.66102732782778
2021-11-06T18:00:00,55.93620184193487
2021-11-06T19:00:00,52.87336764128311
2021-11-06T20:00:00,47.17035923833432
2021-11-06T21:00:00,41.698189279307485
2021-11-06T22:00:00,37.4446210446565
2021-11-06T23:00:00,38.46023045415463
2021-11-07T00:00:00,40.873593703560196
2021-11-07T01:00:00,39.82286983987559
2021-11-07T02:00:00,28.762539822122324
2021-11-07T03:00:00,17.4906239716903
2021-11-07T04:00:00,12.840265978937563
2021-11-07T05:00:00,10.854487211807914
2021-11-07T06:00:00,10.121963625368863
2021-11-07T07:00:00,9.620255553204078
2021-11-07T08:00:00,9.35825957422671
2021-11-07T09:00:00,9.674974192743715
2021-11-07T10:00:00,10.9750628678695
2021-11-07T11:00:00,13.631300843280295
2021-11-07T12:00:00,16.791952464891512
2021-11-07T13:00:00,17.51004227347996
2021-11-07T14:00:00,18.29108594811481
2021-11-07T15:00:00,19.82897559456203
2021-11-07T16:00:00,22.568799723749574
2021-11-07T17:00:00,21.10591175245202
2021-11-07T18:00:00,22.805390150650684
2021-11-07T19:00:00,25.110350899074387
2021-11-07T20:00:00,27.934910069341242
2021-11-07T21:00:00,29.23982951952063
2021-11-07T22:00:00,30.14132018711256
2021-11-07T23:00:00,31.885620117187496
2021-11-08T00:00:00,31.520238461701762
2021-11-08T01:00:00,30.11640830661939
2021-11-08T02:00:00,29.440028563789696
2021-11-08T03:00:00,25.071817398071286
2021-11-08T04:00:00,20.67727047464122
2021-11-08T05:00:00,19.89269331227178
2021-11-08T06:00:00,18.671213813450024
2021-11-08T07:00:00,18.61275357785432
2021-11-08T08:00:00,21.520195587821625
2021-11-08T09:00:00,27.19419189121412
2021-11-08T10:00:00,36.87633398304814
2021-11-08T11:00:00,53.7957825038744
2021-11-08T12:00:00,72.25114971658456
2021-11-08T13:00:00,86.8930796747622
2021-11-08T14:00:00,95.43322389022164
2021-11-08T15:00:00,97.41671620244564
2021-11-08T16:00:00,91.36398846170177
2021-11-08T17:00:00,81.49192843229874
2021-11-08T18:00:00,80.0895714137865
2021-11-08T19:00:00,82.78704701299252
2021-11-08T20:00:00,87.5976791381836
2021-11-08T21:00:00,92.13392207933508
2021-11-08T22:00:00,96.8210979959239
2021-11-08T23:00:00,100.15435691501781
2021-11-09T00:00:00,97.1030100946841
2021-11-09T01:00:00,84.05875463071075
2021-11-09T02:00:00,49.85121353812839
2021-11-09T03:00:00,33.40789877850076
2021-11-09T04:00:00,30.784201912257977
2021-11-09T05:00:00,33.59626255864682
2021-11-09T06:00:00,37.896723042363696
2021-11-09T07:00:00,38.270422230596125
2021-11-09T08:00:00,38.625851175059445
2021-11-09T09:00:00,39.67102830306343
2021-11-09T10:00:00,41.81122257398521
2021-11-09T11:00:00,48.97152577275815
2021-11-09T12:00:00,58.59599254442297
2021-11-09T13:00:00,70.15723021134086
2021-11-09T14:00:00,77.78422911270803
2021-11-09T15:00:00,74.85973789380945
2021-11-09T16:00:00,66.21730107846467
2021-11-09T17:00:00,62.090218585470446
2021-11-09T18:00:00,67.0110272946565
2021-11-09T19:00:00,75.76052922787873
2021-11-09T20:00:00,80.12413323443869
2021-11-09T21:00:00,84.39000270677649
2021-11-09T22:00:00,83.54729859725288
2021-11-09T23:00:00,74.98192098866338
2021-11-10T00:00:00,72.48172262440556
2021-11-10T01:00:00,67.32332810111667
2021-11-10T02:00:00,59.13784358812414
2021-11-10T03:00:00,52.05860055011251
2021-11-10T04:00:00,41.743242015009336
2021-11-10T05:00:00,39.70251547771951
2021-11-10T06:00:00,40.686405679453976
2021-11-10T07:00:00,41.911798062531844
2021-11-10T08:00:00,40.81486096589461
2021-11-10T09:00:00,40.29187575630519
2021-11-10T10:00:00,44.35790700497834
2021-11-10T11:00:00,56.634256943412446
2021-11-10T12:00:00,70.74488930080247
2021-11-10T13:00:00,80.24282671057658
2021-11-10T14:00:00,85.33582305908202
2021-11-10T15:00:00,89.51979695195736
2021-11-10T16:00:00,90.88654426906417
2021-11-10T17:00:00,95.48148379118545
2021-11-10T18:00:00,99.2115375684655
2021-11-10T19:00:00,96.87325850777003
2021-11-10T20:00:00,93.74110445768937
2021-11-10T21:00:00,90.98196676503056
2021-11-10T22:00:00,87.06107496178667
2021-11-10T23:00:00,82.05948041832966
2021-11-11T00:00:00,80.64242387854533
2021-11-11T01:00:00,82.30289625084917
2021-11-11T02:00:00,79.92338462497877
2021-11-11T03:00:00,65.19675097258194
2021-11-11T04:00:00,53.3734885506008
2021-11-11T05:00:00,42.195407204006024
2021-11-11T06:00:00,36.66159422501274
2021-11-11T07:00:00,34.9612051922342
2021-11-11T08:00:00,32.34958035012949
2021-11-11T09:00:00,35.5017497850501
2021-11-11T10:00:00,43.884095730988875
2021-11-11T11:00:00,50.95104118015455
2021-11-11T12:00:00,56.64341769011124
2021-11-11T13:00:00,61.29153558482294
2021-11-11T14:00:00,68.42141209477963
2021-11-11T15:00:00,76.61147009808083
2021-11-11T16:00:00,83.16234389595363
2021-11-11T17:00:00,85.15569338591202
2021-11-11T18:00:00,85.65488201638927
2021-11-11T19:00:00,78.15967858355978
2021-11-11T20:00:00,65.46188785718834
2021-11-11T21:00:00,57.02250986513884
2021-11-11T22:00:00,50.443797070047125
2021-11-11T23:00:00,49.53078908505647
2021-11-12T00:00:00,52.82434977655825
2021-11-12T01:00:00,59.822454867155656
2021-11-12T02:00:00,62.98721280305281
2021-11-12T03:00:00,39.838219186534054
2021-11-12T04:00:00,40.02253374846085
2021-11-12T05:00:00,39.210759536079735
2021-11-12T06:00:00,29.861007856286086
2021-11-12T07:00:00,22.649790556534477
2021-11-12T08:00:00,22.589975439983863
2021-11-12T09:00:00,26.367877296779465
2021-11-12T10:00:00,35.90899293319038
2021-11-12T11:00:00,47.11822576108185
2021-11-12T12:00:00,50.25023103796917
2021-11-12T13:00:00,46.629596378492266
2021-11-12T14:00:00,45.25653673254925
2021-11-12T15:00:00,46.74802979179049
2021-11-12T16:00:00,47.375476339588985
2021-11-12T17:00:00,48.56662070232888
2021-11-12T18:00:00,49.66600700046705
2021-11-12T19:00:00,48.91760154392408
2021-11-12T20:00:00,46.30978078427522
2021-11-12T21:00:00,44.38564400050951
2021-11-12T22:00:00,44.013034654700235
2021-11-12T23:00:00,44.1349984873896
2021-11-13T00:00:00,44.8480805106785
2021-11-13T01:00:00,46.60342755525008
2021-11-13T02:00:00,39.123535487962805
2021-11-13T03:00:00,23.00757582291313
2021-11-13T04:00:00,16.961226421853766
2021-11-13T05:00:00,15.734184596849522
2021-11-13T06:00:00,14.74871191771134
2021-11-13T07:00:00,13.972953008568803
2021-11-13T08:00:00,13.92838324671206
2021-11-13T09:00:00,14.516801212144934
2021-11-13T10:00:00,17.974831954292625
2021-11-13T11:00:00,24.34339498436969
2021-11-13T12:00:00,28.868206438810923
2021-11-13T13:00:00,31.690818040267278
2021-11-13T14:00:00,34.423677527386204
2021-11-13T15:00:00,37.045207977294915
2021-11-13T16:00:00,40.10537379720936
2021-11-13T17:00:00,44.247639697530985
2021-11-13T18:00:00,48.871165897535235
2021-11-13T19:00:00,48.77867408420728
2021-11-13T20:00:00,45.67143431953761
2021-11-13T21:00:00,44.825202776038125
2021-11-13T22:00:00,45.47076316501783
2021-11-13T23:00:00,45.601239909296446
2021-11-14T00:00:00,45.54574253248131
2021-11-14T01:00:00,46.583014115043305
2021-11-14T02:00:00,45.5686094864555
2021-11-14T03:00:00,30.516384539396864
2021-11-14T04:00:00,20.473299772843067
2021-11-14T05:00:00,16.082562073417332
2021-11-14T06:00:00,13.155697739642598
2021-11-14T07:00:00,11.693254429361094
2021-11-14T08:00:00,11.331024294314176
2021-11-14T09:00:00,11.547428753065025
2021-11-14T10:00:00,12.671506798785664
2021-11-14T11:00:00,16.966761713442594
2021-11-14T12:00:00,24.94867366293202
2021-11-14T13:00:00,31.32536141768745
2021-11-14T14:00:00,32.45512580871581
2021-11-14T15:00:00,30.718417374984075
2021-11-14T16:00:00,33.58003939752993
2021-11-14T17:00:00,39.345742101254665
2021-11-14T18:00:00,42.57878925489342
2021-11-14T19:00:00,40.52697571464207
2021-11-14T20:00:00,35.63978178604789
2021-11-14T21:00:00,33.90340307484502
2021-11-14T22:00:00,37.55529917841371
2021-11-14T23:00:00,43.17173883189325
2021-11-15T00:00:00,48.43253973255986
2021-11-15T01:00:00,50.784686710523516
2021-11-15T02:00:00,34.266660607379414
2021-11-15T03:00:00,18.560177678647246
2021-11-15T04:00:00,14.075840493907098
2021-11-15T05:00:00,12.362657256748365
2021-11-15T06:00:00,11.6838495835014
2021-11-15T07:00:00,11.945614358653192
2021-11-15T08:00:00,12.93554811892302
2021-11-15T09:00:00,13.9892811153246
2021-11-15T10:00:00,16.965633641118586
2021-11-15T11:00:00,28.563186977220614
2021-11-15T12:00:00,48.35208113297172
2021-11-15T13:00:00,59.44969193831733
2021-11-15T14:00:00,66.4124757517939
2021-11-15T15:00:00,73.9813587354577
2021-11-15T16:00:00,76.2678458172342
2021-11-15T17:00:00,66.54990171349566
2021-11-15T18:00:00,53.522910574208126
2021-11-15T19:00:00,55.91505929698114
2021-11-15T20:00:00,56.44629685775093
2021-11-15T21:00:00,55.335503122080915
2021-11-15T22:00:00,51.76296814628269
2021-11-15T23:00:00,51.45060547538425
2021-11-16T00:00:00,55.08800091950789
2021-11-16T01:00:00,56.185399760370665
2021-11-16T02:00:00,42.73926826145337
2021-11-16T03:00:00,30.095596230548356
2021-11-16T04:00:00,24.210018489671786
2021-11-16T05:00:00,22.133344733196754
2021-11-16T06:00:00,21.878138832423996
2021-11-16T07:00:00,20.954375142636504
2021-11-16T08:00:00,20.504216318545133
2021-11-16T09:00:00,23.192592786706008
2021-11-16T10:00:00,27.62216410429581
2021-11-16T11:00:00,35.259579865828805
2021-11-16T12:00:00,46.48677262015965
2021-11-16T13:00:00,57.69701501597528
2021-11-16T14:00:00,67.44591124161428
2021-11-16T15:00:00,76.38413470724355
2021-11-16T16:00:00,84.14193725585938
2021-11-16T17:00:00,89.8479478255562
2021-11-16T18:00:00,93.7941032077955
2021-11-16T19:00:00,93.73532767917797
2021-11-16T20:00:00,90.98858808434528
2021-11-16T21:00:00,87.61348658022672
2021-11-16T22:00:00,84.466808816661
2021-11-16T23:00:00,85.18490467900814
2021-11-17T00:00:00,88.66978023363195
2021-11-17T01:00:00,93.71829621688178
2021-11-17T02:00:00,63.92566581394362
2021-11-17T03:00:00,39.51725470501444
2021-11-17T04:00:00,32.37035784514053
2021-11-17T05:00:00,29.231362135513965
2021-11-17T06:00:00,26.242165192313816
2021-11-17T07:00:00,24.399475844010063
2021-11-17T08:00:00,28.176956342614215
2021-11-17T09:00:00,33.11977917215098
2021-11-17T10:00:00,42.74986150990362
2021-11-17T11:00:00,50.29656335581903
2021-11-17T12:00:00,47.380451534105376
2021-11-17T13:00:00,51.256878396739125
2021-11-17T14:00:00,49.17224004994267
2021-11-17T15:00:00,50.962867405103594
2021-11-17T16:00:00,58.772924506145976
2021-11-17T17:00:00,71.0576059092646
2021-11-17T18:00:00,82.2660731440005
2021-11-17T19:00:00,86.41804869278616
2021-11-17T20:00:00,86.02035555632217
2021-11-17T21:00:00,82.80728514298148
2021-11-17T22:00:00,75.83210887079652
2021-11-17T23:00:00,59.21261862049932
2021-11-18T00:00:00,53.086257934570305
2021-11-18T01:00:00,48.56985573146654
2021-11-18T02:00:00,37.03432630456012
2021-11-18T03:00:00,28.370261233785875
2021-11-18T04:00:00,23.259274855903953
2021-11-18T05:00:00,21.410045043281883
2021-11-18T06:00:00,20.655206597369645
2021-11-18T07:00:00,19.361250918844465
2021-11-18T08:00:00,18.088272758152176
2021-11-18T09:00:00,19.07487156080163
2021-11-18T10:00:00,22.364184172257133
2021-11-18T11:00:00,30.289055616959278
2021-11-18T12:00:00,43.97832356328549
2021-11-18T13:00:00,57.03670916349991
2021-11-18T14:00:00,66.28759500254755
2021-11-18T15:00:00,74.34852069357167
2021-11-18T16:00:00,89.47157022227411
2021-11-18T17:00:00,102.35280874501103
2021-11-18T18:00:00,110.30847068454908
2021-11-18T19:00:00,109.80272774074388
2021-11-18T20:00:00,90.47036909020466
2021-11-18T21:00:00,77.33308543329653
2021-11-18T22:00:00,75.87242823061734
2021-11-18T23:00:00,76.31355584186056
2021-11-19T00:00:00,76.28992959727411
2021-11-19T01:00:00,76.22820646866508
2021-11-19T02:00:00,55.886177560557485
2021-11-19T03:00:00,37.48046476944632
2021-11-19T04:00:00,29.490828970204227
2021-11-19T05:00:00,25.778301570726477
2021-11-19T06:00:00,23.719387469084364
2021-11-19T07:00:00,22.428620131119438
2021-11-19T08:00:00,21.408554989358652
2021-11-19T09:00:00,21.411448603091028
2021-11-19T10:00:00,23.383838487708047
2021-11-19T11:00:00,29.216003335040547
2021-11-19T12:00:00,36.25021378890328
2021-11-19T13:00:00,43.37222290039062
2021-11-19T14:00:00,54.487317126730204
2021-11-19T15:00:00,68.05756660129713
2021-11-19T16:00:00,80.53757675834322
2021-11-19T17:00:00,90.29091345745583
2021-11-19T18:00:00,94.24632893437925
2021-11-19T19:00:00,91.89299940026324
2021-11-19T20:00:00,85.86554319962211
2021-11-19T21:00:00,77.44876894743545
2021-11-19T22:00:00,70.02932175346042
2021-11-19T23:00:00,64.05966617750084
2021-11-20T00:00:00,59.07658319887907
2021-11-20T01:00:00,54.69294423642365
2021-11-20T02:00:00,34.89720900162406
2021-11-20T03:00:00,22.841122917507004
2021-11-20T04:00:00,19.036244102146313
2021-11-20T05:00:00,17.667601129283074
2021-11-20T06:00:00,16.954249340554938
2021-11-20T07:00:00,16.890644571055535
2021-11-20T08:00:00,16.73658868540888
2021-11-20T09:00:00,17.132060838782266
2021-11-20T10:00:00,18.28901896269425
2021-11-20T11:00:00,21.008419783219047
2021-11-20T12:00:00,26.76641862288765
2021-11-20T13:00:00,33.65352547687033
2021-11-20T14:00:00,39.63268014659052
2021-11-20T15:00:00,46.40108888045601
2021-11-20T16:00:00,52.96807695471722
2021-11-20T17:00:00,59.37308784153149
2021-11-20T18:00:00,65.74976514733355
2021-11-20T19:00:00,69.73254560387653
2021-11-20T20:00:00,72.1959115733271
2021-11-20T21:00:00,71.62254598866338
2021-11-20T22:00:00,73.05065022344174
2021-11-20T23:00:00,74.4202180945355
2021-11-21T00:00:00,74.00177035124405
2021-11-21T01:00:00,71.57182743238366
2021-11-21T02:00:00,45.51790038399074
2021-11-21T03:00:00,27.721877720045004
2021-11-21T04:00:00,23.735850541487977
2021-11-21T05:00:00,22.333656311035156
2021-11-21T06:00:00,21.75664603191873
2021-11-21T07:00:00,21.484719981317934
2021-11-21T08:00:00,21.65142432503078
2021-11-21T09:00:00,22.024312143740445
2021-11-21T10:00:00,22.894256923509676
2021-11-21T11:00:00,25.388647908749785
2021-11-21T12:00:00,32.835859049921446
2021-11-21T13:00:00,41.49142804353133
2021-11-21T14:00:00,49.25472873190175
2021-11-21T15:00:00,55.71883923074473
2021-11-21T16:00:00,61.09064632913339
2021-11-21T17:00:00,65.89120483398438
2021-11-21T18:00:00,70.49602475373642
2021-11-21T19:00:00,75.15644869597061
2021-11-21T20:00:00,78.46155680780825
2021-11-21T21:00:00,79.6437122510827
2021-11-21T22:00:00,79.21417369013245
2021-11-21T23:00:00,77.24784287162447
2021-11-22T00:00:00,73.88578000275984
2021-11-22T01:00:00,68.56822801672894
2021-11-22T02:00:00,35.042253245478086
2021-11-22T03:00:00,24.050734146781586
2021-11-22T04:00:00,22.2934396992559
2021-11-22T05:00:00,22.07074521935504
2021-11-22T06:00:00,22.944690455561094
2021-11-22T07:00:00,23.80381401725437
2021-11-22T08:00:00,24.180682057919707
2021-11-22T09:00:00,23.675499708756153
2021-11-22T10:00:00,23.04671353879182
2021-11-22T11:00:00,26.428711766782012
2021-11-22T12:00:00,33.04011983456819
2021-11-22T13:00:00,44.64051570063051
2021-11-22T14:00:00,58.55907025544539
2021-11-22T15:00:00,74.15816033404806
2021-11-22T16:00:00,93.24323504904041
2021-11-22T17:00:00,97.11943054199217
2021-11-22T18:00:00,84.53180396038552
2021-11-22T19:00:00,70.40009722502336
2021-11-22T20:00:00,64.63043743631113
2021-11-22T21:00:00,64.7130996040676
2021-11-22T22:00:00,66.42788165548573
2021-11-22T23:00:00,67.11005368440047
2021-11-23T00:00:00,68.54930131331733
2021-11-23T01:00:00,71.08318975697392
2021-11-23T02:00:00,63.58960242893384
2021-11-23T03:00:00,48.180477142333984
2021-11-23T04:00:00,27.974353458570395
2021-11-23T05:00:00,18.837474242500637
2021-11-23T06:00:00,16.005831635516625
2021-11-23T07:00:00,13.772122466045875
2021-11-23T08:00:00,13.346670109292733
2021-11-23T09:00:00,16.901876200800356
2021-11-23T10:00:00,26.105841097624403
2021-11-23T11:00:00,43.58039142774499
2021-11-23T12:00:00,59.007093014924415
2021-11-23T13:00:00,65.0903618854025
2021-11-23T14:00:00,66.37210165936013
2021-11-23T15:00:00,73.65286818794581
2021-11-23T16:00:00,84.27330581001613
2021-11-23T17:00:00,95.66256548010784
2021-11-23T18:00:00,106.87111929188602
2021-11-23T19:00:00,121.09659974471381
2021-11-23T20:00:00,134.35946655273438
2021-11-23T21:00:00,136.7812281069548
2021-11-23T22:00:00,133.54073963994566
2021-11-23T23:00:00,123.59867593516472
2021-11-24T00:00:00,118.8366772195567
2021-11-24T01:00:00,114.17659660007642
2021-11-24T02:00:00,69.49522698443867
2021-11-24T03:00:00,31.588785834934395
2021-11-24T04:00:00,21.094418815944504
2021-11-24T05:00:00,19.91710745769998
2021-11-24T06:00:00,19.610214565111242
2021-11-24T07:00:00,19.151492989581563
2021-11-24T08:00:00,19.94611823040506
2021-11-24T09:00:00,21.882349180138625
2021-11-24T10:00:00,27.69222715626592
2021-11-24T11:00:00,26.658212081245754
2021-11-24T12:00:00,27.38342749554178
2021-11-24T13:00:00,31.49159671949303
2021-11-24T14:00:00,34.10233563962189
2021-11-24T15:00:00,30.87445574221403
2021-11-24T16:00:00,23.965013504028317
2021-11-24T17:00:00,24.50742555701214
2021-11-24T18:00:00,29.677653602931805
2021-11-24T19:00:00,32.51059059474779
2021-11-24T20:00:00,32.911189037820556
2021-11-24T21:00:00,32.90879000788149
2021-11-24T22:00:00,33.189526682314664
2021-11-24T23:00:00,33.05540109717327
2021-11-25T00:00:00,36.15728527566661
2021-11-25T01:00:00,41.505870487378985
2021-11-25T02:00:00,44.89137765635614
2021-11-25T03:00:00,26.684329489003055
2021-11-25T04:00:00,21.08770569511082
2021-11-25T05:00:00,19.45339385322902
2021-11-25T06:00:00,18.54554673899775
2021-11-25T07:00:00,20.14678449216096
2021-11-25T08:00:00,20.99048805236816
2021-11-25T09:00:00,21.623655402142067
2021-11-25T10:00:00,23.2444488691247
2021-11-25T11:00:00,26.903579546057657
2021-11-25T12:00:00,32.66789734881857
2021-11-25T13:00:00,34.79619689609693
2021-11-25T14:00:00,44.01067551322605
2021-11-25T15:00:00,55.69644911392874
2021-11-25T16:00:00,73.92867992235267
2021-11-25T17:00:00,94.24945632271142
2021-11-25T18:00:00,102.10280542788298
2021-11-25T19:00:00,96.64309194813603
2021-11-25T20:00:00,99.29801244321075
2021-11-25T21:00:00,99.09394305685291
2021-11-25T22:00:00,95.61342471578845
2021-11-25T23:00:00,83.14664923626444
2021-11-26T00:00:00,79.49509114804474
2021-11-26T01:00:00,75.2050267095151
2021-11-26T02:00:00,35.29829116489576
2021-11-26T03:00:00,23.128780116205625
2021-11-26T04:00:00,22.08861566626507
2021-11-26T05:00:00,20.459570096886672
2021-11-26T06:00:00,19.394813620525856
2021-11-26T07:00:00,18.485303173894465
2021-11-26T08:00:00,18.38489835158638
2021-11-26T09:00:00,20.03052587094514
2021-11-26T10:00:00,22.95017499509065
2021-11-26T11:00:00,25.70570962325386
2021-11-26T12:00:00,32.096843304841414
2021-11-26T13:00:00,41.59745009049125
2021-11-26T14:00:00,55.03368858669114
2021-11-26T15:00:00,74.24471813699473
2021-11-26T16:00:00,91.58836331574813
2021-11-26T17:00:00,100.8959154875382
2021-11-26T18:00:00,101.59359973409902
2021-11-26T19:00:00,93.49084240457285
2021-11-26T20:00:00,75.9112840735394
2021-11-26T21:00:00,61.19858119798742
2021-11-26T22:00:00,54.114095273225196
2021-11-26T23:00:00,50.16137695312499
2021-11-27T00:00:00,49.24407146288001
2021-11-27T01:00:00,49.1855647045633
2021-11-27T02:00:00,42.30608019621475
2021-11-27T03:00:00,25.485327098680575
2021-11-27T04:00:00,15.508267319720723
2021-11-27T05:00:00,12.074270248413086
2021-11-27T06:00:00,11.49647463922915
2021-11-27T07:00:00,12.769275831139604
2021-11-27T08:00:00,14.187713664510973
2021-11-27T09:00:00,15.047290843466053
2021-11-27T10:00:00,16.39177500683328
2021-11-27T11:00:00,21.99563175698985
2021-11-27T12:00:00,31.1234889652418
2021-11-27T13:00:00,42.49325379081394
2021-11-27T14:00:00,56.12745500647503
2021-11-27T15:00:00,67.26605854863705
2021-11-27T16:00:00,75.13805754288383
2021-11-27T17:00:00,86.2454077679178
2021-11-27T18:00:00,97.9651233838952
2021-11-27T19:00:00,104.66203672989553
2021-11-27T20:00:00,109.92532746688178
2021-11-27T21:00:00,119.86644844386886
2021-11-27T22:00:00,132.8497904901919
2021-11-27T23:00:00,141.5584604014521
2021-11-28T00:00:00,145.5318842348845
2021-11-28T01:00:00,149.61227947732672
2021-11-28T02:00:00,118.77061230203378
2021-11-28T03:00:00,57.95194343898607
2021-11-28T04:00:00,35.602515179177985
2021-11-28T05:00:00,25.83807174019191
2021-11-28T06:00:00,22.620994982512098
2021-11-28T07:00:00,22.092906703119688
2021-11-28T08:00:00,22.853552279265028
2021-11-28T09:00:00,24.360779969588567
2021-11-28T10:00:00,27.3096806070079
2021-11-28T11:00:00,28.957804306693696
2021-11-28T12:00:00,33.65656819550887
2021-11-28T13:00:00,43.453108911928915
2021-11-28T14:00:00,57.62682873269786
2021-11-28T15:00:00,75.25668583745541
2021-11-28T16:00:00,92.19309135105297
2021-11-28T17:00:00,108.20975494384766
2021-11-28T18:00:00,123.79977450163466
2021-11-28T19:00:00,140.40326259447178
2021-11-28T20:00:00,158.54236967667288
2021-11-28T21:00:00,181.49591329823366
2021-11-28T22:00:00,205.62898121709406
2021-11-28T23:00:00,230.22850766389263
2021-11-29T00:00:00,253.45023246433425
2021-11-29T01:00:00,248.0106446639351
2021-11-29T02:00:00,120.33738940695055
2021-11-29T03:00:00,58.48036127505094
2021-11-29T04:00:00,38.451471162878946
2021-11-29T05:00:00,31.416925596154254
2021-11-29T06:00:00,28.17030803016994
2021-11-29T07:00:00,28.036604259325106
2021-11-29T08:00:00,30.251725404158883
2021-11-29T09:00:00,33.232434148373805
2021-11-29T10:00:00,35.996799551922344
2021-11-29T11:00:00,41.01176668250042
2021-11-29T12:00:00,47.75246437736179
2021-11-29T13:00:00,57.6869712497877
2021-11-29T14:00:00,68.70575647768766
2021-11-29T15:00:00,81.52231481800906
2021-11-29T16:00:00,97.99055215586786
2021-11-29T17:00:00,117.3493655660878
2021-11-29T18:00:00,138.28247402025303
2021-11-29T19:00:00,158.3417557426121
2021-11-29T20:00:00,176.98627969493037
2021-11-29T21:00:00,194.56010835067082
2021-11-29T22:00:00,209.30641572371772
2021-11-29T23:00:00,218.012638921323
2021-11-30T00:00:00,220.14354009213653
2021-11-30T01:00:00,220.23119851817253
2021-11-30T02:00:00,122.7260868238366
2021-11-30T03:00:00,56.58558754298997
2021-11-30T04:00:00,35.754583441692844
2021-11-30T05:00:00,26.545527416726813
2021-11-30T06:00:00,20.76564954674762
2021-11-30T07:00:00,16.539906792018723
2021-11-30T08:00:00,14.218179536902385
2021-11-30T09:00:00,13.590125871741252
2021-11-30T10:00:00,14.50959006599758
2021-11-30T11:00:00,16.428332992221996
2021-11-30T12:00:00,21.890808105468746
2021-11-30T13:00:00,30.638209052707836
2021-11-30T14:00:00,37.155587901239805
2021-11-30T15:00:00,41.6640746075174
2021-11-30T16:00:00,49.073953213899024
2021-11-30T17:00:00,52.95278963835343
2021-11-30T18:00:00,56.053110537321665
2021-11-30T19:00:00,54.274826879086696
2021-11-30T20:00:00,49.503601571787954
2021-11-30T21:00:00,45.658679049947985
2021-11-30T22:00:00,50.43847838692042
2021-11-30T23:00:00,52.73452360733695
2021-12-01T00:00:00,58.18288554315981
2021-12-01T01:00:00,60.335542264192
2021-12-01T02:00:00,36.31251451243524
2021-12-01T03:00:00,19.92629822440769
2021-12-01T04:00:00,14.750022680863088
2021-12-01T05:00:00,12.732342802959938
2021-12-01T06:00:00,11.834641622460406
2021-12-01T07:00:00,11.418448987214461
2021-12-01T08:00:00,11.500191605609395
2021-12-01T09:00:00,12.118344928907309
2021-12-01T10:00:00,13.283525010813836
2021-12-01T11:00:00,14.125704350678815
2021-12-01T12:00:00,16.220852354298465
2021-12-01T13:00:00,21.78593345310377
2021-12-01T14:00:00,25.1389163473378
2021-12-01T15:00:00,36.5370572960895
2021-12-01T16:00:00,36.29972831062648
2021-12-01T17:00:00,42.88057907767917
2021-12-01T18:00:00,59.51304145481274
2021-12-01T19:00:00,75.53525874925695
2021-12-01T20:00:00,89.77995864204738
2021-12-01T21:00:00,100.10744177776834
2021-12-01T22:00:00,101.5057907104492
2021-12-01T23:00:00,110.89236217996347
2021-12-02T00:00:00,121.93778859014094
2021-12-02T01:00:00,128.0614136405613
2021-12-02T02:00:00,77.5551591956097
2021-12-02T03:00:00,52.35206819617229
2021-12-02T04:00:00,41.03930249421492
2021-12-02T05:00:00,34.28314847531526
2021-12-02T06:00:00,29.255840633226473
2021-12-02T07:00:00,25.571770128996473
2021-12-02T08:00:00,23.279339665951934
2021-12-02T09:00:00,22.076501099959664
2021-12-02T10:00:00,21.60096906579059
2021-12-02T11:00:00,20.64283686098845
2021-12-02T12:00:00,20.40750785495924
2021-12-02T13:00:00,22.968651066655696
2021-12-02T14:00:00,27.453640564628266
2021-12-02T15:00:00,36.55774705306343
2021-12-02T16:00:00,47.486701965332024
2021-12-02T17:00:00,57.3560094418733
2021-12-02T18:00:00,65.35038823666778
2021-12-02T19:00:00,73.49696714981742
2021-12-02T20:00:00,84.86139678955078
2021-12-02T21:00:00,98.50428042204483
2021-12-02T22:00:00,111.00002056619394
2021-12-02T23:00:00,122.54402525528616
2021-12-03T00:00:00,130.3010741524074
2021-12-03T01:00:00,128.4534573762313
2021-12-03T02:00:00,66.16290117346722
2021-12-03T03:00:00,34.141034333602235
2021-12-03T04:00:00,27.208011627197266
2021-12-03T05:00:00,25.78171224179475
2021-12-03T06:00:00,25.45784925377887
2021-12-03T07:00:00,25.649509264075235
2021-12-03T08:00:00,26.20171953284222
2021-12-03T09:00:00,27.145728816156797
2021-12-03T10:00:00,27.7209879833719
2021-12-03T11:00:00,28.237013858297594
2021-12-03T12:00:00,29.328329418016512
2021-12-03T13:00:00,31.62680949335513
2021-12-03T14:00:00,34.79245210730511
2021-12-03T15:00:00,43.0024593187415
2021-12-03T16:00:00,58.93612803583559
2021-12-03T17:00:00,75.85940021017323
2021-12-03T18:00:00,92.36456796397331
2021-12-03T19:00:00,106.42333586319631
2021-12-03T20:00:00,122.49782827626102
2021-12-03T21:00:00,142.9550748078719
2021-12-03T22:00:00,159.98905679453972
2021-12-03T23:00:00,175.91316820227578
2021-12-04T00:00:00,195.54337410304854
2021-12-04T01:00:00,209.86935424804685
2021-12-04T02:00:00,175.18434275751528
2021-12-04T03:00:00,59.87659852401069
2021-12-04T04:00:00,41.59929872595745
2021-12-04T05:00:00,37.41836647365404
2021-12-04T06:00:00,35.30209085215692
2021-12-04T07:00:00,34.46620244565217
2021-12-04T08:00:00,34.45485604327657
2021-12-04T09:00:00,34.95699741529381
2021-12-04T10:00:00,36.45203698199728
2021-12-04T11:00:00,37.600599537725024
2021-12-04T12:00:00,40.796901371168055
2021-12-04T13:00:00,45.29748385885487
2021-12-04T14:00:00,51.5546238111413
2021-12-04T15:00:00,59.901309303615406
2021-12-04T16:00:00,73.86442565917967
2021-12-04T17:00:00,92.79207975968069
2021-12-04T18:00:00,113.27105779233185
2021-12-04T19:00:00,133.31068818465522
2021-12-04T20:00:00,156.10886615255603
2021-12-04T21:00:00,180.64926810886547
2021-12-04T22:00:00,199.7349634585173
2021-12-04T23:00:00,214.3081817626953
2021-12-05T00:00:00,226.06501770019526
2021-12-05T01:00:00,209.72247579823366
2021-12-05T02:00:00,93.75516310982081
2021-12-05T03:00:00,66.060744907545
2021-12-05T04:00:00,52.44376904031504
2021-12-05T05:00:00,44.29430737702742
2021-12-05T06:00:00,39.33716102268384
2021-12-05T07:00:00,35.884012802787446
2021-12-05T08:00:00,33.397934125817336
2021-12-05T09:00:00,31.788992176885188
2021-12-05T10:00:00,31.122077444325317
2021-12-05T11:00:00,30.89816350522248
2021-12-05T12:00:00,31.661680304485817
2021-12-05T13:00:00,33.85048576023267
2021-12-05T14:00:00,36.46867138406505
2021-12-05T15:00:00,40.87239290320355
2021-12-05T16:00:00,47.09959710162618
2021-12-05T17:00:00,55.313179679538884
2021-12-05T18:00:00,63.55889096467391
2021-12-05T19:00:00,74.06708858324134
2021-12-05T20:00:00,80.22714896824048
2021-12-05T21:00:00,71.95378892318061
2021-12-05T22:00:00,71.09540275905442
2021-12-05T23:00:00,69.02104684580927
2021-12-06T00:00:00,65.7206329677416
2021-12-06T01:00:00,63.106056047522486
2021-12-06T02:00:00,42.72472928917926
2021-12-06T03:00:00,29.192907084589415
2021-12-06T04:00:00,22.468297792517617
2021-12-06T05:00:00,18.884623361670453
2021-12-06T06:00:00,16.850964048634403
2021-12-06T07:00:00,15.658803898355233
2021-12-06T08:00:00,15.110986875451125
2021-12-06T09:00:00,15.267248236614723
2021-12-06T10:00:00,16.303298950195312
2021-12-06T11:00:00,17.055450812630028
2021-12-06T12:00:00,18.5648194603298
2021-12-06T13:00:00,23.225802545962125
2021-12-06T14:00:00,30.508566068566363
2021-12-06T15:00:00,31.7908822764521
2021-12-06T16:00:00,41.94010809193486
2021-12-06T17:00:00,52.99179342518681
2021-12-06T18:00:00,61.813462962274954
2021-12-06T19:00:00,67.38490942250128
2021-12-06T20:00:00,69.94047844928242
2021-12-06T21:00:00,71.58275090093197
2021-12-06T22:00:00,71.41220723027769
2021-12-06T23:00:00,70.07238620260486
2021-12-07T00:00:00,66.78286842677903
2021-12-07T01:00:00,62.19827071480128
2021-12-07T02:00:00,47.584716631018594
2021-12-07T03:00:00,26.165243148803707
2021-12-07T04:00:00,19.03266786492389
2021-12-07T05:00:00,16.064600903054938
2021-12-07T06:00:00,14.722918012867803
2021-12-07T07:00:00,14.091376221698262
2021-12-07T08:00:00,13.785921511442764
2021-12-07T09:00:00,13.718016292737877
2021-12-07T10:00:00,13.966137139693549
2021-12-07T11:00:00,15.623214016789973
2021-12-07T12:00:00,22.961474377176035
2021-12-07T13:00:00,31.81066164763077
2021-12-07T14:00:00,39.534179521643594
2021-12-07T15:00:00,46.261261649753735
2021-12-07T16:00:00,47.88616628232209
2021-12-07T17:00:00,49.24320502903149
2021-12-07T18:00:00,49.20438584037448
2021-12-07T19:00:00,49.23981741200322
2021-12-07T20:00:00,49.91604597672171
2021-12-07T21:00:00,50.21477458788
2021-12-07T22:00:00,52.20989675107209
2021-12-07T23:00:00,54.53959539662236
2021-12-08T00:00:00,55.687376436979875
2021-12-08T01:00:00,55.401350436003305
2021-12-08T02:00:00,28.41401506506878
2021-12-08T03:00:00,14.836833870929219
2021-12-08T04:00:00,11.08437272776728
2021-12-08T05:00:00,9.69447137998498
2021-12-08T06:00:00,9.286411513452943
2021-12-08T07:00:00,9.186982196310291
2021-12-08T08:00:00,8.990717162256654
2021-12-08T09:00:00,9.48381826151972
2021-12-08T10:00:00,12.07808374321979
2021-12-08T11:00:00,17.784043353536855
2021-12-08T12:00:00,34.50594943502675
2021-12-08T13:00:00,49.654344641644016
2021-12-08T14:00:00,60.99634684687076
2021-12-08T15:00:00,69.33634119448455
2021-12-08T16:00:00,76.77175704292628
2021-12-08T17:00:00,89.39136803668478
2021-12-08T18:00:00,94.70054792321245
2021-12-08T19:00:00,89.17046721085256
2021-12-08T20:00:00,67.5280126488727
2021-12-08T21:00:00,52.18878472369649
2021-12-08T22:00:00,48.701780236285664
2021-12-08T23:00:00,45.923870086669915
2021-12-09T00:00:00,36.02763698412024
2021-12-09T01:00:00,31.68475922294285
2021-12-09T02:00:00,24.08746404233186
2021-12-09T03:00:00,17.671657189078953
2021-12-09T04:00:00,13.625721807065217
2021-12-09T05:00:00,11.60950996564782
2021-12-09T06:00:00,10.809421331986137
2021-12-09T07:00:00,10.72226739966351
2021-12-09T08:00:00,10.780216673146121
2021-12-09T09:00:00,11.068938545558762
2021-12-09T10:00:00,11.752189138661258
2021-12-09T11:00:00,13.613344938858695
2021-12-09T12:00:00,20.37442588806152
2021-12-09T13:00:00,28.698746971462082
2021-12-09T14:00:00,36.24179176662279
2021-12-09T15:00:00,42.161600029986836
2021-12-09T16:00:00,45.76782110463017
2021-12-09T17:00:00,52.23690613456394
2021-12-09T18:00:00,59.6807103364364
2021-12-09T19:00:00,58.90159142535665
2021-12-09T20:00:00,57.37678444903829
2021-12-09T21:00:00,54.408615941586696
2021-12-09T22:00:00,50.19115613854449
2021-12-09T23:00:00,45.098134248153016
2021-12-10T00:00:00,39.683020716128134
2021-12-10T01:00:00,37.11205722974694
2021-12-10T02:00:00,21.576230919879414
2021-12-10T03:00:00,13.454153143841285
2021-12-10T04:00:00,11.343865809233291
2021-12-10T05:00:00,10.129057137862496
2021-12-10T06:00:00,9.102547521176545
2021-12-10T07:00:00,8.556809508282203
2021-12-10T08:00:00,8.484181922415027
2021-12-10T09:00:00,8.787948421809983
2021-12-10T10:00:00,9.695327012435248
2021-12-10T11:00:00,12.4943092594976
2021-12-10T12:00:00,18.367186339005176
2021-12-10T13:00:00,20.545107219530184
2021-12-10T14:00:00,21.803874803626016
2021-12-10T15:00:00,25.02067482989767
2021-12-10T16:00:00,31.260318341462504
2021-12-10T17:00:00,36.15926875238833
2021-12-10T18:00:00,38.176294077997625
2021-12-10T19:00:00,37.30617954420007
2021-12-10T20:00:00,35.57411790930706
2021-12-10T21:00:00,34.45397667262865
2021-12-10T22:00:00,34.110020015550695
2021-12-10T23:00:00,33.36204064410665
2021-12-11T00:00:00,32.971439527428664
2021-12-11T01:00:00,32.56886888586957
2021-12-11T02:00:00,24.672701960024625
2021-12-11T03:00:00,18.62443169303562
2021-12-11T04:00:00,16.234518382860266
2021-12-11T05:00:00,15.077178830685822
2021-12-11T06:00:00,14.59582884415336
2021-12-11T07:00:00,14.473708940588908
2021-12-11T08:00:00,14.244333847709322
2021-12-11T09:00:00,14.630587702212125
2021-12-11T10:00:00,15.71596800762674
2021-12-11T11:00:00,18.832233346026875
2021-12-11T12:00:00,24.009294095246684
2021-12-11T13:00:00,27.428886828215223
2021-12-11T14:00:00,29.19189196047575
2021-12-11T15:00:00,29.97280303291652
2021-12-11T16:00:00,31.0886697354524
2021-12-11T17:00:00,33.30324637371561
2021-12-11T18:00:00,35.92983710247537
2021-12-11T19:00:00,36.567635577657946
2021-12-11T20:00:00,36.63272592295771
2021-12-11T21:00:00,36.30380331951638
2021-12-11T22:00:00,36.069223818571665
2021-12-11T23:00:00,36.077208145805024
2021-12-12T00:00:00,36.201946092688516
2021-12-12T01:00:00,36.554262244183086
2021-12-12T02:00:00,23.24977708899456
2021-12-12T03:00:00,14.379852543706479
2021-12-12T04:00:00,11.20927802376125
2021-12-12T05:00:00,9.809649135755455
2021-12-12T06:00:00,9.231579531794008
2021-12-12T07:00:00,8.75452487365059
2021-12-12T08:00:00,8.536917375481647
2021-12-12T09:00:00,10.173203509786854
2021-12-12T10:00:00,12.66485093987506
2021-12-12T11:00:00,16.618100580961805
2021-12-12T12:00:00,21.496926349142324
2021-12-12T13:00:00,24.263825872670047
2021-12-12T14:00:00,24.080701164577317
2021-12-12T15:00:00,25.20725756106169
2021-12-12T16:00:00,28.189646596493926
2021-12-12T17:00:00,31.998016606206473
2021-12-12T18:00:00,34.32959332673446
2021-12-12T19:00:00,35.02817900284476
2021-12-12T20:00:00,34.84736119145932
2021-12-12T21:00:00,33.84384263080099
2021-12-12T22:00:00,33.45782462410305
2021-12-12T23:00:00,33.42356648652449
2021-12-13T00:00:00,34.163307189941406
2021-12-13T01:00:00,35.005011848781415
2021-12-13T02:00:00,26.73801496754522
2021-12-13T03:00:00,15.618641687476115
2021-12-13T04:00:00,12.544800841290016
2021-12-13T05:00:00,11.050126656242037
2021-12-13T06:00:00,10.568846785503883
2021-12-13T07:00:00,10.049578086189602
2021-12-13T08:00:00,9.466663982557213
2021-12-13T09:00:00,10.02892718107804
2021-12-13T10:00:00,12.142018401104469
2021-12-13T11:00:00,17.026294708251953
2021-12-13T12:00:00,24.499317915543262
2021-12-13T13:00:00,27.853660417639688
2021-12-13T14:00:00,28.3836554651675
2021-12-13T15:00:00,28.82530975341797
2021-12-13T16:00:00,30.27656074192213
2021-12-13T17:00:00,33.20606762429942
2021-12-13T18:00:00,36.28462783150051
2021-12-13T19:00:00,36.18974287613578
2021-12-13T20:00:00,34.495816272238024
2021-12-13T21:00:00,31.954024770985473
2021-12-13T22:00:00,29.873915796694543
2021-12-13T23:00:00,29.559133363806684
2021-12-14T00:00:00,30.422846752664316
2021-12-14T01:00:00,31.077916103860602
2021-12-14T02:00:00,26.323734532231867
2021-12-14T03:00:00,15.870867480402406
2021-12-14T04:00:00,11.99457550048828
2021-12-14T05:00:00,10.39432621002197
2021-12-14T06:00:00,10.315550638281781
2021-12-14T07:00:00,11.22659276879352
2021-12-14T08:00:00,11.608455948207688
2021-12-14T09:00:00,12.668455082437266
2021-12-14T10:00:00,15.68783204451851
2021-12-14T11:00:00,22.148231589275856
2021-12-14T12:00:00,30.242830359417457
2021-12-14T13:00:00,33.071259705916695
2021-12-14T14:00:00,30.55958391272503
2021-12-14T15:00:00,33.292999267578125
2021-12-14T16:00:00,38.66997611004373
2021-12-14T17:00:00,43.935163912565805
2021-12-14T18:00:00,43.99345995032269
2021-12-14T19:00:00,44.059414905050524
2021-12-14T20:00:00,46.71393601790717
2021-12-14T21:00:00,52.37310243689495
2021-12-14T22:00:00,57.83941666976265
2021-12-14T23:00:00,58.68284192292586
2021-12-15T00:00:00,56.05235854439113
2021-12-15T01:00:00,53.298781187637985
2021-12-15T02:00:00,50.05774075052012
2021-12-15T03:00:00,41.47780559373938
2021-12-15T04:00:00,25.198045979375422
2021-12-15T05:00:00,16.84116873533829
2021-12-15T06:00:00,13.288032863451084
2021-12-15T07:00:00,11.579258545585299
2021-12-15T08:00:00,11.269825023153551
2021-12-15T09:00:00,11.788784814917522
2021-12-15T10:00:00,12.924833380657692
2021-12-15T11:00:00,16.111887102541715
2021-12-15T12:00:00,20.4728889465332
2021-12-15T13:00:00,25.65356047257133
2021-12-15T14:00:00,31.07833945232888
2021-12-15T15:00:00,34.880935668945305
2021-12-15T16:00:00,39.40504886793053
2021-12-15T17:00:00,47.9165911467179
2021-12-15T18:00:00,54.5423935599949
2021-12-15T19:00:00,56.018685382345446
2021-12-15T20:00:00,55.863565030305274
2021-12-15T21:00:00,54.74520923780358
2021-12-15T22:00:00,53.569365957508914
2021-12-15T23:00:00,53.358560645061985
2021-12-16T00:00:00,54.348488683285915
2021-12-16T01:00:00,54.80133305425228
2021-12-16T02:00:00,31.69267637833304
2021-12-16T03:00:00,17.505924058997113
2021-12-16T04:00:00,13.202201843261717
2021-12-16T05:00:00,11.158515681391176
2021-12-16T06:00:00,9.686577174974524
2021-12-16T07:00:00,8.673913312994914
2021-12-16T08:00:00,8.01586165635482
2021-12-16T09:00:00,8.223935313846754
2021-12-16T10:00:00,10.515398481617803
2021-12-16T11:00:00,15.892421929732613
2021-12-16T12:00:00,23.56774678437606
2021-12-16T13:00:00,25.603684715602707
2021-12-16T14:00:00,25.859717161759082
2021-12-16T15:00:00,24.158639576124106
2021-12-16T16:00:00,23.537070896314535
2021-12-16T17:00:00,26.82617154328719
2021-12-16T18:00:00,30.064257497372832
2021-12-16T19:00:00,35.363323045813516
2021-12-16T20:00:00,41.13144451638926
2021-12-16T21:00:00,44.31982819930367
2021-12-16T22:00:00,45.38239669799804
2021-12-16T23:00:00,43.52834353239639
2021-12-17T00:00:00,42.45090103149414
2021-12-17T01:00:00,41.42704341722571
2021-12-17T02:00:00,22.801942908245582
2021-12-17T03:00:00,14.085809956426203
2021-12-17T04:00:00,11.09960535298223
2021-12-17T05:00:00,10.118285966956096
2021-12-17T06:00:00,9.787535750347635
2021-12-17T07:00:00,10.248178647912066
2021-12-17T08:00:00,11.460082800491996
2021-12-17T09:00:00,12.862841067106826
2021-12-17T10:00:00,14.718863196994945
2021-12-17T11:00:00,19.8301189256751
2021-12-17T12:00:00,26.41512746396272
2021-12-17T13:00:00,30.28981507342795
2021-12-17T14:00:00,30.99889647442361
2021-12-17T15:00:00,26.01661101631496
2021-12-17T16:00:00,22.613772765449855
2021-12-17T17:00:00,23.35681915283203
2021-12-17T18:00:00,25.740228321241293
2021-12-17T19:00:00,24.773070459780484
2021-12-17T20:00:00,24.972953879314915
2021-12-17T21:00:00,26.904757126517914
2021-12-17T22:00:00,29.380434036254883
2021-12-17T23:00:00,32.5295822309411
2021-12-18T00:00:00,35.70880931356678
2021-12-18T01:00:00,35.397679204526156
2021-12-18T02:00:00,19.344611955725625
2021-12-18T03:00:00,15.561186002648395
2021-12-18T04:00:00,13.593789307967475
2021-12-18T05:00:00,12.378524282704227
2021-12-18T06:00:00,11.408303551051928
2021-12-18T07:00:00,10.983831903208856
2021-12-18T08:00:00,11.720453428185504
2021-12-18T09:00:00,14.606518786886463
2021-12-18T10:00:00,21.816154562908668
2021-12-18T11:00:00,34.96584162504776
2021-12-18T12:00:00,47.57872838559357
2021-12-18T13:00:00,52.542868406876266
2021-12-18T14:00:00,55.74065067457116
2021-12-18T15:00:00,59.95516785331394
2021-12-18T16:00:00,64.24936957981275
2021-12-18T17:00:00,66.63675673111625
2021-12-18T18:00:00,67.65505052649456
2021-12-18T19:00:00,69.25287661345108
2021-12-18T20:00:00,69.43847291365913
2021-12-18T21:00:00,71.83993961500084
2021-12-18T22:00:00,76.54260054878566
2021-12-18T23:00:00,81.32182146155316
2021-12-19T00:00:00,86.38964313009511
2021-12-19T01:00:00,91.33484019403872
2021-12-19T02:00:00,76.9989952419115
2021-12-19T03:00:00,59.73725095002547
2021-12-19T04:00:00,43.33567859815514
2021-12-19T05:00:00,33.531801306683086
2021-12-19T06:00:00,29.2073451332424
2021-12-19T07:00:00,27.317536063816235
2021-12-19T08:00:00,27.428849344668176
2021-12-19T09:00:00,27.70130887238875
2021-12-19T10:00:00,30.43741093511166
2021-12-19T11:00:00,38.72929962821628
2021-12-19T12:00:00,46.02307278177012
2021-12-19T13:00:00,47.35001423047936
2021-12-19T14:00:00,47.37648142939028
2021-12-19T15:00:00,48.65434215379798
2021-12-19T16:00:00,53.75539049894913
2021-12-19T17:00:00,60.13949120563009
2021-12-19T18:00:00,66.37557485829228
2021-12-19T19:00:00,73.67279915187669
2021-12-19T20:00:00,81.08462690270466
2021-12-19T21:00:00,80.82582490340523
2021-12-19T22:00:00,74.28052587094513
2021-12-19T23:00:00,68.17727528447689
2021-12-20T00:00:00,67.69602369225542
2021-12-20T01:00:00,68.00335726530655
2021-12-20T02:00:00,38.22957727183466
2021-12-20T03:00:00,21.6349575208581
2021-12-20T04:00:00,16.675887149313223
2021-12-20T05:00:00,13.959098567133365
2021-12-20T06:00:00,11.926798239998194
2021-12-20T07:00:00,10.616656054621156
2021-12-20T08:00:00,9.99027923915697
2021-12-20T09:00:00,9.965549634850543
2021-12-20T10:00:00,10.557229788407035
2021-12-20T11:00:00,13.282602807749871
2021-12-20T12:00:00,18.842587429544196
2021-12-20T13:00:00,23.78261740311332
2021-12-20T14:00:00,22.53553830022397
2021-12-20T15:00:00,21.74176945893661
2021-12-20T16:00:00,22.297580801922336
2021-12-20T17:00:00,25.633272834446117
2021-12-20T18:00:00,30.601404272991672
2021-12-20T19:00:00,34.52291969631029
2021-12-20T20:00:00,38.4664076100225
2021-12-20T21:00:00,44.275151460067086
2021-12-20T22:00:00,51.536686109459914
2021-12-20T23:00:00,55.20640033224355
2021-12-21T00:00:00,58.34525166387143
2021-12-21T01:00:00,59.41542185907778
2021-12-21T02:00:00,29.85612711699112
2021-12-21T03:00:00,17.074441868325934
2021-12-21T04:00:00,13.748794680056363
2021-12-21T05:00:00,11.938600664553434
2021-12-21T06:00:00,10.62918940834377
2021-12-21T07:00:00,9.912583807240361
2021-12-21T08:00:00,9.865897385970404
2021-12-21T09:00:00,10.23529753477677
2021-12-21T10:00:00,11.200177482936692
2021-12-21T11:00:00,13.625182193258533
2021-12-21T12:00:00,19.935860011888582
2021-12-21T13:00:00,31.212430124697473
2021-12-21T14:00:00,39.450442604396656
2021-12-21T15:00:00,46.24823280002759
2021-12-21T16:00:00,55.35649987925654
2021-12-21T17:00:00,64.26436283277428
2021-12-21T18:00:00,73.94968580163042
2021-12-21T19:00:00,80.87771871815555
2021-12-21T20:00:00,85.11829110850456
2021-12-21T21:00:00,87.8576378200365
2021-12-21T22:00:00,89.72216763703719
2021-12-21T23:00:00,91.60629007090692
2021-12-22T00:00:00,94.59325375764266
2021-12-22T01:00:00,95.85856893788213
2021-12-22T02:00:00,52.925669628640875
2021-12-22T03:00:00,29.645161421402634
2021-12-22T04:00:00,21.433737215788465
2021-12-22T05:00:00,18.13431922249172
2021-12-22T06:00:00,16.679850163667098
2021-12-22T07:00:00,15.814594849296238
2021-12-22T08:00:00,15.294742915941319
2021-12-22T09:00:00,15.027378248131791
2021-12-22T10:00:00,16.099187643631645
2021-12-22T11:00:00,21.656576654185415
2021-12-22T12:00:00,29.681834179422122
2021-12-22T13:00:00,35.62889862060546
2021-12-22T14:00:00,40.53171589063562
2021-12-22T15:00:00,48.17418123328167
2021-12-22T16:00:00,58.599622809368626
2021-12-22T17:00:00,68.73059546429177
2021-12-22T18:00:00,80.57585807468578
2021-12-22T19:00:00,90.05751402481742
2021-12-22T20:00:00,96.30716871178667
2021-12-22T21:00:00,101.01505909795345
2021-12-22T22:00:00,104.61561120074727
2021-12-22T23:00:00,107.32104923414147
2021-12-23T00:00:00,109.47934955099353
2021-12-23T01:00:00,105.6107532667077
2021-12-23T02:00:00,62.019847538160235
2021-12-23T03:00:00,40.79989988907523
2021-12-23T04:00:00,31.21504908022673
2021-12-23T05:00:00,26.35972495701002
2021-12-23T06:00:00,23.941149255503777
2021-12-23T07:00:00,22.216206757918645
2021-12-23T08:00:00,22.338570138682485
2021-12-23T09:00:00,22.337531545887824
2021-12-23T10:00:00,23.24907244806704
2021-12-23T11:00:00,28.594898887302563
2021-12-23T12:00:00,37.38507163006325
2021-12-23T13:00:00,50.27081282242484
2021-12-23T14:00:00,62.10129945174507
2021-12-23T15:00:00,70.9679310010827
2021-12-23T16:00:00,73.74115023405656
2021-12-23T17:00:00,75.56626062807828
2021-12-23T18:00:00,76.24420199186903
2021-12-23T19:00:00,75.18801780368972
2021-12-23T20:00:00,76.44613282576852
2021-12-23T21:00:00,78.9890438577403
2021-12-23T22:00:00,81.17139501157014
2021-12-23T23:00:00,81.98148777173913
2021-12-24T00:00:00,81.55335301938263
2021-12-24T01:00:00,78.18421504808508
2021-12-24T02:00:00,52.14530712625254
2021-12-24T03:00:00,39.1238897572393
2021-12-24T04:00:00,32.11658436319102
2021-12-24T05:00:00,28.148391806561012
2021-12-24T06:00:00,26.02461831466011
2021-12-24T07:00:00,24.787082008693528
2021-12-24T08:00:00,24.30645013892132
2021-12-24T09:00:00,24.449717811916184
2021-12-24T10:00:00,25.415260480797805
2021-12-24T11:00:00,28.29241719453231
2021-12-24T12:00:00,36.423646678095274
2021-12-24T13:00:00,44.53262843256411
2021-12-24T14:00:00,50.39205899445907
2021-12-24T15:00:00,54.28786601190981
2021-12-24T16:00:00,56.85526043435801
2021-12-24T17:00:00,59.37776466037916
2021-12-24T18:00:00,61.552143594493025
2021-12-24T19:00:00,61.67135785973589
2021-12-24T20:00:00,61.05991164497707
2021-12-24T21:00:00,60.92323203708814
2021-12-24T22:00:00,61.026900913404376
2021-12-24T23:00:00,61.77846825641133
2021-12-25T00:00:00,63.04061773548955
2021-12-25T01:00:00,63.61752833490785
2021-12-25T02:00:00,44.56674310435418
2021-12-25T03:00:00,32.661383753237516
2021-12-25T04:00:00,29.448500260062836
2021-12-25T05:00:00,27.671192915543262
2021-12-25T06:00:00,26.233506658802863
2021-12-25T07:00:00,25.257842354152512
2021-12-25T08:00:00,24.55705543186353
2021-12-25T09:00:00,24.384784532629922
2021-12-25T10:00:00,25.001046636830203
2021-12-25T11:00:00,26.900272203528363
2021-12-25T12:00:00,31.58267601676609
2021-12-25T13:00:00,36.495555048403524
2021-12-25T14:00:00,40.936859628428586
2021-12-25T15:00:00,46.60616451760996
2021-12-25T16:00:00,52.4415114029594
2021-12-25T17:00:00,58.89929199218749
2021-12-25T18:00:00,64.44303462816322
2021-12-25T19:00:00,68.05477938444719
2021-12-25T20:00:00,70.16218301524286
2021-12-25T21:00:00,70.9828872680664
2021-12-25T22:00:00,70.92732371454652
2021-12-25T23:00:00,70.22637276027513
2021-12-26T00:00:00,69.14254014388374
2021-12-26T01:00:00,67.28757095336913
2021-12-26T02:00:00,42.41574063508406
2021-12-26T03:00:00,26.74716186523437
2021-12-26T04:00:00,23.341800109199852
2021-12-26T05:00:00,21.60859663590141
2021-12-26T06:00:00,20.1681955586309
2021-12-26T07:00:00,19.219300311544664
2021-12-26T08:00:00,18.577322006225582
2021-12-26T09:00:00,18.363535673721973
2021-12-26T10:00:00,18.99232059976329
2021-12-26T11:00:00,21.000636225161344
2021-12-26T12:00:00,28.52976840475331
2021-12-26T13:00:00,36.85223272572392
2021-12-26T14:00:00,43.94479834515115
2021-12-26T15:00:00,50.34495677118716
2021-12-26T16:00:00,56.62245244565217
2021-12-26T17:00:00,62.420659438423485
2021-12-26T18:00:00,66.28674216892406
2021-12-26T19:00:00,68.24432439389435
2021-12-26T20:00:00,69.90157865441363
2021-12-26T21:00:00,71.00348580401877
2021-12-26T22:00:00,70.91666727480681
2021-12-26T23:00:00,69.7654340992803
2021-12-27T00:00:00,68.21082554692806
2021-12-27T01:00:00,66.16226096775219
2021-12-27T02:00:00,41.793526442154594
2021-12-27T03:00:00,19.58318453249724
2021-12-27T04:00:00,16.339070071344786
2021-12-27T05:00:00,14.905603947846785
2021-12-27T06:00:00,13.765292333519975
2021-12-27T07:00:00,12.839524434960406
2021-12-27T08:00:00,12.319019400555154
2021-12-27T09:00:00,12.330241120379902
2021-12-27T10:00:00,13.180923586306363
2021-12-27T11:00:00,15.040024840313453
2021-12-27T12:00:00,22.257894101350203
2021-12-27T13:00:00,29.23246748551078
2021-12-27T14:00:00,34.00942379495371
2021-12-27T15:00:00,33.77324037966521
2021-12-27T16:00:00,31.263888649318528
2021-12-27T17:00:00,30.959521086319633
2021-12-27T18:00:00,34.67566224803095
2021-12-27T19:00:00,39.70136327328889
2021-12-27T20:00:00,44.03152183864427
2021-12-27T21:00:00,46.58092565121858
2021-12-27T22:00:00,47.42601908808169
2021-12-27T23:00:00,49.05028285150942
2021-12-28T00:00:00,53.63082288659137
2021-12-28T01:00:00,55.76554920362389
2021-12-28T02:00:00,35.33164555093516
2021-12-28T03:00:00,19.688585944797676
2021-12-28T04:00:00,16.437234795611836
2021-12-28T05:00:00,14.911075550576914
2021-12-28T06:00:00,14.130030797875445
2021-12-28T07:00:00,13.916081013886823
2021-12-28T08:00:00,14.106839801954184
2021-12-28T09:00:00,14.681389186693272
2021-12-28T10:00:00,15.658025285472037
2021-12-28T11:00:00,17.813038784524668
2021-12-28T12:00:00,22.695659305738364
2021-12-28T13:00:00,28.10712598717731
2021-12-28T14:00:00,32.94785648843516
2021-12-28T15:00:00,37.59773669035538
2021-12-28T16:00:00,42.61807085120159
2021-12-28T17:00:00,48.7517965565557
2021-12-28T18:00:00,53.40155443937881
2021-12-28T19:00:00,56.41863449760105
2021-12-28T20:00:00,57.818806026292876
2021-12-28T21:00:00,58.480945089588985
2021-12-28T22:00:00,59.27554138847019
2021-12-28T23:00:00,59.80738714466923
2021-12-29T00:00:00,64.24665384707242
2021-12-29T01:00:00,67.50200736004372
2021-12-29T02:00:00,36.75761231132175
2021-12-29T03:00:00,17.648758722388227
2021-12-29T04:00:00,13.267823799796725
2021-12-29T05:00:00,11.144352042156717
2021-12-29T06:00:00,10.08073329925537
2021-12-29T07:00:00,9.679307896157969
2021-12-29T08:00:00,9.656926155090332
2021-12-29T09:00:00,9.825670076453166
2021-12-29T10:00:00,10.34996061739714
2021-12-29T11:00:00,13.257111715233842
2021-12-29T12:00:00,20.21479556871497
2021-12-29T13:00:00,27.583257094673485
2021-12-29T14:00:00,33.94034675929856
2021-12-29T15:00:00,34.839379352072
2021-12-29T16:00:00,36.12279875382133
2021-12-29T17:00:00,40.53425415702488
2021-12-29T18:00:00,45.90996252972146
2021-12-29T19:00:00,49.98126436316448
2021-12-29T20:00:00,52.20883593351944
2021-12-29T21:00:00,54.12627775772757
2021-12-29T22:00:00,46.09309818433678
2021-12-29T23:00:00,42.34709880663001
2021-12-30T00:00:00,38.93815272787342
2021-12-30T01:00:00,34.96400584345278
2021-12-30T02:00:00,24.26874434429666
2021-12-30T03:00:00,15.313405451567276
2021-12-30T04:00:00,11.472052947334621
2021-12-30T05:00:00,9.651404007621432
2021-12-30T06:00:00,8.711870856907057
2021-12-30T07:00:00,8.355855817380158
2021-12-30T08:00:00,8.488948987877885
2021-12-30T09:00:00,9.008717910103174
2021-12-30T10:00:00,10.13586844568667
2021-12-30T11:00:00,12.709203263987662
2021-12-30T12:00:00,15.330105781555174
2021-12-30T13:00:00,18.06300428639287
2021-12-30T14:00:00,25.467447778452993
2021-12-30T15:00:00,35.578730375870414
2021-12-30T16:00:00,43.84617681088654
2021-12-30T17:00:00,49.5876702018406
2021-12-30T18:00:00,56.37435946257217
2021-12-30T19:00:00,61.15206876008405
2021-12-30T20:00:00,59.11179998646611
2021-12-30T21:00:00,64.73449707031249
2021-12-30T22:00:00,67.14593920500381
2021-12-30T23:00:00,68.08690576967984
2021-12-31T00:00:00,68.6757880501125
2021-12-31T01:00:00,67.05776496555494
2021-12-31T02:00:00,34.194315537162446
2021-12-31T03:00:00,18.885482207588524
2021-12-31T04:00:00,13.765040065931236
2021-12-31T05:00:00,11.034654368524965
2021-12-31T06:00:00,9.698955079783563
2021-12-31T07:00:00,9.222162868665611
2021-12-31T08:00:00,9.240387584852135
2021-12-31T09:00:00,9.78484638877537
2021-12-31T10:00:00,10.87430953979492
2021-12-31T11:00:00,13.197766843049422
2021-12-31T12:00:00,17.922963183859117
2021-12-31T13:00:00,22.51687771341075
2021-12-31T14:00:00,27.499105370563008
2021-12-31T15:00:00,30.35640691674274
2021-12-31T16:00:00,32.522394677867055
2021-12-31T17:00:00,36.58982757900071
2021-12-31T18:00:00,39.575901363206945
2021-12-31T19:00:00,40.38014237777046
2021-12-31T20:00:00,41.90214721016262
2021-12-31T21:00:00,44.3844632687776
2021-12-31T22:00:00,45.88022115956181
2021-12-31T23:00:00,46.49156669948411
