datetime,PM25_RH35_GCC
2024-01-01T00:00:00,72.20769467561139
2024-01-01T01:00:00,77.74047121794327
2024-01-01T02:00:00,73.91961305037788
2024-01-01T03:00:00,42.66788101196288
2024-01-01T04:00:00,25.12306968025539
2024-01-01T05:00:00,19.722252804300055
2024-01-01T06:00:00,17.57653452002484
2024-01-01T07:00:00,17.201831320057742
2024-01-01T08:00:00,18.220232590385102
2024-01-01T09:00:00,21.3783831389054
2024-01-01T10:00:00,29.321696903394614
2024-01-01T11:00:00,44.70475636357846
2024-01-01T12:00:00,59.61728601870329
2024-01-01T13:00:00,68.75963559358016
2024-01-01T14:00:00,63.583775727645204
2024-01-01T15:00:00,65.66715273649795
2024-01-01T16:00:00,70.42738209600033
2024-01-01T17:00:00,76.42349409020464
2024-01-01T18:00:00,82.7213489698327
2024-01-01T19:00:00,84.19987156080163
2024-01-01T20:00:00,82.76183385434358
2024-01-01T21:00:00,80.45056351371433
2024-01-01T22:00:00,78.49927553923233
2024-01-01T23:00:00,77.82676862633745
2024-01-02T00:00:00,79.48376929241677
2024-01-02T01:00:00,85.4892292851987
2024-01-02T02:00:00,60.6132703034774
2024-01-02T03:00:00,33.054104846456774
2024-01-02T04:00:00,26.154918090156887
2024-01-02T05:00:00,23.565215649812114
2024-01-02T06:00:00,24.010892619257387
2024-01-02T07:00:00,23.809000015258786
2024-01-02T08:00:00,23.71268264107082
2024-01-02T09:00:00,25.173258822897203
2024-01-02T10:00:00,28.940897070843235
2024-01-02T11:00:00,39.5553212373153
2024-01-02T12:00:00,45.78460063105043
2024-01-02T13:00:00,48.39995060796323
2024-01-02T14:00:00,49.93282367872155
2024-01-02T15:00:00,59.67725554756496
2024-01-02T16:00:00,71.17694887907608
2024-01-02T17:00:00,80.10571687117866
2024-01-02T18:00:00,85.2461693805197
2024-01-02T19:00:00,86.28833306354024
2024-01-02T20:00:00,86.72739576256792
2024-01-02T21:00:00,88.74836929984716
2024-01-02T22:00:00,91.24558954653531
2024-01-02T23:00:00,94.07071519934613
2024-01-03T00:00:00,97.08697377080502
2024-01-03T01:00:00,98.10923932946245
2024-01-03T02:00:00,53.377639272938595
2024-01-03T03:00:00,28.320333066193953
2024-01-03T04:00:00,19.93100987309995
2024-01-03T05:00:00,16.520213914954144
2024-01-03T06:00:00,14.458350098651387
2024-01-03T07:00:00,13.182815427365508
2024-01-03T08:00:00,12.600861010344131
2024-01-03T09:00:00,12.655477648196012
2024-01-03T10:00:00,14.9977329502935
2024-01-03T11:00:00,21.1739153654679
2024-01-03T12:00:00,31.266606123551078
2024-01-03T13:00:00,40.93020182070524
2024-01-03T14:00:00,52.1299816629161
2024-01-03T15:00:00,55.16382632048233
2024-01-03T16:00:00,63.567686993142814
2024-01-03T17:00:00,73.87407850182574
2024-01-03T18:00:00,80.74287315036939
2024-01-03T19:00:00,84.86642887281334
2024-01-03T20:00:00,87.99899756390114
2024-01-03T21:00:00,91.10664301333219
2024-01-03T22:00:00,94.62176480500594
2024-01-03T23:00:00,96.12239539104958
2024-01-04T00:00:00,95.77808114756708
2024-01-04T01:00:00,90.41522714366081
2024-01-04T02:00:00,44.711647862973415
2024-01-04T03:00:00,24.731062101281204
2024-01-04T04:00:00,18.0524845537932
2024-01-04T05:00:00,15.63316423996635
2024-01-04T06:00:00,15.043799234473186
2024-01-04T07:00:00,14.581868254620094
2024-01-04T08:00:00,14.31128572381061
2024-01-04T09:00:00,13.607200912807297
2024-01-04T10:00:00,13.903650242349373
2024-01-04T11:00:00,17.510502359141473
2024-01-04T12:00:00,29.249604266622793
2024-01-04T13:00:00,46.85939208320949
2024-01-04T14:00:00,55.13789732559867
2024-01-04T15:00:00,60.460004060164735
2024-01-04T16:00:00,66.86002515709917
2024-01-04T17:00:00,60.33037849094557
2024-01-04T18:00:00,63.545925637950056
2024-01-04T19:00:00,67.95945872431216
2024-01-04T20:00:00,73.95612202519955
2024-01-04T21:00:00,78.83311064346977
2024-01-04T22:00:00,82.50136499819547
2024-01-04T23:00:00,87.27081265656844
2024-01-05T00:00:00,92.87992792544156
2024-01-05T01:00:00,90.3492494666058
2024-01-05T02:00:00,38.30453010227369
2024-01-05T03:00:00,20.85306291994841
2024-01-05T04:00:00,15.913891792297362
2024-01-05T05:00:00,14.284410684005072
2024-01-05T06:00:00,13.94813956385073
2024-01-05T07:00:00,13.353901158208432
2024-01-05T08:00:00,14.152706353560736
2024-01-05T09:00:00,14.702298952185588
2024-01-05T10:00:00,16.839640492978305
2024-01-05T11:00:00,21.088662437770676
2024-01-05T12:00:00,29.673036409460977
2024-01-05T13:00:00,37.991406150486156
2024-01-05T14:00:00,37.776343138321586
2024-01-05T15:00:00,39.43945528113323
2024-01-05T16:00:00,44.68182306704313
2024-01-05T17:00:00,52.076969976010524
2024-01-05T18:00:00,58.930708843728766
2024-01-05T19:00:00,63.053782587466024
2024-01-05T20:00:00,65.67933289901069
2024-01-05T21:00:00,68.69467760168986
2024-01-05T22:00:00,72.65984609852666
2024-01-05T23:00:00,76.98741813327955
2024-01-06T00:00:00,80.78544351328974
2024-01-06T01:00:00,81.66861990223758
2024-01-06T02:00:00,47.43230347011399
2024-01-06T03:00:00,23.011682759160575
2024-01-06T04:00:00,17.056388108626653
2024-01-06T05:00:00,14.350953309432319
2024-01-06T06:00:00,11.952406966167947
2024-01-06T07:00:00,10.933921855428943
2024-01-06T08:00:00,11.280574881512186
2024-01-06T09:00:00,12.40691699152407
2024-01-06T10:00:00,15.346168393674104
2024-01-06T11:00:00,19.976179288781204
2024-01-06T12:00:00,28.944619717805278
2024-01-06T13:00:00,44.21902465820312
2024-01-06T14:00:00,56.337253404700235
2024-01-06T15:00:00,65.01193701702616
2024-01-06T16:00:00,71.8009036520253
2024-01-06T17:00:00,79.018264438795
2024-01-06T18:00:00,88.34291972284731
2024-01-06T19:00:00,97.1157525104025
2024-01-06T20:00:00,99.51923104991083
2024-01-06T21:00:00,86.10011954929517
2024-01-06T22:00:00,82.2444836160411
2024-01-06T23:00:00,76.66662796683933
2024-01-07T00:00:00,75.54398594731869
2024-01-07T01:00:00,75.33887829987898
2024-01-07T02:00:00,48.02923783012058
2024-01-07T03:00:00,30.746019860972527
2024-01-07T04:00:00,21.968438936316442
2024-01-07T05:00:00,17.205240415490188
2024-01-07T06:00:00,13.669220841449237
2024-01-07T07:00:00,11.73505747836569
2024-01-07T08:00:00,12.160413804261578
2024-01-07T09:00:00,13.452041128407354
2024-01-07T10:00:00,15.630637251812479
2024-01-07T11:00:00,18.49009236045505
2024-01-07T12:00:00,27.219073502913766
2024-01-07T13:00:00,34.378949372664735
2024-01-07T14:00:00,33.014747785485305
2024-01-07T15:00:00,32.02085387188455
2024-01-07T16:00:00,31.35764030788255
2024-01-07T17:00:00,30.118837937064793
2024-01-07T18:00:00,30.078910910564918
2024-01-07T19:00:00,30.017357784768812
2024-01-07T20:00:00,27.532953676970106
2024-01-07T21:00:00,32.64972288712211
2024-01-07T22:00:00,37.78126310265583
2024-01-07T23:00:00,42.507396532141634
2024-01-08T00:00:00,44.514297485351555
2024-01-08T01:00:00,45.310738605001696
2024-01-08T02:00:00,33.45261018172554
2024-01-08T03:00:00,20.693905042565383
2024-01-08T04:00:00,17.005515554676883
2024-01-08T05:00:00,15.387909930685291
2024-01-08T06:00:00,14.824837933415953
2024-01-08T07:00:00,13.634256487307338
2024-01-08T08:00:00,12.445831132971719
2024-01-08T09:00:00,11.380159917085065
2024-01-08T10:00:00,11.8133080523947
2024-01-08T11:00:00,14.802559230638588
2024-01-08T12:00:00,22.746162248694375
2024-01-08T13:00:00,34.22882279105808
2024-01-08T14:00:00,47.938547549040415
2024-01-08T15:00:00,65.36930051057233
2024-01-08T16:00:00,59.447463989257805
2024-01-08T17:00:00,41.64978574669879
2024-01-08T18:00:00,34.739232768183165
2024-01-08T19:00:00,33.2931724216627
2024-01-08T20:00:00,36.4751153199569
2024-01-08T21:00:00,41.91501302304475
2024-01-08T22:00:00,43.05979256007982
2024-01-08T23:00:00,37.838297802469
2024-01-09T00:00:00,30.652815777322513
2024-01-09T01:00:00,29.03434612440026
2024-01-09T02:00:00,27.178953170776364
2024-01-09T03:00:00,22.48152898705524
2024-01-09T04:00:00,24.72966559036918
2024-01-09T05:00:00,23.646751569664993
2024-01-09T06:00:00,18.345003791477367
2024-01-09T07:00:00,15.363305091857908
2024-01-09T08:00:00,14.746538950049356
2024-01-09T09:00:00,16.57310004856275
2024-01-09T10:00:00,21.081679634425946
2024-01-09T11:00:00,23.44263060196586
2024-01-09T12:00:00,22.37760776022206
2024-01-09T13:00:00,22.58098676930303
2024-01-09T14:00:00,25.23377990722656
2024-01-09T15:00:00,27.957599722820778
2024-01-09T16:00:00,29.94764253367548
2024-01-09T17:00:00,33.1031149159307
2024-01-09T18:00:00,37.016006967295766
2024-01-09T19:00:00,41.47033011394998
2024-01-09T20:00:00,46.15684210735818
2024-01-09T21:00:00,48.2297424648119
2024-01-09T22:00:00,47.01884261421535
2024-01-09T23:00:00,45.705454950747274
2024-01-10T00:00:00,46.66438509070355
2024-01-10T01:00:00,50.57826398766559
2024-01-10T02:00:00,47.96101810621178
2024-01-10T03:00:00,35.04844018687373
2024-01-10T04:00:00,26.21929765784222
2024-01-10T05:00:00,22.18787732331649
2024-01-10T06:00:00,21.911597293356188
2024-01-10T07:00:00,22.275233724842902
2024-01-10T08:00:00,23.778043995732844
2024-01-10T09:00:00,26.713798108308207
2024-01-10T10:00:00,33.64658687425696
2024-01-10T11:00:00,42.58614564978558
2024-01-10T12:00:00,46.73655451898989
2024-01-10T13:00:00,47.689810877260946
2024-01-10T14:00:00,50.89860882966415
2024-01-10T15:00:00,55.86504413770592
2024-01-10T16:00:00,59.30554663616677
2024-01-10T17:00:00,57.67430181088654
2024-01-10T18:00:00,53.4489339745563
2024-01-10T19:00:00,49.403213998545766
2024-01-10T20:00:00,46.321025848388665
2024-01-10T21:00:00,44.28334061995796
2024-01-10T22:00:00,41.20185404238493
2024-01-10T23:00:00,38.00611910612686
2024-01-11T00:00:00,34.31283337136973
2024-01-11T01:00:00,33.54834117060122
2024-01-11T02:00:00,31.99070781210194
2024-01-11T03:00:00,28.227098879606828
2024-01-11T04:00:00,25.98622438182001
2024-01-11T05:00:00,24.642277841982633
2024-01-11T06:00:00,24.530212982841157
2024-01-11T07:00:00,24.245842477549676
2024-01-11T08:00:00,24.14603457243546
2024-01-11T09:00:00,24.179174754930575
2024-01-11T10:00:00,24.808480304220446
2024-01-11T11:00:00,28.74333414824112
2024-01-11T12:00:00,37.51813789035963
2024-01-11T13:00:00,47.260607512100876
2024-01-11T14:00:00,55.332757535188094
2024-01-11T15:00:00,57.72095273888629
2024-01-11T16:00:00,58.58949412470278
2024-01-11T17:00:00,57.6756011299465
2024-01-11T18:00:00,57.83519612187924
2024-01-11T19:00:00,56.06133618562117
2024-01-11T20:00:00,54.63744354248046
2024-01-11T21:00:00,54.63043710459833
2024-01-11T22:00:00,55.22579375557277
2024-01-11T23:00:00,56.5994763581649
2024-01-12T00:00:00,59.03253721154254
2024-01-12T01:00:00,62.576871291450836
2024-01-12T02:00:00,48.91302805361539
2024-01-12T03:00:00,35.611205722974695
2024-01-12T04:00:00,28.87846573539402
2024-01-12T05:00:00,24.28190546450407
2024-01-12T06:00:00,21.869241465692934
2024-01-12T07:00:00,20.28787496815557
2024-01-12T08:00:00,19.618868040001907
2024-01-12T09:00:00,19.77669566610585
2024-01-12T10:00:00,20.71392432503078
2024-01-12T11:00:00,24.051121836123258
2024-01-12T12:00:00,30.6361144521962
2024-01-12T13:00:00,35.919049470320985
2024-01-12T14:00:00,37.30982821920644
2024-01-12T15:00:00,41.37793681932532
2024-01-12T16:00:00,46.87771689373513
2024-01-12T17:00:00,53.38372023209281
2024-01-12T18:00:00,59.717077006464415
2024-01-12T19:00:00,62.75882704361624
2024-01-12T20:00:00,64.48770257701045
2024-01-12T21:00:00,66.20393504267153
2024-01-12T22:00:00,65.83951966658881
2024-01-12T23:00:00,63.77948263417119
2024-01-13T00:00:00,61.6894017095151
2024-01-13T01:00:00,59.33926126231318
2024-01-13T02:00:00,38.382930092189625
2024-01-13T03:00:00,25.697996720023774
2024-01-13T04:00:00,21.150729137918223
2024-01-13T05:00:00,19.329330527264133
2024-01-13T06:00:00,18.868594791578204
2024-01-13T07:00:00,19.458549665368118
2024-01-13T08:00:00,20.54810465937075
2024-01-13T09:00:00,21.621272626130473
2024-01-13T10:00:00,23.14243001523225
2024-01-13T11:00:00,26.71898559902025
2024-01-13T12:00:00,32.959060171376095
2024-01-13T13:00:00,36.83776805711829
2024-01-13T14:00:00,39.799996583358094
2024-01-13T15:00:00,43.44726977141006
2024-01-13T16:00:00,47.42329141368036
2024-01-13T17:00:00,51.8284854059634
2024-01-13T18:00:00,56.583019920017406
2024-01-13T19:00:00,61.43472306624703
2024-01-13T20:00:00,67.14478235659391
2024-01-13T21:00:00,73.78501858918563
2024-01-13T22:00:00,80.30835989247196
2024-01-13T23:00:00,85.54848248025645
2024-01-14T00:00:00,89.71182317319122
2024-01-14T01:00:00,92.18101501464844
2024-01-14T02:00:00,82.32252535612686
2024-01-14T03:00:00,68.8998330157736
2024-01-14T04:00:00,59.190192015274704
2024-01-14T05:00:00,51.89022860319717
2024-01-14T06:00:00,44.80769978398862
2024-01-14T07:00:00,40.78070665442425
2024-01-14T08:00:00,37.64866588426673
2024-01-14T09:00:00,35.23338218357252
2024-01-14T10:00:00,34.78600361036217
2024-01-14T11:00:00,37.02227053434952
2024-01-14T12:00:00,41.54553023628566
2024-01-14T13:00:00,44.59465176126231
2024-01-14T14:00:00,48.79459049390709
2024-01-14T15:00:00,54.834636688232415
2024-01-14T16:00:00,61.50606503693953
2024-01-14T17:00:00,67.86511164126189
2024-01-14T18:00:00,72.77077517302139
2024-01-14T19:00:00,75.53829027258831
2024-01-14T20:00:00,77.39082369597061
2024-01-14T21:00:00,79.23424729056981
2024-01-14T22:00:00,80.61255579409391
2024-01-14T23:00:00,81.58633820906927
2024-01-15T00:00:00,82.56284398617952
2024-01-15T01:00:00,82.3313864003057
2024-01-15T02:00:00,58.52792773039443
2024-01-15T03:00:00,36.18512029233186
2024-01-15T04:00:00,29.868546112723973
2024-01-15T05:00:00,26.58044284322987
2024-01-15T06:00:00,24.365715607352875
2024-01-15T07:00:00,22.97440387891686
2024-01-15T08:00:00,22.136015270067297
2024-01-15T09:00:00,21.809609703395676
2024-01-15T10:00:00,22.075206673663594
2024-01-15T11:00:00,24.318917896436602
2024-01-15T12:00:00,28.2027821748153
2024-01-15T13:00:00,32.182014050691016
2024-01-15T14:00:00,39.13069451373556
2024-01-15T15:00:00,47.60113376119862
2024-01-15T16:00:00,56.10334993445355
2024-01-15T17:00:00,63.912083501401156
2024-01-15T18:00:00,70.89570551333219
2024-01-15T19:00:00,76.7639458697775
2024-01-15T20:00:00,79.46508888576341
2024-01-15T21:00:00,80.85497416620667
2024-01-15T22:00:00,81.6182343856148
2024-01-15T23:00:00,81.7675499294115
2024-01-16T00:00:00,81.57698423966116
2024-01-16T01:00:00,79.36657648501188
2024-01-16T02:00:00,52.4658790256666
2024-01-16T03:00:00,27.573424629543133
2024-01-16T04:00:00,22.117525266564407
2024-01-16T05:00:00,20.227244667384934
2024-01-16T06:00:00,19.21274301280146
2024-01-16T07:00:00,18.646140140035875
2024-01-16T08:00:00,18.425858373227324
2024-01-16T09:00:00,18.634645959605336
2024-01-16T10:00:00,19.434924664704692
2024-01-16T11:00:00,22.315240611200746
2024-01-16T12:00:00,30.48724008643108
2024-01-16T13:00:00,42.67914664227029
2024-01-16T14:00:00,54.613050709600024
2024-01-16T15:00:00,67.67433348945947
2024-01-16T16:00:00,80.7107461017111
2024-01-16T17:00:00,92.19470380700153
2024-01-16T18:00:00,105.7903760827106
2024-01-16T19:00:00,115.15395720108694
2024-01-16T20:00:00,121.04364312213397
2024-01-16T21:00:00,123.26021343728769
2024-01-16T22:00:00,120.14609030018678
2024-01-16T23:00:00,113.80399985935377
2024-01-17T00:00:00,106.57946644658627
2024-01-17T01:00:00,95.88798257578972
2024-01-17T02:00:00,50.93014443438986
2024-01-17T03:00:00,26.69153221793796
2024-01-17T04:00:00,18.94066764997399
2024-01-17T05:00:00,15.392638247946033
2024-01-17T06:00:00,13.583090948021928
2024-01-17T07:00:00,12.57988349251125
2024-01-17T08:00:00,12.315667359725287
2024-01-17T09:00:00,12.533151833907416
2024-01-17T10:00:00,12.90479747108791
2024-01-17T11:00:00,16.620175154312797
2024-01-17T12:00:00,24.938403585682742
2024-01-17T13:00:00,31.39755605614703
2024-01-17T14:00:00,36.06080022065535
2024-01-17T15:00:00,40.14712698563285
2024-01-17T16:00:00,45.7511805658755
2024-01-17T17:00:00,55.30620110553243
2024-01-17T18:00:00,63.86983423647673
2024-01-17T19:00:00,71.40623059480085
2024-01-17T20:00:00,76.85489422342052
2024-01-17T21:00:00,82.86880028766133
2024-01-17T22:00:00,89.6312033611795
2024-01-17T23:00:00,96.36902154010275
2024-01-18T00:00:00,103.06276636538297
2024-01-18T01:00:00,104.55920841382896
2024-01-18T02:00:00,58.996228591255516
2024-01-18T03:00:00,25.717279848845106
2024-01-18T04:00:00,15.041623903357461
2024-01-18T05:00:00,12.364946655605149
2024-01-18T06:00:00,11.177841145059336
2024-01-18T07:00:00,10.739124754200809
2024-01-18T08:00:00,10.565060594807498
2024-01-18T09:00:00,10.977153632951818
2024-01-18T10:00:00,13.551975830741549
2024-01-18T11:00:00,18.626428313877273
2024-01-18T12:00:00,26.458209576814067
2024-01-18T13:00:00,35.67812057163404
2024-01-18T14:00:00,43.347825091818095
2024-01-18T15:00:00,47.04405709971552
2024-01-18T16:00:00,51.59654094861901
2024-01-18T17:00:00,54.88450921100117
2024-01-18T18:00:00,56.267714127250336
2024-01-18T19:00:00,56.42181612097698
2024-01-18T20:00:00,51.72085339090098
2024-01-18T21:00:00,50.56725145422894
2024-01-18T22:00:00,55.9331061321756
2024-01-18T23:00:00,61.46646466462507
2024-01-19T00:00:00,66.07101490186608
2024-01-19T01:00:00,63.06359714010487
2024-01-19T02:00:00,29.67628445832625
2024-01-19T03:00:00,18.772459196007766
2024-01-19T04:00:00,15.049203748288361
2024-01-19T05:00:00,12.875520706176756
2024-01-19T06:00:00,11.510510734889818
2024-01-19T07:00:00,10.504775959512461
2024-01-19T08:00:00,10.117761363153871
2024-01-19T09:00:00,11.043003289595893
2024-01-19T10:00:00,13.81688818724259
2024-01-19T11:00:00,18.732745377913762
2024-01-19T12:00:00,29.778858350670852
2024-01-19T13:00:00,36.977541716202445
2024-01-19T14:00:00,35.22214955868928
2024-01-19T15:00:00,37.474808236827016
2024-01-19T16:00:00,40.628993158755094
2024-01-19T17:00:00,44.41384871109671
2024-01-19T18:00:00,49.58276217916737
2024-01-19T19:00:00,53.61403440392535
2024-01-19T20:00:00,55.41805084891941
2024-01-19T21:00:00,56.52077633401621
2024-01-19T22:00:00,58.29109075795049
2024-01-19T23:00:00,59.23933692600416
2024-01-20T00:00:00,59.138639533001445
2024-01-20T01:00:00,55.59492227305536
2024-01-20T02:00:00,32.36570922188136
2024-01-20T03:00:00,17.33511460345724
2024-01-20T04:00:00,12.334603641344152
2024-01-20T05:00:00,10.10713896544083
2024-01-20T06:00:00,9.112674174101453
2024-01-20T07:00:00,8.838643861853557
2024-01-20T08:00:00,9.183489509250807
2024-01-20T09:00:00,10.16987837915835
2024-01-20T10:00:00,11.65172083481498
2024-01-20T11:00:00,14.663259008656377
2024-01-20T12:00:00,19.388177622919493
2024-01-20T13:00:00,20.87662539274796
2024-01-20T14:00:00,21.29800099911897
2024-01-20T15:00:00,22.245459183402684
2024-01-20T16:00:00,24.442355197408922
2024-01-20T17:00:00,27.023456656414528
2024-01-20T18:00:00,30.752991551938262
2024-01-20T19:00:00,34.22949417777683
2024-01-20T20:00:00,35.044105032215946
2024-01-20T21:00:00,34.0015869969907
2024-01-20T22:00:00,32.759980160257086
2024-01-20T23:00:00,32.54220663982889
2024-01-21T00:00:00,34.95122810032056
2024-01-21T01:00:00,37.89909296450407
2024-01-21T02:00:00,21.651154808376145
2024-01-21T03:00:00,14.795146610425864
2024-01-21T04:00:00,12.274708042974057
2024-01-21T05:00:00,10.803487985030463
2024-01-21T06:00:00,9.918782773225203
2024-01-21T07:00:00,9.473645293194314
2024-01-21T08:00:00,9.181354356848674
2024-01-21T09:00:00,9.152182993681533
2024-01-21T10:00:00,9.588433099829631
2024-01-21T11:00:00,12.018000063688858
2024-01-21T12:00:00,18.147330740223758
2024-01-21T13:00:00,22.956169211346168
2024-01-21T14:00:00,24.92102183466372
2024-01-21T15:00:00,26.331980000371516
2024-01-21T16:00:00,28.07553606447966
2024-01-21T17:00:00,30.06303903330927
2024-01-21T18:00:00,30.203906432442043
2024-01-21T19:00:00,31.22048013106636
2024-01-21T20:00:00,33.34686113440472
2024-01-21T21:00:00,35.66328529689622
2024-01-21T22:00:00,38.16244208294412
2024-01-21T23:00:00,40.90157749341881
2024-01-22T00:00:00,42.68382130498471
2024-01-22T01:00:00,42.56380595331606
2024-01-22T02:00:00,31.779630743938945
2024-01-22T03:00:00,26.183598145194672
2024-01-22T04:00:00,23.39646770643151
2024-01-22T05:00:00,21.639526615972102
2024-01-22T06:00:00,20.3350135139797
2024-01-22T07:00:00,19.755640776261036
2024-01-22T08:00:00,19.68689918518066
2024-01-22T09:00:00,20.056021897689153
2024-01-22T10:00:00,21.07480787194293
2024-01-22T11:00:00,24.53738618933636
2024-01-22T12:00:00,31.42800007695737
2024-01-22T13:00:00,35.9433303501295
2024-01-22T14:00:00,36.75963874485181
2024-01-22T15:00:00,37.99977244501528
2024-01-22T16:00:00,38.34911296678626
2024-01-22T17:00:00,39.83870249209196
2024-01-22T18:00:00,45.75959678318189
2024-01-22T19:00:00,50.89266370690387
2024-01-22T20:00:00,57.3356124214504
2024-01-22T21:00:00,61.51055327705714
2024-01-22T22:00:00,63.74218219259511
2024-01-22T23:00:00,60.18155355038849
2024-01-23T00:00:00,51.629839523978845
2024-01-23T01:00:00,48.01051330566406
2024-01-23T02:00:00,37.51087686289912
2024-01-23T03:00:00,29.851543177729063
2024-01-23T04:00:00,25.625461993010145
2024-01-23T05:00:00,23.54160449815833
2024-01-23T06:00:00,22.299877166748043
2024-01-23T07:00:00,21.333430912183676
2024-01-23T08:00:00,20.932590401690938
2024-01-23T09:00:00,21.27809665514075
2024-01-23T10:00:00,22.738406056943145
2024-01-23T11:00:00,25.829181505286172
2024-01-23T12:00:00,31.318886383720063
2024-01-23T13:00:00,36.73806795866593
2024-01-23T14:00:00,42.20651991471
2024-01-23T15:00:00,47.45050430297851
2024-01-23T16:00:00,52.35506588479746
2024-01-23T17:00:00,56.60449981689453
2024-01-23T18:00:00,59.9200502478558
2024-01-23T19:00:00,60.26785344662874
2024-01-23T20:00:00,60.022075487219766
2024-01-23T21:00:00,59.91432090427565
2024-01-23T22:00:00,59.658942678700306
2024-01-23T23:00:00,59.721842060918384
2024-01-24T00:00:00,60.211859329887055
2024-01-24T01:00:00,60.06921220862346
2024-01-24T02:00:00,49.23331086531929
2024-01-24T03:00:00,38.41289354407268
2024-01-24T04:00:00,32.37871244679326
2024-01-24T05:00:00,30.291941850081734
2024-01-24T06:00:00,29.585398549618926
2024-01-24T07:00:00,29.099499412204903
2024-01-24T08:00:00,28.689874483191446
2024-01-24T09:00:00,28.55420286759086
2024-01-24T10:00:00,29.09851148854131
2024-01-24T11:00:00,31.476629920627754
2024-01-24T12:00:00,38.13484589949898
2024-01-24T13:00:00,43.74941237076469
2024-01-24T14:00:00,49.79621339880901
2024-01-24T15:00:00,55.55597056513246
2024-01-24T16:00:00,60.2977760978367
2024-01-24T17:00:00,64.10155304618503
2024-01-24T18:00:00,65.59316618546195
2024-01-24T19:00:00,64.96460276064666
2024-01-24T20:00:00,63.523535521134086
2024-01-24T21:00:00,62.48340872059697
2024-01-24T22:00:00,62.05710717906121
2024-01-24T23:00:00,61.39831791753353
2024-01-25T00:00:00,60.539114578910485
2024-01-25T01:00:00,59.128674548605204
2024-01-25T02:00:00,41.54231146107549
2024-01-25T03:00:00,29.05711091083029
2024-01-25T04:00:00,25.973021797511883
2024-01-25T05:00:00,24.612767924433168
2024-01-25T06:00:00,24.00139742312224
2024-01-25T07:00:00,23.800127361131747
2024-01-25T08:00:00,23.98652483069378
2024-01-25T09:00:00,24.469299316406246
2024-01-25T10:00:00,25.45359644682511
2024-01-25T11:00:00,27.48836931974991
2024-01-25T12:00:00,34.43467322639797
2024-01-25T13:00:00,40.099797787873634
2024-01-25T14:00:00,45.08344102942425
2024-01-25T15:00:00,50.57438842110012
2024-01-25T16:00:00,56.76615358435589
2024-01-25T17:00:00,62.64558095517365
2024-01-25T18:00:00,67.20638507345447
2024-01-25T19:00:00,69.58962880010189
2024-01-25T20:00:00,70.77194711436394
2024-01-25T21:00:00,71.39509582519531
2024-01-25T22:00:00,71.73244409975798
2024-01-25T23:00:00,71.84081168796705
2024-01-26T00:00:00,72.09179587986158
2024-01-26T01:00:00,72.27380636463994
2024-01-26T02:00:00,47.10999364438264
2024-01-26T03:00:00,28.338123570317805
2024-01-26T04:00:00,24.077559263809864
2024-01-26T05:00:00,22.146770726079524
2024-01-26T06:00:00,21.112707386846125
2024-01-26T07:00:00,20.20073716536812
2024-01-26T08:00:00,19.64197183691937
2024-01-26T09:00:00,19.260557257610817
2024-01-26T10:00:00,19.3956706834876
2024-01-26T11:00:00,21.419973290484883
2024-01-26T12:00:00,27.64056073064389
2024-01-26T13:00:00,33.73081116054369
2024-01-26T14:00:00,37.23618250307829
2024-01-26T15:00:00,38.7597311268682
2024-01-26T16:00:00,40.83842484847359
2024-01-26T17:00:00,43.8735411270805
2024-01-26T18:00:00,46.36173065848972
2024-01-26T19:00:00,46.67241867728855
2024-01-26T20:00:00,46.33296618254288
2024-01-26T21:00:00,46.02211562446925
2024-01-26T22:00:00,46.01851322339928
2024-01-26T23:00:00,47.974961156430446
2024-01-27T00:00:00,53.1119154225225
2024-01-27T01:00:00,56.06184669162916
2024-01-27T02:00:00,33.81635607843813
2024-01-27T03:00:00,18.008137412693188
2024-01-27T04:00:00,14.749498864878777
2024-01-27T05:00:00,12.998535612355106
2024-01-27T06:00:00,11.872859996298084
2024-01-27T07:00:00,11.276442403378692
2024-01-27T08:00:00,11.064212757608164
2024-01-27T09:00:00,11.079623180886973
2024-01-27T10:00:00,11.59740161895752
2024-01-27T11:00:00,14.684491364852239
2024-01-27T12:00:00,20.95032625613005
2024-01-27T13:00:00,24.672042266182277
2024-01-27T14:00:00,31.06307253630265
2024-01-27T15:00:00,39.557024748429
2024-01-27T16:00:00,46.34836677882981
2024-01-27T17:00:00,54.996373715608016
2024-01-27T18:00:00,62.512197411578626
2024-01-27T19:00:00,67.50741875689963
2024-01-27T20:00:00,69.03704170558763
2024-01-27T21:00:00,69.24034881591797
2024-01-27T22:00:00,68.66816313370413
2024-01-27T23:00:00,67.30497376815131
2024-01-28T00:00:00,66.49324035644531
2024-01-28T01:00:00,65.82027335788892
2024-01-28T02:00:00,45.77728337826935
2024-01-28T03:00:00,23.933673858642575
2024-01-28T04:00:00,16.902144722316574
2024-01-28T05:00:00,13.546603244283924
2024-01-28T06:00:00,12.844317145969557
2024-01-28T07:00:00,13.686396557351816
2024-01-28T08:00:00,15.555337781491486
2024-01-28T09:00:00,18.463080033012055
2024-01-28T10:00:00,22.946120884107504
2024-01-28T11:00:00,31.510050400443696
2024-01-28T12:00:00,42.090896108876095
2024-01-28T13:00:00,50.35271055802055
2024-01-28T14:00:00,56.89115972104279
2024-01-28T15:00:00,62.84207766989003
2024-01-28T16:00:00,67.29871766463569
2024-01-28T17:00:00,70.81065799878992
2024-01-28T18:00:00,73.16682069197944
2024-01-28T19:00:00,74.52605803116508
2024-01-28T20:00:00,74.41214619512144
2024-01-28T21:00:00,74.34768146017323
2024-01-28T22:00:00,74.56206412937328
2024-01-28T23:00:00,74.02728603197181
2024-01-29T00:00:00,73.30444733992866
2024-01-29T01:00:00,73.93763135827105
2024-01-29T02:00:00,59.708470220151156
2024-01-29T03:00:00,42.65312427023182
2024-01-29T04:00:00,32.105533765709914
2024-01-29T05:00:00,23.716819016829778
2024-01-29T06:00:00,20.577582981275473
2024-01-29T07:00:00,18.781768301258914
2024-01-29T08:00:00,17.789368007494055
2024-01-29T09:00:00,18.255812603494395
2024-01-29T10:00:00,20.00403934976329
2024-01-29T11:00:00,25.09998089334239
2024-01-29T12:00:00,34.119267007578976
2024-01-29T13:00:00,42.660530422044836
2024-01-29T14:00:00,49.287984433381446
2024-01-29T15:00:00,55.8033452241317
2024-01-29T16:00:00,63.78368775740913
2024-01-29T17:00:00,71.8826506241508
2024-01-29T18:00:00,79.93589981742528
2024-01-29T19:00:00,87.21262094248895
2024-01-29T20:00:00,94.37492669146994
2024-01-29T21:00:00,98.83145340629245
2024-01-29T22:00:00,100.40243099046789
2024-01-29T23:00:00,103.28203151537022
2024-01-30T00:00:00,108.55056862209153
2024-01-30T01:00:00,109.76748192828634
2024-01-30T02:00:00,65.6261220185653
2024-01-30T03:00:00,33.47296880639117
2024-01-30T04:00:00,20.948025164396864
2024-01-30T05:00:00,16.68673341170601
2024-01-30T06:00:00,15.169948992521865
2024-01-30T07:00:00,14.85313855046811
2024-01-30T08:00:00,15.449511486551032
2024-01-30T09:00:00,17.132356685140856
2024-01-30T10:00:00,19.55230389470639
2024-01-30T11:00:00,24.007480953050695
2024-01-30T12:00:00,31.122822222502336
2024-01-30T13:00:00,38.25304097714631
2024-01-30T14:00:00,44.60831982156504
2024-01-30T15:00:00,54.676438870637305
2024-01-30T16:00:00,67.47876739501953
2024-01-30T17:00:00,77.6740915049677
2024-01-30T18:00:00,87.80219700025474
2024-01-30T19:00:00,96.8095417851987
2024-01-30T20:00:00,105.66003053084663
2024-01-30T21:00:00,116.26116014563516
2024-01-30T22:00:00,129.60235595703125
2024-01-30T23:00:00,144.95691116996431
2024-01-31T00:00:00,153.4523587434188
2024-01-31T01:00:00,150.37738037109375
2024-01-31T02:00:00,105.8147974428923
2024-01-31T03:00:00,58.96283398503842
2024-01-31T04:00:00,31.152343128038485
2024-01-31T05:00:00,20.419018413709555
2024-01-31T06:00:00,14.415487807729969
2024-01-31T07:00:00,13.80772893325142
2024-01-31T08:00:00,15.881057449009106
2024-01-31T09:00:00,21.282154373500656
2024-01-31T10:00:00,27.745286609815512
2024-01-31T11:00:00,32.029727438221805
2024-01-31T12:00:00,36.69183523758597
2024-01-31T13:00:00,39.65418318043584
2024-01-31T14:00:00,46.04769217449685
2024-01-31T15:00:00,61.32617701654848
2024-01-31T16:00:00,79.90052098813263
2024-01-31T17:00:00,99.4129240616508
2024-01-31T18:00:00,116.67912856392238
2024-01-31T19:00:00,131.48024716584575
2024-01-31T20:00:00,147.53092027747113
2024-01-31T21:00:00,164.03072456691575
2024-01-31T22:00:00,176.66807688837463
2024-01-31T23:00:00,182.80533765709916
2024-02-01T00:00:00,181.3075196639351
2024-02-01T01:00:00,156.77564438529635
2024-02-01T02:00:00,82.18492109879203
2024-02-01T03:00:00,47.75131573884383
2024-02-01T04:00:00,33.82238172448199
2024-02-01T05:00:00,26.78243674402651
2024-02-01T06:00:00,22.749097782632575
2024-02-01T07:00:00,20.02386955592943
2024-02-01T08:00:00,18.22372677015221
2024-02-01T09:00:00,17.472796025483504
2024-02-01T10:00:00,18.12346089404562
2024-02-01T11:00:00,21.04030517909838
2024-02-01T12:00:00,25.182106847348418
2024-02-01T13:00:00,35.43597246252971
2024-02-01T14:00:00,53.074507174284555
2024-02-01T15:00:00,68.56624039359714
2024-02-01T16:00:00,67.99413946400517
2024-02-01T17:00:00,60.028935142185375
2024-02-01T18:00:00,54.37838280719259
2024-02-01T19:00:00,38.98461283808169
2024-02-01T20:00:00,33.138773793759555
2024-02-01T21:00:00,31.869352589482844
2024-02-01T22:00:00,34.140924536663555
2024-02-01T23:00:00,37.613582362299375
2024-02-02T00:00:00,41.24687609465226
2024-02-02T01:00:00,42.415508767832875
2024-02-02T02:00:00,18.243333443351414
2024-02-02T03:00:00,10.62525305540665
2024-02-02T04:00:00,10.989329421001932
2024-02-02T05:00:00,11.327721554300059
2024-02-02T06:00:00,11.07577373670495
2024-02-02T07:00:00,10.857353708018428
2024-02-02T08:00:00,10.715162691862687
2024-02-02T09:00:00,10.788875206657076
2024-02-02T10:00:00,12.986759268719215
2024-02-02T11:00:00,17.576306882111922
2024-02-02T12:00:00,31.022383814272676
2024-02-02T13:00:00,42.07882723600968
2024-02-02T14:00:00,38.862854999044664
2024-02-02T15:00:00,35.676781281181
2024-02-02T16:00:00,32.71156924703847
2024-02-02T17:00:00,29.333675716234286
2024-02-02T18:00:00,27.51344946156377
2024-02-02T19:00:00,27.79025268554687
2024-02-02T20:00:00,27.22277989594832
2024-02-02T21:00:00,26.167162936666735
2024-02-02T22:00:00,24.912076701288637
2024-02-02T23:00:00,23.51946507329526
2024-02-03T00:00:00,23.77611608090608
2024-02-03T01:00:00,23.88262906281844
2024-02-03T02:00:00,18.597522445346996
2024-02-03T03:00:00,14.375397889510444
2024-02-03T04:00:00,12.29880963201108
2024-02-03T05:00:00,11.256299723749574
2024-02-03T06:00:00,10.880098094110902
2024-02-03T07:00:00,10.9165330140487
2024-02-03T08:00:00,11.299515724182129
2024-02-03T09:00:00,11.841108902640963
2024-02-03T10:00:00,12.431793793388033
2024-02-03T11:00:00,13.680015024931533
2024-02-03T12:00:00,17.321911563044004
2024-02-03T13:00:00,21.048705557118286
2024-02-03T14:00:00,25.146785984868583
2024-02-03T15:00:00,29.596800430961274
2024-02-03T16:00:00,33.867414225702696
2024-02-03T17:00:00,38.274659861689024
2024-02-03T18:00:00,42.00737762451172
2024-02-03T19:00:00,48.628363236137055
2024-02-03T20:00:00,51.71480477374532
2024-02-03T21:00:00,51.75804652338442
2024-02-03T22:00:00,49.92992119167161
2024-02-03T23:00:00,49.63796499501103
2024-02-04T00:00:00,50.89422756692637
2024-02-04T01:00:00,51.77710889733356
2024-02-04T02:00:00,26.053393985914145
2024-02-04T03:00:00,16.44715010601541
2024-02-04T04:00:00,12.587901654450787
2024-02-04T05:00:00,10.631270159845766
2024-02-04T06:00:00,9.735300271407416
2024-02-04T07:00:00,9.406383431476094
2024-02-04T08:00:00,9.3760754129161
2024-02-04T09:00:00,9.664696859276813
2024-02-04T10:00:00,10.750376120857569
2024-02-04T11:00:00,13.837987526603365
2024-02-04T12:00:00,18.101641613504157
2024-02-04T13:00:00,21.40465429554815
2024-02-04T14:00:00,25.13689273336659
2024-02-04T15:00:00,29.568344364995543
2024-02-04T16:00:00,35.045052569845446
2024-02-04T17:00:00,39.83804885200832
2024-02-04T18:00:00,42.517640818720274
2024-02-04T19:00:00,42.80555078257685
2024-02-04T20:00:00,40.678319184676454
2024-02-04T21:00:00,39.9383838487708
2024-02-04T22:00:00,40.66486706941023
2024-02-04T23:00:00,42.885041941767156
2024-02-05T00:00:00,43.73854960565981
2024-02-05T01:00:00,39.897288778553836
2024-02-05T02:00:00,21.23461532592773
2024-02-05T03:00:00,13.231381416320799
2024-02-05T04:00:00,10.167109282120414
2024-02-05T05:00:00,8.969168206919793
2024-02-05T06:00:00,8.564004213913627
2024-02-05T07:00:00,8.699683604033098
2024-02-05T08:00:00,9.0595121798308
2024-02-05T09:00:00,9.61032141809878
2024-02-05T10:00:00,10.595308925794518
2024-02-05T11:00:00,13.540841724561606
2024-02-05T12:00:00,20.542107291843582
2024-02-05T13:00:00,25.104905418727707
2024-02-05T14:00:00,29.659930270651113
2024-02-05T15:00:00,35.87445648856785
2024-02-05T16:00:00,41.10016018411387
2024-02-05T17:00:00,44.82091339774754
2024-02-05T18:00:00,48.97210759701936
2024-02-05T19:00:00,53.04693188874617
2024-02-05T20:00:00,54.527390023936384
2024-02-05T21:00:00,53.47949052893597
2024-02-05T22:00:00,51.99010583628778
2024-02-05T23:00:00,51.69264735346255
2024-02-06T00:00:00,51.41029639866041
2024-02-06T01:00:00,49.55764422209366
2024-02-06T02:00:00,31.547962022864294
2024-02-06T03:00:00,23.604093302851133
2024-02-06T04:00:00,19.93354681263799
2024-02-06T05:00:00,18.206281744915504
2024-02-06T06:00:00,17.52589947244395
2024-02-06T07:00:00,17.487750924151875
2024-02-06T08:00:00,17.703173844710637
2024-02-06T09:00:00,18.386157160219938
2024-02-06T10:00:00,19.65989967014478
2024-02-06T11:00:00,22.336504148400344
2024-02-06T12:00:00,26.3067572220512
2024-02-06T13:00:00,29.121283904365868
2024-02-06T14:00:00,33.06984121903129
2024-02-06T15:00:00,37.59693411122197
2024-02-06T16:00:00,42.41157415638799
2024-02-06T17:00:00,47.238431681757376
2024-02-06T18:00:00,51.556288511856735
2024-02-06T19:00:00,52.13654642519743
2024-02-06T20:00:00,51.99016056890073
2024-02-06T21:00:00,52.38605117797851
2024-02-06T22:00:00,52.89075038744055
2024-02-06T23:00:00,52.007993615191914
2024-02-07T00:00:00,49.57671936698581
2024-02-07T01:00:00,47.931569970172376
2024-02-07T02:00:00,39.89455015762992
2024-02-07T03:00:00,32.144741804703415
2024-02-07T04:00:00,27.94496785039487
2024-02-07T05:00:00,25.721429658972696
2024-02-07T06:00:00,24.387586593627926
2024-02-07T07:00:00,23.748491618944247
2024-02-07T08:00:00,23.723602792491082
2024-02-07T09:00:00,24.293054000191066
2024-02-07T10:00:00,25.461354297140367
2024-02-07T11:00:00,28.06696510314941
2024-02-07T12:00:00,32.782816513724946
2024-02-07T13:00:00,39.28994120722231
2024-02-07T14:00:00,45.664844512939446
2024-02-07T15:00:00,51.732427016548485
2024-02-07T16:00:00,55.91260263194208
2024-02-07T17:00:00,58.773705358090595
2024-02-07T18:00:00,61.84975167979364
2024-02-07T19:00:00,61.52698533431342
2024-02-07T20:00:00,58.507146918255344
2024-02-07T21:00:00,53.9357331317404
2024-02-07T22:00:00,49.4979254681131
2024-02-07T23:00:00,45.93153696474822
2024-02-08T00:00:00,42.869590095851734
2024-02-08T01:00:00,39.734604213548735
2024-02-08T02:00:00,27.14800436600395
2024-02-08T03:00:00,19.793820256772243
2024-02-08T04:00:00,16.945056417713992
2024-02-08T05:00:00,14.938334050385846
2024-02-08T06:00:00,13.889518115831455
2024-02-08T07:00:00,13.756663861482037
2024-02-08T08:00:00,14.313479423522947
2024-02-08T09:00:00,15.344633973163107
2024-02-08T10:00:00,16.7716646609099
2024-02-08T11:00:00,19.07583012788192
2024-02-08T12:00:00,22.290474435557485
2024-02-08T13:00:00,24.414558161859926
2024-02-08T14:00:00,27.079275131225582
2024-02-08T15:00:00,30.355362187261164
2024-02-08T16:00:00,33.48483881743057
2024-02-08T17:00:00,35.85845847751783
2024-02-08T18:00:00,35.93040781435759
2024-02-08T19:00:00,33.620593858801804
2024-02-08T20:00:00,30.165386697520375
2024-02-08T21:00:00,27.43136455701745
2024-02-08T22:00:00,26.199985421222188
2024-02-08T23:00:00,25.652351130609922
2024-02-09T00:00:00,26.447899030602493
2024-02-09T01:00:00,27.195479268613067
2024-02-09T02:00:00,23.822145130323324
2024-02-09T03:00:00,21.28188473245372
2024-02-09T04:00:00,19.790872407996133
2024-02-09T05:00:00,18.639825820922848
2024-02-09T06:00:00,18.14819103738536
2024-02-09T07:00:00,18.49269062539805
2024-02-09T08:00:00,19.45240592956543
2024-02-09T09:00:00,21.012501923934273
2024-02-09T10:00:00,23.520106025364083
2024-02-09T11:00:00,27.86117479075556
2024-02-09T12:00:00,33.45645887955374
2024-02-09T13:00:00,37.81038085274074
2024-02-09T14:00:00,41.64147003837254
2024-02-09T15:00:00,46.26164792931598
2024-02-09T16:00:00,51.457485530687414
2024-02-09T17:00:00,56.98775946575662
2024-02-09T18:00:00,61.74863533351731
2024-02-09T19:00:00,65.5734697424847
2024-02-09T20:00:00,68.54119408648947
2024-02-09T21:00:00,68.46328105097231
2024-02-09T22:00:00,67.80964726987092
2024-02-09T23:00:00,67.5640112835428
2024-02-10T00:00:00,67.07017085863195
2024-02-10T01:00:00,66.07030818773353
2024-02-10T02:00:00,54.07275473553201
2024-02-10T03:00:00,41.25908743816873
2024-02-10T04:00:00,34.07266450964886
2024-02-10T05:00:00,29.89753308503524
2024-02-10T06:00:00,27.80913684679114
2024-02-10T07:00:00,26.625343488610305
2024-02-10T08:00:00,25.748176325922426
2024-02-10T09:00:00,25.33451893018639
2024-02-10T10:00:00,26.350250409997027
2024-02-10T11:00:00,30.667262035867438
2024-02-10T12:00:00,37.81661506321119
2024-02-10T13:00:00,43.45006727135699
2024-02-10T14:00:00,47.756547679071836
2024-02-10T15:00:00,52.30561463729194
2024-02-10T16:00:00,57.25564226896866
2024-02-10T17:00:00,60.798784670622446
2024-02-10T18:00:00,62.168345907460086
2024-02-10T19:00:00,62.190068618110985
2024-02-10T20:00:00,62.275427942690634
2024-02-10T21:00:00,62.60507003120754
2024-02-10T22:00:00,62.7084848155146
2024-02-10T23:00:00,63.14939996470575
2024-02-11T00:00:00,65.31115822170091
2024-02-11T01:00:00,67.44243986710258
2024-02-11T02:00:00,49.47193062823751
2024-02-11T03:00:00,36.19148619278617
2024-02-11T04:00:00,29.14806987928307
2024-02-11T05:00:00,25.238417252250336
2024-02-11T06:00:00,22.88157521123471
2024-02-11T07:00:00,21.307277513586957
2024-02-11T08:00:00,20.485650021096934
2024-02-11T09:00:00,20.155854017838184
2024-02-11T10:00:00,20.477945825327996
2024-02-11T11:00:00,22.613884718521778
2024-02-11T12:00:00,27.516242566316023
2024-02-11T13:00:00,32.375644020412274
2024-02-11T14:00:00,35.912201591159985
2024-02-11T15:00:00,36.82430283919625
2024-02-11T16:00:00,38.18020613297171
2024-02-11T17:00:00,40.652961067531415
2024-02-11T18:00:00,42.512322964875594
2024-02-11T19:00:00,43.64871763146441
2024-02-11T20:00:00,45.50675715570864
2024-02-11T21:00:00,46.919176184612766
2024-02-11T22:00:00,45.76903434421705
2024-02-11T23:00:00,42.30556073396102
2024-02-12T00:00:00,38.757127015487
2024-02-12T01:00:00,35.858409384022586
2024-02-12T02:00:00,26.066330038982887
2024-02-12T03:00:00,16.576490733934484
2024-02-12T04:00:00,12.985584632210108
2024-02-12T05:00:00,11.090391034665315
2024-02-12T06:00:00,10.294701783553412
2024-02-12T07:00:00,10.044936138650645
2024-02-12T08:00:00,9.911852629288381
2024-02-12T09:00:00,10.033061649488365
2024-02-12T10:00:00,10.661392585090967
2024-02-12T11:00:00,12.809021244878354
2024-02-12T12:00:00,17.855639250382133
2024-02-12T13:00:00,22.239694263624106
2024-02-12T14:00:00,24.65352920863939
2024-02-12T15:00:00,27.249095667963438
2024-02-12T16:00:00,29.213985857756242
2024-02-12T17:00:00,31.20211385644
2024-02-12T18:00:00,33.45439579175865
2024-02-12T19:00:00,34.31975837375806
2024-02-12T20:00:00,35.348671788754665
2024-02-12T21:00:00,36.3420237665591
2024-02-12T22:00:00,35.692487136177384
2024-02-12T23:00:00,32.2507966083029
2024-02-13T00:00:00,28.181861711585
2024-02-13T01:00:00,26.314391426418137
2024-02-13T02:00:00,18.377213768337082
2024-02-13T03:00:00,12.620015973630158
2024-02-13T04:00:00,10.2859876466834
2024-02-13T05:00:00,8.948224648185397
2024-02-13T06:00:00,8.389886109725287
2024-02-13T07:00:00,8.238982262818707
2024-02-13T08:00:00,8.45901700724726
2024-02-13T09:00:00,8.928067746369733
2024-02-13T10:00:00,10.106660884359608
2024-02-13T11:00:00,13.0397309842317
2024-02-13T12:00:00,18.776880264282223
2024-02-13T13:00:00,23.294323299242098
2024-02-13T14:00:00,27.401889137599778
2024-02-13T15:00:00,31.30785792806874
2024-02-13T16:00:00,33.169452750164524
2024-02-13T17:00:00,35.346414648968235
2024-02-13T18:00:00,36.8660772572393
2024-02-13T19:00:00,37.02589980415676
2024-02-13T20:00:00,38.303928209387735
2024-02-13T21:00:00,40.80341820094896
2024-02-13T22:00:00,42.85390804124915
2024-02-13T23:00:00,43.37504826421323
2024-02-14T00:00:00,42.90504754107931
2024-02-14T01:00:00,41.944138734237
2024-02-14T02:00:00,32.09610914147418
2024-02-14T03:00:00,22.84181047522503
2024-02-14T04:00:00,18.80777184859566
2024-02-14T05:00:00,17.05467348513396
2024-02-14T06:00:00,16.141833305358887
2024-02-14T07:00:00,15.766381595445713
2024-02-14T08:00:00,15.58765013321586
2024-02-14T09:00:00,16.05524991906207
2024-02-14T10:00:00,17.530017769855
2024-02-14T11:00:00,22.461356950842816
2024-02-14T12:00:00,31.207739290983774
2024-02-14T13:00:00,36.34578091165294
2024-02-14T14:00:00,40.02660535729449
2024-02-14T15:00:00,45.53400985054347
2024-02-14T16:00:00,50.700442106827445
2024-02-14T17:00:00,54.90467751544455
2024-02-14T18:00:00,56.37374712073284
2024-02-14T19:00:00,56.34773005609927
2024-02-14T20:00:00,54.56213544762652
2024-02-14T21:00:00,52.01873198799464
2024-02-14T22:00:00,49.824899590533704
2024-02-14T23:00:00,47.47212949006453
2024-02-15T00:00:00,46.51513456261676
2024-02-15T01:00:00,45.361719546110734
2024-02-15T02:00:00,33.20841092648713
2024-02-15T03:00:00,25.483524654222567
2024-02-15T04:00:00,21.17301153100055
2024-02-15T05:00:00,18.431128792140793
2024-02-15T06:00:00,17.210758209228516
2024-02-15T07:00:00,16.819024127462637
2024-02-15T08:00:00,16.836500914200492
2024-02-15T09:00:00,17.331604750260063
2024-02-15T10:00:00,18.309331064638883
2024-02-15T11:00:00,21.226904661759086
2024-02-15T12:00:00,27.161333830460258
2024-02-15T13:00:00,33.38684811799422
2024-02-15T14:00:00,39.442293250042454
2024-02-15T15:00:00,42.84083291758661
2024-02-15T16:00:00,42.29114068072775
2024-02-15T17:00:00,47.51453648442807
2024-02-15T18:00:00,53.41732605643894
2024-02-15T19:00:00,58.37826621014139
2024-02-15T20:00:00,60.77720758189325
2024-02-15T21:00:00,60.22218853494395
2024-02-15T22:00:00,57.72128611025602
2024-02-15T23:00:00,55.14941970161769
2024-02-16T00:00:00,54.48070658808169
2024-02-16T01:00:00,54.481659101403274
2024-02-16T02:00:00,37.645885135816485
2024-02-16T03:00:00,24.29152389194654
2024-02-16T04:00:00,19.351089062898055
2024-02-16T05:00:00,16.832725359045938
2024-02-16T06:00:00,16.10489563319994
2024-02-16T07:00:00,15.624915786411448
2024-02-16T08:00:00,15.908218135004457
2024-02-16T09:00:00,17.31574489759362
2024-02-16T10:00:00,20.28979857071586
2024-02-16T11:00:00,26.625727031541906
2024-02-16T12:00:00,35.66685635110606
2024-02-16T13:00:00,42.58427794083305
2024-02-16T14:00:00,47.996546869692594
2024-02-16T15:00:00,51.07814108807107
2024-02-16T16:00:00,54.11098248025645
2024-02-16T17:00:00,56.57298859306003
2024-02-16T18:00:00,59.144886846127704
2024-02-16T19:00:00,60.69868402895719
2024-02-16T20:00:00,60.89267415585725
2024-02-16T21:00:00,60.408273945684016
2024-02-16T22:00:00,58.84977705582328
2024-02-16T23:00:00,57.19695464424464
2024-02-17T00:00:00,56.553741620934524
2024-02-17T01:00:00,56.16116415936013
2024-02-17T02:00:00,42.72801689479661
2024-02-17T03:00:00,31.504536587259043
2024-02-17T04:00:00,26.130727270375125
2024-02-17T05:00:00,23.27525677888289
2024-02-17T06:00:00,21.74836440708326
2024-02-17T07:00:00,21.1173040970512
2024-02-17T08:00:00,20.953373038250465
2024-02-17T09:00:00,21.171934127807617
2024-02-17T10:00:00,22.10613814644191
2024-02-17T11:00:00,24.949066079181172
2024-02-17T12:00:00,31.408803691034727
2024-02-17T13:00:00,36.598425989565634
2024-02-17T14:00:00,39.20405081044073
2024-02-17T15:00:00,44.42024031929347
2024-02-17T16:00:00,50.684155339780055
2024-02-17T17:00:00,51.96803316862687
2024-02-17T18:00:00,50.35774944139563
2024-02-17T19:00:00,50.48421428514563
2024-02-17T20:00:00,51.78892832217009
2024-02-17T21:00:00,53.812850786292024
2024-02-17T22:00:00,50.819457841956094
2024-02-17T23:00:00,50.59410642540973
2024-02-18T00:00:00,51.61380983435589
2024-02-18T01:00:00,52.35619934745456
2024-02-18T02:00:00,44.631414993949555
2024-02-18T03:00:00,37.22114994214928
2024-02-18T04:00:00,31.379425463469133
2024-02-18T05:00:00,27.9845728666886
2024-02-18T06:00:00,26.336193996927012
2024-02-18T07:00:00,25.94918624214504
2024-02-18T08:00:00,26.5685511879299
2024-02-18T09:00:00,27.585759038510528
2024-02-18T10:00:00,29.167212030161977
2024-02-18T11:00:00,32.960539610489555
2024-02-18T12:00:00,40.89360295171323
2024-02-18T13:00:00,47.22075288192085
2024-02-18T14:00:00,51.393085313879915
2024-02-18T15:00:00,54.92547275709069
2024-02-18T16:00:00,58.24818237968113
2024-02-18T17:00:00,62.25135770051375
2024-02-18T18:00:00,63.570265396781586
2024-02-18T19:00:00,64.24928615404211
2024-02-18T20:00:00,64.99255271579908
2024-02-18T21:00:00,64.75966677458389
2024-02-18T22:00:00,64.14063229768172
2024-02-18T23:00:00,63.07765131411344
2024-02-19T00:00:00,60.82834691586701
2024-02-19T01:00:00,59.031320986540415
2024-02-19T02:00:00,42.387952887493626
2024-02-19T03:00:00,32.07227416660474
2024-02-19T04:00:00,26.264992009038508
2024-02-19T05:00:00,22.623545936916184
2024-02-19T06:00:00,20.707595659338907
2024-02-19T07:00:00,20.272831543632172
2024-02-19T08:00:00,20.746061490929645
2024-02-19T09:00:00,21.887286476466965
2024-02-19T10:00:00,23.778538745382555
2024-02-19T11:00:00,27.493143993875254
2024-02-19T12:00:00,34.52981335183848
2024-02-19T13:00:00,42.476931530496344
2024-02-19T14:00:00,48.5629010407821
2024-02-19T15:00:00,52.445596612018086
2024-02-19T16:00:00,55.24231603871221
2024-02-19T17:00:00,56.699009439219594
2024-02-19T18:00:00,57.7029042451278
2024-02-19T19:00:00,57.95898736041524
2024-02-19T20:00:00,58.393975796906844
2024-02-19T21:00:00,59.80847002112346
2024-02-19T22:00:00,60.640557496444025
2024-02-19T23:00:00,60.98146985924762
2024-02-20T00:00:00,61.86313546222189
2024-02-20T01:00:00,61.17136532327403
2024-02-20T02:00:00,39.52981302012567
2024-02-20T03:00:00,30.436856477156926
2024-02-20T04:00:00,25.345301835433293
2024-02-20T05:00:00,22.832368601923402
2024-02-20T06:00:00,21.41999294446862
2024-02-20T07:00:00,20.610099875408668
2024-02-20T08:00:00,20.198478118233055
2024-02-20T09:00:00,20.253426178641938
2024-02-20T10:00:00,20.587666552999742
2024-02-20T11:00:00,22.398324054220446
2024-02-20T12:00:00,26.710174560546875
2024-02-20T13:00:00,31.344194826872446
2024-02-20T14:00:00,37.306543267291524
2024-02-20T15:00:00,43.49729106737219
2024-02-20T16:00:00,53.503394748853594
2024-02-20T17:00:00,63.411996095076844
2024-02-20T18:00:00,73.78738569176716
2024-02-20T19:00:00,83.9825087837551
2024-02-20T20:00:00,91.27108333421789
2024-02-20T21:00:00,95.80040608281674
2024-02-20T22:00:00,98.80485401982845
2024-02-20T23:00:00,100.97231259553328
2024-02-21T00:00:00,102.42899455194888
2024-02-21T01:00:00,95.96721350628394
2024-02-21T02:00:00,53.40038117118503
2024-02-21T03:00:00,39.844493368397586
2024-02-21T04:00:00,37.88502900496773
2024-02-21T05:00:00,37.081735196320906
2024-02-21T06:00:00,36.1293486719546
2024-02-21T07:00:00,35.11744391399881
2024-02-21T08:00:00,34.099227075991415
2024-02-21T09:00:00,33.86919602103855
2024-02-21T10:00:00,34.69402702994969
2024-02-21T11:00:00,36.79816867994225
2024-02-21T12:00:00,44.59355180159858
2024-02-21T13:00:00,60.24785945726477
2024-02-21T14:00:00,76.51772042979364
2024-02-21T15:00:00,87.57389931056811
2024-02-21T16:00:00,104.85749485181724
2024-02-21T17:00:00,124.77175903320311
2024-02-21T18:00:00,143.08453236455503
2024-02-21T19:00:00,157.93574590268338
2024-02-21T20:00:00,168.38164221722144
2024-02-21T21:00:00,176.9974079961362
2024-02-21T22:00:00,183.28795656950578
2024-02-21T23:00:00,184.3489014998726
2024-02-22T00:00:00,183.98791702933931
2024-02-22T01:00:00,150.82308827275816
2024-02-22T02:00:00,102.07105885381284
2024-02-22T03:00:00,74.58451743747877
2024-02-22T04:00:00,62.96317622972571
2024-02-22T05:00:00,59.76578123673148
2024-02-22T06:00:00,60.15034518034561
2024-02-22T07:00:00,61.494800733483345
2024-02-22T08:00:00,62.54513383948284
2024-02-22T09:00:00,63.59839099386463
2024-02-22T10:00:00,66.48991161844003
2024-02-22T11:00:00,70.35307312011717
2024-02-22T12:00:00,77.96045883842136
2024-02-22T13:00:00,91.0601056969684
2024-02-22T14:00:00,91.90098140550694
2024-02-22T15:00:00,103.7937479433806
2024-02-22T16:00:00,120.76928213368289
2024-02-22T17:00:00,140.43778062903363
2024-02-22T18:00:00,160.29316512398094
2024-02-22T19:00:00,177.64181518554685
2024-02-22T20:00:00,191.54597274116844
2024-02-22T21:00:00,202.54569808296532
2024-02-22T22:00:00,210.1664587933084
2024-02-22T23:00:00,211.81613026494563
2024-02-23T00:00:00,197.28291121773097
2024-02-23T01:00:00,174.77234682829481
2024-02-23T02:00:00,103.90584099811056
2024-02-23T03:00:00,72.27132183572519
2024-02-23T04:00:00,61.44920614491337
2024-02-23T05:00:00,58.13411978016729
2024-02-23T06:00:00,56.7252548881199
2024-02-23T07:00:00,54.356741366179094
2024-02-23T08:00:00,53.30359898442807
2024-02-23T09:00:00,52.245674133300774
2024-02-23T10:00:00,54.0209788446841
2024-02-23T11:00:00,57.98141330221424
2024-02-23T12:00:00,64.05247995127802
2024-02-23T13:00:00,76.32004945174505
2024-02-23T14:00:00,88.34891443667202
2024-02-23T15:00:00,99.03484908394192
2024-02-23T16:00:00,105.61728867240573
2024-02-23T17:00:00,109.12386023479958
2024-02-23T18:00:00,105.3281667958135
2024-02-23T19:00:00,104.20167143448539
2024-02-23T20:00:00,103.48846369204313
2024-02-23T21:00:00,104.60751011060631
2024-02-23T22:00:00,106.30881500244139
2024-02-23T23:00:00,108.13111081330672
2024-02-24T00:00:00,108.53094747792119
2024-02-24T01:00:00,104.15314151929772
2024-02-24T02:00:00,77.73816216510275
2024-02-24T03:00:00,61.18405267466668
2024-02-24T04:00:00,58.61056850267493
2024-02-24T05:00:00,56.62583774069081
2024-02-24T06:00:00,54.743412847104274
2024-02-24T07:00:00,52.89838658208431
2024-02-24T08:00:00,51.708722321883485
2024-02-24T09:00:00,51.50366161180578
2024-02-24T10:00:00,53.66939826633618
2024-02-24T11:00:00,57.55114663165547
2024-02-24T12:00:00,65.88314786164656
2024-02-24T13:00:00,74.49690710979958
2024-02-24T14:00:00,81.86183100161344
2024-02-24T15:00:00,87.15318829080331
2024-02-24T16:00:00,90.0361281685207
2024-02-24T17:00:00,91.27874789030653
2024-02-24T18:00:00,91.8581486577573
2024-02-24T19:00:00,86.53027642291524
2024-02-24T20:00:00,73.46521924889605
2024-02-24T21:00:00,64.40238902879797
2024-02-24T22:00:00,58.40015444548233
2024-02-24T23:00:00,53.57720234083092
2024-02-25T00:00:00,48.7581380761188
2024-02-25T01:00:00,43.36129992941151
2024-02-25T02:00:00,32.52292856962784
2024-02-25T03:00:00,25.548264793727707
2024-02-25T04:00:00,23.753705149111536
2024-02-25T05:00:00,23.524487288101856
2024-02-25T06:00:00,23.397695624310035
2024-02-25T07:00:00,22.917700228483778
2024-02-25T08:00:00,22.31205434384553
2024-02-25T09:00:00,21.710447062616762
2024-02-25T10:00:00,21.429533916970954
2024-02-25T11:00:00,22.57541739422342
2024-02-25T12:00:00,27.777795791625977
2024-02-25T13:00:00,34.120634659476906
2024-02-25T14:00:00,37.85765175197435
2024-02-25T15:00:00,39.326946756114125
2024-02-25T16:00:00,38.089805105458126
2024-02-25T17:00:00,37.591842319654376
2024-02-25T18:00:00,37.41750717163086
2024-02-25T19:00:00,38.48487754490064
2024-02-25T20:00:00,41.22982555886973
2024-02-25T21:00:00,42.52660121088442
2024-02-25T22:00:00,41.37198954043181
2024-02-25T23:00:00,39.57808618960173
2024-02-26T00:00:00,38.464998328167454
2024-02-26T01:00:00,37.79665606954823
2024-02-26T02:00:00,24.455266786658242
2024-02-26T03:00:00,18.41301810223123
2024-02-26T04:00:00,15.303679217462955
2024-02-26T05:00:00,13.549948070360264
2024-02-26T06:00:00,12.189083348149838
2024-02-26T07:00:00,11.698605039845342
2024-02-26T08:00:00,11.392740581346594
2024-02-26T09:00:00,11.284253327742865
2024-02-26T10:00:00,11.71053998366646
2024-02-26T11:00:00,13.97640858525815
2024-02-26T12:00:00,19.92526576829993
2024-02-26T13:00:00,25.957876868869945
2024-02-26T14:00:00,29.584266082100246
2024-02-26T15:00:00,31.506059397821836
2024-02-26T16:00:00,33.61625306502633
2024-02-26T17:00:00,35.85679012796153
2024-02-26T18:00:00,36.284137891686484
2024-02-26T19:00:00,35.536445949388586
2024-02-26T20:00:00,34.40660891325577
2024-02-26T21:00:00,33.72280800860861
2024-02-26T22:00:00,32.791683197021484
2024-02-26T23:00:00,32.42339399586553
2024-02-27T00:00:00,32.14222601185674
2024-02-27T01:00:00,31.840340406998344
2024-02-27T02:00:00,24.124664638353426
2024-02-27T03:00:00,17.100237887838613
2024-02-27T04:00:00,14.326146001401154
2024-02-27T05:00:00,12.681159807288127
2024-02-27T06:00:00,11.279325402301287
2024-02-27T07:00:00,10.756251749785049
2024-02-27T08:00:00,10.901715361553688
2024-02-27T09:00:00,11.298425135405166
2024-02-27T10:00:00,11.708980892015537
2024-02-27T11:00:00,13.474404666734777
2024-02-27T12:00:00,19.923154748004414
2024-02-27T13:00:00,25.58451652526855
2024-02-27T14:00:00,25.939604634824004
2024-02-27T15:00:00,29.069656620854918
2024-02-27T16:00:00,34.29879992941151
2024-02-27T17:00:00,39.423382800558336
2024-02-27T18:00:00,44.81677378778872
2024-02-27T19:00:00,49.73399187170941
2024-02-27T20:00:00,54.34138919996178
2024-02-27T21:00:00,57.11485257356062
2024-02-27T22:00:00,59.57146337757939
2024-02-27T23:00:00,64.70993390290631
2024-02-28T00:00:00,67.01722518257472
2024-02-28T01:00:00,65.94989179528277
2024-02-28T02:00:00,35.18221017588739
2024-02-28T03:00:00,21.93058693927267
2024-02-28T04:00:00,16.998921518740445
2024-02-28T05:00:00,14.540615911069123
2024-02-28T06:00:00,14.06999347520911
2024-02-28T07:00:00,14.004744198011315
2024-02-28T08:00:00,13.9126384983892
2024-02-28T09:00:00,14.28970075690228
2024-02-28T10:00:00,15.274114608764648
2024-02-28T11:00:00,18.01293074566385
2024-02-28T12:00:00,24.307927919470742
2024-02-28T13:00:00,31.032135258550227
2024-02-28T14:00:00,36.522766444994055
2024-02-28T15:00:00,37.948087277619734
2024-02-28T16:00:00,37.943375960640275
2024-02-28T17:00:00,38.59885356737219
2024-02-28T18:00:00,40.881597104279884
2024-02-28T19:00:00,46.73033888443656
2024-02-28T20:00:00,54.35875055064325
2024-02-28T21:00:00,63.257702205492095
2024-02-28T22:00:00,68.10951730479364
2024-02-28T23:00:00,70.68940900719683
2024-02-29T00:00:00,72.05561729099438
2024-02-29T01:00:00,70.79206715459408
2024-02-29T02:00:00,38.83736618705417
2024-02-29T03:00:00,25.68450438457986
2024-02-29T04:00:00,19.906865741895594
2024-02-29T05:00:00,16.712201533110242
2024-02-29T06:00:00,15.496466926906416
2024-02-29T07:00:00,15.195845852727475
2024-02-29T08:00:00,15.28460013348123
2024-02-29T09:00:00,15.71263964279838
2024-02-29T10:00:00,16.756432906441066
2024-02-29T11:00:00,20.303322916445524
2024-02-29T12:00:00,27.847224691639774
2024-02-29T13:00:00,33.261643451193095
2024-02-29T14:00:00,34.153193929921024
2024-02-29T15:00:00,35.2709610151208
2024-02-29T16:00:00,38.43835167262865
2024-02-29T17:00:00,41.87948707912279
2024-02-29T18:00:00,45.883499974789814
2024-02-29T19:00:00,49.80157470703124
2024-02-29T20:00:00,54.08003151935079
2024-02-29T21:00:00,60.87591818104619
2024-02-29T22:00:00,65.47427069622537
2024-02-29T23:00:00,66.85560574738875
2024-03-01T00:00:00,68.55780659551205
2024-03-01T01:00:00,65.97664476477581
2024-03-01T02:00:00,37.03017243095066
2024-03-01T03:00:00,25.3419482189676
2024-03-01T04:00:00,20.36822567815366
2024-03-01T05:00:00,17.83901023864746
2024-03-01T06:00:00,16.522368306699004
2024-03-01T07:00:00,16.282727987869926
2024-03-01T08:00:00,16.499662399291992
2024-03-01T09:00:00,16.906994695248812
2024-03-01T10:00:00,17.590840049411938
2024-03-01T11:00:00,20.97606683814007
2024-03-01T12:00:00,27.114676682845403
2024-03-01T13:00:00,29.792582719222352
2024-03-01T14:00:00,31.740481998609457
2024-03-01T15:00:00,33.62485139266305
2024-03-01T16:00:00,36.146147520645805
2024-03-01T17:00:00,36.20048141479492
2024-03-01T18:00:00,35.306997547978945
2024-03-01T19:00:00,34.06445544698964
2024-03-01T20:00:00,33.3504758088485
2024-03-01T21:00:00,32.91884165224821
2024-03-01T22:00:00,35.155793894892156
2024-03-01T23:00:00,40.363832722539485
2024-03-02T00:00:00,46.19281636113705
2024-03-02T01:00:00,51.35094004092009
2024-03-02T02:00:00,33.33715090544327
2024-03-02T03:00:00,23.72289840034816
2024-03-02T04:00:00,18.932307865308676
2024-03-02T05:00:00,16.568463781605594
2024-03-02T06:00:00,15.632120547087293
2024-03-02T07:00:00,15.38755872975225
2024-03-02T08:00:00,15.708568738854451
2024-03-02T09:00:00,16.65984784001889
2024-03-02T10:00:00,18.212553853574008
2024-03-02T11:00:00,21.270083717677903
2024-03-02T12:00:00,29.093211713044532
2024-03-02T13:00:00,40.169579713240914
2024-03-02T14:00:00,51.39846237846042
2024-03-02T15:00:00,62.40076778246008
2024-03-02T16:00:00,71.82957027269444
2024-03-02T17:00:00,80.23978457243545
2024-03-02T18:00:00,87.3945906265922
2024-03-02T19:00:00,89.16144429082453
2024-03-02T20:00:00,89.27733214005178
2024-03-02T21:00:00,89.61725914996603
2024-03-02T22:00:00,89.16516511336616
2024-03-02T23:00:00,88.30428745435631
2024-03-03T00:00:00,87.38824562404466
2024-03-03T01:00:00,85.479772153108
2024-03-03T02:00:00,56.82875027863875
2024-03-03T03:00:00,38.88500678020974
2024-03-03T04:00:00,35.07574894117272
2024-03-03T05:00:00,33.99098039710003
2024-03-03T06:00:00,33.875034995701
2024-03-03T07:00:00,34.26497616975203
2024-03-03T08:00:00,34.56898830247962
2024-03-03T09:00:00,35.406131744384766
2024-03-03T10:00:00,36.49608164248259
2024-03-03T11:00:00,40.90855556985606
2024-03-03T12:00:00,50.55342798647673
2024-03-03T13:00:00,62.1655339780061
2024-03-03T14:00:00,75.17417576002038
2024-03-03T15:00:00,85.86898870053498
2024-03-03T16:00:00,91.64462645157523
2024-03-03T17:00:00,99.73797640593155
2024-03-03T18:00:00,102.57497870403786
2024-03-03T19:00:00,101.33351367452869
2024-03-03T20:00:00,98.73920739215353
2024-03-03T21:00:00,95.77098713750422
2024-03-03T22:00:00,93.79143690026324
2024-03-03T23:00:00,92.15319193964417
2024-03-04T00:00:00,90.84804800282352
2024-03-04T01:00:00,87.78750013268511
2024-03-04T02:00:00,61.034066905146055
2024-03-04T03:00:00,35.46695228244947
2024-03-04T04:00:00,28.084095747574512
2024-03-04T05:00:00,25.752751391866934
2024-03-04T06:00:00,24.751743648363195
2024-03-04T07:00:00,24.462955640709914
2024-03-04T08:00:00,24.58468379145083
2024-03-04T09:00:00,25.201525149138075
2024-03-04T10:00:00,26.6126769521962
2024-03-04T11:00:00,30.046792569367774
2024-03-04T12:00:00,39.28386041392451
2024-03-04T13:00:00,53.100117890731134
2024-03-04T14:00:00,66.81209597380264
2024-03-04T15:00:00,81.00718987506369
2024-03-04T16:00:00,94.55732362166694
2024-03-04T17:00:00,105.57009124755858
2024-03-04T18:00:00,113.78785672395124
2024-03-04T19:00:00,117.65274611763331
2024-03-04T20:00:00,115.76221134351647
2024-03-04T21:00:00,111.17130810281505
2024-03-04T22:00:00,108.51099760636038
2024-03-04T23:00:00,103.9267873349397
2024-03-05T00:00:00,101.6389521723208
2024-03-05T01:00:00,99.45431186841881
2024-03-05T02:00:00,72.90372301184613
2024-03-05T03:00:00,42.14778983074685
2024-03-05T04:00:00,29.95730740091075
2024-03-05T05:00:00,23.226119414619774
2024-03-05T06:00:00,19.448847646298614
2024-03-05T07:00:00,17.69430044422979
2024-03-05T08:00:00,17.111871968144953
2024-03-05T09:00:00,17.30789839703104
2024-03-05T10:00:00,18.478418267291524
2024-03-05T11:00:00,21.13706580452297
2024-03-05T12:00:00,30.287502869315766
2024-03-05T13:00:00,43.91425688370414
2024-03-05T14:00:00,58.952095695163884
2024-03-05T15:00:00,75.88439742378566
2024-03-05T16:00:00,93.28809489374575
2024-03-05T17:00:00,111.0464391293733
2024-03-05T18:00:00,128.7322536966075
2024-03-05T19:00:00,145.25812630031416
2024-03-05T20:00:00,159.73293437128478
2024-03-05T21:00:00,171.39649565323538
2024-03-05T22:00:00,181.57902991253397
2024-03-05T23:00:00,191.9950946310292
2024-03-06T00:00:00,197.76423976732335
2024-03-06T01:00:00,185.97166177500844
2024-03-06T02:00:00,91.06217359459917
2024-03-06T03:00:00,61.109940902046525
2024-03-06T04:00:00,48.85986228611158
2024-03-06T05:00:00,43.37150374702785
2024-03-06T06:00:00,41.167864426322595
2024-03-06T07:00:00,41.46352718187415
2024-03-06T08:00:00,43.440182229746945
2024-03-06T09:00:00,43.78908804188604
2024-03-06T10:00:00,43.48980497277301
2024-03-06T11:00:00,42.671243252961524
2024-03-06T12:00:00,43.48926444675611
2024-03-06T13:00:00,50.18866149238917
2024-03-06T14:00:00,56.40491983164911
2024-03-06T15:00:00,63.051636073900305
2024-03-06T16:00:00,69.13747737718664
2024-03-06T17:00:00,75.79308186406674
2024-03-06T18:00:00,83.54256041153616
2024-03-06T19:00:00,90.85186999777089
2024-03-06T20:00:00,96.03321937892746
2024-03-06T21:00:00,100.12961379341456
2024-03-06T22:00:00,104.63769365393597
2024-03-06T23:00:00,110.3607589058254
2024-03-07T00:00:00,116.67278721021567
2024-03-07T01:00:00,115.25943092677903
2024-03-07T02:00:00,61.10949242633321
2024-03-07T03:00:00,39.598853069802985
2024-03-07T04:00:00,36.32516462906546
2024-03-07T05:00:00,35.34464280501655
2024-03-07T06:00:00,34.69690671174423
2024-03-07T07:00:00,34.21250915527344
2024-03-07T08:00:00,34.16029374495797
2024-03-07T09:00:00,34.62803484045941
2024-03-07T10:00:00,36.10673705391262
2024-03-07T11:00:00,39.30186661430027
2024-03-07T12:00:00,46.82654687632685
2024-03-07T13:00:00,62.14403401250423
2024-03-07T14:00:00,78.2019447658373
2024-03-07T15:00:00,94.53917859948199
2024-03-07T16:00:00,108.70620827052903
2024-03-07T17:00:00,121.07796511442764
2024-03-07T18:00:00,131.75966975999913
2024-03-07T19:00:00,140.11883677606997
2024-03-07T20:00:00,144.15795533553413
2024-03-07T21:00:00,144.26734857973847
2024-03-07T22:00:00,140.90791785198707
2024-03-07T23:00:00,134.36168770168138
2024-03-08T00:00:00,126.60059356689453
2024-03-08T01:00:00,112.28624426800269
2024-03-08T02:00:00,67.08107641468878
2024-03-08T03:00:00,37.42887165235436
2024-03-08T04:00:00,29.76305132326872
2024-03-08T05:00:00,26.09876997574516
2024-03-08T06:00:00,25.415530495021653
2024-03-08T07:00:00,27.061136660368543
2024-03-08T08:00:00,29.887610808662743
2024-03-08T09:00:00,33.217076508895204
2024-03-08T10:00:00,37.08556117182193
2024-03-08T11:00:00,41.56536201808763
2024-03-08T12:00:00,51.972777491030484
2024-03-08T13:00:00,66.17869766898777
2024-03-08T14:00:00,78.38742695684017
2024-03-08T15:00:00,88.90799381421958
2024-03-08T16:00:00,96.98051518979278
2024-03-08T17:00:00,101.83521536122197
2024-03-08T18:00:00,103.22210693359374
2024-03-08T19:00:00,101.33566516378652
2024-03-08T20:00:00,97.60225179921024
2024-03-08T21:00:00,93.17990543531333
2024-03-08T22:00:00,88.7359572700832
2024-03-08T23:00:00,84.90510691767152
2024-03-09T00:00:00,82.36011040729025
2024-03-09T01:00:00,80.3672873455545
2024-03-09T02:00:00,66.60124156786047
2024-03-09T03:00:00,49.7213658871858
2024-03-09T04:00:00,52.18827255912448
2024-03-09T05:00:00,54.39435428121815
2024-03-09T06:00:00,56.32075119018554
2024-03-09T07:00:00,57.258348216181204
2024-03-09T08:00:00,57.3209815647291
2024-03-09T09:00:00,57.5921868034031
2024-03-09T10:00:00,59.791830809220016
2024-03-09T11:00:00,64.1178386522376
2024-03-09T12:00:00,75.4542524918266
2024-03-09T13:00:00,89.76672562308933
2024-03-09T14:00:00,102.39823084292203
2024-03-09T15:00:00,113.92775460948114
2024-03-09T16:00:00,123.44821166992188
2024-03-09T17:00:00,129.30289890455163
2024-03-09T18:00:00,131.15889109735903
2024-03-09T19:00:00,129.41835851254666
2024-03-09T20:00:00,126.38716191830841
2024-03-09T21:00:00,122.51349374522333
2024-03-09T22:00:00,118.35140460470447
2024-03-09T23:00:00,114.35329171885614
2024-03-10T00:00:00,110.89067674719767
2024-03-10T01:00:00,107.79370249872622
2024-03-10T02:00:00,86.78173695439877
2024-03-10T03:00:00,69.68865668255349
2024-03-10T04:00:00,65.39329993206522
2024-03-10T05:00:00,62.544759335725196
2024-03-10T06:00:00,58.40633309405782
2024-03-10T07:00:00,54.82044468755306
2024-03-10T08:00:00,53.692853181258485
2024-03-10T09:00:00,54.39575726052989
2024-03-10T10:00:00,56.67800355994182
2024-03-10T11:00:00,62.3881898962933
2024-03-10T12:00:00,73.96045419444208
2024-03-10T13:00:00,87.59657818338144
2024-03-10T14:00:00,99.98188051970108
2024-03-10T15:00:00,110.60856893788213
2024-03-10T16:00:00,118.66370789901067
2024-03-10T17:00:00,123.04538461436395
2024-03-10T18:00:00,123.92946226700491
2024-03-10T19:00:00,121.5223222815472
2024-03-10T20:00:00,115.48819268268086
2024-03-10T21:00:00,106.45162930695905
2024-03-10T22:00:00,97.22413900624151
2024-03-10T23:00:00,90.87308833910069
2024-03-11T00:00:00,89.16224604067594
2024-03-11T01:00:00,89.97866887631622
2024-03-11T02:00:00,68.8404544332753
2024-03-11T03:00:00,57.86848648734714
2024-03-11T04:00:00,51.40988424549931
2024-03-11T05:00:00,47.35154475336489
2024-03-11T06:00:00,44.710930865743876
2024-03-11T07:00:00,43.27202075460682
2024-03-11T08:00:00,42.64201189124066
2024-03-11T09:00:00,42.51981934257175
2024-03-11T10:00:00,43.28270174109417
2024-03-11T11:00:00,46.01185524981954
2024-03-11T12:00:00,52.241015226944626
2024-03-11T13:00:00,60.094631029211946
2024-03-11T14:00:00,69.75017348579739
2024-03-11T15:00:00,78.85542065164317
2024-03-11T16:00:00,86.26105333411175
2024-03-11T17:00:00,91.30852442202361
2024-03-11T18:00:00,94.44802060334577
2024-03-11T19:00:00,95.62840602708897
2024-03-11T20:00:00,93.34555053710936
2024-03-11T21:00:00,90.55830549157183
2024-03-11T22:00:00,88.27006099535069
2024-03-11T23:00:00,86.0666852204696
2024-03-12T00:00:00,84.40237526271653
2024-03-12T01:00:00,79.4352509871773
2024-03-12T02:00:00,53.497768733812414
2024-03-12T03:00:00,42.70724172177522
2024-03-12T04:00:00,37.20399889738663
2024-03-12T05:00:00,34.663092903468915
2024-03-12T06:00:00,33.010873545771055
2024-03-12T07:00:00,31.90309176237686
2024-03-12T08:00:00,31.111692677373473
2024-03-12T09:00:00,31.10036684119183
2024-03-12T10:00:00,32.224772909413204
2024-03-12T11:00:00,35.845005698826
2024-03-12T12:00:00,44.74421807994013
2024-03-12T13:00:00,56.84474629941194
2024-03-12T14:00:00,68.46090366529381
2024-03-12T15:00:00,79.1691725357719
2024-03-12T16:00:00,87.83268903649372
2024-03-12T17:00:00,93.86681863536005
2024-03-12T18:00:00,97.3417683476987
2024-03-12T19:00:00,98.20698978589928
2024-03-12T20:00:00,96.64830083432403
2024-03-12T21:00:00,95.5672673764436
2024-03-12T22:00:00,95.59792294709578
2024-03-12T23:00:00,96.33008243726647
2024-03-13T00:00:00,96.79229072902513
2024-03-13T01:00:00,95.82004712975542
2024-03-13T02:00:00,65.88160738737686
2024-03-13T03:00:00,39.92089694479237
2024-03-13T04:00:00,33.20719959424889
2024-03-13T05:00:00,31.41935763151749
2024-03-13T06:00:00,31.389302046402634
2024-03-13T07:00:00,32.13547640261442
2024-03-13T08:00:00,33.401994456415586
2024-03-13T09:00:00,35.309852268384844
2024-03-13T10:00:00,37.99428923233695
2024-03-13T11:00:00,42.91357007233992
2024-03-13T12:00:00,54.28131833283797
2024-03-13T13:00:00,73.07407312807828
2024-03-13T14:00:00,93.88117018989894
2024-03-13T15:00:00,117.69441156801969
2024-03-13T16:00:00,139.2375737065854
2024-03-13T17:00:00,157.91059477432916
2024-03-13T18:00:00,175.3151643172554
2024-03-13T19:00:00,192.40634752356488
2024-03-13T20:00:00,207.74148824940556
2024-03-13T21:00:00,220.79746876592222
2024-03-13T22:00:00,231.2021908967391
2024-03-13T23:00:00,239.23591348399282
2024-03-14T00:00:00,244.60697406271225
2024-03-14T01:00:00,228.4027106243631
2024-03-14T02:00:00,133.31587617293647
2024-03-14T03:00:00,88.46049930738366
2024-03-14T04:00:00,68.60464178997536
2024-03-14T05:00:00,59.1288719177246
2024-03-14T06:00:00,54.94025786026664
2024-03-14T07:00:00,52.82972733870796
2024-03-14T08:00:00,51.507442474365234
2024-03-14T09:00:00,51.35344513602878
2024-03-14T10:00:00,52.23297202068825
2024-03-14T11:00:00,54.02326749718707
2024-03-14T12:00:00,64.28601903500764
2024-03-14T13:00:00,86.28073186459748
2024-03-14T14:00:00,112.53877357814622
2024-03-14T15:00:00,140.12444073220956
2024-03-14T16:00:00,167.51858321480128
2024-03-14T17:00:00,192.911504994268
2024-03-14T18:00:00,214.69901176120922
2024-03-14T19:00:00,230.5503626284392
2024-03-14T20:00:00,238.93024809464163
2024-03-14T21:00:00,239.53845546556553
2024-03-14T22:00:00,234.8315522567085
2024-03-14T23:00:00,226.4172728165336
2024-03-15T00:00:00,216.61086505392322
2024-03-15T01:00:00,199.6311851169752
2024-03-15T02:00:00,101.26671898883322
2024-03-15T03:00:00,60.2828020842179
2024-03-15T04:00:00,45.56547181502632
2024-03-15T05:00:00,40.333416482676625
2024-03-15T06:00:00,38.182849884033196
2024-03-15T07:00:00,37.23494322403617
2024-03-15T08:00:00,36.8624736951745
2024-03-15T09:00:00,37.70700122999108
2024-03-15T10:00:00,39.88883375084919
2024-03-15T11:00:00,43.42525465592094
2024-03-15T12:00:00,52.3471102507218
2024-03-15T13:00:00,64.67930420585299
2024-03-15T14:00:00,77.89198336393936
2024-03-15T15:00:00,97.66751164975373
2024-03-15T16:00:00,120.23340042777681
2024-03-15T17:00:00,141.9709260360054
2024-03-15T18:00:00,144.11684119183084
2024-03-15T19:00:00,156.9861775273862
2024-03-15T20:00:00,170.7365437383237
2024-03-15T21:00:00,184.083591627038
2024-03-15T22:00:00,196.21047641920003
2024-03-15T23:00:00,206.46084793754244
2024-03-16T00:00:00,212.6562002430791
2024-03-16T01:00:00,181.51973293138587
2024-03-16T02:00:00,86.87667879850967
2024-03-16T03:00:00,53.13439294566278
2024-03-16T04:00:00,43.584235315737516
2024-03-16T05:00:00,36.07394376008406
2024-03-16T06:00:00,30.63555004285729
2024-03-16T07:00:00,27.407919012981907
2024-03-16T08:00:00,25.44011057978091
2024-03-16T09:00:00,24.729021818741504
2024-03-16T10:00:00,24.6702591439952
2024-03-16T11:00:00,26.536225526229195
2024-03-16T12:00:00,33.193288471387774
2024-03-16T13:00:00,41.019438536270805
2024-03-16T14:00:00,46.664276620616086
2024-03-16T15:00:00,49.01473119984502
2024-03-16T16:00:00,52.77791894000509
2024-03-16T17:00:00,58.853095344875165
2024-03-16T18:00:00,66.32664705359417
2024-03-16T19:00:00,72.88916562951128
2024-03-16T20:00:00,76.65278658659562
2024-03-16T21:00:00,82.20521943465522
2024-03-16T22:00:00,83.36695065705672
2024-03-16T23:00:00,79.83310052622919
2024-03-17T00:00:00,73.80625252101731
2024-03-17T01:00:00,63.21536006098208
2024-03-17T02:00:00,45.26868339206861
2024-03-17T03:00:00,18.887582944787063
2024-03-17T04:00:00,13.105984231700067
2024-03-17T05:00:00,11.773550738459047
2024-03-17T06:00:00,11.329374023105787
2024-03-17T07:00:00,11.291151627250338
2024-03-17T08:00:00,11.436650981073793
2024-03-17T09:00:00,11.773570268050483
2024-03-17T10:00:00,12.400594255198603
2024-03-17T11:00:00,13.679746130238406
2024-03-17T12:00:00,19.468536294024922
2024-03-17T13:00:00,28.800837558248766
2024-03-17T14:00:00,37.184367304262906
2024-03-17T15:00:00,45.02449135158373
2024-03-17T16:00:00,51.233744248099946
2024-03-17T17:00:00,55.30122292560079
2024-03-17T18:00:00,56.491000465724774
2024-03-17T19:00:00,55.10790600983992
2024-03-17T20:00:00,52.522864963697344
2024-03-17T21:00:00,50.444069572117016
2024-03-17T22:00:00,48.99883320020592
2024-03-17T23:00:00,47.483785214631446
2024-03-18T00:00:00,46.216204104216196
2024-03-18T01:00:00,45.27867358663807
2024-03-18T02:00:00,27.68441813925038
2024-03-18T03:00:00,15.6793562847635
2024-03-18T04:00:00,13.493557390959364
2024-03-18T05:00:00,12.96273774686067
2024-03-18T06:00:00,13.168250125387438
2024-03-18T07:00:00,13.876988493877905
2024-03-18T08:00:00,14.945899507273799
2024-03-18T09:00:00,16.413524544757344
2024-03-18T10:00:00,18.449206725410793
2024-03-18T11:00:00,21.63345394963803
2024-03-18T12:00:00,29.51399811454441
2024-03-18T13:00:00,41.47673913706903
2024-03-18T14:00:00,53.363039763077445
2024-03-18T15:00:00,65.19358991539995
2024-03-18T16:00:00,75.57511072573455
2024-03-18T17:00:00,83.3459416265073
2024-03-18T18:00:00,87.81695191756539
2024-03-18T19:00:00,88.98375934103261
2024-03-18T20:00:00,88.58895310111666
2024-03-18T21:00:00,88.57061933434527
2024-03-18T22:00:00,89.33025028394614
2024-03-18T23:00:00,90.51346123736838
2024-03-19T00:00:00,93.90218419614045
2024-03-19T01:00:00,91.40539882494055
2024-03-19T02:00:00,57.602506886357844
2024-03-19T03:00:00,36.10649838654891
2024-03-19T04:00:00,29.82736745087996
2024-03-19T05:00:00,27.27700913470724
2024-03-19T06:00:00,26.062187609465223
2024-03-19T07:00:00,25.44286902054496
2024-03-19T08:00:00,25.257012574569035
2024-03-19T09:00:00,25.736239225968067
2024-03-19T10:00:00,26.994090702222742
2024-03-19T11:00:00,30.232259833294407
2024-03-19T12:00:00,39.141806395157516
2024-03-19T13:00:00,53.48692902274753
2024-03-19T14:00:00,68.63318368662958
2024-03-19T15:00:00,85.52663454802139
2024-03-19T16:00:00,102.71373914635699
2024-03-19T17:00:00,117.91143865170685
2024-03-19T18:00:00,127.95515674093495
2024-03-19T19:00:00,130.78378096870753
2024-03-19T20:00:00,126.69662177044411
2024-03-19T21:00:00,119.26306251857592
2024-03-19T22:00:00,113.6681730850883
2024-03-19T23:00:00,110.65248937192169
2024-03-20T00:00:00,107.16011644446331
2024-03-20T01:00:00,96.28894407852835
2024-03-20T02:00:00,61.54598153155783
2024-03-20T03:00:00,45.75695220283839
2024-03-20T04:00:00,34.98535040150518
2024-03-20T05:00:00,29.14720991383428
2024-03-20T06:00:00,25.8552712150242
2024-03-20T07:00:00,24.075398486593496
2024-03-20T08:00:00,23.22908185875934
2024-03-20T09:00:00,23.216860729715094
2024-03-20T10:00:00,23.831236466117527
2024-03-20T11:00:00,26.016078866046403
2024-03-20T12:00:00,32.88874103711999
2024-03-20T13:00:00,43.98290302442467
2024-03-20T14:00:00,54.21624175361964
2024-03-20T15:00:00,64.81422042846678
2024-03-20T16:00:00,64.90021912947944
2024-03-20T17:00:00,73.38286192520805
2024-03-20T18:00:00,78.04289676832114
2024-03-20T19:00:00,76.49774849933125
2024-03-20T20:00:00,59.95606861943783
2024-03-20T21:00:00,58.650435572085165
2024-03-20T22:00:00,59.66172906626825
2024-03-20T23:00:00,63.82824308975883
2024-03-21T00:00:00,73.17998172925866
2024-03-21T01:00:00,65.77271469779636
2024-03-21T02:00:00,27.661014142243758
2024-03-21T03:00:00,17.60073305212933
2024-03-21T04:00:00,13.559329032897947
2024-03-21T05:00:00,11.440626227337379
2024-03-21T06:00:00,10.682225766389264
2024-03-21T07:00:00,10.992230249487834
2024-03-21T08:00:00,11.680710916933805
2024-03-21T09:00:00,12.622699903405229
2024-03-21T10:00:00,14.175401646157969
2024-03-21T11:00:00,16.073722010073453
2024-03-21T12:00:00,19.82155998893406
2024-03-21T13:00:00,25.393666972284727
2024-03-21T14:00:00,33.27555291549018
2024-03-21T15:00:00,39.38334307463273
2024-03-21T16:00:00,44.975125188412875
2024-03-21T17:00:00,50.84866150565769
2024-03-21T18:00:00,55.928786070450485
2024-03-21T19:00:00,63.23305760259213
2024-03-21T20:00:00,72.86369074945864
2024-03-21T21:00:00,84.05206398341964
2024-03-21T22:00:00,94.96942072329313
2024-03-21T23:00:00,103.79563406239384
2024-03-22T00:00:00,108.01439434549081
2024-03-22T01:00:00,102.73117529827614
2024-03-22T02:00:00,46.67974281311035
2024-03-22T03:00:00,22.312506965968918
2024-03-22T04:00:00,16.113701281340223
2024-03-22T05:00:00,14.911458678867504
2024-03-22T06:00:00,15.897794557654336
2024-03-22T07:00:00,16.485256153604254
2024-03-22T08:00:00,16.488412359486457
2024-03-22T09:00:00,15.634312463843305
2024-03-22T10:00:00,15.356852116792096
2024-03-22T11:00:00,19.02415715093198
2024-03-22T12:00:00,24.480402987936266
2024-03-22T13:00:00,31.004694233769953
2024-03-22T14:00:00,37.36612319946289
2024-03-22T15:00:00,41.702007791270375
2024-03-22T16:00:00,45.87517315408457
2024-03-22T17:00:00,50.491670028023094
2024-03-22T18:00:00,56.06784472258194
2024-03-22T19:00:00,58.016607201617695
2024-03-22T20:00:00,59.968064183774196
2024-03-22T21:00:00,63.10097735861073
2024-03-22T22:00:00,61.54897540548573
2024-03-22T23:00:00,64.70249474566916
2024-03-23T00:00:00,74.0920002149499
2024-03-23T01:00:00,73.12524480405061
2024-03-23T02:00:00,38.19040630174719
2024-03-23T03:00:00,22.27159549878991
2024-03-23T04:00:00,16.252018057781715
2024-03-23T05:00:00,13.808538768602453
2024-03-23T06:00:00,12.639100530873172
2024-03-23T07:00:00,12.18016939577849
2024-03-23T08:00:00,12.33239003886347
2024-03-23T09:00:00,12.923394617827041
2024-03-23T10:00:00,13.855903584024178
2024-03-23T11:00:00,15.969957351684569
2024-03-23T12:00:00,19.864659350851305
2024-03-23T13:00:00,26.43307420481806
2024-03-23T14:00:00,32.28539408808169
2024-03-23T15:00:00,35.148769212805696
2024-03-23T16:00:00,37.88293274589206
2024-03-23T17:00:00,39.07685172039529
2024-03-23T18:00:00,40.65338632334833
2024-03-23T19:00:00,40.25705287767492
2024-03-23T20:00:00,33.899474931799844
2024-03-23T21:00:00,34.33909076193104
2024-03-23T22:00:00,34.792746336563766
2024-03-23T23:00:00,35.347994431205414
2024-03-24T00:00:00,36.40192512843919
2024-03-24T01:00:00,34.158611131751016
2024-03-24T02:00:00,24.942139169444207
2024-03-24T03:00:00,20.49204527813455
2024-03-24T04:00:00,17.918653405230977
2024-03-24T05:00:00,16.304614398790438
2024-03-24T06:00:00,15.366030485733694
2024-03-24T07:00:00,14.519886763199514
2024-03-24T08:00:00,13.774252435435418
2024-03-24T09:00:00,13.363425379214078
2024-03-24T10:00:00,13.569729348887567
2024-03-24T11:00:00,15.739672121794326
2024-03-24T12:00:00,20.626932558806043
2024-03-24T13:00:00,25.59985077899435
2024-03-24T14:00:00,28.328073418658708
2024-03-24T15:00:00,31.031291381172508
2024-03-24T16:00:00,33.92996481190556
2024-03-24T17:00:00,36.93733629973038
2024-03-24T18:00:00,39.29794062738833
2024-03-24T19:00:00,40.539679154105805
2024-03-24T20:00:00,41.82366246762483
2024-03-24T21:00:00,42.53563176030697
2024-03-24T22:00:00,43.49996749214504
2024-03-24T23:00:00,45.49509479688562
2024-03-25T00:00:00,47.40468846196713
2024-03-25T01:00:00,42.94483135057532
2024-03-25T02:00:00,23.58719494031823
2024-03-25T03:00:00,18.117343736731485
2024-03-25T04:00:00,15.475489616394041
2024-03-25T05:00:00,14.337830045948857
2024-03-25T06:00:00,13.705698013305662
2024-03-25T07:00:00,13.491174739340076
2024-03-25T08:00:00,13.635476236758024
2024-03-25T09:00:00,14.00028444373089
2024-03-25T10:00:00,14.628871586011801
2024-03-25T11:00:00,15.89103881172512
2024-03-25T12:00:00,20.560488244761586
2024-03-25T13:00:00,27.622016160384465
2024-03-25T14:00:00,35.6942196721616
2024-03-25T15:00:00,43.65214903458305
2024-03-25T16:00:00,50.11888686470363
2024-03-25T17:00:00,54.97781786711319
2024-03-25T18:00:00,60.88235987787661
2024-03-25T19:00:00,66.79893510237984
2024-03-25T20:00:00,69.28692660124406
2024-03-25T21:00:00,68.46338155995244
2024-03-25T22:00:00,65.72071738865064
2024-03-25T23:00:00,61.53536804862643
2024-03-26T00:00:00,50.3648218901261
2024-03-26T01:00:00,40.50608941783076
2024-03-26T02:00:00,28.30115882210109
2024-03-26T03:00:00,21.351943140444543
2024-03-26T04:00:00,18.737990752510402
2024-03-26T05:00:00,17.351515811422594
2024-03-26T06:00:00,16.75316914268162
2024-03-26T07:00:00,16.66522917540177
2024-03-26T08:00:00,16.75084595058275
2024-03-26T09:00:00,16.84492326819378
2024-03-26T10:00:00,17.10828988448433
2024-03-26T11:00:00,17.863436657449473
2024-03-26T12:00:00,20.4131152111551
2024-03-26T13:00:00,24.278589746226434
2024-03-26T14:00:00,31.060556328814958
2024-03-26T15:00:00,37.774968354598336
2024-03-26T16:00:00,43.32931369283925
2024-03-26T17:00:00,49.49862106986667
2024-03-26T18:00:00,54.00365530926248
2024-03-26T19:00:00,57.71951559315556
2024-03-26T20:00:00,65.08649345066235
2024-03-26T21:00:00,76.3499706102454
2024-03-26T22:00:00,84.4703598022461
2024-03-26T23:00:00,85.82974209992781
2024-03-27T00:00:00,80.12463942818019
2024-03-27T01:00:00,65.6783221700917
2024-03-27T02:00:00,33.42443748142408
2024-03-27T03:00:00,20.81111833323603
2024-03-27T04:00:00,16.2439138578332
2024-03-27T05:00:00,14.256692637567932
2024-03-27T06:00:00,13.796659718389096
2024-03-27T07:00:00,14.021037557850711
2024-03-27T08:00:00,14.220545354096783
2024-03-27T09:00:00,14.75062092490818
2024-03-27T10:00:00,16.304912815923274
2024-03-27T11:00:00,19.23720940299656
2024-03-27T12:00:00,25.201399512912914
2024-03-27T13:00:00,30.49827210799507
2024-03-27T14:00:00,32.44143527487049
2024-03-27T15:00:00,35.996526137642235
2024-03-27T16:00:00,39.106069481891126
2024-03-27T17:00:00,42.81337704865828
2024-03-27T18:00:00,45.48963248211404
2024-03-27T19:00:00,49.23955502717391
2024-03-27T20:00:00,54.12735731705375
2024-03-27T21:00:00,61.34974056741465
2024-03-27T22:00:00,67.05051173334535
2024-03-27T23:00:00,69.67565868211828
2024-03-28T00:00:00,68.47133420861286
2024-03-28T01:00:00,63.0352554321289
2024-03-28T02:00:00,36.30952329220979
2024-03-28T03:00:00,22.29285505543584
2024-03-28T04:00:00,18.42689414646314
2024-03-28T05:00:00,17.15958881378174
2024-03-28T06:00:00,16.190621251645293
2024-03-28T07:00:00,15.733058805051058
2024-03-28T08:00:00,15.665563251661215
2024-03-28T09:00:00,16.00535023730734
2024-03-28T10:00:00,17.164645485256028
2024-03-28T11:00:00,18.809371118960172
2024-03-28T12:00:00,25.581982737002164
2024-03-28T13:00:00,38.36937663866126
2024-03-28T14:00:00,52.64741416599439
2024-03-28T15:00:00,64.57787721053414
2024-03-28T16:00:00,59.67219526871389
2024-03-28T17:00:00,65.84684396826702
2024-03-28T18:00:00,71.08025666941766
2024-03-28T19:00:00,74.85419348011845
2024-03-28T20:00:00,80.05008763852327
2024-03-28T21:00:00,85.41968834918477
2024-03-28T22:00:00,87.03680950662364
2024-03-28T23:00:00,67.42026602703591
2024-03-29T00:00:00,48.78937431003735
2024-03-29T01:00:00,42.80772715029508
2024-03-29T02:00:00,28.95256838591202
2024-03-29T03:00:00,21.439261643782906
2024-03-29T04:00:00,17.37108682549518
2024-03-29T05:00:00,15.125574485115381
2024-03-29T06:00:00,13.685703277587889
2024-03-29T07:00:00,12.851219674815301
2024-03-29T08:00:00,12.370066559833027
2024-03-29T09:00:00,12.264497466709301
2024-03-29T10:00:00,12.829327334528383
2024-03-29T11:00:00,14.626793695532756
2024-03-29T12:00:00,20.871727984884508
2024-03-29T13:00:00,34.22568130493163
2024-03-29T14:00:00,47.902409926704735
2024-03-29T15:00:00,63.07162160458771
2024-03-29T16:00:00,77.87428117835003
2024-03-29T17:00:00,89.62135149085002
2024-03-29T18:00:00,97.37332485033117
2024-03-29T19:00:00,100.11342222794241
2024-03-29T20:00:00,98.65606125541355
2024-03-29T21:00:00,94.49656046991763
2024-03-29T22:00:00,88.86630879277767
2024-03-29T23:00:00,82.50543826559316
2024-03-30T00:00:00,75.46221675043519
2024-03-30T01:00:00,65.71749413531758
2024-03-30T02:00:00,34.01461161737856
2024-03-30T03:00:00,17.77233074022376
2024-03-30T04:00:00,14.902737285779871
2024-03-30T05:00:00,13.937568747478982
2024-03-30T06:00:00,13.550341896388842
2024-03-30T07:00:00,13.555488835210383
2024-03-30T08:00:00,14.0896985012552
2024-03-30T09:00:00,15.199578285217282
2024-03-30T10:00:00,17.0683420015418
2024-03-30T11:00:00,19.893667221069336
2024-03-30T12:00:00,27.54940588577934
2024-03-30T13:00:00,42.95768173881199
2024-03-30T14:00:00,54.71209418255349
2024-03-30T15:00:00,71.0216479094132
2024-03-30T16:00:00,90.39602229906164
2024-03-30T17:00:00,109.4664837381114
2024-03-30T18:00:00,128.17188826851222
2024-03-30T19:00:00,148.71599545686138
2024-03-30T20:00:00,167.81600355065385
2024-03-30T21:00:00,183.22985574473503
2024-03-30T22:00:00,192.9937518575917
2024-03-30T23:00:00,197.4871600607167
2024-03-31T00:00:00,195.9396229619565
2024-03-31T01:00:00,149.9390278691831
2024-03-31T02:00:00,62.83534738291864
2024-03-31T03:00:00,38.33326207036557
2024-03-31T04:00:00,29.258449139802348
2024-03-31T05:00:00,24.64578189020571
2024-03-31T06:00:00,21.62840494902237
2024-03-31T07:00:00,19.26052010577658
2024-03-31T08:00:00,17.64220511394998
2024-03-31T09:00:00,16.816911863244098
2024-03-31T10:00:00,16.728303867837656
2024-03-31T11:00:00,17.666330503380816
2024-03-31T12:00:00,20.555089784705117
2024-03-31T13:00:00,31.578369223553196
2024-03-31T14:00:00,42.613237132196836
2024-03-31T15:00:00,54.18200600665548
2024-03-31T16:00:00,67.92993329918903
2024-03-31T17:00:00,81.97478485107422
2024-03-31T18:00:00,95.63050145688263
2024-03-31T19:00:00,108.5542695418648
2024-03-31T20:00:00,120.39825538966966
2024-03-31T21:00:00,130.43451856530228
2024-03-31T22:00:00,136.1897549836532
2024-03-31T23:00:00,138.3041600766389
2024-04-01T00:00:00,138.30637260105297
2024-04-01T01:00:00,104.20535477347995
2024-04-01T02:00:00,40.945684515911594
2024-04-01T03:00:00,29.448559139085848
2024-04-01T04:00:00,23.638695011968196
2024-04-01T05:00:00,19.898237021073047
2024-04-01T06:00:00,17.04529161038606
2024-04-01T07:00:00,14.92042359061863
2024-04-01T08:00:00,13.476898856784985
2024-04-01T09:00:00,13.0398588180542
2024-04-01T10:00:00,13.257501685101051
2024-04-01T11:00:00,14.752154764921766
2024-04-01T12:00:00,14.766001867211383
2024-04-01T13:00:00,16.158342610234797
2024-04-01T14:00:00,17.744280317555305
2024-04-01T15:00:00,19.735420517299485
2024-04-01T16:00:00,22.392827987670895
2024-04-01T17:00:00,25.02679277502972
2024-04-01T18:00:00,27.24894855333411
2024-04-01T19:00:00,30.849112220432442
2024-04-01T20:00:00,35.58321256222931
2024-04-01T21:00:00,44.50257856949516
2024-04-01T22:00:00,55.76966493026069
2024-04-01T23:00:00,68.07988241444463
2024-04-02T00:00:00,78.17893683392067
2024-04-02T01:00:00,65.87650945912236
2024-04-02T02:00:00,29.75544523156207
2024-04-02T03:00:00,21.62093560591988
2024-04-02T04:00:00,18.242792295373
2024-04-02T05:00:00,16.0487815608149
2024-04-02T06:00:00,14.35005519701087
2024-04-02T07:00:00,13.255185500435205
2024-04-02T08:00:00,13.042056539784305
2024-04-02T09:00:00,13.274769243986709
2024-04-02T10:00:00,14.31861002548881
2024-04-02T11:00:00,15.194221247797424
2024-04-02T12:00:00,16.927538913229235
2024-04-02T13:00:00,22.496498812799867
2024-04-02T14:00:00,29.34272446839705
2024-04-02T15:00:00,35.985391533893086
2024-04-02T16:00:00,44.724044468091876
2024-04-02T17:00:00,54.79843745024307
2024-04-02T18:00:00,65.16800921896228
2024-04-02T19:00:00,75.63770659073539
2024-04-02T20:00:00,80.85648777173913
2024-04-02T21:00:00,86.91751861572264
2024-04-02T22:00:00,99.5138994299847
2024-04-02T23:00:00,114.94756814707878
2024-04-03T00:00:00,125.37633613918136
2024-04-03T01:00:00,102.30544745403786
2024-04-03T02:00:00,45.6020741670028
2024-04-03T03:00:00,33.43858644236689
2024-04-03T04:00:00,29.253682177999746
2024-04-03T05:00:00,26.438539339148477
2024-04-03T06:00:00,24.374719205109965
2024-04-03T07:00:00,22.47362485139266
2024-04-03T08:00:00,20.83523020537003
2024-04-03T09:00:00,19.71660286447276
2024-04-03T10:00:00,19.595484277476434
2024-04-03T11:00:00,20.553672790527344
2024-04-03T12:00:00,23.835886747940723
2024-04-03T13:00:00,35.66266350124193
2024-04-03T14:00:00,50.72081275608228
2024-04-03T15:00:00,62.09304577371347
2024-04-03T16:00:00,55.13525705752165
2024-04-03T17:00:00,63.55341903023097
2024-04-03T18:00:00,63.84748060806936
2024-04-03T19:00:00,65.36434654567552
2024-04-03T20:00:00,70.01768576580544
2024-04-03T21:00:00,78.1800251836362
2024-04-03T22:00:00,91.32677194346552
2024-04-03T23:00:00,104.78923963463825
2024-04-04T00:00:00,115.30087213930875
2024-04-04T01:00:00,93.90576569930366
2024-04-04T02:00:00,41.0337615635084
2024-04-04T03:00:00,28.372683981190555
2024-04-04T04:00:00,21.07053474757982
2024-04-04T05:00:00,16.616120255511735
2024-04-04T06:00:00,13.767728142116379
2024-04-04T07:00:00,12.310418087503184
2024-04-04T08:00:00,11.401779713837994
2024-04-04T09:00:00,11.196102308190385
2024-04-04T10:00:00,11.5095273722773
2024-04-04T11:00:00,12.893595073534094
2024-04-04T12:00:00,13.561947449393893
2024-04-04T13:00:00,19.90821423737899
2024-04-04T14:00:00,31.19740975421408
2024-04-04T15:00:00,43.4862587970236
2024-04-04T16:00:00,58.29408695386803
2024-04-04T17:00:00,75.5050287661345
2024-04-04T18:00:00,94.04072239087975
2024-04-04T19:00:00,111.52860160495922
2024-04-04T20:00:00,127.18072974163552
2024-04-04T21:00:00,141.23819301439366
2024-04-04T22:00:00,152.0958968452785
2024-04-04T23:00:00,161.2387881071671
2024-04-05T00:00:00,171.62276292883828
2024-04-05T01:00:00,130.88333163054094
2024-04-05T02:00:00,62.23251823757005
2024-04-05T03:00:00,41.374793674634844
2024-04-05T04:00:00,34.207640523495876
2024-04-05T05:00:00,29.774922080661934
2024-04-05T06:00:00,26.18017462025518
2024-04-05T07:00:00,23.162701067717176
2024-04-05T08:00:00,20.40745797364608
2024-04-05T09:00:00,18.227312627046004
2024-04-05T10:00:00,17.624977194744606
2024-04-05T11:00:00,16.496141226395316
2024-04-05T12:00:00,20.136703491210934
2024-04-05T13:00:00,29.897418478260864
2024-04-05T14:00:00,37.815204952074126
2024-04-05T15:00:00,30.25620012697966
2024-04-05T16:00:00,40.429280903028406
2024-04-05T17:00:00,51.96434460515561
2024-04-05T18:00:00,64.76969710640283
2024-04-05T19:00:00,77.82555472332497
2024-04-05T20:00:00,89.92285653819208
2024-04-05T21:00:00,104.99982087508491
2024-04-05T22:00:00,121.50232762875764
2024-04-05T23:00:00,135.5112414152726
2024-04-06T00:00:00,147.92816062595531
2024-04-06T01:00:00,119.31610107421872
2024-04-06T02:00:00,60.760939390762985
2024-04-06T03:00:00,44.731363379436985
2024-04-06T04:00:00,38.178086156430446
2024-04-06T05:00:00,35.241633871327274
2024-04-06T06:00:00,33.42520456728728
2024-04-06T07:00:00,32.164978110271946
2024-04-06T08:00:00,31.09684703661048
2024-04-06T09:00:00,30.1127466948136
2024-04-06T10:00:00,29.6338649418043
2024-04-06T11:00:00,29.65067664436672
2024-04-06T12:00:00,33.42504957447881
2024-04-06T13:00:00,44.306515237559445
2024-04-06T14:00:00,57.87225408139435
2024-04-06T15:00:00,75.25285936438519
2024-04-06T16:00:00,94.37031886888586
2024-04-06T17:00:00,115.5050287661345
2024-04-06T18:00:00,136.80820166546363
2024-04-06T19:00:00,156.52615754500675
2024-04-06T20:00:00,174.07235187032947
2024-04-06T21:00:00,188.34305340310797
2024-04-06T22:00:00,198.48414412788722
2024-04-06T23:00:00,203.51919422978935
2024-04-07T00:00:00,204.12709642493203
2024-04-07T01:00:00,173.32711791992188
2024-04-07T02:00:00,71.12446959122367
2024-04-07T03:00:00,45.87077198857846
2024-04-07T04:00:00,36.91185478542162
2024-04-07T05:00:00,33.774085915606946
2024-04-07T06:00:00,32.35826293281886
2024-04-07T07:00:00,31.69708616837211
2024-04-07T08:00:00,31.286127339238707
2024-04-07T09:00:00,31.278173944224477
2024-04-07T10:00:00,32.16635753797448
2024-04-07T11:00:00,33.67484358082646
2024-04-07T12:00:00,38.77917016070822
2024-04-07T13:00:00,52.57504902715267
2024-04-07T14:00:00,67.59865387626314
2024-04-07T15:00:00,65.16106182595958
2024-04-07T16:00:00,66.9307113315748
2024-04-07T17:00:00,71.42176835433297
2024-04-07T18:00:00,82.23663131050441
2024-04-07T19:00:00,95.04328553572944
2024-04-07T20:00:00,107.68750696596891
2024-04-07T21:00:00,120.17134260094683
2024-04-07T22:00:00,133.78908704674762
2024-04-07T23:00:00,148.55991595724353
2024-04-08T00:00:00,162.11342454993206
2024-04-08T01:00:00,114.51229228144106
2024-04-08T02:00:00,51.155741815981656
2024-04-08T03:00:00,41.790604301120915
2024-04-08T04:00:00,34.67340726437776
2024-04-08T05:00:00,29.328901539678156
2024-04-08T06:00:00,25.006751433662746
2024-04-08T07:00:00,21.833379496698793
2024-04-08T08:00:00,19.554061226222824
2024-04-08T09:00:00,18.311030263486117
2024-04-08T10:00:00,18.359163118445355
2024-04-08T11:00:00,19.514764536981993
2024-04-08T12:00:00,20.179264234459918
2024-04-08T13:00:00,27.029522273851477
2024-04-08T14:00:00,36.45070316480554
2024-04-08T15:00:00,29.440115057903785
2024-04-08T16:00:00,36.9139755912449
2024-04-08T17:00:00,50.539552771526836
2024-04-08T18:00:00,63.68120276409646
2024-04-08T19:00:00,74.891671553902
2024-04-08T20:00:00,83.78010459568189
2024-04-08T21:00:00,91.19258847443953
2024-04-08T22:00:00,94.76911793584408
2024-04-08T23:00:00,94.25578905188519
2024-04-09T00:00:00,89.001697042714
2024-04-09T01:00:00,78.54097996587339
2024-04-09T02:00:00,40.87446030326511
2024-04-09T03:00:00,39.51001822430154
2024-04-09T04:00:00,35.03280125493588
2024-04-09T05:00:00,29.815805601037066
2024-04-09T06:00:00,26.21220829175866
2024-04-09T07:00:00,24.082302425218664
2024-04-09T08:00:00,22.685222376947817
2024-04-09T09:00:00,21.805393301922336
2024-04-09T10:00:00,21.40258672963018
2024-04-09T11:00:00,21.94840796097465
2024-04-09T12:00:00,26.08662240401558
2024-04-09T13:00:00,32.773987645688266
2024-04-09T14:00:00,39.52712979524031
2024-04-09T15:00:00,46.65791685684867
2024-04-09T16:00:00,53.69752568783967
2024-04-09T17:00:00,60.26126164975373
2024-04-09T18:00:00,66.09696695078972
2024-04-09T19:00:00,69.88165084175442
2024-04-09T20:00:00,72.49095684549083
2024-04-09T21:00:00,75.32811936088228
2024-04-09T22:00:00,77.40861113175103
2024-04-09T23:00:00,76.97395059336786
2024-04-10T00:00:00,75.30089967147163
2024-04-10T01:00:00,62.23907105819038
2024-04-10T02:00:00,27.641496077827778
2024-04-10T03:00:00,20.842483852220617
2024-04-10T04:00:00,18.348328797713567
2024-04-10T05:00:00,16.72200061963952
2024-04-10T06:00:00,15.436176631761633
2024-04-10T07:00:00,14.439608366593069
2024-04-10T08:00:00,13.821605018947434
2024-04-10T09:00:00,13.583934203438135
2024-04-10T10:00:00,13.796853687452233
2024-04-10T11:00:00,14.800702095031737
2024-04-10T12:00:00,19.793334546296492
2024-04-10T13:00:00,29.900763138480805
2024-04-10T14:00:00,40.41333787337593
2024-04-10T15:00:00,51.44383571458899
2024-04-10T16:00:00,62.70290606954823
2024-04-10T17:00:00,72.57613339631453
2024-04-10T18:00:00,80.15566883916439
2024-04-10T19:00:00,84.6708058896272
2024-04-10T20:00:00,85.55095357480255
2024-04-10T21:00:00,85.5002268915591
2024-04-10T22:00:00,86.68187929236369
2024-04-10T23:00:00,86.61281303737475
2024-04-11T00:00:00,85.90545919667119
2024-04-11T01:00:00,73.90353741853133
2024-04-11T02:00:00,33.661385163016945
2024-04-11T03:00:00,21.645434172257133
2024-04-11T04:00:00,17.91849890999172
2024-04-11T05:00:00,16.05026344631029
2024-04-11T06:00:00,14.742286101631496
2024-04-11T07:00:00,13.352987579677414
2024-04-11T08:00:00,13.10448828987453
2024-04-11T09:00:00,13.8563116737034
2024-04-11T10:00:00,15.590996617856229
2024-04-11T11:00:00,17.966041482013203
2024-04-11T12:00:00,21.996217644732926
2024-04-11T13:00:00,27.78006611699643
2024-04-11T14:00:00,32.64828507796578
2024-04-11T15:00:00,39.51737926317297
2024-04-11T16:00:00,44.81657459424889
2024-04-11T17:00:00,42.03429396256156
2024-04-11T18:00:00,36.801124738610305
2024-04-11T19:00:00,35.383661435998
2024-04-11T20:00:00,36.28282032842221
2024-04-11T21:00:00,38.319211876910664
2024-04-11T22:00:00,43.18617149021315
2024-04-11T23:00:00,44.308297696320906
2024-04-12T00:00:00,53.70704966006071
2024-04-12T01:00:00,63.53321407152259
2024-04-12T02:00:00,39.36058923472529
2024-04-12T03:00:00,24.579803383868672
2024-04-12T04:00:00,19.027787664662235
2024-04-12T05:00:00,16.369007276452102
2024-04-12T06:00:00,15.280056911966073
2024-04-12T07:00:00,14.961221570553985
2024-04-12T08:00:00,15.050139966218367
2024-04-12T09:00:00,15.5359412068906
2024-04-12T10:00:00,16.660737866940703
2024-04-12T11:00:00,18.979800763337508
2024-04-12T12:00:00,24.499619857124657
2024-04-12T13:00:00,27.156379699707028
2024-04-12T14:00:00,32.29314107480256
2024-04-12T15:00:00,38.982821340146266
2024-04-12T16:00:00,45.61998168281887
2024-04-12T17:00:00,43.91647040325662
2024-04-12T18:00:00,51.15524623704993
2024-04-12T19:00:00,59.280642965565555
2024-04-12T20:00:00,66.65108970973802
2024-04-12T21:00:00,74.5076154625934
2024-04-12T22:00:00,79.07556898697561
2024-04-12T23:00:00,78.73139655071755
2024-04-13T00:00:00,75.40998276420261
2024-04-13T01:00:00,59.755581067956015
2024-04-13T02:00:00,24.758852253789485
2024-04-13T03:00:00,16.763113685276195
2024-04-13T04:00:00,13.473456880320674
2024-04-13T05:00:00,11.869955477507217
2024-04-13T06:00:00,11.20203984302023
2024-04-13T07:00:00,11.004933357238768
2024-04-13T08:00:00,10.940227176832115
2024-04-13T09:00:00,11.190550265104871
2024-04-13T10:00:00,11.878724305526069
2024-04-13T11:00:00,13.394994030828059
2024-04-13T12:00:00,15.450440531191617
2024-04-13T13:00:00,18.95950483239215
2024-04-13T14:00:00,28.23524889738663
2024-04-13T15:00:00,37.586949555770204
2024-04-13T16:00:00,46.68892752605935
2024-04-13T17:00:00,55.138949684474774
2024-04-13T18:00:00,64.03258564161217
2024-04-13T19:00:00,67.89445860489553
2024-04-13T20:00:00,72.70401150247325
2024-04-13T21:00:00,77.53814232867695
2024-04-13T22:00:00,78.90566419518512
2024-04-13T23:00:00,78.03805342964503
2024-04-14T00:00:00,75.91379215406333
2024-04-14T01:00:00,60.20343515147332
2024-04-14T02:00:00,25.02376166633937
2024-04-14T03:00:00,15.9822940826416
2024-04-14T04:00:00,12.868886615919028
2024-04-14T05:00:00,11.362325958583666
2024-04-14T06:00:00,10.708406531292459
2024-04-14T07:00:00,10.234081890272055
2024-04-14T08:00:00,9.992097979006559
2024-04-14T09:00:00,10.02534816576087
2024-04-14T10:00:00,10.324117826378862
2024-04-14T11:00:00,11.346460881440535
2024-04-14T12:00:00,14.763712219569994
2024-04-14T13:00:00,20.34999656677246
2024-04-14T14:00:00,25.950885938561477
2024-04-14T15:00:00,31.399024051168688
2024-04-14T16:00:00,37.27048210475755
2024-04-14T17:00:00,41.99052860425866
2024-04-14T18:00:00,46.94236970984417
2024-04-14T19:00:00,49.96648805037788
2024-04-14T20:00:00,51.001536991285235
2024-04-14T21:00:00,48.0778465270996
2024-04-14T22:00:00,42.32351551885189
2024-04-14T23:00:00,35.746242606121555
2024-04-15T00:00:00,33.995169349338695
2024-04-15T01:00:00,30.81917422750722
2024-04-15T02:00:00,17.32294414354407
2024-04-15T03:00:00,12.679784816244373
2024-04-15T04:00:00,10.498807699783988
2024-04-15T05:00:00,9.235096060711403
2024-04-15T06:00:00,8.514804964480193
2024-04-15T07:00:00,8.211786373801854
2024-04-15T08:00:00,8.255480538243832
2024-04-15T09:00:00,8.665437656900156
2024-04-15T10:00:00,9.307730384494945
2024-04-15T11:00:00,10.67614053643268
2024-04-15T12:00:00,14.785128883693528
2024-04-15T13:00:00,19.991460551386297
2024-04-15T14:00:00,24.46529836240022
2024-04-15T15:00:00,29.406024767004922
2024-04-15T16:00:00,36.770139611285664
2024-04-15T17:00:00,42.73971491274626
2024-04-15T18:00:00,46.874521504277766
2024-04-15T19:00:00,54.74846964297087
2024-04-15T20:00:00,64.88690782629924
2024-04-15T21:00:00,75.45525094737177
2024-04-15T22:00:00,84.16874329940131
2024-04-15T23:00:00,90.54095591669497
2024-04-16T00:00:00,95.23672750721805
2024-04-16T01:00:00,77.83613503497578
2024-04-16T02:00:00,28.211062472799547
2024-04-16T03:00:00,16.95048257578974
2024-04-16T04:00:00,13.344731621120285
2024-04-16T05:00:00,11.775171279907227
2024-04-16T06:00:00,10.951490733934484
2024-04-16T07:00:00,10.539565791254457
2024-04-16T08:00:00,10.539160521134084
2024-04-16T09:00:00,10.894804788672404
2024-04-16T10:00:00,11.66047722360362
2024-04-16T11:00:00,13.194137946419094
2024-04-16T12:00:00,17.84048739723537
2024-04-16T13:00:00,26.137126590894614
2024-04-16T14:00:00,36.14734384287958
2024-04-16T15:00:00,47.39395373800526
2024-04-16T16:00:00,62.36816588692042
2024-04-16T17:00:00,73.30485202955163
2024-04-16T18:00:00,62.43140328448751
2024-04-16T19:00:00,55.91487751836361
2024-04-16T20:00:00,64.84158341780952
2024-04-16T21:00:00,74.75973577084748
2024-04-16T22:00:00,86.53943003778872
2024-04-16T23:00:00,97.413155928902
2024-04-17T00:00:00,105.6520014223845
2024-04-17T01:00:00,87.12025219461192
2024-04-17T02:00:00,35.45345240053923
2024-04-17T03:00:00,25.87130952918011
2024-04-17T04:00:00,21.78136361163595
2024-04-17T05:00:00,19.744791445524797
2024-04-17T06:00:00,18.547317753667414
2024-04-17T07:00:00,17.92217611229938
2024-04-17T08:00:00,17.80404364544412
2024-04-17T09:00:00,18.1801644615505
2024-04-17T10:00:00,19.130157636559524
2024-04-17T11:00:00,20.240761300791863
2024-04-17T12:00:00,24.105479364809778
2024-04-17T13:00:00,39.329091279403016
2024-04-17T14:00:00,53.602095562478766
2024-04-17T15:00:00,54.27700523708177
2024-04-17T16:00:00,65.51739949765411
2024-04-17T17:00:00,77.61235991768213
2024-04-17T18:00:00,90.74836332901663
2024-04-17T19:00:00,107.07676431407097
2024-04-17T20:00:00,124.34097986635953
2024-04-17T21:00:00,134.53077764096466
2024-04-17T22:00:00,141.3454490329908
2024-04-17T23:00:00,149.40714827827784
2024-04-18T00:00:00,156.21540567149285
2024-04-18T01:00:00,129.47680929432744
2024-04-18T02:00:00,59.93403293775476
2024-04-18T03:00:00,34.9882115903108
2024-04-18T04:00:00,29.950815781303067
2024-04-18T05:00:00,28.531274712604024
2024-04-18T06:00:00,28.120714768119477
2024-04-18T07:00:00,28.04518417690111
2024-04-18T08:00:00,27.995950698852536
2024-04-18T09:00:00,28.113717286483098
2024-04-18T10:00:00,28.628296064293902
2024-04-18T11:00:00,30.21909415203592
2024-04-18T12:00:00,35.281985241433844
2024-04-18T13:00:00,49.391887664794915
2024-04-18T14:00:00,57.79264516415802
2024-04-18T15:00:00,55.220973305080236
2024-04-18T16:00:00,62.87455998296323
2024-04-18T17:00:00,70.89924289869225
2024-04-18T18:00:00,80.75873466159986
2024-04-18T19:00:00,94.6142462025518
2024-04-18T20:00:00,108.55841329823369
2024-04-18T21:00:00,119.31519417140794
2024-04-18T22:00:00,124.80416339376697
2024-04-18T23:00:00,123.95605402407438
2024-04-19T00:00:00,121.51481495732844
2024-04-19T01:00:00,99.49240709387738
2024-04-19T02:00:00,54.33942778214164
2024-04-19T03:00:00,38.887474060058594
2024-04-19T04:00:00,35.10841402800186
2024-04-19T05:00:00,34.309081865393594
2024-04-19T06:00:00,34.1923887833305
2024-04-19T07:00:00,34.70682940275773
2024-04-19T08:00:00,35.57698075667671
2024-04-19T09:00:00,36.57908763056216
2024-04-19T10:00:00,37.936681996221125
2024-04-19T11:00:00,39.276709349259086
2024-04-19T12:00:00,41.17736368593962
2024-04-19T13:00:00,44.92849665102751
2024-04-19T14:00:00,51.90449789296025
2024-04-19T15:00:00,60.164092022439704
2024-04-19T16:00:00,68.41736503269361
2024-04-19T17:00:00,83.48174053689708
2024-04-19T18:00:00,98.76763517960258
2024-04-19T19:00:00,110.11732051683508
2024-04-19T20:00:00,118.22703684931216
2024-04-19T21:00:00,123.2396883757218
2024-04-19T22:00:00,129.02774445906928
2024-04-19T23:00:00,133.1955519966457
2024-04-20T00:00:00,134.82461017111072
2024-04-20T01:00:00,124.115826814071
2024-04-20T02:00:00,72.65556235935375
2024-04-20T03:00:00,50.83929343845533
2024-04-20T04:00:00,45.668163962986156
2024-04-20T05:00:00,42.34538318799889
2024-04-20T06:00:00,39.95796867038893
2024-04-20T07:00:00,38.74011578767196
2024-04-20T08:00:00,38.37769433726435
2024-04-20T09:00:00,38.49405636994735
2024-04-20T10:00:00,39.66018345045006
2024-04-20T11:00:00,42.38256189097528
2024-04-20T12:00:00,48.488964910092555
2024-04-20T13:00:00,53.42685152136761
2024-04-20T14:00:00,59.36795690785282
2024-04-20T15:00:00,64.01889701511548
2024-04-20T16:00:00,68.56235023166822
2024-04-20T17:00:00,72.4681287019149
2024-04-20T18:00:00,71.223714745563
2024-04-20T19:00:00,79.15104841149372
2024-04-20T20:00:00,90.9622222236965
2024-04-20T21:00:00,106.02500583814536
2024-04-20T22:00:00,119.35773302161174
2024-04-20T23:00:00,130.54421632186225
2024-04-21T00:00:00,140.9165569802989
2024-04-21T01:00:00,126.66927304475205
2024-04-21T02:00:00,59.470183994459056
2024-04-21T03:00:00,45.02724539715311
2024-04-21T04:00:00,38.67888011103091
2024-04-21T05:00:00,34.54829672108526
2024-04-21T06:00:00,31.5876933388088
2024-04-21T07:00:00,29.666285888008446
2024-04-21T08:00:00,29.00279758287512
2024-04-21T09:00:00,29.51717600615128
2024-04-21T10:00:00,31.146498058153227
2024-04-21T11:00:00,32.811839559803836
2024-04-21T12:00:00,39.24065440634023
2024-04-21T13:00:00,44.55243434076723
2024-04-21T14:00:00,49.358464448348336
2024-04-21T15:00:00,56.23382933243461
2024-04-21T16:00:00,63.454889546269946
2024-04-21T17:00:00,71.60566595326297
2024-04-21T18:00:00,69.0465271991232
2024-04-21T19:00:00,79.60444209886633
2024-04-21T20:00:00,90.03895004935886
2024-04-21T21:00:00,104.31818389892578
2024-04-21T22:00:00,117.80965125042457
2024-04-21T23:00:00,131.93791397758153
2024-04-22T00:00:00,145.70062985627547
2024-04-22T01:00:00,136.14696867569631
2024-04-22T02:00:00,57.92044100554092
2024-04-22T03:00:00,36.88179480511209
2024-04-22T04:00:00,30.53556077376656
2024-04-22T05:00:00,28.06081083546514
2024-04-22T06:00:00,27.116853133491844
2024-04-22T07:00:00,27.050236411716625
2024-04-22T08:00:00,27.57424454067064
2024-04-22T09:00:00,28.437026231185243
2024-04-22T10:00:00,29.559144807898477
2024-04-22T11:00:00,31.308992634648863
2024-04-22T12:00:00,36.06016308328379
2024-04-22T13:00:00,51.30449494071628
2024-04-22T14:00:00,61.23673314633576
2024-04-22T15:00:00,66.65789280767027
2024-04-22T16:00:00,79.48643427309781
2024-04-22T17:00:00,90.09631115457285
2024-04-22T18:00:00,92.23659316353175
2024-04-22T19:00:00,101.60433064336361
2024-04-22T20:00:00,118.27156199579652
2024-04-22T21:00:00,133.75423530910325
2024-04-22T22:00:00,147.26368580693781
2024-04-22T23:00:00,163.13323576554006
2024-04-23T00:00:00,180.21008566151494
2024-04-23T01:00:00,146.14573802118716
2024-04-23T02:00:00,58.304021918255344
2024-04-23T03:00:00,39.22868645709494
2024-04-23T04:00:00,34.4975823112156
2024-04-23T05:00:00,31.241670691448704
2024-04-23T06:00:00,28.31397421463676
2024-04-23T07:00:00,25.990463920261547
2024-04-23T08:00:00,24.084709167480465
2024-04-23T09:00:00,22.675402848616887
2024-04-23T10:00:00,22.225148740022075
2024-04-23T11:00:00,22.909938314686645
2024-04-23T12:00:00,26.455129374628477
2024-04-23T13:00:00,37.88687349402386
2024-04-23T14:00:00,52.562899879787274
2024-04-23T15:00:00,70.83859750498895
2024-04-23T16:00:00,94.23787490181299
2024-04-23T17:00:00,121.25682167384934
2024-04-23T18:00:00,145.9957514223845
2024-04-23T19:00:00,167.43545266856316
2024-04-23T20:00:00,185.13026560907775
2024-04-23T21:00:00,199.9484889818274
2024-04-23T22:00:00,212.07501751443613
2024-04-23T23:00:00,219.36704619034472
2024-04-24T00:00:00,223.50687043563175
2024-04-24T01:00:00,178.3558256729789
2024-04-24T02:00:00,75.90423517641814
2024-04-24T03:00:00,49.45763446973717
2024-04-24T04:00:00,41.60958713033924
2024-04-24T05:00:00,37.57107577116593
2024-04-24T06:00:00,35.11381895645804
2024-04-24T07:00:00,33.43397322944973
2024-04-24T08:00:00,32.0503339352815
2024-04-24T09:00:00,30.54075556216032
2024-04-24T10:00:00,29.442307513693102
2024-04-24T11:00:00,28.926253691963524
2024-04-24T12:00:00,32.11839269555133
2024-04-24T13:00:00,44.278352156929344
2024-04-24T14:00:00,61.995443261187994
2024-04-24T15:00:00,83.14201952063517
2024-04-24T16:00:00,78.01502824866253
2024-04-24T17:00:00,82.2306266452955
2024-04-24T18:00:00,93.17126365329906
2024-04-24T19:00:00,106.66761414901069
2024-04-24T20:00:00,120.1543615589971
2024-04-24T21:00:00,126.72608217985731
2024-04-24T22:00:00,139.0045763098675
2024-04-24T23:00:00,136.5916515847911
2024-04-25T00:00:00,137.25753651494563
2024-04-25T01:00:00,114.69318887461785
2024-04-25T02:00:00,58.04824248604152
2024-04-25T03:00:00,42.009011144223415
2024-04-25T04:00:00,34.660550656525984
2024-04-25T05:00:00,29.66802572167438
2024-04-25T06:00:00,25.202424256697938
2024-04-25T07:00:00,21.666695055754285
2024-04-25T08:00:00,19.18577310313349
2024-04-25T09:00:00,17.839335192804747
2024-04-25T10:00:00,17.67389625051747
2024-04-25T11:00:00,18.417467614878777
2024-04-25T12:00:00,26.03230700285538
2024-04-25T13:00:00,42.23652847953464
2024-04-25T14:00:00,59.96819753232209
2024-04-25T15:00:00,67.92045493747877
2024-04-25T16:00:00,84.22793844471806
2024-04-25T17:00:00,102.09215280284052
2024-04-25T18:00:00,120.03329335088316
2024-04-25T19:00:00,136.21949834408966
2024-04-25T20:00:00,149.8375191066576
2024-04-25T21:00:00,160.6874714726987
2024-04-25T22:00:00,169.08616638183594
2024-04-25T23:00:00,175.99690578294835
2024-04-26T00:00:00,182.60508263629413
2024-04-26T01:00:00,128.6267912491508
2024-04-26T02:00:00,55.069411070450485
2024-04-26T03:00:00,35.24499014149541
2024-04-26T04:00:00,27.23578486235245
2024-04-26T05:00:00,22.586356453273606
2024-04-26T06:00:00,19.866688935653023
2024-04-26T07:00:00,18.657149688057274
2024-04-26T08:00:00,18.582561824632727
2024-04-26T09:00:00,19.25139675969663
2024-04-26T10:00:00,20.98445718184761
2024-04-26T11:00:00,24.3240967626157
2024-04-26T12:00:00,33.72766942563264
2024-04-26T13:00:00,44.901707690695055
2024-04-26T14:00:00,57.79187144403872
2024-04-26T15:00:00,75.09171825906503
2024-04-26T16:00:00,94.07861095926035
2024-04-26T17:00:00,112.49003965958303
2024-04-26T18:00:00,114.99201069707455
2024-04-26T19:00:00,110.89686252759849
2024-04-26T20:00:00,121.35733363939367
2024-04-26T21:00:00,135.17865189262056
2024-04-26T22:00:00,148.91857047702956
2024-04-26T23:00:00,161.0693505328634
2024-04-27T00:00:00,176.35456848144528
2024-04-27T01:00:00,119.12268862516983
2024-04-27T02:00:00,62.317685998004414
2024-04-27T03:00:00,44.83005225140115
2024-04-27T04:00:00,35.09957255487856
2024-04-27T05:00:00,28.62800083989682
2024-04-27T06:00:00,24.101040632828422
2024-04-27T07:00:00,21.46420669555664
2024-04-27T08:00:00,19.9600771199102
2024-04-27T09:00:00,19.591899291328758
2024-04-27T10:00:00,20.331560051959492
2024-04-27T11:00:00,21.15154871733292
2024-04-27T12:00:00,20.538573555324383
2024-04-27T13:00:00,22.23325215215268
2024-04-27T14:00:00,24.48375254092009
2024-04-27T15:00:00,27.24451040185016
2024-04-27T16:00:00,31.332322079202402
2024-04-27T17:00:00,36.264359432718024
2024-04-27T18:00:00,44.056193144425094
2024-04-27T19:00:00,53.159079510232665
2024-04-27T20:00:00,62.50383791716201
2024-04-27T21:00:00,68.61594656239384
2024-04-27T22:00:00,73.17873780623725
2024-04-27T23:00:00,91.14896989905314
2024-04-28T00:00:00,106.75485561204992
2024-04-28T01:00:00,85.78686656122622
2024-04-28T02:00:00,46.05059731524923
2024-04-28T03:00:00,34.054120271102235
2024-04-28T04:00:00,27.30322406602942
2024-04-28T05:00:00,21.91578214064888
2024-04-28T06:00:00,17.937185328939684
2024-04-28T07:00:00,15.506563684214715
2024-04-28T08:00:00,14.396540973497473
2024-04-28T09:00:00,15.543082693348758
2024-04-28T10:00:00,16.78597786115563
2024-04-28T11:00:00,19.30255968674369
2024-04-28T12:00:00,21.12711665941321
2024-04-28T13:00:00,23.03231040291164
2024-04-28T14:00:00,26.94309723895529
2024-04-28T15:00:00,32.23522459942361
2024-04-28T16:00:00,39.296741485595696
2024-04-28T17:00:00,51.86894458273182
2024-04-28T18:00:00,69.01281655353048
2024-04-28T19:00:00,87.2256214307702
2024-04-28T20:00:00,103.69947018830672
2024-04-28T21:00:00,111.43401403012481
2024-04-28T22:00:00,118.75874461298402
2024-04-28T23:00:00,123.02906666631284
2024-04-29T00:00:00,122.31237195885699
2024-04-29T01:00:00,100.38844896399456
2024-04-29T02:00:00,49.63991248089334
2024-04-29T03:00:00,26.619295866593067
2024-04-29T04:00:00,20.032506528108016
2024-04-29T05:00:00,15.681013646333112
2024-04-29T06:00:00,13.286001288372535
2024-04-29T07:00:00,12.062708688818889
2024-04-29T08:00:00,11.516449389250381
2024-04-29T09:00:00,12.036463903344194
2024-04-29T10:00:00,13.54769366720448
2024-04-29T11:00:00,15.418442435886547
2024-04-29T12:00:00,18.532720648724098
2024-04-29T13:00:00,29.074924468994137
2024-04-29T14:00:00,43.80562226668648
2024-04-29T15:00:00,58.80574301014776
2024-04-29T16:00:00,74.78027675462805
2024-04-29T17:00:00,95.10011755901833
2024-04-29T18:00:00,114.0185550192128
2024-04-29T19:00:00,127.65044369904889
2024-04-29T20:00:00,142.38690716287363
2024-04-29T21:00:00,127.08016370690386
2024-04-29T22:00:00,66.5079987567404
2024-04-29T23:00:00,61.634765956712805
2024-04-30T00:00:00,61.70825046041736
2024-04-30T01:00:00,54.860362674878985
2024-04-30T02:00:00,33.87519819840141
2024-04-30T03:00:00,25.986810352491293
2024-04-30T04:00:00,23.338148034137227
2024-04-30T05:00:00,20.793622058370836
2024-04-30T06:00:00,19.789300669794493
2024-04-30T07:00:00,19.427715218585465
2024-04-30T08:00:00,18.73845991880997
2024-04-30T09:00:00,17.640575947968852
2024-04-30T10:00:00,16.051161683124043
2024-04-30T11:00:00,16.604774558025856
2024-04-30T12:00:00,21.658201217651364
2024-04-30T13:00:00,35.244149249532946
2024-04-30T14:00:00,53.90400165060291
2024-04-30T15:00:00,75.72554911737855
2024-04-30T16:00:00,69.74196823783542
2024-04-30T17:00:00,85.51021973983102
2024-04-30T18:00:00,110.2946900077488
2024-04-30T19:00:00,137.0510141123896
2024-04-30T20:00:00,158.5040873651919
2024-04-30T21:00:00,174.8497161865234
2024-04-30T22:00:00,187.76419399095616
2024-04-30T23:00:00,196.64629198157266
2024-05-01T00:00:00,202.16050322159475
2024-05-01T01:00:00,151.06698011315387
2024-05-01T02:00:00,71.88173808222231
2024-05-01T03:00:00,50.54916630620541
2024-05-01T04:00:00,37.42321263188901
2024-05-01T05:00:00,29.86708267875339
2024-05-01T06:00:00,21.235655494358227
2024-05-01T07:00:00,17.72585570293924
2024-05-01T08:00:00,15.929729710454524
2024-05-01T09:00:00,14.952619303827698
2024-05-01T10:00:00,14.44573995341425
2024-05-01T11:00:00,14.655976046686586
2024-05-01T12:00:00,19.84135453597359
2024-05-01T13:00:00,33.12556863867718
2024-05-01T14:00:00,38.593205825142235
2024-05-01T15:00:00,52.734549729720406
2024-05-01T16:00:00,67.18306665835172
2024-05-01T17:00:00,83.3098205898119
2024-05-01T18:00:00,98.17448093580161
2024-05-01T19:00:00,119.8461161074431
2024-05-01T20:00:00,133.44719928243885
2024-05-01T21:00:00,144.62080283786938
2024-05-01T22:00:00,153.65017832880432
2024-05-01T23:00:00,158.56398474651832
2024-05-02T00:00:00,162.98904219917628
2024-05-02T01:00:00,154.4126348080842
2024-05-02T02:00:00,81.37036199155061
2024-05-02T03:00:00,37.82459317082944
2024-05-02T04:00:00,26.550365530926246
2024-05-02T05:00:00,22.835012435913086
2024-05-02T06:00:00,21.405391858971633
2024-05-02T07:00:00,20.200092813243035
2024-05-02T08:00:00,19.14342519511347
2024-05-02T09:00:00,18.77846697102422
2024-05-02T10:00:00,18.996179622152574
2024-05-02T11:00:00,21.304909996364426
2024-05-02T12:00:00,28.17093757961107
2024-05-02T13:00:00,38.73705615168032
2024-05-02T14:00:00,37.268945859826125
2024-05-02T15:00:00,42.13848296455715
2024-05-02T16:00:00,47.21540981790293
2024-05-02T17:00:00,53.20824316273564
2024-05-02T18:00:00,59.64109934931216
2024-05-02T19:00:00,69.88964976435122
2024-05-02T20:00:00,82.14803214695141
2024-05-02T21:00:00,95.13471354608949
2024-05-02T22:00:00,103.99494536026664
2024-05-02T23:00:00,111.8614969668181
2024-05-03T00:00:00,116.97328849460766
2024-05-03T01:00:00,97.72602678381878
2024-05-03T02:00:00,42.669626650602915
2024-05-03T03:00:00,28.116358466770336
2024-05-03T04:00:00,24.079854218856145
2024-05-03T05:00:00,22.060354979141895
2024-05-03T06:00:00,21.334072693534516
2024-05-03T07:00:00,21.295267519743547
2024-05-03T08:00:00,21.600036869878352
2024-05-03T09:00:00,22.15742948780889
2024-05-03T10:00:00,22.7830462248429
2024-05-03T11:00:00,24.032393911610477
2024-05-03T12:00:00,28.89178450211234
2024-05-03T13:00:00,35.10919421652088
2024-05-03T14:00:00,42.517909174380094
2024-05-03T15:00:00,56.87700918446416
2024-05-03T16:00:00,52.227995167607844
2024-05-03T17:00:00,55.239047838293985
2024-05-03T18:00:00,60.37567271356996
2024-05-03T19:00:00,57.494923798934266
2024-05-03T20:00:00,63.785692297894016
2024-05-03T21:00:00,68.88135163680366
2024-05-03T22:00:00,72.13857169773267
2024-05-03T23:00:00,75.97455928636633
2024-05-04T00:00:00,80.11610777481741
2024-05-04T01:00:00,72.7457109534222
2024-05-04T02:00:00,38.92892306783924
2024-05-04T03:00:00,23.37041266068168
2024-05-04T04:00:00,20.431341585905656
2024-05-04T05:00:00,19.193972297336742
2024-05-04T06:00:00,18.400106761766516
2024-05-04T07:00:00,18.155489963033926
2024-05-04T08:00:00,18.30732743636421
2024-05-04T09:00:00,18.734488611635953
2024-05-04T10:00:00,19.223968588787574
2024-05-04T11:00:00,19.917807288791824
2024-05-04T12:00:00,23.653581950975497
2024-05-04T13:00:00,26.961471225904376
2024-05-04T14:00:00,32.476541104524024
2024-05-04T15:00:00,40.6277907827626
2024-05-04T16:00:00,49.026793770168126
2024-05-04T17:00:00,58.38401910533075
2024-05-04T18:00:00,68.13501391203506
2024-05-04T19:00:00,82.53849659795344
2024-05-04T20:00:00,91.96277319866677
2024-05-04T21:00:00,94.03618223770805
2024-05-04T22:00:00,98.43699811852495
2024-05-04T23:00:00,102.1425204069718
2024-05-05T00:00:00,101.40265755031419
2024-05-05T01:00:00,95.29343546991763
2024-05-05T02:00:00,65.40269569728686
2024-05-05T03:00:00,34.42374569436778
2024-05-05T04:00:00,25.803917926290758
2024-05-05T05:00:00,22.489430469015367
2024-05-05T06:00:00,21.122060692828633
2024-05-05T07:00:00,20.95546125329059
2024-05-05T08:00:00,21.667107540628184
2024-05-05T09:00:00,22.796185617861536
2024-05-05T10:00:00,23.158525715703544
2024-05-05T11:00:00,24.75189109470533
2024-05-05T12:00:00,30.20797356315281
2024-05-05T13:00:00,41.501841006071665
2024-05-05T14:00:00,53.619071628736414
2024-05-05T15:00:00,62.952307493790336
2024-05-05T16:00:00,67.95708233377206
2024-05-05T17:00:00,58.02761873991592
2024-05-05T18:00:00,64.63230149642281
2024-05-05T19:00:00,73.19022833782694
2024-05-05T20:00:00,79.81916510540505
2024-05-05T21:00:00,82.55871250318444
2024-05-05T22:00:00,81.43804599927819
2024-05-05T23:00:00,82.44128849195396
2024-05-06T00:00:00,83.28182319972825
2024-05-06T01:00:00,80.62587008268936
2024-05-06T02:00:00,49.89833019090735
2024-05-06T03:00:00,23.92610748954441
2024-05-06T04:00:00,15.399138865263565
2024-05-06T05:00:00,14.566078725068465
2024-05-06T06:00:00,15.153247625931447
2024-05-06T07:00:00,16.171121224113133
2024-05-06T08:00:00,18.06917638364045
2024-05-06T09:00:00,19.760576994522758
2024-05-06T10:00:00,22.021411066469934
2024-05-06T11:00:00,25.57083345496136
2024-05-06T12:00:00,31.899724462757934
2024-05-06T13:00:00,38.84579733143681
2024-05-06T14:00:00,42.06679866624915
2024-05-06T15:00:00,46.21192534073539
2024-05-06T16:00:00,44.29792039290717
2024-05-06T17:00:00,45.08943640667459
2024-05-06T18:00:00,36.95024540113366
2024-05-06T19:00:00,40.82183754962423
2024-05-06T20:00:00,42.60062275762143
2024-05-06T21:00:00,35.36040637804114
2024-05-06T22:00:00,35.05188659999681
2024-05-06T23:00:00,40.13511889913807
2024-05-07T00:00:00,44.51807022094726
2024-05-07T01:00:00,47.59415850432022
2024-05-07T02:00:00,30.972587170808207
2024-05-07T03:00:00,23.674353972725243
2024-05-07T04:00:00,20.91827060865319
2024-05-07T05:00:00,18.992630751236625
2024-05-07T06:00:00,18.38541387475055
2024-05-07T07:00:00,18.005656200906504
2024-05-07T08:00:00,17.9789864913277
2024-05-07T09:00:00,18.754552509473715
2024-05-07T10:00:00,21.02767645794412
2024-05-07T11:00:00,26.340710598489512
2024-05-07T12:00:00,36.026840541673735
2024-05-07T13:00:00,53.43278354147205
2024-05-07T14:00:00,69.69972759744395
2024-05-07T15:00:00,68.15469841335131
2024-05-07T16:00:00,81.57997164518936
2024-05-07T17:00:00,98.17150580364724
2024-05-07T18:00:00,115.42056042215097
2024-05-07T19:00:00,129.4546246735946
2024-05-07T20:00:00,140.91571243949556
2024-05-07T21:00:00,149.1044523819633
2024-05-07T22:00:00,155.49000416631281
2024-05-07T23:00:00,160.1729404615319
2024-05-08T00:00:00,163.33415288510528
2024-05-08T01:00:00,138.29594156016475
2024-05-08T02:00:00,41.261839991030484
2024-05-08T03:00:00,23.80785386458687
2024-05-08T04:00:00,22.218022885529887
2024-05-08T05:00:00,21.73511563176694
2024-05-08T06:00:00,20.661230418993075
2024-05-08T07:00:00,19.520294769950535
2024-05-08T08:00:00,18.99941071220066
2024-05-08T09:00:00,19.0294132232666
2024-05-08T10:00:00,19.96039631055749
2024-05-08T11:00:00,21.449271077695098
2024-05-08T12:00:00,25.665563251661215
2024-05-08T13:00:00,32.1138277468474
2024-05-08T14:00:00,38.26435893514881
2024-05-08T15:00:00,45.48545936916185
2024-05-08T16:00:00,53.0640525817871
2024-05-08T17:00:00,62.16643723197603
2024-05-08T18:00:00,67.65546848462974
2024-05-08T19:00:00,75.20180909529975
2024-05-08T20:00:00,81.20019796620245
2024-05-08T21:00:00,96.30919116476306
2024-05-08T22:00:00,112.08029705545175
2024-05-08T23:00:00,127.01258982782777
2024-05-09T00:00:00,140.82429504394528
2024-05-09T01:00:00,139.8924573815387
2024-05-09T02:00:00,103.93557440716286
2024-05-09T03:00:00,73.3518069723378
2024-05-09T04:00:00,57.79609829446544
2024-05-09T05:00:00,47.046729543934696
2024-05-09T06:00:00,38.2442864127781
2024-05-09T07:00:00,33.765721528426454
2024-05-09T08:00:00,30.75222612463909
2024-05-09T09:00:00,30.455771073051118
2024-05-09T10:00:00,32.54241777502972
2024-05-09T11:00:00,37.037843455439024
2024-05-09T12:00:00,46.772182630456
2024-05-09T13:00:00,57.13649617070736
2024-05-09T14:00:00,55.480441383693524
2024-05-09T15:00:00,54.43194099094556
2024-05-09T16:00:00,52.79574634717858
2024-05-09T17:00:00,44.567491780156665
2024-05-09T18:00:00,35.494335589201555
2024-05-09T19:00:00,32.05168475275454
2024-05-09T20:00:00,34.07941038712211
2024-05-09T21:00:00,40.599946561067
2024-05-09T22:00:00,51.84857957259467
2024-05-09T23:00:00,67.65097676152767
2024-05-10T00:00:00,80.94316565472147
2024-05-10T01:00:00,84.28948875095533
2024-05-10T02:00:00,41.0241584777832
2024-05-10T03:00:00,22.312500829282012
2024-05-10T04:00:00,18.637338804162066
2024-05-10T05:00:00,17.022523258043368
2024-05-10T06:00:00,15.9186372342317
2024-05-10T07:00:00,15.562509287958559
2024-05-10T08:00:00,16.025512031886887
2024-05-10T09:00:00,17.43991366676662
2024-05-10T10:00:00,20.310319527335785
2024-05-10T11:00:00,24.513211291769274
2024-05-10T12:00:00,29.501587162847102
2024-05-10T13:00:00,43.26603582630986
2024-05-10T14:00:00,63.68140378205671
2024-05-10T15:00:00,87.24576668117356
2024-05-10T16:00:00,111.5117658532184
2024-05-10T17:00:00,134.70776897927985
2024-05-10T18:00:00,146.28951960024625
2024-05-10T19:00:00,133.7200075232464
2024-05-10T20:00:00,151.10140360956606
2024-05-10T21:00:00,167.1447836834451
2024-05-10T22:00:00,183.62836821182913
2024-05-10T23:00:00,198.06319659689197
2024-05-11T00:00:00,207.04090815005094
2024-05-11T01:00:00,169.12266971753988
2024-05-11T02:00:00,79.30838742463484
2024-05-11T03:00:00,55.70342005854067
2024-05-11T04:00:00,51.46966337121051
2024-05-11T05:00:00,46.15738080895465
2024-05-11T06:00:00,40.829327956489884
2024-05-11T07:00:00,36.921909995701
2024-05-11T08:00:00,33.960774297299594
2024-05-11T09:00:00,31.50748219697371
2024-05-11T10:00:00,31.768697821575657
2024-05-11T11:00:00,31.437133457349695
2024-05-11T12:00:00,31.28630505437436
2024-05-11T13:00:00,32.75160631926163
2024-05-11T14:00:00,35.47279838893724
2024-05-11T15:00:00,39.54377414869225
2024-05-11T16:00:00,43.918411752452016
2024-05-11T17:00:00,48.22753823321798
2024-05-11T18:00:00,52.69033780305281
2024-05-11T19:00:00,58.10748854927394
2024-05-11T20:00:00,64.76447710783586
2024-05-11T21:00:00,76.26445637578549
2024-05-11T22:00:00,89.84983361285666
2024-05-11T23:00:00,102.58971935769785
2024-05-12T00:00:00,114.4042119565217
2024-05-12T01:00:00,101.80566870647925
2024-05-12T02:00:00,44.93476453034774
2024-05-12T03:00:00,30.981624603271477
2024-05-12T04:00:00,25.163915551227067
2024-05-12T05:00:00,18.925614564315133
2024-05-12T06:00:00,15.023878429246984
2024-05-12T07:00:00,14.250224776889965
2024-05-12T08:00:00,15.762736196103301
2024-05-12T09:00:00,20.33308170152747
2024-05-12T10:00:00,25.726624654686965
2024-05-12T11:00:00,31.68200961403224
2024-05-12T12:00:00,36.847930161849305
2024-05-12T13:00:00,42.915805941042684
2024-05-12T14:00:00,47.927114445230224
2024-05-12T15:00:00,52.21070360100787
2024-05-12T16:00:00,57.30061448138692
2024-05-12T17:00:00,64.18527238265328
2024-05-12T18:00:00,73.4393196935239
2024-05-12T19:00:00,83.89061878038488
2024-05-12T20:00:00,93.71102681367292
2024-05-12T21:00:00,101.75702733578889
2024-05-12T22:00:00,105.92857394011124
2024-05-12T23:00:00,103.24183256729788
2024-05-13T00:00:00,103.96635237984033
2024-05-13T01:00:00,83.45270239788553
2024-05-13T02:00:00,30.298712688943613
2024-05-13T03:00:00,21.51005280536154
2024-05-13T04:00:00,20.951414149740465
2024-05-13T05:00:00,20.255002436430555
2024-05-13T06:00:00,20.571597431017
2024-05-13T07:00:00,22.209132277447242
2024-05-13T08:00:00,24.317070546357524
2024-05-13T09:00:00,26.072688102722164
2024-05-13T10:00:00,24.004591693048887
2024-05-13T11:00:00,22.646591269451637
2024-05-13T12:00:00,21.741405694381047
2024-05-13T13:00:00,22.635961822841473
2024-05-13T14:00:00,27.59682680212933
2024-05-13T15:00:00,36.220342843428895
2024-05-13T16:00:00,45.15280342102051
2024-05-13T17:00:00,53.23537295797596
2024-05-13T18:00:00,60.42699291395103
2024-05-13T19:00:00,66.57279885333517
2024-05-13T20:00:00,64.59298374341881
2024-05-13T21:00:00,49.41875408006751
2024-05-13T22:00:00,46.90571262525475
2024-05-13T23:00:00,46.98914303986922
2024-05-14T00:00:00,53.69612254267153
2024-05-14T01:00:00,65.28453760561734
2024-05-14T02:00:00,53.68224948385487
2024-05-14T03:00:00,28.30589974444845
2024-05-14T04:00:00,19.953500333039653
2024-05-14T05:00:00,20.350813575412914
2024-05-14T06:00:00,21.684682597284727
2024-05-14T07:00:00,23.398231174634848
2024-05-14T08:00:00,25.24861443561056
2024-05-14T09:00:00,27.565215483955715
2024-05-14T10:00:00,28.942451559978977
2024-05-14T11:00:00,31.604091395502508
2024-05-14T12:00:00,36.303506934124485
2024-05-14T13:00:00,42.83529414301333
2024-05-14T14:00:00,51.28173595926035
2024-05-14T15:00:00,63.18925177532693
2024-05-14T16:00:00,77.97147900125253
2024-05-14T17:00:00,98.87375972581945
2024-05-14T18:00:00,121.30105690334153
2024-05-14T19:00:00,143.12439031186312
2024-05-14T20:00:00,162.96316262950066
2024-05-14T21:00:00,179.52377186650813
2024-05-14T22:00:00,190.7055332349694
2024-05-14T23:00:00,194.55009394106656
2024-05-15T00:00:00,193.10316002887228
2024-05-15T01:00:00,134.04441435440725
2024-05-15T02:00:00,33.60947368455969
2024-05-15T03:00:00,23.39665188996688
2024-05-15T04:00:00,22.714710650236707
2024-05-15T05:00:00,23.45336681863536
2024-05-15T06:00:00,23.451851720395297
2024-05-15T07:00:00,23.334353488424547
2024-05-15T08:00:00,23.442917533542797
2024-05-15T09:00:00,24.101830275162403
2024-05-15T10:00:00,25.24096339681874
2024-05-15T11:00:00,27.005056464153785
2024-05-15T12:00:00,31.030388293058977
2024-05-15T13:00:00,38.06160354614257
2024-05-15T14:00:00,49.298707049825914
2024-05-15T15:00:00,63.132403995679766
2024-05-15T16:00:00,83.2699498715608
2024-05-15T17:00:00,103.8961247983186
2024-05-15T18:00:00,124.10123277747111
2024-05-15T19:00:00,137.81033855935803
2024-05-15T20:00:00,143.71208190917966
2024-05-15T21:00:00,145.3888397216797
2024-05-15T22:00:00,147.40413101859713
2024-05-15T23:00:00,149.12970103388247
2024-05-16T00:00:00,151.00572071904722
2024-05-16T01:00:00,139.38426341181216
2024-05-16T02:00:00,81.5911284736965
2024-05-16T03:00:00,46.88480758666992
2024-05-16T04:00:00,38.27562481424082
2024-05-16T05:00:00,35.47092968484629
2024-05-16T06:00:00,34.600831736689024
2024-05-16T07:00:00,34.616560065228
2024-05-16T08:00:00,37.225443964419156
2024-05-16T09:00:00,40.73453969540803
2024-05-16T10:00:00,46.53409112018087
2024-05-16T11:00:00,56.960739301598586
2024-05-16T12:00:00,70.50467781398606
2024-05-16T13:00:00,85.0116434511931
2024-05-16T14:00:00,101.58643573263416
2024-05-16T15:00:00,120.81167270826253
2024-05-16T16:00:00,140.99738875679347
2024-05-16T17:00:00,162.7676477846892
2024-05-16T18:00:00,185.49728194527003
2024-05-16T19:00:00,208.69795426078463
2024-05-16T20:00:00,230.57155310589334
2024-05-16T21:00:00,240.02154408330503
2024-05-16T22:00:00,241.74098006538722
2024-05-16T23:00:00,245.67948581861413
2024-05-17T00:00:00,245.4183654785156
2024-05-17T01:00:00,209.94476052989128
2024-05-17T02:00:00,98.60773799730383
2024-05-17T03:00:00,49.344245081362516
2024-05-17T04:00:00,31.480807926343832
2024-05-17T05:00:00,25.43018871804942
2024-05-17T06:00:00,23.467801798944883
2024-05-17T07:00:00,22.34877586364746
2024-05-17T08:00:00,21.83221850187882
2024-05-17T09:00:00,22.43696179597274
2024-05-17T10:00:00,25.19107976167098
2024-05-17T11:00:00,31.689964460289993
2024-05-17T12:00:00,41.296946981678836
2024-05-17T13:00:00,49.72853420091711
2024-05-17T14:00:00,57.75247573852539
2024-05-17T15:00:00,64.18918078878652
2024-05-17T16:00:00,70.25580928636633
2024-05-17T17:00:00,76.01637865149455
2024-05-17T18:00:00,80.51963441268256
2024-05-17T19:00:00,80.51459403659986
2024-05-17T20:00:00,81.42498746125594
2024-05-17T21:00:00,85.46414217741591
2024-05-17T22:00:00,95.08863896908966
2024-05-17T23:00:00,107.03325122335683
2024-05-18T00:00:00,120.2944286180579
2024-05-18T01:00:00,127.82037751570991
2024-05-18T02:00:00,63.95903612219768
2024-05-18T03:00:00,32.502233754033625
2024-05-18T04:00:00,21.931897702424422
2024-05-18T05:00:00,18.918007394541863
2024-05-18T06:00:00,22.87138234014096
2024-05-18T07:00:00,26.049495862877887
2024-05-18T08:00:00,22.67841164962105
2024-05-18T09:00:00,20.36690695389457
2024-05-18T10:00:00,21.930503430573836
2024-05-18T11:00:00,29.96123902694038
2024-05-18T12:00:00,38.64190026988153
2024-05-18T13:00:00,45.49903056932532
2024-05-18T14:00:00,48.21546819935674
2024-05-18T15:00:00,49.116715140964665
2024-05-18T16:00:00,53.194978133491844
2024-05-18T17:00:00,56.201279681661845
2024-05-18T18:00:00,63.207176208496094
2024-05-18T19:00:00,69.44498078719428
2024-05-18T20:00:00,81.29085971998131
2024-05-18T21:00:00,94.3079372903575
2024-05-18T22:00:00,82.94796752929686
2024-05-18T23:00:00,63.27155569325322
2024-05-19T00:00:00,53.14262008666992
2024-05-19T01:00:00,45.29717951235563
2024-05-19T02:00:00,39.624146337094516
2024-05-19T03:00:00,33.38602953371794
2024-05-19T04:00:00,27.105937045553453
2024-05-19T05:00:00,21.12120951776919
2024-05-19T06:00:00,16.80947378407354
2024-05-19T07:00:00,13.859247663746707
2024-05-19T08:00:00,12.715110156847082
2024-05-19T09:00:00,13.416271541429602
2024-05-19T10:00:00,16.182786029318102
2024-05-19T11:00:00,21.82352364581564
2024-05-19T12:00:00,31.99640274047851
2024-05-19T13:00:00,39.08966313237729
2024-05-19T14:00:00,38.81507060838782
2024-05-19T15:00:00,41.063045004139774
2024-05-19T16:00:00,46.72397132541822
2024-05-19T17:00:00,47.1190422721531
2024-05-19T18:00:00,38.85204116157863
2024-05-19T19:00:00,29.675366194351856
2024-05-19T20:00:00,28.73361181176227
2024-05-19T21:00:00,28.58020201973293
2024-05-19T22:00:00,27.864864266437028
2024-05-19T23:00:00,28.248532170834746
2024-05-20T00:00:00,29.274258986763325
2024-05-20T01:00:00,29.09134873099949
2024-05-20T02:00:00,29.25319099426269
2024-05-20T03:00:00,29.592634532762606
2024-05-20T04:00:00,22.749670857968532
2024-05-20T05:00:00,17.734998039577317
2024-05-20T06:00:00,15.262270181075383
2024-05-20T07:00:00,14.69709189041801
2024-05-20T08:00:00,15.204420711683188
2024-05-20T09:00:00,15.708437961080797
2024-05-20T10:00:00,17.060325124989383
2024-05-20T11:00:00,23.601701985234797
2024-05-20T12:00:00,32.07704220647397
2024-05-20T13:00:00,37.91405006076978
2024-05-20T14:00:00,40.625590780506954
2024-05-20T15:00:00,36.90662400618843
2024-05-20T16:00:00,40.609444162119985
2024-05-20T17:00:00,45.20651875371518
2024-05-20T18:00:00,42.24445293260657
2024-05-20T19:00:00,34.510548798934266
2024-05-20T20:00:00,28.688412459000293
2024-05-20T21:00:00,27.00553645258364
2024-05-20T22:00:00,27.841584910517152
2024-05-20T23:00:00,30.879430024520207
2024-05-21T00:00:00,28.639790327652637
2024-05-21T01:00:00,22.191351517387055
2024-05-21T02:00:00,17.805548709371813
2024-05-21T03:00:00,15.546171893244201
2024-05-21T04:00:00,13.799588120501973
2024-05-21T05:00:00,13.429185535596762
2024-05-21T06:00:00,13.31151601542597
2024-05-21T07:00:00,13.109401702880858
2024-05-21T08:00:00,12.845968122067658
2024-05-21T09:00:00,12.901229816934334
2024-05-21T10:00:00,13.45396858712901
2024-05-21T11:00:00,15.67191650556481
2024-05-21T12:00:00,22.740721246470574
2024-05-21T13:00:00,31.872205817181126
2024-05-21T14:00:00,36.55803697005562
2024-05-21T15:00:00,37.255067576532774
2024-05-21T16:00:00,36.38416721509849
2024-05-21T17:00:00,34.45958659959876
2024-05-21T18:00:00,33.38565453239109
2024-05-21T19:00:00,32.06109013764754
2024-05-21T20:00:00,30.693597710650902
2024-05-21T21:00:00,27.7473203410273
2024-05-21T22:00:00,24.661237384961996
2024-05-21T23:00:00,22.207247360892918
2024-05-22T00:00:00,22.62246654344641
2024-05-22T01:00:00,23.418686327726945
2024-05-22T02:00:00,18.877802226854406
2024-05-22T03:00:00,13.623617752738618
2024-05-22T04:00:00,14.87362007472826
2024-05-22T05:00:00,12.402078877324643
2024-05-22T06:00:00,10.25178113191024
2024-05-22T07:00:00,9.425099331399668
2024-05-22T08:00:00,10.246414557747219
2024-05-22T09:00:00,12.385414123535156
2024-05-22T10:00:00,13.919700332309887
2024-05-22T11:00:00,17.714585677437157
2024-05-22T12:00:00,22.12934709631878
2024-05-22T13:00:00,26.246470824531883
2024-05-22T14:00:00,26.707307732623555
2024-05-22T15:00:00,26.703201128088907
2024-05-22T16:00:00,30.360481096350625
2024-05-22T17:00:00,35.215825454048485
2024-05-22T18:00:00,30.77204198422639
2024-05-22T19:00:00,23.153825428174887
2024-05-22T20:00:00,23.247849505880602
2024-05-22T21:00:00,23.749554841414742
2024-05-22T22:00:00,25.66441038380498
2024-05-22T23:00:00,27.41762235890264
2024-05-23T00:00:00,32.00723440750785
2024-05-23T01:00:00,30.011017592056934
2024-05-23T02:00:00,22.40762254466181
2024-05-23T03:00:00,22.610353635705035
2024-05-23T04:00:00,19.88479614257812
2024-05-23T05:00:00,18.46810597958772
2024-05-23T06:00:00,17.877611823703926
2024-05-23T07:00:00,17.62082274063774
2024-05-23T08:00:00,17.30938845095427
2024-05-23T09:00:00,18.53421659054963
2024-05-23T10:00:00,23.71544381846552
2024-05-23T11:00:00,28.283209593399707
2024-05-23T12:00:00,29.975103212439496
2024-05-23T13:00:00,30.34565328515094
2024-05-23T14:00:00,30.534279698910918
2024-05-23T15:00:00,31.58758138573688
2024-05-23T16:00:00,32.63896701646887
2024-05-23T17:00:00,32.772801606551454
2024-05-23T18:00:00,31.389786761739973
2024-05-23T19:00:00,29.30843734741211
2024-05-23T20:00:00,27.912304007488743
2024-05-23T21:00:00,27.54162995711616
2024-05-23T22:00:00,28.14021367612092
2024-05-23T23:00:00,29.775345843771227
2024-05-24T00:00:00,27.409714159758195
2024-05-24T01:00:00,22.905556554379668
2024-05-24T02:00:00,26.10594732865043
2024-05-24T03:00:00,27.089849554974098
2024-05-24T04:00:00,24.45086520651112
2024-05-24T05:00:00,21.92890349678371
2024-05-24T06:00:00,19.05452413144319
2024-05-24T07:00:00,18.004369984502375
2024-05-24T08:00:00,19.246597041254457
2024-05-24T09:00:00,21.130896858547043
2024-05-24T10:00:00,24.28717555170474
2024-05-24T11:00:00,30.195010641346805
2024-05-24T12:00:00,33.65231679833453
2024-05-24T13:00:00,34.93390415025794
2024-05-24T14:00:00,33.77456217226775
2024-05-24T15:00:00,31.40421494193699
2024-05-24T16:00:00,30.57203392360521
2024-05-24T17:00:00,29.958154844201125
2024-05-24T18:00:00,28.51739642931067
2024-05-24T19:00:00,26.9274787902832
2024-05-24T20:00:00,24.48945617675781
2024-05-24T21:00:00,22.307438062584918
2024-05-24T22:00:00,21.86514671989109
2024-05-24T23:00:00,23.45247708196225
2024-05-25T00:00:00,24.830031685207196
2024-05-25T01:00:00,25.795013261877973
2024-05-25T02:00:00,24.64701975946841
2024-05-25T03:00:00,19.115053259808082
2024-05-25T04:00:00,16.64790937174921
2024-05-25T05:00:00,17.198036649952762
2024-05-25T06:00:00,18.27567208331564
2024-05-25T07:00:00,19.53494387087614
2024-05-25T08:00:00,21.307295757791266
2024-05-25T09:00:00,24.333833113960594
2024-05-25T10:00:00,30.018541916556973
2024-05-25T11:00:00,39.150454313858695
2024-05-25T12:00:00,45.425856880519696
2024-05-25T13:00:00,48.49467153134553
2024-05-25T14:00:00,49.73190722258194
2024-05-25T15:00:00,52.099631102188766
2024-05-25T16:00:00,55.51307893835979
2024-05-25T17:00:00,56.830614504606814
2024-05-25T18:00:00,55.845009015954055
2024-05-25T19:00:00,55.667986994204306
2024-05-25T20:00:00,56.94921725729237
2024-05-25T21:00:00,55.57336525295091
2024-05-25T22:00:00,50.161868053933844
2024-05-25T23:00:00,46.538715694261626
2024-05-26T00:00:00,49.24961554485818
2024-05-26T01:00:00,53.61372441830842
2024-05-26T02:00:00,52.18138586956521
2024-05-26T03:00:00,44.19563028086786
2024-05-26T04:00:00,39.67972017371136
2024-05-26T05:00:00,37.64192597762398
2024-05-26T06:00:00,39.22344904360563
2024-05-26T07:00:00,40.04776216589886
2024-05-26T08:00:00,38.169479038404376
2024-05-26T09:00:00,38.922527147376016
2024-05-26T10:00:00,43.197753076967984
2024-05-26T11:00:00,46.66966877812924
2024-05-26T12:00:00,45.82225733217985
2024-05-26T13:00:00,43.3445406374724
2024-05-26T14:00:00,43.21865811555282
2024-05-26T15:00:00,45.74046458368716
2024-05-26T16:00:00,49.727715533712626
2024-05-26T17:00:00,53.37448501586914
2024-05-26T18:00:00,54.152981136156164
2024-05-26T19:00:00,51.542552118716024
2024-05-26T20:00:00,48.729683254076086
2024-05-26T21:00:00,46.23621534264605
2024-05-26T22:00:00,42.46457539434018
2024-05-26T23:00:00,36.91550346042799
2024-05-27T00:00:00,31.387227099874742
2024-05-27T01:00:00,27.17247689288595
2024-05-27T02:00:00,24.40218734741211
2024-05-27T03:00:00,17.14576721191406
2024-05-27T04:00:00,12.72001672827679
2024-05-27T05:00:00,11.030011425847592
2024-05-27T06:00:00,10.201920965443485
2024-05-27T07:00:00,10.16015919395115
2024-05-27T08:00:00,10.070463595182998
2024-05-27T09:00:00,10.263289202814516
2024-05-27T10:00:00,11.256670122561246
2024-05-27T11:00:00,13.448241358217984
2024-05-27T12:00:00,17.277798196543817
2024-05-27T13:00:00,18.536218062691063
2024-05-27T14:00:00,19.382186972576637
2024-05-27T15:00:00,21.582307566767152
2024-05-27T16:00:00,25.004690916641895
2024-05-27T17:00:00,27.948089848393977
2024-05-27T18:00:00,28.52195026563561
2024-05-27T19:00:00,28.727034278537914
2024-05-27T20:00:00,29.645115396250848
2024-05-27T21:00:00,31.3025836115298
2024-05-27T22:00:00,32.33146675773288
2024-05-27T23:00:00,31.818518597146735
2024-05-28T00:00:00,31.577256161233645
2024-05-28T01:00:00,32.09587354245393
2024-05-28T02:00:00,29.86275349492612
2024-05-28T03:00:00,23.55030184206755
2024-05-28T04:00:00,21.551642127659008
2024-05-28T05:00:00,19.538147387297254
2024-05-28T06:00:00,17.601241236147672
2024-05-28T07:00:00,17.005597819452696
2024-05-28T08:00:00,15.482578609300694
2024-05-28T09:00:00,14.169400754182233
2024-05-28T10:00:00,16.466259956359863
2024-05-28T11:00:00,21.282323505567465
2024-05-28T12:00:00,27.865118690159004
2024-05-28T13:00:00,31.058581144913383
2024-05-28T14:00:00,32.82221213631007
2024-05-28T15:00:00,30.300798747850497
2024-05-28T16:00:00,30.257673097693395
2024-05-28T17:00:00,32.32351858719536
2024-05-28T18:00:00,36.76561770231827
2024-05-28T19:00:00,39.14531873620074
2024-05-28T20:00:00,37.439238340958305
2024-05-28T21:00:00,34.16584222213081
2024-05-28T22:00:00,32.20040785748026
2024-05-28T23:00:00,33.30041445856509
2024-05-29T00:00:00,35.363560883895204
2024-05-29T01:00:00,34.33557825503142
2024-05-29T02:00:00,22.992694854736325
2024-05-29T03:00:00,16.842064650162406
2024-05-29T04:00:00,15.949185412863025
2024-05-29T05:00:00,15.433512397434399
2024-05-29T06:00:00,14.108657961306363
2024-05-29T07:00:00,12.824005168417225
2024-05-29T08:00:00,12.14009326437245
2024-05-29T09:00:00,12.069232235784114
2024-05-29T10:00:00,13.06838790230129
2024-05-29T11:00:00,17.17371364261793
2024-05-29T12:00:00,26.02156887883725
2024-05-29T13:00:00,33.709069459334664
2024-05-29T14:00:00,40.440625729768165
2024-05-29T15:00:00,41.556882277778946
2024-05-29T16:00:00,40.89714498105256
2024-05-29T17:00:00,41.192756984544836
2024-05-29T18:00:00,41.061353268830665
2024-05-29T19:00:00,40.158527042554766
2024-05-29T20:00:00,38.80758683577827
2024-05-29T21:00:00,37.14021997866423
2024-05-29T22:00:00,34.95074645332668
2024-05-29T23:00:00,33.25832284015158
2024-05-30T00:00:00,33.526018142700195
2024-05-30T01:00:00,33.7204301253609
2024-05-30T02:00:00,23.610151373821754
2024-05-30T03:00:00,16.723219995913297
2024-05-30T04:00:00,14.485782664755114
2024-05-30T05:00:00,14.023122289906377
2024-05-30T06:00:00,14.061360649440598
2024-05-30T07:00:00,14.071027921593705
2024-05-30T08:00:00,13.82633586551832
2024-05-30T09:00:00,14.090789711993672
2024-05-30T10:00:00,15.038584253062368
2024-05-30T11:00:00,19.476900764133617
2024-05-30T12:00:00,30.276142286217727
2024-05-30T13:00:00,40.185337398363195
2024-05-30T14:00:00,46.711989858876095
2024-05-30T15:00:00,51.019913383152165
2024-05-30T16:00:00,52.22376350734544
2024-05-30T17:00:00,54.59156882244607
2024-05-30T18:00:00,59.9464696801227
2024-05-30T19:00:00,65.77592799974524
2024-05-30T20:00:00,71.32275689166525
2024-05-30T21:00:00,67.90901150910749
2024-05-30T22:00:00,58.92224369878353
2024-05-30T23:00:00,56.676761627197266
2024-05-31T00:00:00,62.239540100097656
2024-05-31T01:00:00,68.07287896197774
2024-05-31T02:00:00,53.63167223723038
2024-05-31T03:00:00,40.72576373556385
2024-05-31T04:00:00,35.69545662921408
2024-05-31T05:00:00,34.45330744204313
2024-05-31T06:00:00,34.171620576278016
2024-05-31T07:00:00,34.367801666259766
2024-05-31T08:00:00,36.54718000992484
2024-05-31T09:00:00,39.447162959886626
2024-05-31T10:00:00,43.72294318157692
2024-05-31T11:00:00,56.15122073629628
2024-05-31T12:00:00,72.06849703581435
2024-05-31T13:00:00,89.71251247240149
2024-05-31T14:00:00,98.05989605447519
2024-05-31T15:00:00,90.04292794932488
2024-05-31T16:00:00,80.60525380010189
2024-05-31T17:00:00,97.65738910177478
2024-05-31T18:00:00,91.8317293913468
2024-05-31T19:00:00,99.46447853420092
2024-05-31T20:00:00,109.04236868153446
2024-05-31T21:00:00,113.33643175208047
2024-05-31T22:00:00,109.82785100522247
2024-05-31T23:00:00,96.34493355129075
2024-06-01T00:00:00,81.70236007027005
2024-06-01T01:00:00,62.68690092667289
2024-06-01T02:00:00,45.72482133948284
2024-06-01T03:00:00,37.077461574388586
2024-06-01T04:00:00,33.474177816639774
2024-06-01T05:00:00,31.65029641856318
2024-06-01T06:00:00,30.744035554968793
2024-06-01T07:00:00,30.46461777065111
2024-06-01T08:00:00,31.047358968983524
2024-06-01T09:00:00,32.150669429613195
2024-06-01T10:00:00,34.36990455959154
2024-06-01T11:00:00,38.68441241720448
2024-06-01T12:00:00,42.498546434485384
2024-06-01T13:00:00,44.23051784349524
2024-06-01T14:00:00,46.205111462136976
2024-06-01T15:00:00,48.797460804814875
2024-06-01T16:00:00,49.21761504463527
2024-06-01T17:00:00,48.91517589403235
2024-06-01T18:00:00,48.253458769425094
2024-06-01T19:00:00,48.474121923032016
2024-06-01T20:00:00,48.21052352241848
2024-06-01T21:00:00,49.29247001979662
2024-06-01T22:00:00,52.0426899453868
2024-06-01T23:00:00,59.98282042793605
2024-06-02T00:00:00,71.04408993928328
2024-06-02T01:00:00,74.05161782969597
2024-06-02T02:00:00,57.11121865977411
2024-06-02T03:00:00,43.22906328284221
2024-06-02T04:00:00,37.499735459037446
2024-06-02T05:00:00,29.30283156685207
2024-06-02T06:00:00,21.503164871879243
2024-06-02T07:00:00,19.157902924910836
2024-06-02T08:00:00,17.69159399944803
2024-06-02T09:00:00,17.711428766665247
2024-06-02T10:00:00,18.909001640651535
2024-06-02T11:00:00,22.47298555788786
2024-06-02T12:00:00,26.961799372797426
2024-06-02T13:00:00,28.97907903920049
2024-06-02T14:00:00,29.59038908585258
2024-06-02T15:00:00,32.862262808758274
2024-06-02T16:00:00,38.03286544136378
2024-06-02T17:00:00,43.35426148124363
2024-06-02T18:00:00,47.37943898076596
2024-06-02T19:00:00,50.39692969944165
2024-06-02T20:00:00,53.50513192881708
2024-06-02T21:00:00,55.95345820551333
2024-06-02T22:00:00,55.95909002552862
2024-06-02T23:00:00,54.4161902717922
2024-06-03T00:00:00,53.65872474338697
2024-06-03T01:00:00,52.33278788690981
2024-06-03T02:00:00,35.42208414492399
2024-06-03T03:00:00,24.867694357167114
2024-06-03T04:00:00,20.63959685615871
2024-06-03T05:00:00,19.511574869570524
2024-06-03T06:00:00,20.285462918488875
2024-06-03T07:00:00,20.928115678870157
2024-06-03T08:00:00,20.55956641487453
2024-06-03T09:00:00,19.056904917177945
2024-06-03T10:00:00,18.018163432245668
2024-06-03T11:00:00,20.04783539150072
2024-06-03T12:00:00,29.070739994878352
2024-06-03T13:00:00,41.86218560260274
2024-06-03T14:00:00,51.27236042851986
2024-06-03T15:00:00,56.296436807383664
2024-06-03T16:00:00,61.21153391962466
2024-06-03T17:00:00,65.67018558668053
2024-06-03T18:00:00,68.31032263714334
2024-06-03T19:00:00,64.56883803657864
2024-06-03T20:00:00,58.63279060695481
2024-06-03T21:00:00,52.905188519021735
2024-06-03T22:00:00,48.48053542427394
2024-06-03T23:00:00,45.853826439898945
2024-06-04T00:00:00,45.03955393252165
2024-06-04T01:00:00,42.569220169730805
2024-06-04T02:00:00,28.736337247102153
2024-06-04T03:00:00,19.91950632178265
2024-06-04T04:00:00,16.40898265009341
2024-06-04T05:00:00,14.668236608090607
2024-06-04T06:00:00,13.663463758385697
2024-06-04T07:00:00,13.262036986972973
2024-06-04T08:00:00,13.34210151174794
2024-06-04T09:00:00,14.173185182654338
2024-06-04T10:00:00,15.732129221377164
2024-06-04T11:00:00,18.918907082599144
2024-06-04T12:00:00,25.30191960542098
2024-06-04T13:00:00,31.21971437205439
2024-06-04T14:00:00,35.87284718389096
2024-06-04T15:00:00,39.73594765041185
2024-06-04T16:00:00,42.86120804496433
2024-06-04T17:00:00,43.43884227586829
2024-06-04T18:00:00,43.24900884213655
2024-06-04T19:00:00,42.36245909981105
2024-06-04T20:00:00,42.251744311788805
2024-06-04T21:00:00,42.82515832652216
2024-06-04T22:00:00,42.849433069643766
2024-06-04T23:00:00,43.74554277502971
2024-06-05T00:00:00,44.734137825343915
2024-06-05T01:00:00,43.22424117378566
2024-06-05T02:00:00,29.7245514081872
2024-06-05T03:00:00,21.221192484316614
2024-06-05T04:00:00,17.361426975416098
2024-06-05T05:00:00,15.480777823406715
2024-06-05T06:00:00,14.797499532284943
2024-06-05T07:00:00,14.56018949591595
2024-06-05T08:00:00,14.482084688932998
2024-06-05T09:00:00,14.380731458249297
2024-06-05T10:00:00,14.790123566337254
2024-06-05T11:00:00,17.544618938280184
2024-06-05T12:00:00,23.889401145603344
2024-06-05T13:00:00,30.374198498933207
2024-06-05T14:00:00,35.78279627924379
2024-06-05T15:00:00,41.74010003131368
2024-06-05T16:00:00,46.96697235107421
2024-06-05T17:00:00,50.70976506108823
2024-06-05T18:00:00,52.24896306576935
2024-06-05T19:00:00,48.59526194696841
2024-06-05T20:00:00,42.97701313184655
2024-06-05T21:00:00,38.729721401048735
2024-06-05T22:00:00,36.48972436656122
2024-06-05T23:00:00,36.27298122903575
2024-06-06T00:00:00,36.90476591690726
2024-06-06T01:00:00,34.74186474344005
2024-06-06T02:00:00,22.844859579335086
2024-06-06T03:00:00,17.908333819845446
2024-06-06T04:00:00,14.950278655342432
2024-06-06T05:00:00,13.489378638889479
2024-06-06T06:00:00,12.937475826429283
2024-06-06T07:00:00,12.690649074056871
2024-06-06T08:00:00,12.883766298708707
2024-06-06T09:00:00,13.309457820394762
2024-06-06T10:00:00,13.994558002637778
2024-06-06T11:00:00,16.99595152813455
2024-06-06T12:00:00,23.972491305807363
2024-06-06T13:00:00,33.64353312616762
2024-06-06T14:00:00,42.18389345251995
2024-06-06T15:00:00,48.04206267647121
2024-06-06T16:00:00,50.56130185334578
2024-06-06T17:00:00,51.85552398018215
2024-06-06T18:00:00,52.651738705842384
2024-06-06T19:00:00,52.59694837487262
2024-06-06T20:00:00,49.67811916185461
2024-06-06T21:00:00,47.64256800775942
2024-06-06T22:00:00,47.10973043027131
2024-06-06T23:00:00,47.753977236540415
2024-06-07T00:00:00,49.86805808025858
2024-06-07T01:00:00,51.61910463416058
2024-06-07T02:00:00,38.05518805462381
2024-06-07T03:00:00,22.412359735240102
2024-06-07T04:00:00,17.89955313309379
2024-06-07T05:00:00,16.022349647853684
2024-06-07T06:00:00,14.138926132865574
2024-06-07T07:00:00,13.829538096552309
2024-06-07T08:00:00,15.035634040832518
2024-06-07T09:00:00,15.978900992352028
2024-06-07T10:00:00,17.615112221759297
2024-06-07T11:00:00,21.46492203422215
2024-06-07T12:00:00,29.98435957535453
2024-06-07T13:00:00,37.75273911849312
2024-06-07T14:00:00,38.73456291530443
2024-06-07T15:00:00,39.42723929363748
2024-06-07T16:00:00,40.768299102783196
2024-06-07T17:00:00,39.38535657136337
2024-06-07T18:00:00,35.1119502523671
2024-06-07T19:00:00,31.64970804297405
2024-06-07T20:00:00,29.677895338638965
2024-06-07T21:00:00,28.417837806369942
2024-06-07T22:00:00,27.272363165150512
2024-06-07T23:00:00,26.331247578496516
2024-06-08T00:00:00,26.003201609072477
2024-06-08T01:00:00,25.146681163621984
2024-06-08T02:00:00,19.314523199330203
2024-06-08T03:00:00,14.89427097983982
2024-06-08T04:00:00,12.700256264728047
2024-06-08T05:00:00,11.756329702294389
2024-06-08T06:00:00,11.208329366601031
2024-06-08T07:00:00,10.843089601267938
2024-06-08T08:00:00,10.577351653057594
2024-06-08T09:00:00,10.903780937194824
2024-06-08T10:00:00,12.366204178851582
2024-06-08T11:00:00,16.013736227284305
2024-06-08T12:00:00,22.165320769600243
2024-06-08T13:00:00,28.515469426694118
2024-06-08T14:00:00,32.839631039163336
2024-06-08T15:00:00,35.785785592120625
2024-06-08T16:00:00,38.91124260943868
2024-06-08T17:00:00,40.50097374294115
2024-06-08T18:00:00,39.14110449086064
2024-06-08T19:00:00,37.850992119830586
2024-06-08T20:00:00,40.68645195339037
2024-06-08T21:00:00,49.33489376565684
2024-06-08T22:00:00,62.30966501650602
2024-06-08T23:00:00,64.36759782874066
2024-06-09T00:00:00,52.85350235648777
2024-06-09T01:00:00,44.41746089769446
2024-06-09T02:00:00,43.020110088845954
2024-06-09T03:00:00,41.47858627982761
2024-06-09T04:00:00,34.01693825099779
2024-06-09T05:00:00,19.9591938516368
2024-06-09T06:00:00,14.285800311876379
2024-06-09T07:00:00,12.896360936372176
2024-06-09T08:00:00,12.994530636331309
2024-06-09T09:00:00,14.6318418668664
2024-06-09T10:00:00,17.909641100012735
2024-06-09T11:00:00,22.845339899477747
2024-06-09T12:00:00,26.563887720522672
2024-06-09T13:00:00,30.282595758852747
2024-06-09T14:00:00,33.655001101286516
2024-06-09T15:00:00,36.42591957423997
2024-06-09T16:00:00,37.841915794040844
2024-06-09T17:00:00,39.319914776345954
2024-06-09T18:00:00,39.18499888544496
2024-06-09T19:00:00,37.73792631729789
2024-06-09T20:00:00,36.120012863822595
2024-06-09T21:00:00,33.57146495321522
2024-06-09T22:00:00,30.328763713007383
2024-06-09T23:00:00,28.72150329921556
2024-06-10T00:00:00,28.75690949481466
2024-06-10T01:00:00,29.342676162719727
2024-06-10T02:00:00,24.93628336035687
2024-06-10T03:00:00,18.58170302017875
2024-06-10T04:00:00,16.675281939299207
2024-06-10T05:00:00,15.775403354478916
2024-06-10T06:00:00,14.920362804246984
2024-06-10T07:00:00,14.413272774737813
2024-06-10T08:00:00,14.303795441337252
2024-06-10T09:00:00,14.65922281016474
2024-06-10T10:00:00,16.287105228589926
2024-06-10T11:00:00,21.712665640789528
2024-06-10T12:00:00,30.561564155246902
2024-06-10T13:00:00,36.534159287162446
2024-06-10T14:00:00,39.13972788271697
2024-06-10T15:00:00,37.739233763321586
2024-06-10T16:00:00,36.54074212779169
2024-06-10T17:00:00,36.53767378433891
2024-06-10T18:00:00,36.306260647981055
2024-06-10T19:00:00,35.60441456670346
2024-06-10T20:00:00,35.70372589774753
2024-06-10T21:00:00,35.60918177729068
2024-06-10T22:00:00,34.438671443773345
2024-06-10T23:00:00,33.082872473675266
2024-06-11T00:00:00,32.74685926022737
2024-06-11T01:00:00,31.776992963707965
2024-06-11T02:00:00,25.865496925685715
2024-06-11T03:00:00,20.414598133253012
2024-06-11T04:00:00,17.331385819808293
2024-06-11T05:00:00,15.562232473622196
2024-06-11T06:00:00,14.842292578324026
2024-06-11T07:00:00,14.489496479863705
2024-06-11T08:00:00,14.293187846308168
2024-06-11T09:00:00,14.475406605264412
2024-06-11T10:00:00,15.349610287210215
2024-06-11T11:00:00,17.378866444463313
2024-06-11T12:00:00,21.0565592724344
2024-06-11T13:00:00,24.959098815917965
2024-06-11T14:00:00,26.998861561650813
2024-06-11T15:00:00,29.173617819081183
2024-06-11T16:00:00,31.90992081683615
2024-06-11T17:00:00,33.59192010630732
2024-06-11T18:00:00,35.80791755344556
2024-06-11T19:00:00,37.655011881952696
2024-06-11T20:00:00,38.18838301948879
2024-06-11T21:00:00,38.428696010423735
2024-06-11T22:00:00,38.286166978918985
2024-06-11T23:00:00,38.824497886326
2024-06-12T00:00:00,39.18479322350544
2024-06-12T01:00:00,36.29857983796493
2024-06-12T02:00:00,26.33582621035368
2024-06-12T03:00:00,20.403731055881668
2024-06-12T04:00:00,17.57432829815408
2024-06-12T05:00:00,16.029964820198387
2024-06-12T06:00:00,15.08024916441544
2024-06-12T07:00:00,14.7207670211792
2024-06-12T08:00:00,14.510122713835342
2024-06-12T09:00:00,14.753893769305684
2024-06-12T10:00:00,15.837371826171873
2024-06-12T11:00:00,18.85588330807893
2024-06-12T12:00:00,24.852377518363618
2024-06-12T13:00:00,30.663971693619434
2024-06-12T14:00:00,35.34286465852156
2024-06-12T15:00:00,39.07286768374235
2024-06-12T16:00:00,42.43498777306598
2024-06-12T17:00:00,44.7912660681683
2024-06-12T18:00:00,45.95605020937712
2024-06-12T19:00:00,45.300677092179
2024-06-12T20:00:00,43.55289077758789
2024-06-12T21:00:00,41.278756846552305
2024-06-12T22:00:00,39.20909135237983
2024-06-12T23:00:00,41.34165987761124
2024-06-13T00:00:00,45.08284892206606
2024-06-13T01:00:00,47.51749420166015
2024-06-13T02:00:00,41.108811254086696
2024-06-13T03:00:00,27.613813151483946
2024-06-13T04:00:00,21.459019121916395
2024-06-13T05:00:00,20.256722491720446
2024-06-13T06:00:00,20.315142507138457
2024-06-13T07:00:00,19.75627045009447
2024-06-13T08:00:00,18.717589005180024
2024-06-13T09:00:00,17.936274155326508
2024-06-13T10:00:00,17.988203380418856
2024-06-13T11:00:00,19.960076539412785
2024-06-13T12:00:00,27.270726411238957
2024-06-13T13:00:00,33.588037407916524
2024-06-13T14:00:00,36.050510904063344
2024-06-13T15:00:00,39.637668443762735
2024-06-13T16:00:00,44.275882886803664
2024-06-13T17:00:00,49.224710381549336
2024-06-13T18:00:00,52.021366285241164
2024-06-13T19:00:00,52.53540055648139
2024-06-13T20:00:00,50.39455397232718
2024-06-13T21:00:00,48.161697387695305
2024-06-13T22:00:00,46.40510542496391
2024-06-13T23:00:00,44.90660095214843
2024-06-14T00:00:00,45.54713473112686
2024-06-14T01:00:00,45.18664351753566
2024-06-14T02:00:00,31.36058193704356
2024-06-14T03:00:00,24.001978418101434
2024-06-14T04:00:00,20.545704551365063
2024-06-14T05:00:00,18.88454370913298
2024-06-14T06:00:00,17.96624988058339
2024-06-14T07:00:00,18.087488589079484
2024-06-14T08:00:00,18.33485702846361
2024-06-14T09:00:00,18.286336981731914
2024-06-14T10:00:00,21.016949695089586
2024-06-14T11:00:00,28.474516910055407
2024-06-14T12:00:00,37.78075185029403
2024-06-14T13:00:00,45.525825500488274
2024-06-14T14:00:00,52.56302211595618
2024-06-14T15:00:00,59.05913742728854
2024-06-14T16:00:00,65.59990045298701
2024-06-14T17:00:00,68.04543602984883
2024-06-14T18:00:00,67.14039761087169
2024-06-14T19:00:00,64.01069525013799
2024-06-14T20:00:00,56.8214579043181
2024-06-14T21:00:00,50.51790104741635
2024-06-14T22:00:00,46.38487475851307
2024-06-14T23:00:00,44.509214815886125
2024-06-15T00:00:00,43.47871564782183
2024-06-15T01:00:00,41.82737333878226
2024-06-15T02:00:00,36.50187633348548
2024-06-15T03:00:00,24.487635902736493
2024-06-15T04:00:00,18.96728341475777
2024-06-15T05:00:00,16.744950004245922
2024-06-15T06:00:00,15.49696300340735
2024-06-15T07:00:00,15.087557585343069
2024-06-15T08:00:00,15.527073486991549
2024-06-15T09:00:00,16.298114859539528
2024-06-15T10:00:00,18.080392422883403
2024-06-15T11:00:00,25.456882808519442
2024-06-15T12:00:00,34.088559358016305
2024-06-15T13:00:00,39.15804738583771
2024-06-15T14:00:00,39.68553791875424
2024-06-15T15:00:00,40.03826091600501
2024-06-15T16:00:00,41.50994889632515
2024-06-15T17:00:00,42.92206772514011
2024-06-15T18:00:00,42.77853045256241
2024-06-15T19:00:00,40.87778074845023
2024-06-15T20:00:00,37.78990869936735
2024-06-15T21:00:00,35.36286246258279
2024-06-15T22:00:00,33.580265211022414
2024-06-15T23:00:00,32.93531334918478
2024-06-16T00:00:00,32.29423473192297
2024-06-16T01:00:00,30.714498519897457
2024-06-16T02:00:00,25.77412771142047
2024-06-16T03:00:00,18.833175327466883
2024-06-16T04:00:00,16.85249909110691
2024-06-16T05:00:00,16.139580602231234
2024-06-16T06:00:00,15.821471628935438
2024-06-16T07:00:00,15.745640588843301
2024-06-16T08:00:00,15.168205717335574
2024-06-16T09:00:00,15.44289908201798
2024-06-16T10:00:00,17.391093793122664
2024-06-16T11:00:00,20.56264611949091
2024-06-16T12:00:00,25.20999808933424
2024-06-16T13:00:00,30.251283479773473
2024-06-16T14:00:00,32.86266592274541
2024-06-16T15:00:00,33.36494918491529
2024-06-16T16:00:00,33.63538725479789
2024-06-16T17:00:00,33.78656669284986
2024-06-16T18:00:00,32.9340469526208
2024-06-16T19:00:00,32.172203312749446
2024-06-16T20:00:00,31.76440214074176
2024-06-16T21:00:00,31.092022605564278
2024-06-16T22:00:00,31.09408071766729
2024-06-16T23:00:00,31.014066447382383
2024-06-17T00:00:00,30.60526930767557
2024-06-17T01:00:00,29.678809953772497
2024-06-17T02:00:00,23.617324082747746
2024-06-17T03:00:00,19.186630331951637
2024-06-17T04:00:00,16.951903467592984
2024-06-17T05:00:00,15.9142311344976
2024-06-17T06:00:00,15.480652228645654
2024-06-17T07:00:00,15.429338330807893
2024-06-17T08:00:00,15.836667765741758
2024-06-17T09:00:00,16.683043106742527
2024-06-17T10:00:00,17.960182024085
2024-06-17T11:00:00,21.235625888990317
2024-06-17T12:00:00,29.538238608318824
2024-06-17T13:00:00,38.23121543552564
2024-06-17T14:00:00,43.45454390152641
2024-06-17T15:00:00,50.09950538303541
2024-06-17T16:00:00,58.835260640019946
2024-06-17T17:00:00,67.09807752526325
2024-06-17T18:00:00,69.42392034115997
2024-06-17T19:00:00,69.07063525655994
2024-06-17T20:00:00,67.75830177638841
2024-06-17T21:00:00,64.69330431067425
2024-06-17T22:00:00,61.52606118243672
2024-06-17T23:00:00,59.91774152672808
2024-06-18T00:00:00,60.28947266288424
2024-06-18T01:00:00,60.30337176115615
2024-06-18T02:00:00,38.13655571315599
2024-06-18T03:00:00,22.42954569277556
2024-06-18T04:00:00,17.76663133372431
2024-06-18T05:00:00,15.516131069349205
2024-06-18T06:00:00,13.928898604019828
2024-06-18T07:00:00,13.144236315851625
2024-06-18T08:00:00,12.818069209223207
2024-06-18T09:00:00,12.526533914648967
2024-06-18T10:00:00,13.117513739544412
2024-06-18T11:00:00,17.04981422424316
2024-06-18T12:00:00,26.014559372611664
2024-06-18T13:00:00,35.90987114284349
2024-06-18T14:00:00,40.01718031841776
2024-06-18T15:00:00,41.21817879054856
2024-06-18T16:00:00,42.236436926800266
2024-06-18T17:00:00,39.72895995430324
2024-06-18T18:00:00,35.41316513393236
2024-06-18T19:00:00,31.27860848799995
2024-06-18T20:00:00,30.38872685639754
2024-06-18T21:00:00,31.36145268315854
2024-06-18T22:00:00,31.93876465507175
2024-06-18T23:00:00,31.904638041620668
2024-06-19T00:00:00,32.24336723659349
2024-06-19T01:00:00,32.72327713344408
2024-06-19T02:00:00,29.823358618694797
2024-06-19T03:00:00,23.65461216802182
2024-06-19T04:00:00,19.322171003922172
2024-06-19T05:00:00,17.14921478603197
2024-06-19T06:00:00,15.882000508515729
2024-06-19T07:00:00,15.515382269154424
2024-06-19T08:00:00,14.720766606538191
2024-06-19T09:00:00,14.042823045150092
2024-06-19T10:00:00,14.342505786729895
2024-06-19T11:00:00,17.08368541883386
2024-06-19T12:00:00,21.90202596913213
2024-06-19T13:00:00,23.522596359252926
2024-06-19T14:00:00,25.589560798976727
2024-06-19T15:00:00,27.57833696448284
2024-06-19T16:00:00,27.440498352050778
2024-06-19T17:00:00,26.47943836709727
2024-06-19T18:00:00,25.572355519170344
2024-06-19T19:00:00,24.751915060955543
2024-06-19T20:00:00,25.444985265317165
2024-06-19T21:00:00,26.97585586879564
2024-06-19T22:00:00,27.971330062202778
2024-06-19T23:00:00,27.945048373678457
2024-06-20T00:00:00,28.23965396051821
2024-06-20T01:00:00,27.958003085592516
2024-06-20T02:00:00,22.179258429485817
2024-06-20T03:00:00,16.279591518899668
2024-06-20T04:00:00,14.438316386678942
2024-06-20T05:00:00,13.987155002096422
2024-06-20T06:00:00,13.425366111423658
2024-06-20T07:00:00,12.970928814100182
2024-06-20T08:00:00,13.158885085064432
2024-06-20T09:00:00,13.578838389852772
2024-06-20T10:00:00,14.521921323693315
2024-06-20T11:00:00,19.446726425834324
2024-06-20T12:00:00,26.569326898326043
2024-06-20T13:00:00,28.55641705056895
2024-06-20T14:00:00,30.793200700179387
2024-06-20T15:00:00,32.075448326442555
2024-06-20T16:00:00,32.75895549940026
2024-06-20T17:00:00,33.21618552829908
2024-06-20T18:00:00,33.74490505716074
2024-06-20T19:00:00,32.90663088922915
2024-06-20T20:00:00,32.10096840236498
2024-06-20T21:00:00,28.919436164524242
2024-06-20T22:00:00,26.465776028840434
2024-06-20T23:00:00,26.36929014454717
2024-06-21T00:00:00,27.93607421543287
2024-06-21T01:00:00,29.072644275167708
2024-06-21T02:00:00,26.711394683174465
2024-06-21T03:00:00,22.36143170232358
2024-06-21T04:00:00,20.236302002616547
2024-06-21T05:00:00,18.717655430669367
2024-06-21T06:00:00,17.778415928716246
2024-06-21T07:00:00,16.67300954072372
2024-06-21T08:00:00,15.818992200105082
2024-06-21T09:00:00,15.18779841713283
2024-06-21T10:00:00,15.034598226132598
2024-06-21T11:00:00,16.84158001775327
2024-06-21T12:00:00,21.514114628667414
2024-06-21T13:00:00,26.459801134855848
2024-06-21T14:00:00,26.529661178588864
2024-06-21T15:00:00,25.77625349293584
2024-06-21T16:00:00,27.892098634139348
2024-06-21T17:00:00,29.121317490287446
2024-06-21T18:00:00,31.88426084103791
2024-06-21T19:00:00,34.23601896866508
2024-06-21T20:00:00,32.858885226042375
2024-06-21T21:00:00,35.67677821283754
2024-06-21T22:00:00,36.049996583358094
2024-06-21T23:00:00,25.71366252069888
2024-06-22T00:00:00,21.593554289444633
2024-06-22T01:00:00,29.241007431693696
2024-06-22T02:00:00,40.64001000445822
2024-06-22T03:00:00,24.903371230415672
2024-06-22T04:00:00,12.769942449486772
2024-06-22T05:00:00,11.294948246168053
2024-06-22T06:00:00,10.730482930722443
2024-06-22T07:00:00,10.286834426548168
2024-06-22T08:00:00,10.48980140686035
2024-06-22T09:00:00,11.6092530955439
2024-06-22T10:00:00,13.39771971495255
2024-06-22T11:00:00,18.95802406642748
2024-06-22T12:00:00,27.94199047917905
2024-06-22T13:00:00,32.092311029848844
2024-06-22T14:00:00,30.417072959568188
2024-06-22T15:00:00,29.322230629298993
2024-06-22T16:00:00,31.823184967041012
2024-06-22T17:00:00,35.650975932245665
2024-06-22T18:00:00,29.696205802585766
2024-06-22T19:00:00,26.745165949282434
2024-06-22T20:00:00,28.99123838673467
2024-06-22T21:00:00,28.46910526441491
2024-06-22T22:00:00,26.918509276016895
2024-06-22T23:00:00,26.471519387286637
2024-06-23T00:00:00,27.08893245199452
2024-06-23T01:00:00,27.59228756116784
2024-06-23T02:00:00,27.293361166249145
2024-06-23T03:00:00,21.246440058169156
2024-06-23T04:00:00,18.609579252160113
2024-06-23T05:00:00,17.652761293494184
2024-06-23T06:00:00,16.989750240160067
2024-06-23T07:00:00,16.3150983893353
2024-06-23T08:00:00,15.910717342210853
2024-06-23T09:00:00,15.915457186491592
2024-06-23T10:00:00,16.887661975363024
2024-06-23T11:00:00,18.67987831779148
2024-06-23T12:00:00,20.71107250711192
2024-06-23T13:00:00,22.054025318311602
2024-06-23T14:00:00,23.03615437383237
2024-06-23T15:00:00,24.609916769939918
2024-06-23T16:00:00,25.49394176317298
2024-06-23T17:00:00,24.37715372831925
2024-06-23T18:00:00,23.915587632552434
2024-06-23T19:00:00,24.876118701437242
2024-06-23T20:00:00,26.497577916020926
2024-06-23T21:00:00,27.36689011946968
2024-06-23T22:00:00,27.38848478897758
2024-06-23T23:00:00,28.138082670128863
2024-06-24T00:00:00,28.438174123349395
2024-06-24T01:00:00,26.76241418589716
2024-06-24T02:00:00,21.01394122579823
2024-06-24T03:00:00,16.961715615313985
2024-06-24T04:00:00,14.822135178939153
2024-06-24T05:00:00,13.58327998285708
2024-06-24T06:00:00,12.680100565371303
2024-06-24T07:00:00,12.03946478470512
2024-06-24T08:00:00,11.907496866972549
2024-06-24T09:00:00,12.134748749111008
2024-06-24T10:00:00,13.446239637291947
2024-06-24T11:00:00,15.279591684756072
2024-06-24T12:00:00,17.454065405804176
2024-06-24T13:00:00,19.951302072276235
2024-06-24T14:00:00,22.81640575243079
2024-06-24T15:00:00,26.785257837046743
2024-06-24T16:00:00,26.179582181184188
2024-06-24T17:00:00,25.26105955372686
2024-06-24T18:00:00,26.36230302893597
2024-06-24T19:00:00,27.057527956755262
2024-06-24T20:00:00,26.544393788213313
2024-06-24T21:00:00,26.72303531480872
2024-06-24T22:00:00,27.34213464156441
2024-06-24T23:00:00,28.99451819710109
2024-06-25T00:00:00,30.76706728727921
2024-06-25T01:00:00,30.787661345108692
2024-06-25T02:00:00,26.314706719439958
2024-06-25T03:00:00,23.338438199914016
2024-06-25T04:00:00,22.382935482522715
2024-06-25T05:00:00,21.937331655751102
2024-06-25T06:00:00,20.813533285389774
2024-06-25T07:00:00,19.981588695360262
2024-06-25T08:00:00,19.591569154158883
2024-06-25T09:00:00,19.26564614669136
2024-06-25T10:00:00,18.838420619135317
2024-06-25T11:00:00,19.11934064782184
2024-06-25T12:00:00,21.102175422336742
2024-06-25T13:00:00,23.822244810021438
2024-06-25T14:00:00,25.704998430998426
2024-06-25T15:00:00,27.57553963039232
2024-06-25T16:00:00,29.76545615818189
2024-06-25T17:00:00,30.514440121858016
2024-06-25T18:00:00,31.762974614682403
2024-06-25T19:00:00,30.187542376310926
2024-06-25T20:00:00,27.442768179852028
2024-06-25T21:00:00,25.021926050600797
2024-06-25T22:00:00,24.605349499246344
2024-06-25T23:00:00,24.89362700089164
2024-06-26T00:00:00,22.945640895677645
2024-06-26T01:00:00,21.57426883863366
2024-06-26T02:00:00,18.584402167278785
2024-06-26T03:00:00,16.629337642503817
2024-06-26T04:00:00,14.237366095833154
2024-06-26T05:00:00,13.026724981225053
2024-06-26T06:00:00,12.747301599253777
2024-06-26T07:00:00,12.890145218890646
2024-06-26T08:00:00,13.281024849933125
2024-06-26T09:00:00,14.130326602769934
2024-06-26T10:00:00,15.445223849752674
2024-06-26T11:00:00,18.7252429464589
2024-06-26T12:00:00,24.108290216197137
2024-06-26T13:00:00,28.127577657284938
2024-06-26T14:00:00,29.89191801651664
2024-06-26T15:00:00,28.789946265842598
2024-06-26T16:00:00,29.688020042751138
2024-06-26T17:00:00,31.674286717953887
2024-06-26T18:00:00,31.190775498099942
2024-06-26T19:00:00,28.173743869947348
2024-06-26T20:00:00,24.699090543000594
2024-06-26T21:00:00,23.252639853436012
2024-06-26T22:00:00,25.222932317982547
2024-06-26T23:00:00,29.730447603308633
2024-06-27T00:00:00,36.19054860654084
2024-06-27T01:00:00,41.99796975177267
2024-06-27T02:00:00,38.68286547453506
2024-06-27T03:00:00,27.421501242596165
2024-06-27T04:00:00,22.98208178644595
2024-06-27T05:00:00,20.627038126406465
2024-06-27T06:00:00,18.476664087046743
2024-06-27T07:00:00,16.742004892100457
2024-06-27T08:00:00,15.396804643713908
2024-06-27T09:00:00,14.59994610496189
2024-06-27T10:00:00,14.703404094861899
2024-06-27T11:00:00,16.532253597093664
2024-06-27T12:00:00,21.443182406218153
2024-06-27T13:00:00,26.669701203055997
2024-06-27T14:00:00,31.73441944951596
2024-06-27T15:00:00,35.99477137690004
2024-06-27T16:00:00,39.78350780321204
2024-06-27T17:00:00,44.44183366195015
2024-06-27T18:00:00,50.03156728329865
2024-06-27T19:00:00,51.420290242070735
2024-06-27T20:00:00,47.12372837895932
2024-06-27T21:00:00,44.52289382271144
2024-06-27T22:00:00,42.72241542650305
2024-06-27T23:00:00,42.18657933110776
2024-06-28T00:00:00,44.27194761193316
2024-06-28T01:00:00,43.962325220522665
2024-06-28T02:00:00,31.278740426768422
2024-06-28T03:00:00,26.874476059623383
2024-06-28T04:00:00,23.8523123367973
2024-06-28T05:00:00,22.36926451973293
2024-06-28T06:00:00,21.797218571538505
2024-06-28T07:00:00,21.820229903511375
2024-06-28T08:00:00,21.61721967614215
2024-06-28T09:00:00,21.33101811616317
2024-06-28T10:00:00,21.641812946485434
2024-06-28T11:00:00,23.352596365887184
2024-06-28T12:00:00,27.678389673647672
2024-06-28T13:00:00,33.28667416779891
2024-06-28T14:00:00,36.533598194951594
2024-06-28T15:00:00,39.62688081160835
2024-06-28T16:00:00,42.65886638475501
2024-06-28T17:00:00,48.16646028601605
2024-06-28T18:00:00,54.99391655299974
2024-06-28T19:00:00,56.223428643268086
2024-06-28T20:00:00,57.275322292162016
2024-06-28T21:00:00,56.128983373227314
2024-06-28T22:00:00,52.77039104959239
2024-06-28T23:00:00,50.80271745764691
2024-06-29T00:00:00,49.89309443598208
2024-06-29T01:00:00,49.545269675876774
2024-06-29T02:00:00,39.245021654211946
2024-06-29T03:00:00,29.965176209159516
2024-06-29T04:00:00,25.05457786891771
2024-06-29T05:00:00,22.706861827684484
2024-06-29T06:00:00,21.156790443088695
2024-06-29T07:00:00,20.913928073385485
2024-06-29T08:00:00,21.220816487851344
2024-06-29T09:00:00,22.40659440082052
2024-06-29T10:00:00,24.277869763581645
2024-06-29T11:00:00,28.215473009192422
2024-06-29T12:00:00,36.99930191040038
2024-06-29T13:00:00,40.423803744108774
2024-06-29T14:00:00,46.95231512318486
2024-06-29T15:00:00,56.60906916079313
2024-06-29T16:00:00,63.92703893910283
2024-06-29T17:00:00,68.91576849895974
2024-06-29T18:00:00,71.3723665320355
2024-06-29T19:00:00,71.42884295919666
2024-06-29T20:00:00,70.35038823666778
2024-06-29T21:00:00,69.146078026813
2024-06-29T22:00:00,67.99958137843919
2024-06-29T23:00:00,66.60808364204738
2024-06-30T00:00:00,63.84191330619479
2024-06-30T01:00:00,56.42412766166355
2024-06-30T02:00:00,32.31497341653575
2024-06-30T03:00:00,24.77296339947244
2024-06-30T04:00:00,23.017074584960934
2024-06-30T05:00:00,22.266688056614086
2024-06-30T06:00:00,22.35630532969599
2024-06-30T07:00:00,22.034382944521695
2024-06-30T08:00:00,21.376862152763035
2024-06-30T09:00:00,21.605803448220954
2024-06-30T10:00:00,23.524178131766938
2024-06-30T11:00:00,29.176994821299672
2024-06-30T12:00:00,38.31876771346382
2024-06-30T13:00:00,43.18844471807065
2024-06-30T14:00:00,47.10219889101774
2024-06-30T15:00:00,49.39198054438051
2024-06-30T16:00:00,52.00806924571161
2024-06-30T17:00:00,57.20268664152725
2024-06-30T18:00:00,62.97458681852921
2024-06-30T19:00:00,67.24572189994481
2024-06-30T20:00:00,67.3157963960067
2024-06-30T21:00:00,65.99378403373387
2024-06-30T22:00:00,65.53473646744438
2024-06-30T23:00:00,66.89444384367569
2024-07-01T00:00:00,68.02746217147164
2024-07-01T01:00:00,67.70816305409308
2024-07-01T02:00:00,44.06758482559867
2024-07-01T03:00:00,26.993891674539313
2024-07-01T04:00:00,21.60300636291504
2024-07-01T05:00:00,18.814257165660027
2024-07-01T06:00:00,16.482153146163277
2024-07-01T07:00:00,15.571296360181723
2024-07-01T08:00:00,14.192129093667734
2024-07-01T09:00:00,14.043120840321414
2024-07-01T10:00:00,16.483427835547403
2024-07-01T11:00:00,21.209736948427942
2024-07-01T12:00:00,30.212054459945012
2024-07-01T13:00:00,32.46166544375212
2024-07-01T14:00:00,26.616989135742188
2024-07-01T15:00:00,28.646790960560676
2024-07-01T16:00:00,36.41208134526792
2024-07-01T17:00:00,43.022385638693095
2024-07-01T18:00:00,43.36802076256793
2024-07-01T19:00:00,41.80032116433848
2024-07-01T20:00:00,38.28739929199219
2024-07-01T21:00:00,37.24174151213272
2024-07-01T22:00:00,39.19160129712975
2024-07-01T23:00:00,43.10178607443105
2024-07-02T00:00:00,46.585676110309095
2024-07-02T01:00:00,46.50332790872324
2024-07-02T02:00:00,25.030639814293902
2024-07-02T03:00:00,16.581403981084406
2024-07-02T04:00:00,17.531695448833958
2024-07-02T05:00:00,20.307181731514305
2024-07-02T06:00:00,21.935651281605594
2024-07-02T07:00:00,23.48578950633173
2024-07-02T08:00:00,25.952220750891644
2024-07-02T09:00:00,27.898998923923653
2024-07-02T10:00:00,29.61217299751613
2024-07-02T11:00:00,34.550360306449555
2024-07-02T12:00:00,41.92472972040591
2024-07-02T13:00:00,49.202739218006954
2024-07-02T14:00:00,59.41617998869521
2024-07-02T15:00:00,70.35489521855892
2024-07-02T16:00:00,76.7648640508237
2024-07-02T17:00:00,79.6348946612814
2024-07-02T18:00:00,82.46591783606488
2024-07-02T19:00:00,83.27729001252547
2024-07-02T20:00:00,84.00297214673913
2024-07-02T21:00:00,83.78297921885614
2024-07-02T22:00:00,82.08550361965011
2024-07-02T23:00:00,74.71643165920092
2024-07-03T00:00:00,67.11535777216372
2024-07-03T01:00:00,66.0178978961447
2024-07-03T02:00:00,60.24737565413765
2024-07-03T03:00:00,36.05613459711489
2024-07-03T04:00:00,22.2691592340884
2024-07-03T05:00:00,19.32306389186693
2024-07-03T06:00:00,18.71900060902471
2024-07-03T07:00:00,18.367940819781758
2024-07-03T08:00:00,18.17303881437882
2024-07-03T09:00:00,18.290491850479786
2024-07-03T10:00:00,19.13783728558084
2024-07-03T11:00:00,21.135299185047977
2024-07-03T12:00:00,27.52782871412194
2024-07-03T13:00:00,36.81661224365234
2024-07-03T14:00:00,45.03891571708347
2024-07-03T15:00:00,52.10898938386336
2024-07-03T16:00:00,58.48916858175526
2024-07-03T17:00:00,62.74530775650688
2024-07-03T18:00:00,62.48849835603132
2024-07-03T19:00:00,56.43365461929984
2024-07-03T20:00:00,48.07989020969556
2024-07-03T21:00:00,41.33636391681173
2024-07-03T22:00:00,36.463882943858266
2024-07-03T23:00:00,34.566018477730125
2024-07-04T00:00:00,35.48319459998089
2024-07-04T01:00:00,34.36574471515158
2024-07-04T02:00:00,26.186514564182445
2024-07-04T03:00:00,22.275864891383954
2024-07-04T04:00:00,21.13782409999681
2024-07-04T05:00:00,20.82612203515094
2024-07-04T06:00:00,20.729338023973547
2024-07-04T07:00:00,20.684127227119774
2024-07-04T08:00:00,20.537443409795344
2024-07-04T09:00:00,21.002557920373004
2024-07-04T10:00:00,22.5358074851658
2024-07-04T11:00:00,26.304841912311055
2024-07-04T12:00:00,34.70761788409689
2024-07-04T13:00:00,46.46276142286217
2024-07-04T14:00:00,54.532904915187665
2024-07-04T15:00:00,60.083758478579306
2024-07-04T16:00:00,65.19250488281249
2024-07-04T17:00:00,69.99739704961361
2024-07-04T18:00:00,68.19731438678242
2024-07-04T19:00:00,60.65126667851987
2024-07-04T20:00:00,52.352635590926454
2024-07-04T21:00:00,45.31377062590225
2024-07-04T22:00:00,40.13030259505562
2024-07-04T23:00:00,38.374997346297555
2024-07-05T00:00:00,37.029168833856986
2024-07-05T01:00:00,34.97323293271272
2024-07-05T02:00:00,26.298607618912403
2024-07-05T03:00:00,22.59664958456288
2024-07-05T04:00:00,21.518052474312157
2024-07-05T05:00:00,20.685624164083727
2024-07-05T06:00:00,19.74968180449112
2024-07-05T07:00:00,20.015023687611453
2024-07-05T08:00:00,20.624559900035024
2024-07-05T09:00:00,20.765556418377415
2024-07-05T10:00:00,23.778960932856016
2024-07-05T11:00:00,30.796091411424715
2024-07-05T12:00:00,39.96860056338102
2024-07-05T13:00:00,43.87924575805664
2024-07-05T14:00:00,44.883346723473586
2024-07-05T15:00:00,42.62390501602836
2024-07-05T16:00:00,39.25190469493037
2024-07-05T17:00:00,35.048063112341836
2024-07-05T18:00:00,33.41142853446628
2024-07-05T19:00:00,33.03225508980129
2024-07-05T20:00:00,33.07866121375042
2024-07-05T21:00:00,31.779271333113957
2024-07-05T22:00:00,28.70686182768448
2024-07-05T23:00:00,27.48821100981339
2024-07-06T00:00:00,29.6426884195079
2024-07-06T01:00:00,34.71674421559209
2024-07-06T02:00:00,35.6345216502314
2024-07-06T03:00:00,24.947681592858352
2024-07-06T04:00:00,19.515532452127207
2024-07-06T05:00:00,18.237969439962637
2024-07-06T06:00:00,18.328704502271567
2024-07-06T07:00:00,17.416063391644023
2024-07-06T08:00:00,16.776622067327082
2024-07-06T09:00:00,17.612648176110305
2024-07-06T10:00:00,20.42990435724673
2024-07-06T11:00:00,25.936237749846082
2024-07-06T12:00:00,32.84674934718919
2024-07-06T13:00:00,38.681267613949984
2024-07-06T14:00:00,43.336156430451766
2024-07-06T15:00:00,45.51924531356147
2024-07-06T16:00:00,45.89161184559697
2024-07-06T17:00:00,46.279866923456595
2024-07-06T18:00:00,45.52178341409434
2024-07-06T19:00:00,42.081115888512656
2024-07-06T20:00:00,39.863301152768344
2024-07-06T21:00:00,37.25723896855893
2024-07-06T22:00:00,35.40569645425548
2024-07-06T23:00:00,35.057934139085845
2024-07-07T00:00:00,35.708550992219344
2024-07-07T01:00:00,35.08737804578698
2024-07-07T02:00:00,27.155312164970063
2024-07-07T03:00:00,20.219539227692977
2024-07-07T04:00:00,16.957816414211106
2024-07-07T05:00:00,15.353425316188643
2024-07-07T06:00:00,14.759757000467049
2024-07-07T07:00:00,14.149140606755793
2024-07-07T08:00:00,13.8821674015211
2024-07-07T09:00:00,15.028847404148268
2024-07-07T10:00:00,18.747920077780016
2024-07-07T11:00:00,24.708966130795684
2024-07-07T12:00:00,30.03196757772694
2024-07-07T13:00:00,30.20038057410198
2024-07-07T14:00:00,35.33818767381751
2024-07-07T15:00:00,40.13190708989682
2024-07-07T16:00:00,42.271333279817
2024-07-07T17:00:00,48.07619227533755
2024-07-07T18:00:00,53.830543683922805
2024-07-07T19:00:00,56.54098195615022
2024-07-07T20:00:00,57.4064017586086
2024-07-07T21:00:00,56.80896095607591
2024-07-07T22:00:00,53.58080689803413
2024-07-07T23:00:00,46.537745766017736
2024-07-08T00:00:00,43.20581834212593
2024-07-08T01:00:00,41.865343342656665
2024-07-08T02:00:00,33.85901965265688
2024-07-08T03:00:00,24.116321232007895
2024-07-08T04:00:00,20.31449624766474
2024-07-08T05:00:00,18.387189284614895
2024-07-08T06:00:00,16.879493630450703
2024-07-08T07:00:00,15.79319103904392
2024-07-08T08:00:00,15.350269359091053
2024-07-08T09:00:00,15.493606774703316
2024-07-08T10:00:00,16.416904698247496
2024-07-08T11:00:00,20.098542586616848
2024-07-08T12:00:00,28.395020609316614
2024-07-08T13:00:00,34.55058628579844
2024-07-08T14:00:00,34.554285215294875
2024-07-08T15:00:00,34.26792493073837
2024-07-08T16:00:00,33.97648952318274
2024-07-08T17:00:00,34.26285768591839
2024-07-08T18:00:00,35.64770043414571
2024-07-08T19:00:00,38.17784732321034
2024-07-08T20:00:00,44.96294452833092
2024-07-08T21:00:00,58.098802649456516
2024-07-08T22:00:00,74.07570681364639
2024-07-08T23:00:00,80.08950606636378
2024-07-09T00:00:00,76.5170609847359
2024-07-09T01:00:00,60.718801581341275
2024-07-09T02:00:00,34.23983499278192
2024-07-09T03:00:00,26.622547813083813
2024-07-09T04:00:00,24.225758428158965
2024-07-09T05:00:00,22.036229589711063
2024-07-09T06:00:00,20.693828748620074
2024-07-09T07:00:00,20.61749383677607
2024-07-09T08:00:00,21.36714288462763
2024-07-09T09:00:00,22.728438335916266
2024-07-09T10:00:00,24.782590949017067
2024-07-09T11:00:00,29.699479807978086
2024-07-09T12:00:00,36.120773481286086
2024-07-09T13:00:00,42.71418463665506
2024-07-09T14:00:00,48.2400195909583
2024-07-09T15:00:00,51.61013412475585
2024-07-09T16:00:00,54.86755852077317
2024-07-09T17:00:00,58.40825536976689
2024-07-09T18:00:00,59.881795800250494
2024-07-09T19:00:00,58.66054485155188
2024-07-09T20:00:00,57.00091768347698
2024-07-09T21:00:00,52.90378686656122
2024-07-09T22:00:00,48.46174737681513
2024-07-09T23:00:00,47.07017732703167
2024-07-10T00:00:00,47.9375872404679
2024-07-10T01:00:00,47.664051387621
2024-07-10T02:00:00,33.015010253242814
2024-07-10T03:00:00,26.569209720777426
2024-07-10T04:00:00,24.59252233090608
2024-07-10T05:00:00,23.54611844601838
2024-07-10T06:00:00,22.833478015402086
2024-07-10T07:00:00,21.82861867158309
2024-07-10T08:00:00,20.809004327525262
2024-07-10T09:00:00,20.893022703087844
2024-07-10T10:00:00,22.311933932097062
2024-07-10T11:00:00,26.754585763682485
2024-07-10T12:00:00,36.731754966404125
2024-07-10T13:00:00,49.04863307787024
2024-07-10T14:00:00,61.16983148326043
2024-07-10T15:00:00,67.99964772100034
2024-07-10T16:00:00,74.28826340385103
2024-07-10T17:00:00,80.75519694452699
2024-07-10T18:00:00,85.77041791832964
2024-07-10T19:00:00,91.49471647843069
2024-07-10T20:00:00,94.59704423987347
2024-07-10T21:00:00,92.04067727793816
2024-07-10T22:00:00,84.66270678976306
2024-07-10T23:00:00,80.24551524286684
2024-07-11T00:00:00,79.56035381814706
2024-07-11T01:00:00,76.8416631947393
2024-07-11T02:00:00,46.60314692621645
2024-07-11T03:00:00,32.44367649244225
2024-07-11T04:00:00,27.66121922368588
2024-07-11T05:00:00,24.627688698146653
2024-07-11T06:00:00,23.11636510102645
2024-07-11T07:00:00,22.628346152927563
2024-07-11T08:00:00,22.9429816370425
2024-07-11T09:00:00,24.400120859560754
2024-07-11T10:00:00,26.41891479492187
2024-07-11T11:00:00,30.968253840570863
2024-07-11T12:00:00,39.539624587349266
2024-07-11T13:00:00,45.99975884479025
2024-07-11T14:00:00,54.96494757610818
2024-07-11T15:00:00,63.03957632313604
2024-07-11T16:00:00,68.87060712731403
2024-07-11T17:00:00,73.83684871507728
2024-07-11T18:00:00,74.74557362432064
2024-07-11T19:00:00,71.91386612601902
2024-07-11T20:00:00,69.9481609178626
2024-07-11T21:00:00,68.50522348155145
2024-07-11T22:00:00,65.57245370616083
2024-07-11T23:00:00,64.44555315764053
2024-07-12T00:00:00,63.31384774912958
2024-07-12T01:00:00,58.95676803588867
2024-07-12T02:00:00,46.07761300128439
2024-07-12T03:00:00,39.010848169741415
2024-07-12T04:00:00,35.74350373641303
2024-07-12T05:00:00,34.078724405039914
2024-07-12T06:00:00,32.67458194235096
2024-07-12T07:00:00,32.09866150565769
2024-07-12T08:00:00,31.795269841733187
2024-07-12T09:00:00,32.85874507738197
2024-07-12T10:00:00,36.32903687850288
2024-07-12T11:00:00,43.76563412210215
2024-07-12T12:00:00,52.2947941655698
2024-07-12T13:00:00,57.78413673069166
2024-07-12T14:00:00,65.06116502181342
2024-07-12T15:00:00,76.4328440790591
2024-07-12T16:00:00,87.39706387727155
2024-07-12T17:00:00,94.27478491741678
2024-07-12T18:00:00,97.72182265571925
2024-07-12T19:00:00,86.64315961754839
2024-07-12T20:00:00,55.31987364395805
2024-07-12T21:00:00,32.87489700317383
2024-07-12T22:00:00,26.893915508104406
2024-07-12T23:00:00,28.46799153866975
2024-07-13T00:00:00,30.921342352162235
2024-07-13T01:00:00,31.73257545802904
2024-07-13T02:00:00,24.3841669663139
2024-07-13T03:00:00,20.802870294322133
2024-07-13T04:00:00,18.591986365940254
2024-07-13T05:00:00,17.03010816159455
2024-07-13T06:00:00,15.291521652885104
2024-07-13T07:00:00,13.474131791487983
2024-07-13T08:00:00,11.866944271585215
2024-07-13T09:00:00,10.881722740505053
2024-07-13T10:00:00,10.951854581418242
2024-07-13T11:00:00,12.462367223656695
2024-07-13T12:00:00,15.902353245279063
2024-07-13T13:00:00,19.507509977921192
2024-07-13T14:00:00,22.36202720973802
2024-07-13T15:00:00,24.615649347719934
2024-07-13T16:00:00,27.2687699691109
2024-07-13T17:00:00,29.819644430409305
2024-07-13T18:00:00,32.13505977133046
2024-07-13T19:00:00,31.818710493004843
2024-07-13T20:00:00,30.82104326331097
2024-07-13T21:00:00,29.975561805393387
2024-07-13T22:00:00,29.773499944935672
2024-07-13T23:00:00,29.989739625350285
2024-07-14T00:00:00,29.42071383932362
2024-07-14T01:00:00,28.169232409933336
2024-07-14T02:00:00,22.19371820532757
2024-07-14T03:00:00,19.240940674491547
2024-07-14T04:00:00,18.015907785166863
2024-07-14T05:00:00,16.834723762843918
2024-07-14T06:00:00,16.04252516705057
2024-07-14T07:00:00,15.769307717033051
2024-07-14T08:00:00,16.867408835369606
2024-07-14T09:00:00,19.242598906807274
2024-07-14T10:00:00,22.32084373805834
2024-07-14T11:00:00,25.22014078886612
2024-07-14T12:00:00,28.706113234810203
2024-07-14T13:00:00,32.095006693964415
2024-07-14T14:00:00,34.84936888321586
2024-07-14T15:00:00,37.14895712811013
2024-07-14T16:00:00,36.65248704993206
2024-07-14T17:00:00,35.03642886617909
2024-07-14T18:00:00,34.93894543855086
2024-07-14T19:00:00,36.16404060695482
2024-07-14T20:00:00,33.432669515195094
2024-07-14T21:00:00,30.935978184575617
2024-07-14T22:00:00,28.93144989013672
2024-07-14T23:00:00,29.049107095469598
2024-07-15T00:00:00,30.93572566820227
2024-07-15T01:00:00,32.11479120669157
2024-07-15T02:00:00,30.929642387058422
2024-07-15T03:00:00,28.57389300802479
2024-07-15T04:00:00,25.861857704494305
2024-07-15T05:00:00,23.43037232108738
2024-07-15T06:00:00,22.024520293526027
2024-07-15T07:00:00,21.00301643039869
2024-07-15T08:00:00,20.016287347544793
2024-07-15T09:00:00,19.543232378752332
2024-07-15T10:00:00,19.84943099643873
2024-07-15T11:00:00,21.37252434440281
2024-07-15T12:00:00,24.288098293802012
2024-07-15T13:00:00,26.660328243089754
2024-07-15T14:00:00,27.926094055175778
2024-07-15T15:00:00,29.77261601323666
2024-07-15T16:00:00,31.18116088535475
2024-07-15T17:00:00,32.19384093906568
2024-07-15T18:00:00,31.87160102180813
2024-07-15T19:00:00,30.624746737272837
2024-07-15T20:00:00,28.88788836935292
2024-07-15T21:00:00,28.182304299396012
2024-07-15T22:00:00,27.756012792172633
2024-07-15T23:00:00,27.086832627006196
2024-07-16T00:00:00,27.592695153277848
2024-07-16T01:00:00,27.831790426503055
2024-07-16T02:00:00,23.55402606466542
2024-07-16T03:00:00,19.874567031860348
2024-07-16T04:00:00,18.643147758815598
2024-07-16T05:00:00,18.0926339522652
2024-07-16T06:00:00,17.638366616290547
2024-07-16T07:00:00,17.574559916620668
2024-07-16T08:00:00,17.885660503221594
2024-07-16T09:00:00,18.580981378969934
2024-07-16T10:00:00,19.960419281669285
2024-07-16T11:00:00,22.140582374904465
2024-07-16T12:00:00,24.23022436059039
2024-07-16T13:00:00,26.433016486789867
2024-07-16T14:00:00,28.08366029158882
2024-07-16T15:00:00,28.936934678450868
2024-07-16T16:00:00,29.512059170266852
2024-07-16T17:00:00,29.883655050526492
2024-07-16T18:00:00,29.888420519621473
2024-07-16T19:00:00,29.529980949733563
2024-07-16T20:00:00,29.14481751815132
2024-07-16T21:00:00,28.763386436130688
2024-07-16T22:00:00,28.722277185191277
2024-07-16T23:00:00,29.693539826766305
2024-07-17T00:00:00,30.012125595756196
2024-07-17T01:00:00,29.147696370663844
2024-07-17T02:00:00,26.598059363987133
2024-07-17T03:00:00,24.383736651876696
2024-07-17T04:00:00,22.434036337811015
2024-07-17T05:00:00,20.85807584679645
2024-07-17T06:00:00,19.973385603531543
2024-07-17T07:00:00,19.52912197942319
2024-07-17T08:00:00,19.16429975758428
2024-07-17T09:00:00,19.37097715294879
2024-07-17T10:00:00,19.395461538563602
2024-07-17T11:00:00,20.271394895470657
2024-07-17T12:00:00,23.40759128072987
2024-07-17T13:00:00,26.42848968505859
2024-07-17T14:00:00,29.052698798801583
2024-07-17T15:00:00,31.656637606413465
2024-07-17T16:00:00,33.95979549573815
2024-07-17T17:00:00,36.88836305037788
2024-07-17T18:00:00,39.51860328342603
2024-07-17T19:00:00,41.47019013114597
2024-07-17T20:00:00,43.0251992267111
2024-07-17T21:00:00,43.342381021250844
2024-07-17T22:00:00,42.919873113217555
2024-07-17T23:00:00,41.82595974466075
2024-07-18T00:00:00,39.83406100065812
2024-07-18T01:00:00,37.61586728303328
2024-07-18T02:00:00,28.06218578504479
2024-07-18T03:00:00,21.135606765747067
2024-07-18T04:00:00,18.463412989740785
2024-07-18T05:00:00,17.213806815769356
2024-07-18T06:00:00,16.318317827971082
2024-07-18T07:00:00,16.142165308413297
2024-07-18T08:00:00,16.659743930982504
2024-07-18T09:00:00,18.061227300892703
2024-07-18T10:00:00,19.363909348197602
2024-07-18T11:00:00,17.990028298419453
2024-07-18T12:00:00,17.18758840146272
2024-07-18T13:00:00,18.917327383290164
2024-07-18T14:00:00,19.36414237644361
2024-07-18T15:00:00,19.432300318842348
2024-07-18T16:00:00,19.352493451989215
2024-07-18T17:00:00,19.19452435037364
2024-07-18T18:00:00,20.097226681916606
2024-07-18T19:00:00,21.074218584143594
2024-07-18T20:00:00,22.171635254569672
2024-07-18T21:00:00,23.420367614082668
2024-07-18T22:00:00,24.063814080279805
2024-07-18T23:00:00,24.96588682091754
2024-07-19T00:00:00,26.482215217922043
2024-07-19T01:00:00,27.769231879192844
2024-07-19T02:00:00,27.97253252112347
2024-07-19T03:00:00,25.758347801540207
2024-07-19T04:00:00,23.58602623317552
2024-07-19T05:00:00,20.94764585080354
2024-07-19T06:00:00,18.94209463700004
2024-07-19T07:00:00,17.57639826898989
2024-07-19T08:00:00,17.08242831022843
2024-07-19T09:00:00,17.18466758728027
2024-07-19T10:00:00,17.885878604391344
2024-07-19T11:00:00,19.428016662597656
2024-07-19T12:00:00,24.16347097313922
2024-07-19T13:00:00,27.706037604290504
2024-07-19T14:00:00,31.454963186512824
2024-07-19T15:00:00,33.61682900138523
2024-07-19T16:00:00,34.38836935292119
2024-07-19T17:00:00,35.28841823080312
2024-07-19T18:00:00,36.93896335104237
2024-07-19T19:00:00,35.34060702116592
2024-07-19T20:00:00,31.725825682930324
2024-07-19T21:00:00,30.03887226270592
2024-07-19T22:00:00,29.465827693109926
2024-07-19T23:00:00,31.422042183254078
2024-07-20T00:00:00,31.822586308354918
2024-07-20T01:00:00,28.80831975522248
2024-07-20T02:00:00,21.04354510099991
2024-07-20T03:00:00,17.956045648326043
2024-07-20T04:00:00,15.921431417050568
2024-07-20T05:00:00,14.793330690135127
2024-07-20T06:00:00,13.792451402415399
2024-07-20T07:00:00,13.139390903970467
2024-07-20T08:00:00,13.090832005376399
2024-07-20T09:00:00,13.482688489167586
2024-07-20T10:00:00,14.177796737007471
2024-07-20T11:00:00,15.927617155987281
2024-07-20T12:00:00,19.116918646770973
2024-07-20T13:00:00,22.5450558869735
2024-07-20T14:00:00,27.221258992734157
2024-07-20T15:00:00,34.68600347767705
2024-07-20T16:00:00,39.36908589238705
2024-07-20T17:00:00,36.89501040914784
2024-07-20T18:00:00,33.27202971085258
2024-07-20T19:00:00,32.88327581986137
2024-07-20T20:00:00,31.933743767116376
2024-07-20T21:00:00,30.812475038611364
2024-07-20T22:00:00,30.30218680008598
2024-07-20T23:00:00,30.704086801280148
2024-07-21T00:00:00,32.92848769478175
2024-07-21T01:00:00,32.35782167185908
2024-07-21T02:00:00,23.24472485417905
2024-07-21T03:00:00,18.358434345411215
2024-07-21T04:00:00,16.450231303339415
2024-07-21T05:00:00,15.979003159896187
2024-07-21T06:00:00,15.437964024751082
2024-07-21T07:00:00,14.776545980702274
2024-07-21T08:00:00,14.318283537159795
2024-07-21T09:00:00,14.31843032007632
2024-07-21T10:00:00,14.973100206126334
2024-07-21T11:00:00,16.74944438105044
2024-07-21T12:00:00,20.890037287836485
2024-07-21T13:00:00,26.130371923032016
2024-07-21T14:00:00,28.130825208581008
2024-07-21T15:00:00,29.201020199319583
2024-07-21T16:00:00,29.759049539980676
2024-07-21T17:00:00,30.43379684116529
2024-07-21T18:00:00,32.58891263215438
2024-07-21T19:00:00,34.57900528285814
2024-07-21T20:00:00,36.636374266251266
2024-07-21T21:00:00,37.486425648564875
2024-07-21T22:00:00,38.603548132854954
2024-07-21T23:00:00,39.626542298690126
2024-07-22T00:00:00,40.36661114900008
2024-07-22T01:00:00,37.49472394196883
2024-07-22T02:00:00,26.501162570455797
2024-07-22T03:00:00,22.379616115404207
2024-07-22T04:00:00,21.02861346369204
2024-07-22T05:00:00,19.5902855914572
2024-07-22T06:00:00,18.227209920468535
2024-07-22T07:00:00,17.039037870324172
2024-07-22T08:00:00,15.995518642923104
2024-07-22T09:00:00,15.67730555327042
2024-07-22T10:00:00,16.305041520491887
2024-07-22T11:00:00,18.506431164948836
2024-07-22T12:00:00,24.023740768432617
2024-07-22T13:00:00,29.51025307696798
2024-07-22T14:00:00,33.92699316273565
2024-07-22T15:00:00,38.51208114624023
2024-07-22T16:00:00,42.17712236487347
2024-07-22T17:00:00,45.41140680727751
2024-07-22T18:00:00,48.22958705736243
2024-07-22T19:00:00,50.45636235112729
2024-07-22T20:00:00,51.14007468845533
2024-07-22T21:00:00,49.98160652492357
2024-07-22T22:00:00,49.136299630869985
2024-07-22T23:00:00,48.692322109056555
2024-07-23T00:00:00,48.285891989003055
2024-07-23T01:00:00,42.651156715724774
2024-07-23T02:00:00,26.117110542629074
2024-07-23T03:00:00,19.992951766304348
2024-07-23T04:00:00,18.021610260009766
2024-07-23T05:00:00,17.27921502486519
2024-07-23T06:00:00,16.54771091627038
2024-07-23T07:00:00,15.770136874655016
2024-07-23T08:00:00,15.0771192882372
2024-07-23T09:00:00,15.003270688264264
2024-07-23T10:00:00,15.437761472619098
2024-07-23T11:00:00,17.48603870557702
2024-07-23T12:00:00,23.35196660912555
2024-07-23T13:00:00,31.37205588299295
2024-07-23T14:00:00,41.462050894032345
2024-07-23T15:00:00,47.9337159861689
2024-07-23T16:00:00,50.34393907629925
2024-07-23T17:00:00,51.52403209520423
2024-07-23T18:00:00,50.24374787703804
2024-07-23T19:00:00,48.27232559867526
2024-07-23T20:00:00,45.17579650878906
2024-07-23T21:00:00,43.40079830003821
2024-07-23T22:00:00,41.881720667300016
2024-07-23T23:00:00,41.10779306162958
2024-07-24T00:00:00,41.032526265019946
2024-07-24T01:00:00,38.66836738586425
2024-07-24T02:00:00,27.22470946933912
2024-07-24T03:00:00,22.719268384187114
2024-07-24T04:00:00,20.518225960109547
2024-07-24T05:00:00,19.234575188678242
2024-07-24T06:00:00,18.31199032327403
2024-07-24T07:00:00,17.479433474333387
2024-07-24T08:00:00,16.617326819378395
2024-07-24T09:00:00,16.26595090783161
2024-07-24T10:00:00,16.429569410241164
2024-07-24T11:00:00,17.989249685536258
2024-07-24T12:00:00,22.614381292591922
2024-07-24T13:00:00,28.475627733313516
2024-07-24T14:00:00,33.803613331006915
2024-07-24T15:00:00,37.179911406143844
2024-07-24T16:00:00,37.143412880275555
2024-07-24T17:00:00,36.877364117166266
2024-07-24T18:00:00,37.30375671386719
2024-07-24T19:00:00,35.674088685408876
2024-07-24T20:00:00,34.154230864151664
2024-07-24T21:00:00,35.36427108101222
2024-07-24T22:00:00,36.64864390829335
2024-07-24T23:00:00,36.90666464100713
2024-07-25T00:00:00,36.55783595209535
2024-07-25T01:00:00,34.85269521630328
2024-07-25T02:00:00,27.309848785400387
2024-07-25T03:00:00,21.264204191124954
2024-07-25T04:00:00,17.876835449882172
2024-07-25T05:00:00,16.2500873233961
2024-07-25T06:00:00,14.173914453257684
2024-07-25T07:00:00,12.030021460159965
2024-07-25T08:00:00,10.633807845737621
2024-07-25T09:00:00,10.315710938495137
2024-07-25T10:00:00,11.193910267042074
2024-07-25T11:00:00,13.454948010651961
2024-07-25T12:00:00,18.3860271288001
2024-07-25T13:00:00,24.607530759728473
2024-07-25T14:00:00,24.109093541684356
2024-07-25T15:00:00,23.299995671147887
2024-07-25T16:00:00,24.877815827079434
2024-07-25T17:00:00,27.158079810764477
2024-07-25T18:00:00,30.01768734144128
2024-07-25T19:00:00,31.4925539597221
2024-07-25T20:00:00,31.845764740653653
2024-07-25T21:00:00,31.508655382239297
2024-07-25T22:00:00,31.388219335804813
2024-07-25T23:00:00,31.05172654856806
2024-07-26T00:00:00,30.759653008502458
2024-07-26T01:00:00,28.44612992328146
2024-07-26T02:00:00,19.59748715939729
2024-07-26T03:00:00,16.29457784735638
2024-07-26T04:00:00,15.99363559225331
2024-07-26T05:00:00,15.10034009684687
2024-07-26T06:00:00,13.908241354900856
2024-07-26T07:00:00,13.090143742768658
2024-07-26T08:00:00,12.683118986046832
2024-07-26T09:00:00,12.663510281106698
2024-07-26T10:00:00,13.414492109547488
2024-07-26T11:00:00,16.820405338121493
2024-07-26T12:00:00,24.387113405310586
2024-07-26T13:00:00,30.8989084492559
2024-07-26T14:00:00,35.65216644950535
2024-07-26T15:00:00,35.53607526032821
2024-07-26T16:00:00,32.46079005365785
2024-07-26T17:00:00,30.916361269743547
2024-07-26T18:00:00,30.295825377754543
2024-07-26T19:00:00,29.15318887130074
2024-07-26T20:00:00,27.713598997696582
2024-07-26T21:00:00,25.74252004208772
2024-07-26T22:00:00,24.505968342656676
2024-07-26T23:00:00,24.001929075821582
2024-07-27T00:00:00,23.83931790227475
2024-07-27T01:00:00,24.42728216751762
2024-07-27T02:00:00,19.4306060956872
2024-07-27T03:00:00,13.354157655135445
2024-07-27T04:00:00,11.368247529734736
2024-07-27T05:00:00,9.792007031648055
2024-07-27T06:00:00,9.487960898357889
2024-07-27T07:00:00,10.355987134187115
2024-07-27T08:00:00,11.555711248646611
2024-07-27T09:00:00,12.842322598332943
2024-07-27T10:00:00,14.860673572706139
2024-07-27T11:00:00,19.341839334239125
2024-07-27T12:00:00,24.084644566411555
2024-07-27T13:00:00,26.15341410429581
2024-07-27T14:00:00,29.827487530915626
2024-07-27T15:00:00,31.350370324176293
2024-07-27T16:00:00,30.709865155427345
2024-07-27T17:00:00,31.623488053031586
2024-07-27T18:00:00,33.39056296970533
2024-07-27T19:00:00,34.72432260927946
2024-07-27T20:00:00,33.76606899759044
2024-07-27T21:00:00,33.13203604325003
2024-07-27T22:00:00,32.29511418549911
2024-07-27T23:00:00,31.267883881278657
2024-07-28T00:00:00,30.968187332153317
2024-07-28T01:00:00,30.340638865595277
2024-07-28T02:00:00,27.484668151192043
2024-07-28T03:00:00,25.690127497133997
2024-07-28T04:00:00,25.686368693476133
2024-07-28T05:00:00,25.586661297342047
2024-07-28T06:00:00,24.763244048408836
2024-07-28T07:00:00,24.55174529034158
2024-07-28T08:00:00,24.50217545550802
2024-07-28T09:00:00,24.7256443189538
2024-07-28T10:00:00,25.508532150931977
2024-07-28T11:00:00,27.147141995637313
2024-07-28T12:00:00,29.70803028604258
2024-07-28T13:00:00,31.958901944367778
2024-07-28T14:00:00,34.00507047901983
2024-07-28T15:00:00,36.316258637801454
2024-07-28T16:00:00,37.917607017185375
2024-07-28T17:00:00,38.473763009776235
2024-07-28T18:00:00,37.81909295786981
2024-07-28T19:00:00,35.57412719726562
2024-07-28T20:00:00,31.664721115775723
2024-07-28T21:00:00,27.704951161923614
2024-07-28T22:00:00,26.577862698098887
2024-07-28T23:00:00,27.951404903246004
2024-07-29T00:00:00,30.07404294221297
2024-07-29T01:00:00,31.224982303121813
2024-07-29T02:00:00,29.66226594344429
2024-07-29T03:00:00,26.315843748009723
2024-07-29T04:00:00,23.27763690119204
2024-07-29T05:00:00,21.4649251025656
2024-07-29T06:00:00,20.57366412618886
2024-07-29T07:00:00,19.82003187096637
2024-07-29T08:00:00,19.070792903070863
2024-07-29T09:00:00,19.162445897641387
2024-07-29T10:00:00,19.897237694781754
2024-07-29T11:00:00,22.055039778999657
2024-07-29T12:00:00,26.648472578629203
2024-07-29T13:00:00,30.94996485502823
2024-07-29T14:00:00,33.66820592465608
2024-07-29T15:00:00,34.939898615298056
2024-07-29T16:00:00,34.965715159540586
2024-07-29T17:00:00,35.804680202318266
2024-07-29T18:00:00,37.248367309570305
2024-07-29T19:00:00,37.552114901335344
2024-07-29T20:00:00,36.154135994289234
2024-07-29T21:00:00,34.20617261140243
2024-07-29T22:00:00,32.83390832983929
2024-07-29T23:00:00,33.20818519592285
2024-07-30T00:00:00,32.96222039927606
2024-07-30T01:00:00,31.246602514515747
2024-07-30T02:00:00,26.118394105330758
2024-07-30T03:00:00,21.865083528601605
2024-07-30T04:00:00,20.00962531048318
2024-07-30T05:00:00,18.235672328783117
2024-07-30T06:00:00,16.811899848606274
2024-07-30T07:00:00,16.086609964785364
2024-07-30T08:00:00,15.78972119870393
2024-07-30T09:00:00,16.167107374771778
2024-07-30T10:00:00,17.311510500700575
2024-07-30T11:00:00,19.732770339302395
2024-07-30T12:00:00,22.465149920919664
2024-07-30T13:00:00,24.707755627839457
2024-07-30T14:00:00,26.348289323889684
2024-07-30T15:00:00,27.569661928259805
2024-07-30T16:00:00,28.612524364305575
2024-07-30T17:00:00,29.132901399031926
2024-07-30T18:00:00,29.094814798106313
2024-07-30T19:00:00,29.25859832763671
2024-07-30T20:00:00,30.18598249684209
2024-07-30T21:00:00,32.358004860256024
2024-07-30T22:00:00,34.99691830510678
2024-07-30T23:00:00,37.17010970737623
2024-07-31T00:00:00,40.864786230999485
2024-07-31T01:00:00,42.717223291811734
2024-07-31T02:00:00,30.272165049677305
2024-07-31T03:00:00,24.950631100198496
2024-07-31T04:00:00,22.50000895624575
2024-07-31T05:00:00,20.64845383685568
2024-07-31T06:00:00,19.544538000355594
2024-07-31T07:00:00,18.001777400141176
2024-07-31T08:00:00,17.186945873758063
2024-07-31T09:00:00,17.501905772996984
2024-07-31T10:00:00,18.84493048294731
2024-07-31T11:00:00,21.498244907545004
2024-07-31T12:00:00,26.392493704090946
2024-07-31T13:00:00,31.743228663568907
2024-07-31T14:00:00,33.34536909020465
2024-07-31T15:00:00,34.970737954844594
2024-07-31T16:00:00,39.8347577634065
2024-07-31T17:00:00,44.060095248015024
2024-07-31T18:00:00,42.837177608324126
2024-07-31T19:00:00,41.68211845729662
2024-07-31T20:00:00,41.66167881177819
2024-07-31T21:00:00,42.70515839949897
2024-07-31T22:00:00,44.09615757154381
2024-07-31T23:00:00,45.05908800208049
2024-08-01T00:00:00,46.797866157863446
2024-08-01T01:00:00,48.128461091414735
2024-08-01T02:00:00,40.19616715804389
2024-08-01T03:00:00,27.69171416241189
2024-08-01T04:00:00,22.91014828889266
2024-08-01T05:00:00,21.65591455542523
2024-08-01T06:00:00,21.241231337837547
2024-08-01T07:00:00,21.25769523952318
2024-08-01T08:00:00,21.064529004304305
2024-08-01T09:00:00,20.950236444887906
2024-08-01T10:00:00,21.454887307208516
2024-08-01T11:00:00,24.18681484719981
2024-08-01T12:00:00,29.887808343638543
2024-08-01T13:00:00,36.07352364581564
2024-08-01T14:00:00,40.69128699924634
2024-08-01T15:00:00,46.308520109757126
2024-08-01T16:00:00,52.10917646988578
2024-08-01T17:00:00,51.77563542905061
2024-08-01T18:00:00,45.89794474062712
2024-08-01T19:00:00,42.243396759033196
2024-08-01T20:00:00,41.591985785442844
2024-08-01T21:00:00,43.826323467752204
2024-08-01T22:00:00,44.47450836845066
2024-08-01T23:00:00,47.638464886209235
2024-08-02T00:00:00,50.2145417254904
2024-08-02T01:00:00,49.400457299273945
2024-08-02T02:00:00,36.73761085841967
2024-08-02T03:00:00,23.372440918632172
2024-08-02T04:00:00,19.042169819707453
2024-08-02T05:00:00,16.866521088973336
2024-08-02T06:00:00,15.951875106148096
2024-08-02T07:00:00,15.353564262390137
2024-08-02T08:00:00,15.255586085112196
2024-08-02T09:00:00,15.23296372786812
2024-08-02T10:00:00,15.855707251507301
2024-08-02T11:00:00,18.245552477629285
2024-08-02T12:00:00,23.625704226286512
2024-08-02T13:00:00,31.49880956566852
2024-08-02T14:00:00,40.95697684909986
2024-08-02T15:00:00,49.243247488270626
2024-08-02T16:00:00,53.726883432139516
2024-08-02T17:00:00,62.77264935037364
2024-08-02T18:00:00,70.99713234279466
2024-08-02T19:00:00,75.99312425696331
2024-08-02T20:00:00,69.6262090931768
2024-08-02T21:00:00,62.05987781027089
2024-08-02T22:00:00,55.938893525496766
2024-08-02T23:00:00,58.25137959355892
2024-08-03T00:00:00,60.798724796461016
2024-08-03T01:00:00,60.479788904604696
2024-08-03T02:00:00,35.378533736519195
2024-08-03T03:00:00,26.343592353489086
2024-08-03T04:00:00,23.65152093638544
2024-08-03T05:00:00,22.58141807887865
2024-08-03T06:00:00,21.343301109645676
2024-08-03T07:00:00,20.426416065381922
2024-08-03T08:00:00,19.605754354725708
2024-08-03T09:00:00,19.34127467611561
2024-08-03T10:00:00,19.960146862527598
2024-08-03T11:00:00,22.355785369873043
2024-08-03T12:00:00,30.170602964318316
2024-08-03T13:00:00,41.909814751666524
2024-08-03T14:00:00,54.12896977300229
2024-08-03T15:00:00,64.62194343235181
2024-08-03T16:00:00,76.27800419019616
2024-08-03T17:00:00,85.03464972454567
2024-08-03T18:00:00,91.29205322265622
2024-08-03T19:00:00,94.72064043127972
2024-08-03T20:00:00,99.26698203708814
2024-08-03T21:00:00,104.73556618068528
2024-08-03T22:00:00,107.16767850129499
2024-08-03T23:00:00,107.97573421312414
2024-08-04T00:00:00,107.41742407757303
2024-08-04T01:00:00,97.88147105341372
2024-08-04T02:00:00,53.695569411568016
2024-08-04T03:00:00,34.8726576100225
2024-08-04T04:00:00,26.678211543871004
2024-08-04T05:00:00,23.19042645330014
2024-08-04T06:00:00,22.613551098367438
2024-08-04T07:00:00,23.59083101023798
2024-08-04T08:00:00,24.873790077541184
2024-08-04T09:00:00,26.838303773299504
2024-08-04T10:00:00,29.67454122460406
2024-08-04T11:00:00,35.22543666673742
2024-08-04T12:00:00,45.833506708559774
2024-08-04T13:00:00,58.281343543011204
2024-08-04T14:00:00,71.09570644212805
2024-08-04T15:00:00,83.81163555642833
2024-08-04T16:00:00,93.6536987968113
2024-08-04T17:00:00,99.80531841775644
2024-08-04T18:00:00,107.05781588347061
2024-08-04T19:00:00,110.46714119289231
2024-08-04T20:00:00,113.16132852305536
2024-08-04T21:00:00,114.63541346010952
2024-08-04T22:00:00,117.19041741412617
2024-08-04T23:00:00,125.20540187669836
2024-08-05T00:00:00,135.7640221637228
2024-08-05T01:00:00,143.67817953358525
2024-08-05T02:00:00,130.9894448985224
2024-08-05T03:00:00,74.28434985616931
2024-08-05T04:00:00,39.73875311146612
2024-08-05T05:00:00,29.287787644759465
2024-08-05T06:00:00,23.25632916326108
2024-08-05T07:00:00,20.417811103489086
2024-08-05T08:00:00,19.355228507000465
2024-08-05T09:00:00,18.870783266813856
2024-08-05T10:00:00,19.089227427606996
2024-08-05T11:00:00,22.142074087391727
2024-08-05T12:00:00,29.627066736635957
2024-08-05T13:00:00,38.87220913430918
2024-08-05T14:00:00,45.505990733271055
2024-08-05T15:00:00,45.15030238939367
2024-08-05T16:00:00,43.1332083992336
2024-08-05T17:00:00,44.24197653065556
2024-08-05T18:00:00,49.042522264563516
2024-08-05T19:00:00,51.26962976870329
2024-08-05T20:00:00,51.99223327636719
2024-08-05T21:00:00,52.30422592163085
2024-08-05T22:00:00,52.19661994602369
2024-08-05T23:00:00,51.350205297055446
2024-08-06T00:00:00,49.89857532667076
2024-08-06T01:00:00,43.35299765545389
2024-08-06T02:00:00,23.08476050003715
2024-08-06T03:00:00,17.951420742532477
2024-08-06T04:00:00,18.75337924127993
2024-08-06T05:00:00,21.28226089477539
2024-08-06T06:00:00,22.520957697992735
2024-08-06T07:00:00,22.110824916673742
2024-08-06T08:00:00,22.178026613981825
2024-08-06T09:00:00,22.774789644324258
2024-08-06T10:00:00,23.66904723125955
2024-08-06T11:00:00,25.79353730574898
2024-08-06T12:00:00,32.86147142493206
2024-08-06T13:00:00,42.74121574733567
2024-08-06T14:00:00,48.78432398257048
2024-08-06T15:00:00,51.61846393087635
2024-08-06T16:00:00,55.825512098229446
2024-08-06T17:00:00,59.312642304793634
2024-08-06T18:00:00,62.35334976859714
2024-08-06T19:00:00,64.35871588665505
2024-08-06T20:00:00,65.95529622616975
2024-08-06T21:00:00,66.83830692457114
2024-08-06T22:00:00,67.085949441661
2024-08-06T23:00:00,67.85471393751061
2024-08-07T00:00:00,66.4127319999363
2024-08-07T01:00:00,56.78074214769446
2024-08-07T02:00:00,38.53031871629798
2024-08-07T03:00:00,28.073860002600625
2024-08-07T04:00:00,23.049262337062668
2024-08-07T05:00:00,21.092744910198707
2024-08-07T06:00:00,20.426921015200406
2024-08-07T07:00:00,19.970030411430024
2024-08-07T08:00:00,19.124268075694204
2024-08-07T09:00:00,18.96660348643427
2024-08-07T10:00:00,19.685313432112984
2024-08-07T11:00:00,22.465848176375676
2024-08-07T12:00:00,29.160263807877246
2024-08-07T13:00:00,38.38948224938434
2024-08-07T14:00:00,50.43716828719429
2024-08-07T15:00:00,62.44690787273903
2024-08-07T16:00:00,73.61594788924506
2024-08-07T17:00:00,81.39616858440895
2024-08-07T18:00:00,84.06966201118799
2024-08-07T19:00:00,81.62972690748131
2024-08-07T20:00:00,76.00660539710003
2024-08-07T21:00:00,68.63049482262652
2024-08-07T22:00:00,59.98969235627546
2024-08-07T23:00:00,54.37819953586744
2024-08-08T00:00:00,52.18495194808296
2024-08-08T01:00:00,48.67069990738578
2024-08-08T02:00:00,30.63722967064899
2024-08-08T03:00:00,22.756386052007258
2024-08-08T04:00:00,19.685649954754368
2024-08-08T05:00:00,17.617769821830418
2024-08-08T06:00:00,16.30617987591287
2024-08-08T07:00:00,15.607482827228049
2024-08-08T08:00:00,15.086471391760783
2024-08-08T09:00:00,14.921095184657883
2024-08-08T10:00:00,15.639410267705502
2024-08-08T11:00:00,18.825885772705075
2024-08-08T12:00:00,27.591532748678453
2024-08-08T13:00:00,36.66653060913086
2024-08-08T14:00:00,40.456730718198024
2024-08-08T15:00:00,43.985482423201844
2024-08-08T16:00:00,48.82012193099312
2024-08-08T17:00:00,53.418831369151235
2024-08-08T18:00:00,54.06481436024541
2024-08-08T19:00:00,53.951826012652845
2024-08-08T20:00:00,53.26625492261803
2024-08-08T21:00:00,52.03977667767068
2024-08-08T22:00:00,50.7279925139054
2024-08-08T23:00:00,50.718538201373555
2024-08-09T00:00:00,52.16347702689792
2024-08-09T01:00:00,49.77471990170686
2024-08-09T02:00:00,29.903424802033793
2024-08-09T03:00:00,21.758195794146992
2024-08-09T04:00:00,18.748698276022207
2024-08-09T05:00:00,17.710120491359543
2024-08-09T06:00:00,17.387519504712976
2024-08-09T07:00:00,17.350602108499274
2024-08-09T08:00:00,17.437494443810504
2024-08-09T09:00:00,17.944867673127547
2024-08-09T10:00:00,19.724135191544242
2024-08-09T11:00:00,23.572239170903746
2024-08-09T12:00:00,31.153984982034434
2024-08-09T13:00:00,40.26255964196246
2024-08-09T14:00:00,44.87855927840523
2024-08-09T15:00:00,43.39336561120074
2024-08-09T16:00:00,41.764449078103766
2024-08-09T17:00:00,40.43538798456606
2024-08-09T18:00:00,38.69026963607124
2024-08-09T19:00:00,36.06591697361158
2024-08-09T20:00:00,34.16070025900135
2024-08-09T21:00:00,32.714320555977196
2024-08-09T22:00:00,32.10990134529445
2024-08-09T23:00:00,32.39440868211829
2024-08-10T00:00:00,34.61091746454653
2024-08-10T01:00:00,36.00128588469132
2024-08-10T02:00:00,23.966161893761672
2024-08-10T03:00:00,18.97791456139606
2024-08-10T04:00:00,17.568184230638586
2024-08-10T05:00:00,17.01428172899329
2024-08-10T06:00:00,17.342606420102324
2024-08-10T07:00:00,17.5458404706872
2024-08-10T08:00:00,17.426289848659348
2024-08-10T09:00:00,18.279520200646438
2024-08-10T10:00:00,19.532466473786727
2024-08-10T11:00:00,23.11097004102624
2024-08-10T12:00:00,32.29388212121051
2024-08-10T13:00:00,44.783921117367946
2024-08-10T14:00:00,56.30719126825747
2024-08-10T15:00:00,64.72994862432064
2024-08-10T16:00:00,67.22442709881327
2024-08-10T17:00:00,61.29205587635868
2024-08-10T18:00:00,52.08111406409221
2024-08-10T19:00:00,46.56869191708771
2024-08-10T20:00:00,44.790813611901314
2024-08-10T21:00:00,44.552020197329306
2024-08-10T22:00:00,47.94583096711531
2024-08-10T23:00:00,52.09591177235478
2024-08-11T00:00:00,53.47314204340395
2024-08-11T01:00:00,44.86803734820821
2024-08-11T02:00:00,30.90702114934506
2024-08-11T03:00:00,25.585085329802137
2024-08-11T04:00:00,23.700429501740825
2024-08-11T05:00:00,22.57801652991253
2024-08-11T06:00:00,21.85044354977815
2024-08-11T07:00:00,21.154799668685246
2024-08-11T08:00:00,20.79978329202403
2024-08-11T09:00:00,20.840730998827063
2024-08-11T10:00:00,22.30925717561141
2024-08-11T11:00:00,26.7452103158702
2024-08-11T12:00:00,37.6966380243716
2024-08-11T13:00:00,51.807768780252204
2024-08-11T14:00:00,57.0073535753333
2024-08-11T15:00:00,62.33126532513162
2024-08-11T16:00:00,67.19658859916355
2024-08-11T17:00:00,72.24115786345108
2024-08-11T18:00:00,77.02484777699345
2024-08-11T19:00:00,81.08024298626444
2024-08-11T20:00:00,84.75965815005094
2024-08-11T21:00:00,88.1564075635827
2024-08-11T22:00:00,91.84330616826597
2024-08-11T23:00:00,94.57590816331945
2024-08-12T00:00:00,97.13972672172214
2024-08-12T01:00:00,91.51705368705417
2024-08-12T02:00:00,52.94260190880816
2024-08-12T03:00:00,35.499822201936134
2024-08-12T04:00:00,27.214801290760867
2024-08-12T05:00:00,23.51519568070121
2024-08-12T06:00:00,22.139759478361707
2024-08-12T07:00:00,22.5476599983547
2024-08-12T08:00:00,24.6785309003747
2024-08-12T09:00:00,27.133266034333598
2024-08-12T10:00:00,29.618769272514008
2024-08-12T11:00:00,33.4022452312967
2024-08-12T12:00:00,37.8918753914211
2024-08-12T13:00:00,44.46815689750339
2024-08-12T14:00:00,50.27157609359077
2024-08-12T15:00:00,56.41665831856105
2024-08-12T16:00:00,63.24941601960554
2024-08-12T17:00:00,73.40970810599948
2024-08-12T18:00:00,86.07791933806045
2024-08-12T19:00:00,92.61002449367356
2024-08-12T20:00:00,101.92466968038808
2024-08-12T21:00:00,109.97101161790931
2024-08-12T22:00:00,100.92030566671617
2024-08-12T23:00:00,101.20232689898947
2024-08-13T00:00:00,102.53734555451764
2024-08-13T01:00:00,96.2055491571841
2024-08-13T02:00:00,58.290509265402086
2024-08-13T03:00:00,38.371332914932914
2024-08-13T04:00:00,33.99796767856763
2024-08-13T05:00:00,33.227332737134844
2024-08-13T06:00:00,34.06650311013926
2024-08-13T07:00:00,36.218474844227664
2024-08-13T08:00:00,37.4433417942213
2024-08-13T09:00:00,40.01702167676842
2024-08-13T10:00:00,45.086093239162274
2024-08-13T11:00:00,53.234514816947595
2024-08-13T12:00:00,67.39563684878142
2024-08-13T13:00:00,84.18181875477666
2024-08-13T14:00:00,100.62879081394361
2024-08-13T15:00:00,116.55719259510867
2024-08-13T16:00:00,129.82070458453634
2024-08-13T17:00:00,134.162681247877
2024-08-13T18:00:00,130.03504214079484
2024-08-13T19:00:00,121.49278889531674
2024-08-13T20:00:00,113.85057664954144
2024-08-13T21:00:00,105.67039721945058
2024-08-13T22:00:00,97.25865073826
2024-08-13T23:00:00,89.76348279870074
2024-08-14T00:00:00,81.45527947467305
2024-08-14T01:00:00,61.07683612989342
2024-08-14T02:00:00,32.86389989438264
2024-08-14T03:00:00,23.84520265330439
2024-08-14T04:00:00,20.25990693465523
2024-08-14T05:00:00,18.286662391994305
2024-08-14T06:00:00,16.638659104056977
2024-08-14T07:00:00,15.382459267326022
2024-08-14T08:00:00,14.61903903795325
2024-08-14T09:00:00,14.715617262798805
2024-08-14T10:00:00,15.754067172174869
2024-08-14T11:00:00,20.487981298695438
2024-08-14T12:00:00,31.448700034100074
2024-08-14T13:00:00,44.51115666265073
2024-08-14T14:00:00,48.90584215910538
2024-08-14T15:00:00,51.67845618206521
2024-08-14T16:00:00,57.56031898830247
2024-08-14T17:00:00,68.5700746619183
2024-08-14T18:00:00,81.57009622325066
2024-08-14T19:00:00,93.2047832323157
2024-08-14T20:00:00,101.8819463978643
2024-08-14T21:00:00,102.24538255774456
2024-08-14T22:00:00,100.70452383290164
2024-08-14T23:00:00,92.13303242559017
2024-08-15T00:00:00,82.78045587954314
2024-08-15T01:00:00,73.81063577403192
2024-08-15T02:00:00,42.22133719402811
2024-08-15T03:00:00,28.980802536010742
2024-08-15T04:00:00,23.364368521648903
2024-08-15T05:00:00,19.53555306144382
2024-08-15T06:00:00,17.374380692191743
2024-08-15T07:00:00,16.195936037146524
2024-08-15T08:00:00,15.74770686937415
2024-08-15T09:00:00,15.931181493012799
2024-08-15T10:00:00,17.2500756305197
2024-08-15T11:00:00,21.596914374310032
2024-08-15T12:00:00,31.588012446527895
2024-08-15T13:00:00,43.15673645682956
2024-08-15T14:00:00,55.04157091223674
2024-08-15T15:00:00,65.16906655353047
2024-08-15T16:00:00,73.39865775730297
2024-08-15T17:00:00,78.1447996056598
2024-08-15T18:00:00,80.8603980022928
2024-08-15T19:00:00,78.50568754776664
2024-08-15T20:00:00,74.72099602740742
2024-08-15T21:00:00,73.91109897779381
2024-08-15T22:00:00,76.78825809644616
2024-08-15T23:00:00,81.99826912257981
2024-08-16T00:00:00,87.7127688864003
2024-08-16T01:00:00,89.76024760370667
2024-08-16T02:00:00,62.49347023341966
2024-08-16T03:00:00,32.55827223736307
2024-08-16T04:00:00,23.969588404116422
2024-08-16T05:00:00,21.77102810403575
2024-08-16T06:00:00,22.63887098561162
2024-08-16T07:00:00,23.948800460152
2024-08-16T08:00:00,25.558444064596422
2024-08-16T09:00:00,28.032604134601094
2024-08-16T10:00:00,34.2290276237156
2024-08-16T11:00:00,47.75749986068062
2024-08-16T12:00:00,60.322698178498634
2024-08-16T13:00:00,66.2916145324707
2024-08-16T14:00:00,67.6017134293266
2024-08-16T15:00:00,73.37075175409731
2024-08-16T16:00:00,81.90766608196755
2024-08-16T17:00:00,80.02194910464078
2024-08-16T18:00:00,71.74610270624575
2024-08-16T19:00:00,63.937410271686055
2024-08-16T20:00:00,56.30898550282353
2024-08-16T21:00:00,47.69487795622452
2024-08-16T22:00:00,43.20372059034264
2024-08-16T23:00:00,43.55218505859375
2024-08-17T00:00:00,49.43220785389776
2024-08-17T01:00:00,51.50402483732803
2024-08-17T02:00:00,44.19637215655782
2024-08-17T03:00:00,23.165396234263543
2024-08-17T04:00:00,17.436438477557637
2024-08-17T05:00:00,18.970810931661852
2024-08-17T06:00:00,23.27026499872622
2024-08-17T07:00:00,28.26069118665612
2024-08-17T08:00:00,33.31120151022206
2024-08-17T09:00:00,37.58815715623938
2024-08-17T10:00:00,42.017978004787274
2024-08-17T11:00:00,46.83235234799592
2024-08-17T12:00:00,51.20806320853855
2024-08-17T13:00:00,53.58695055090862
2024-08-17T14:00:00,56.80700832864512
2024-08-17T15:00:00,61.51854639467985
2024-08-17T16:00:00,66.54931640624999
2024-08-17T17:00:00,68.85790882939877
2024-08-17T18:00:00,65.73941935663638
2024-08-17T19:00:00,65.32497206978175
2024-08-17T20:00:00,63.719727557638414
2024-08-17T21:00:00,62.308805051057234
2024-08-17T22:00:00,59.35748158330502
2024-08-17T23:00:00,60.6904532391092
2024-08-18T00:00:00,65.19826673424762
2024-08-18T01:00:00,69.95388594917628
2024-08-18T02:00:00,59.362225242283024
2024-08-18T03:00:00,37.67690011729364
2024-08-18T04:00:00,30.39551784681237
2024-08-18T05:00:00,28.637894671896227
2024-08-18T06:00:00,26.025714210841965
2024-08-18T07:00:00,23.590368270874023
2024-08-18T08:00:00,23.379786947499145
2024-08-18T09:00:00,23.181264794391133
2024-08-18T10:00:00,24.253903181656543
2024-08-18T11:00:00,25.942447164784305
2024-08-18T12:00:00,27.335943139117692
2024-08-18T13:00:00,27.23207564975904
2024-08-18T14:00:00,26.40662384033203
2024-08-18T15:00:00,25.699358898660407
2024-08-18T16:00:00,26.034779921821922
2024-08-18T17:00:00,26.4046865546185
2024-08-18T18:00:00,26.479455450306762
2024-08-18T19:00:00,26.290144547172215
2024-08-18T20:00:00,27.162862694781758
2024-08-18T21:00:00,28.384132385253903
2024-08-18T22:00:00,27.78578177742336
2024-08-18T23:00:00,26.640900487485133
2024-08-19T00:00:00,26.414263517960254
2024-08-19T01:00:00,27.254814811374825
2024-08-19T02:00:00,28.237856823465098
2024-08-19T03:00:00,23.601829528808594
2024-08-19T04:00:00,19.577484130859375
2024-08-19T05:00:00,18.332908630371094
2024-08-19T06:00:00,15.553974110147227
2024-08-19T07:00:00,13.212128722149393
2024-08-19T08:00:00,13.188425603120221
2024-08-19T09:00:00,14.21959582619045
2024-08-19T10:00:00,15.752142533012057
2024-08-19T11:00:00,19.064125309819758
2024-08-19T12:00:00,22.489720054294747
2024-08-19T13:00:00,23.971415561178453
2024-08-19T14:00:00,24.781477223271906
2024-08-19T15:00:00,26.085480482681934
2024-08-19T16:00:00,28.381238273952313
2024-08-19T17:00:00,30.323296090830922
2024-08-19T18:00:00,31.029727355293605
2024-08-19T19:00:00,29.74506187438964
2024-08-19T20:00:00,28.36657540694527
2024-08-19T21:00:00,27.425249846085254
2024-08-19T22:00:00,26.26595123954441
2024-08-19T23:00:00,25.048994147259254
2024-08-20T00:00:00,23.798025297081985
2024-08-20T01:00:00,23.008088402126145
2024-08-20T02:00:00,20.6137289793595
2024-08-20T03:00:00,20.8737155250881
2024-08-20T04:00:00,22.8490223262621
2024-08-20T05:00:00,23.847521325816277
2024-08-20T06:00:00,24.604361907295555
2024-08-20T07:00:00,25.456851461659305
2024-08-20T08:00:00,25.699085816093113
2024-08-20T09:00:00,26.054981397545852
2024-08-20T10:00:00,26.772229070248812
2024-08-20T11:00:00,28.340831590735387
2024-08-20T12:00:00,32.428579081659734
2024-08-20T13:00:00,34.827614162279204
2024-08-20T14:00:00,31.927209107772164
2024-08-20T15:00:00,23.503186018570606
2024-08-20T16:00:00,19.429580522620157
2024-08-20T17:00:00,21.310297592826508
2024-08-20T18:00:00,23.49413108825683
2024-08-20T19:00:00,22.427984901096508
2024-08-20T20:00:00,20.868542380954906
2024-08-20T21:00:00,19.83719369639521
2024-08-20T22:00:00,19.021719476451043
2024-08-20T23:00:00,18.736029085905656
2024-08-21T00:00:00,19.18830116935398
2024-08-21T01:00:00,20.93639630856721
2024-08-21T02:00:00,18.205022563105043
2024-08-21T03:00:00,13.749586105346678
2024-08-21T04:00:00,12.288070471390432
2024-08-21T05:00:00,11.4535435800967
2024-08-21T06:00:00,10.656128758969512
2024-08-21T07:00:00,10.24022094063137
2024-08-21T08:00:00,10.291790671970531
2024-08-21T09:00:00,11.217970972475797
2024-08-21T10:00:00,12.16219134952711
2024-08-21T11:00:00,13.695276260375977
2024-08-21T12:00:00,18.12694217847741
2024-08-21T13:00:00,23.599697693534516
2024-08-21T14:00:00,28.27512558646824
2024-08-21T15:00:00,31.117664585942798
2024-08-21T16:00:00,31.531136388364043
2024-08-21T17:00:00,30.587411963421363
2024-08-21T18:00:00,28.447197375090227
2024-08-21T19:00:00,25.806392752605934
2024-08-21T20:00:00,23.805786879166313
2024-08-21T21:00:00,23.055709341297977
2024-08-21T22:00:00,22.80926347815472
2024-08-21T23:00:00,24.023196096005645
2024-08-22T00:00:00,26.097802949988324
2024-08-22T01:00:00,27.34026179106339
2024-08-22T02:00:00,23.233134642891258
2024-08-22T03:00:00,16.820054717685863
2024-08-22T04:00:00,15.17795139810313
2024-08-22T05:00:00,13.232112925985584
2024-08-22T06:00:00,12.110499174698537
2024-08-22T07:00:00,11.810475722603174
2024-08-22T08:00:00,12.182957027269445
2024-08-22T09:00:00,11.919681632000467
2024-08-22T10:00:00,12.768385140792182
2024-08-22T11:00:00,15.832371338554047
2024-08-22T12:00:00,20.692673973415207
2024-08-22T13:00:00,25.846441185992695
2024-08-22T14:00:00,30.189729607623555
2024-08-22T15:00:00,33.63651184413744
2024-08-22T16:00:00,36.52700888592263
2024-08-22T17:00:00,39.421927078910485
2024-08-22T18:00:00,42.211362755816914
2024-08-22T19:00:00,45.343502708103344
2024-08-22T20:00:00,50.40847330508024
2024-08-22T21:00:00,55.94089126586913
2024-08-22T22:00:00,60.625906571097985
2024-08-22T23:00:00,64.16425522514011
2024-08-23T00:00:00,66.54479681927225
2024-08-23T01:00:00,66.95136028787363
2024-08-23T02:00:00,56.684342591658876
2024-08-23T03:00:00,34.252169733462125
2024-08-23T04:00:00,26.881441199261207
2024-08-23T05:00:00,23.342475808185075
2024-08-23T06:00:00,22.31456308779509
2024-08-23T07:00:00,22.182229166445524
2024-08-23T08:00:00,22.020175602125082
2024-08-23T09:00:00,23.113652187844977
2024-08-23T10:00:00,24.725597381591793
2024-08-23T11:00:00,26.390599789826766
2024-08-23T12:00:00,38.05380481222401
2024-08-23T13:00:00,37.98784405252208
2024-08-23T14:00:00,41.870232623556376
2024-08-23T15:00:00,43.38397216796875
2024-08-23T16:00:00,45.25704060430112
2024-08-23T17:00:00,46.126472307288125
2024-08-23T18:00:00,49.11203467327615
2024-08-23T19:00:00,50.71501706994098
2024-08-23T20:00:00,51.10729035087253
2024-08-23T21:00:00,50.773844677469
2024-08-23T22:00:00,50.419359290081516
2024-08-23T23:00:00,50.99944537618885
2024-08-24T00:00:00,50.68080105988875
2024-08-24T01:00:00,48.97909993710725
2024-08-24T02:00:00,31.082747998444926
2024-08-24T03:00:00,21.62665159805961
2024-08-24T04:00:00,17.371033709982164
2024-08-24T05:00:00,14.730156939962635
2024-08-24T06:00:00,13.527831782465395
2024-08-24T07:00:00,12.80457082002059
2024-08-24T08:00:00,12.451404695925504
2024-08-24T09:00:00,12.580755772797955
2024-08-24T10:00:00,13.662281326625656
2024-08-24T11:00:00,16.898065898729403
2024-08-24T12:00:00,24.362253437871516
2024-08-24T13:00:00,33.272696702376656
2024-08-24T14:00:00,39.81652699346127
2024-08-24T15:00:00,44.42073772264563
2024-08-24T16:00:00,48.57587698231573
2024-08-24T17:00:00,52.04982077557107
2024-08-24T18:00:00,55.21638273156207
2024-08-24T19:00:00,55.86324011761209
2024-08-24T20:00:00,52.686838564665415
2024-08-24T21:00:00,48.27150875589121
2024-08-24T22:00:00,45.3071056863536
2024-08-24T23:00:00,42.87987634410028
2024-08-25T00:00:00,41.02065044900645
2024-08-25T01:00:00,38.35555847831394
2024-08-25T02:00:00,25.486632305642832
2024-08-25T03:00:00,17.148865160734758
2024-08-25T04:00:00,13.965192338694695
2024-08-25T05:00:00,12.533135662908139
2024-08-25T06:00:00,11.637197618899137
2024-08-25T07:00:00,11.17048632580301
2024-08-25T08:00:00,11.054606520611305
2024-08-25T09:00:00,11.448883305425227
2024-08-25T10:00:00,12.358708423116932
2024-08-25T11:00:00,14.340566303419028
2024-08-25T12:00:00,18.831056346064027
2024-08-25T13:00:00,23.42741302821947
2024-08-25T14:00:00,26.731212533038594
2024-08-25T15:00:00,29.50636988100798
2024-08-25T16:00:00,31.176156583039653
2024-08-25T17:00:00,30.92451385829759
2024-08-25T18:00:00,30.286549775496766
2024-08-25T19:00:00,30.02660270359205
2024-08-25T20:00:00,30.2560573246168
2024-08-25T21:00:00,30.472764056661852
2024-08-25T22:00:00,31.778155700020168
2024-08-25T23:00:00,34.64186718152917
2024-08-26T00:00:00,38.37724917867909
2024-08-26T01:00:00,36.996925022291094
2024-08-26T02:00:00,23.663618585337762
2024-08-26T03:00:00,19.634927666705586
2024-08-26T04:00:00,18.486486517864723
2024-08-26T05:00:00,17.04338388857634
2024-08-26T06:00:00,15.304618089095403
2024-08-26T07:00:00,14.192294908606486
2024-08-26T08:00:00,13.764781993368395
2024-08-26T09:00:00,14.183701183484947
2024-08-26T10:00:00,15.869162725365676
2024-08-26T11:00:00,19.190653925356653
2024-08-26T12:00:00,23.759311593097188
2024-08-26T13:00:00,28.17180699887483
2024-08-26T14:00:00,33.96811817003333
2024-08-26T15:00:00,35.05176701753035
2024-08-26T16:00:00,36.35429315981658
2024-08-26T17:00:00,36.89233282338017
2024-08-26T18:00:00,36.420778357464336
2024-08-26T19:00:00,34.71824422089949
2024-08-26T20:00:00,33.142814553302266
2024-08-26T21:00:00,33.50782958320949
2024-08-26T22:00:00,34.46663723821225
2024-08-26T23:00:00,35.07269627115
2024-08-27T00:00:00,36.046173676200524
2024-08-27T01:00:00,36.69963927890942
2024-08-27T02:00:00,30.617373010386586
2024-08-27T03:00:00,21.69922074027683
2024-08-27T04:00:00,18.534667305324387
2024-08-27T05:00:00,16.88634507552437
2024-08-27T06:00:00,15.410894145136291
2024-08-27T07:00:00,14.654026943704356
2024-08-27T08:00:00,14.153311024541438
2024-08-27T09:00:00,14.281949001809823
2024-08-27T10:00:00,15.406901981519614
2024-08-27T11:00:00,18.322560849397078
2024-08-27T12:00:00,23.502939970596973
2024-08-27T13:00:00,30.715831756591793
2024-08-27T14:00:00,38.73845656021781
2024-08-27T15:00:00,45.47399603802224
2024-08-27T16:00:00,49.179945572562836
2024-08-27T17:00:00,53.260558086892836
2024-08-27T18:00:00,56.10284009187117
2024-08-27T19:00:00,56.49976614247197
2024-08-27T20:00:00,55.563310042671525
2024-08-27T21:00:00,54.184151856795594
2024-08-27T22:00:00,52.881371871284806
2024-08-27T23:00:00,50.35747727103855
2024-08-28T00:00:00,48.949478149414055
2024-08-28T01:00:00,47.59776604693869
2024-08-28T02:00:00,31.846235026483942
2024-08-28T03:00:00,22.150269383969512
2024-08-28T04:00:00,18.615885527237598
2024-08-28T05:00:00,16.65074365035347
2024-08-28T06:00:00,15.958594156348184
2024-08-28T07:00:00,16.25434527189835
2024-08-28T08:00:00,16.659968998121176
2024-08-28T09:00:00,16.868888937908668
2024-08-28T10:00:00,18.794043665346887
2024-08-28T11:00:00,23.109098268591836
2024-08-28T12:00:00,30.514643793520715
2024-08-28T13:00:00,38.17142403644064
2024-08-28T14:00:00,47.7097459876019
2024-08-28T15:00:00,54.87010259213654
2024-08-28T16:00:00,60.59824139138926
2024-08-28T17:00:00,61.7830697764521
2024-08-28T18:00:00,59.9681346727454
2024-08-28T19:00:00,58.17892389712126
2024-08-28T20:00:00,55.12000473685886
2024-08-28T21:00:00,49.86318521914274
2024-08-28T22:00:00,47.59246975442637
2024-08-28T23:00:00,45.92859865271526
2024-08-29T00:00:00,44.84901992134425
2024-08-29T01:00:00,44.60661498360011
2024-08-29T02:00:00,33.23003545014755
2024-08-29T03:00:00,24.55167836728303
2024-08-29T04:00:00,22.377652790235434
2024-08-29T05:00:00,20.76027530172597
2024-08-29T06:00:00,19.59839406220809
2024-08-29T07:00:00,18.715708525284473
2024-08-29T08:00:00,18.374413282974906
2024-08-29T09:00:00,18.59899280382239
2024-08-29T10:00:00,19.644613017206606
2024-08-29T11:00:00,23.120484559432317
2024-08-29T12:00:00,30.190311017243758
2024-08-29T13:00:00,36.19929587322733
2024-08-29T14:00:00,40.044515195100196
2024-08-29T15:00:00,42.47654608021612
2024-08-29T16:00:00,44.07928433625594
2024-08-29T17:00:00,46.89147916047469
2024-08-29T18:00:00,47.84112797612729
2024-08-29T19:00:00,45.434714607570484
2024-08-29T20:00:00,42.739153986391806
2024-08-29T21:00:00,41.191148840862766
2024-08-29T22:00:00,40.924619425898015
2024-08-29T23:00:00,41.89704115494437
2024-08-30T00:00:00,42.27191145523735
2024-08-30T01:00:00,41.004024008046024
2024-08-30T02:00:00,33.568798894467555
2024-08-30T03:00:00,22.89335864523182
2024-08-30T04:00:00,19.134358862172
2024-08-30T05:00:00,17.048095951909602
2024-08-30T06:00:00,15.501275352809738
2024-08-30T07:00:00,14.500947952270508
2024-08-30T08:00:00,13.839846859807553
2024-08-30T09:00:00,14.461285591125487
2024-08-30T10:00:00,18.664578479269277
2024-08-30T11:00:00,26.22740214803944
2024-08-30T12:00:00,25.666892839514688
2024-08-30T13:00:00,24.365942664768383
2024-08-30T14:00:00,22.83018477066703
2024-08-30T15:00:00,20.981405009394106
2024-08-30T16:00:00,18.987336366072945
2024-08-30T17:00:00,18.750705884850543
2024-08-30T18:00:00,18.63283696381942
2024-08-30T19:00:00,16.863118379012395
2024-08-30T20:00:00,15.648506371871282
2024-08-30T21:00:00,16.322612389274266
2024-08-30T22:00:00,18.773408889770504
2024-08-30T23:00:00,22.525990859321926
2024-08-31T00:00:00,21.597334156865656
2024-08-31T01:00:00,20.720808277959406
2024-08-31T02:00:00,18.72317538054093
2024-08-31T03:00:00,14.281331020852793
2024-08-31T04:00:00,11.870216576949408
2024-08-31T05:00:00,11.427376871523649
2024-08-31T06:00:00,11.58566848091457
2024-08-31T07:00:00,12.249163088591201
2024-08-31T08:00:00,12.43814003985861
2024-08-31T09:00:00,12.228248554727305
2024-08-31T10:00:00,12.775553330131197
2024-08-31T11:00:00,14.75625187417735
2024-08-31T12:00:00,19.35221414980681
2024-08-31T13:00:00,23.381998642631196
2024-08-31T14:00:00,25.32352895322053
2024-08-31T15:00:00,27.831761235776153
2024-08-31T16:00:00,31.107832037884254
2024-08-31T17:00:00,32.9980817877728
2024-08-31T18:00:00,34.26348653046981
2024-08-31T19:00:00,35.84695791161578
2024-08-31T20:00:00,36.10367609106976
2024-08-31T21:00:00,34.282094872516126
2024-08-31T22:00:00,34.463779947032094
2024-08-31T23:00:00,37.13394007475479
2024-09-01T00:00:00,36.83379977682362
2024-09-01T01:00:00,32.861073286637016
2024-09-01T02:00:00,27.110893000727113
2024-09-01T03:00:00,21.446870306263797
2024-09-01T04:00:00,18.323637755020805
2024-09-01T05:00:00,16.369911815809168
2024-09-01T06:00:00,14.651894652325172
2024-09-01T07:00:00,13.299419568932574
2024-09-01T08:00:00,12.313280893408733
2024-09-01T09:00:00,12.275026736052139
2024-09-01T10:00:00,13.90254787776781
2024-09-01T11:00:00,17.30213206747304
2024-09-01T12:00:00,22.106214025746215
2024-09-01T13:00:00,24.757789031318993
2024-09-01T14:00:00,26.58589462611986
2024-09-01T15:00:00,28.691860779472016
2024-09-01T16:00:00,33.52770506817362
2024-09-01T17:00:00,40.52695116789444
2024-09-01T18:00:00,45.84749901813009
2024-09-01T19:00:00,44.066477236540415
2024-09-01T20:00:00,39.89916395104449
2024-09-01T21:00:00,38.79803417039954
2024-09-01T22:00:00,38.322071324224055
2024-09-01T23:00:00,38.28630638122558
2024-09-02T00:00:00,39.05027547089949
2024-09-02T01:00:00,40.786174608313516
2024-09-02T02:00:00,41.34477847555409
2024-09-02T03:00:00,25.73647640062415
2024-09-02T04:00:00,20.19717979431152
2024-09-02T05:00:00,17.991532284280527
2024-09-02T06:00:00,16.955846952355426
2024-09-02T07:00:00,15.751341280729871
2024-09-02T08:00:00,14.686834998752758
2024-09-02T09:00:00,14.60195715531059
2024-09-02T10:00:00,16.52636668993079
2024-09-02T11:00:00,25.42696314272673
2024-09-02T12:00:00,40.64585494995117
2024-09-02T13:00:00,47.835847274116844
2024-09-02T14:00:00,50.26160032852835
2024-09-02T15:00:00,50.580895797066056
2024-09-02T16:00:00,49.4361288651176
2024-09-02T17:00:00,47.993735769520626
2024-09-02T18:00:00,39.63328635174295
2024-09-02T19:00:00,30.87376453565514
2024-09-02T20:00:00,29.562286874522332
2024-09-02T21:00:00,31.009084535681684
2024-09-02T22:00:00,33.16383950606636
2024-09-02T23:00:00,32.746253635572344
2024-09-03T00:00:00,31.60668431157651
2024-09-03T01:00:00,31.275869618291438
2024-09-03T02:00:00,26.767737761787743
2024-09-03T03:00:00,21.052295187245242
2024-09-03T04:00:00,18.209779241810676
2024-09-03T05:00:00,16.719246781390645
2024-09-03T06:00:00,16.643615515335746
2024-09-03T07:00:00,16.599081910174824
2024-09-03T08:00:00,16.48281495467476
2024-09-03T09:00:00,16.665280964063562
2024-09-03T10:00:00,21.882689434549082
2024-09-03T11:00:00,29.887056101923402
2024-09-03T12:00:00,39.88468584807022
2024-09-03T13:00:00,43.29851515396781
2024-09-03T14:00:00,41.21113204956054
2024-09-03T15:00:00,44.833185444707446
2024-09-03T16:00:00,48.671913312829055
2024-09-03T17:00:00,44.8865386299465
2024-09-03T18:00:00,41.68948397429092
2024-09-03T19:00:00,40.93356771054474
2024-09-03T20:00:00,40.65790209562881
2024-09-03T21:00:00,42.204457490340516
2024-09-03T22:00:00,44.47711596281631
2024-09-03T23:00:00,42.44902917613153
2024-09-04T00:00:00,39.80322348553201
2024-09-04T01:00:00,38.19738296840501
2024-09-04T02:00:00,34.940159590347946
2024-09-04T03:00:00,23.827317528102707
2024-09-04T04:00:00,18.06638253253439
2024-09-04T05:00:00,14.892859749172041
2024-09-04T06:00:00,12.909432701442551
2024-09-04T07:00:00,11.712551531584365
2024-09-04T08:00:00,11.832950633505115
2024-09-04T09:00:00,12.82306326990542
2024-09-04T10:00:00,14.535147293754244
2024-09-04T11:00:00,17.681464734284773
2024-09-04T12:00:00,24.023279355919875
2024-09-04T13:00:00,31.100568273793094
2024-09-04T14:00:00,36.58109664916992
2024-09-04T15:00:00,40.39965073958686
2024-09-04T16:00:00,42.42762076336404
2024-09-04T17:00:00,42.76338577270507
2024-09-04T18:00:00,41.40646660846212
2024-09-04T19:00:00,39.10879218060037
2024-09-04T20:00:00,36.83530591881793
2024-09-04T21:00:00,35.082987578018844
2024-09-04T22:00:00,32.09425362296726
2024-09-04T23:00:00,30.0514381242835
2024-09-05T00:00:00,30.58504991946013
2024-09-05T01:00:00,29.97805504176927
2024-09-05T02:00:00,21.208063706107758
2024-09-05T03:00:00,16.706119454425313
2024-09-05T04:00:00,15.847907149273414
2024-09-05T05:00:00,15.672428296959918
2024-09-05T06:00:00,15.483336780382238
2024-09-05T07:00:00,15.79993791165559
2024-09-05T08:00:00,16.61902618408203
2024-09-05T09:00:00,18.773272141166352
2024-09-05T10:00:00,22.518415036408797
2024-09-05T11:00:00,29.76823707248853
2024-09-05T12:00:00,37.087490413499914
2024-09-05T13:00:00,42.35949391904084
2024-09-05T14:00:00,45.40985007908033
2024-09-05T15:00:00,45.88939003322435
2024-09-05T16:00:00,46.272822006889
2024-09-05T17:00:00,46.56887651526409
2024-09-05T18:00:00,49.99574594912321
2024-09-05T19:00:00,53.74820642885954
2024-09-05T20:00:00,53.43603183912194
2024-09-05T21:00:00,47.25086776069972
2024-09-05T22:00:00,41.69756250796111
2024-09-05T23:00:00,40.86899848606274
2024-09-06T00:00:00,40.12134087604024
2024-09-06T01:00:00,39.086528612219766
2024-09-06T02:00:00,29.732161480447516
2024-09-06T03:00:00,19.908051200534985
2024-09-06T04:00:00,16.278673006140664
2024-09-06T05:00:00,14.616420787313707
2024-09-06T06:00:00,13.870745783266813
2024-09-06T07:00:00,13.398717963177221
2024-09-06T08:00:00,13.172474778216817
2024-09-06T09:00:00,13.85977326268735
2024-09-06T10:00:00,16.441007738528047
2024-09-06T11:00:00,22.94360484247622
2024-09-06T12:00:00,33.907562919284985
2024-09-06T13:00:00,44.51834205959154
2024-09-06T14:00:00,52.158423216446586
2024-09-06T15:00:00,56.17730298249618
2024-09-06T16:00:00,55.12663733440897
2024-09-06T17:00:00,53.05727801115616
2024-09-06T18:00:00,53.59027282051417
2024-09-06T19:00:00,53.85493137525475
2024-09-06T20:00:00,51.94118848054305
2024-09-06T21:00:00,47.34956393034561
2024-09-06T22:00:00,42.63941192626953
2024-09-06T23:00:00,41.6823904617973
2024-09-07T00:00:00,42.92424077573029
2024-09-07T01:00:00,44.766736403755516
2024-09-07T02:00:00,35.558756123418384
2024-09-07T03:00:00,21.569183847178582
2024-09-07T04:00:00,17.720788043478258
2024-09-07T05:00:00,16.7393449700397
2024-09-07T06:00:00,16.570310592651367
2024-09-07T07:00:00,16.283919707588524
2024-09-07T08:00:00,16.426608624665633
2024-09-07T09:00:00,17.215573766957156
2024-09-07T10:00:00,19.447852259096887
2024-09-07T11:00:00,28.387590988822602
2024-09-07T12:00:00,40.8121105691661
2024-09-07T13:00:00,47.01846960316533
2024-09-07T14:00:00,48.96918271935504
2024-09-07T15:00:00,51.773359713347055
2024-09-07T16:00:00,53.62377133576766
2024-09-07T17:00:00,53.92153101382047
2024-09-07T18:00:00,53.66750766920007
2024-09-07T19:00:00,52.95524845952572
2024-09-07T20:00:00,51.49769542528235
2024-09-07T21:00:00,49.982636161472485
2024-09-07T22:00:00,48.51961036350415
2024-09-07T23:00:00,48.34156218818996
2024-09-08T00:00:00,48.31262588500976
2024-09-08T01:00:00,47.79078757244607
2024-09-08T02:00:00,34.534741774849266
2024-09-08T03:00:00,23.627321243286133
2024-09-08T04:00:00,20.327815594880473
2024-09-08T05:00:00,18.793510022370707
2024-09-08T06:00:00,18.089817544688348
2024-09-08T07:00:00,17.35368604245393
2024-09-08T08:00:00,16.923824973728344
2024-09-08T09:00:00,17.375589785368543
2024-09-08T10:00:00,18.3015252818232
2024-09-08T11:00:00,20.34285769255265
2024-09-08T12:00:00,28.333505547564958
2024-09-08T13:00:00,36.07776940387228
2024-09-08T14:00:00,43.52766916026239
2024-09-08T15:00:00,52.57942929475203
2024-09-08T16:00:00,58.43365279487941
2024-09-08T17:00:00,58.534838469132126
2024-09-08T18:00:00,55.82916707577912
2024-09-08T19:00:00,54.51798828788425
2024-09-08T20:00:00,54.40009689331054
2024-09-08T21:00:00,54.12757956463357
2024-09-08T22:00:00,53.235737344493025
2024-09-08T23:00:00,51.876782292905055
2024-09-09T00:00:00,51.08257542485776
2024-09-09T01:00:00,50.374357472295344
2024-09-09T02:00:00,41.577364548392914
2024-09-09T03:00:00,28.313627491826594
2024-09-09T04:00:00,24.71869170147439
2024-09-09T05:00:00,22.271149676779043
2024-09-09T06:00:00,20.996059915293817
2024-09-09T07:00:00,20.853479302447774
2024-09-09T08:00:00,20.86037312383237
2024-09-09T09:00:00,20.80781256634256
2024-09-09T10:00:00,20.944202257239297
2024-09-09T11:00:00,23.167023949001145
2024-09-09T12:00:00,32.08982500822648
2024-09-09T13:00:00,40.41500788149626
2024-09-09T14:00:00,46.13959005604619
2024-09-09T15:00:00,52.42344118201214
2024-09-09T16:00:00,55.816902160644524
2024-09-09T17:00:00,54.88859442005986
2024-09-09T18:00:00,51.52436098845108
2024-09-09T19:00:00,49.71033759739087
2024-09-09T20:00:00,50.7493322621221
2024-09-09T21:00:00,52.90229581749957
2024-09-09T22:00:00,53.827040464981735
2024-09-09T23:00:00,52.84194481891134
2024-09-10T00:00:00,52.46550286334493
2024-09-10T01:00:00,52.555054706075914
2024-09-10T02:00:00,38.20320278665294
2024-09-10T03:00:00,24.39734434044879
2024-09-10T04:00:00,20.84449129519255
2024-09-10T05:00:00,18.97700193653936
2024-09-10T06:00:00,17.987307589987047
2024-09-10T07:00:00,17.841002091117527
2024-09-10T08:00:00,18.211841417395547
2024-09-10T09:00:00,18.71115792315939
2024-09-10T10:00:00,19.41982675635296
2024-09-10T11:00:00,21.671183544656504
2024-09-10T12:00:00,27.58617890399435
2024-09-10T13:00:00,33.57102153612219
2024-09-10T14:00:00,39.48662915437117
2024-09-10T15:00:00,43.657878212306805
2024-09-10T16:00:00,45.16869818645974
2024-09-10T17:00:00,45.20534415867017
2024-09-10T18:00:00,45.075058149254836
2024-09-10T19:00:00,44.131650344185196
2024-09-10T20:00:00,42.21748915962551
2024-09-10T21:00:00,38.246197907820985
2024-09-10T22:00:00,34.60082783906356
2024-09-10T23:00:00,30.647407780522876
2024-09-11T00:00:00,26.438793845798653
2024-09-11T01:00:00,21.10180995775305
2024-09-11T02:00:00,17.165313223133914
2024-09-11T03:00:00,14.534639607305111
2024-09-11T04:00:00,12.771737720655358
2024-09-11T05:00:00,11.839370188505752
2024-09-11T06:00:00,11.648152392843494
2024-09-11T07:00:00,11.725151642509129
2024-09-11T08:00:00,11.454012041506559
2024-09-11T09:00:00,11.294179957845936
2024-09-11T10:00:00,11.653771068738852
2024-09-11T11:00:00,13.340826946756112
2024-09-11T12:00:00,16.38263291897981
2024-09-11T13:00:00,19.033706416254457
2024-09-11T14:00:00,21.083894812542457
2024-09-11T15:00:00,22.855075753253434
2024-09-11T16:00:00,25.150971288266387
2024-09-11T17:00:00,27.43332249185313
2024-09-11T18:00:00,28.748494770215903
2024-09-11T19:00:00,28.1481178947117
2024-09-11T20:00:00,26.523215169491973
2024-09-11T21:00:00,26.43772730620011
2024-09-11T22:00:00,27.05058429552161
2024-09-11T23:00:00,27.82858541737432
2024-09-12T00:00:00,29.547520596048102
2024-09-12T01:00:00,29.706961590310797
2024-09-12T02:00:00,21.140551442685332
2024-09-12T03:00:00,16.652881705242653
2024-09-12T04:00:00,15.371895831564196
2024-09-12T05:00:00,15.00586177991784
2024-09-12T06:00:00,14.898236191791034
2024-09-12T07:00:00,15.010451938795006
2024-09-12T08:00:00,15.268370752749234
2024-09-12T09:00:00,15.774297548376992
2024-09-12T10:00:00,16.9727203534997
2024-09-12T11:00:00,19.975631713867184
2024-09-12T12:00:00,26.831192928811774
2024-09-12T13:00:00,34.16731593919837
2024-09-12T14:00:00,38.86364331452743
2024-09-12T15:00:00,42.525757333506704
2024-09-12T16:00:00,44.75366476307744
2024-09-12T17:00:00,44.890153636103086
2024-09-12T18:00:00,44.188845427139945
2024-09-12T19:00:00,40.880233930504836
2024-09-12T20:00:00,39.654045768406085
2024-09-12T21:00:00,38.724638234014094
2024-09-12T22:00:00,38.71419210019319
2024-09-12T23:00:00,39.43035490616507
2024-09-13T00:00:00,41.0404404349949
2024-09-13T01:00:00,42.798823978589915
2024-09-13T02:00:00,35.88996721350628
2024-09-13T03:00:00,26.118300562319543
2024-09-13T04:00:00,23.458289768384848
2024-09-13T05:00:00,21.879144585650895
2024-09-13T06:00:00,20.960959393045176
2024-09-13T07:00:00,19.46037756878396
2024-09-13T08:00:00,18.451581208602242
2024-09-13T09:00:00,18.698779230532438
2024-09-13T10:00:00,20.290217441061266
2024-09-13T11:00:00,24.25254266158394
2024-09-13T12:00:00,32.79820798790973
2024-09-13T13:00:00,41.597450422204055
2024-09-13T14:00:00,47.44204546057659
2024-09-13T15:00:00,51.45300276383109
2024-09-13T16:00:00,55.54130504442298
2024-09-13T17:00:00,59.6258896537449
2024-09-13T18:00:00,62.81176193900729
2024-09-13T19:00:00,61.26956541641898
2024-09-13T20:00:00,58.18574805881666
2024-09-13T21:00:00,53.62825343919837
2024-09-13T22:00:00,47.54148897917374
2024-09-13T23:00:00,46.109254588251524
2024-09-14T00:00:00,45.49362746528956
2024-09-14T01:00:00,44.97489813099737
2024-09-14T02:00:00,32.77356363379437
2024-09-14T03:00:00,24.814139656398606
2024-09-14T04:00:00,21.205760624097742
2024-09-14T05:00:00,18.991931666498598
2024-09-14T06:00:00,18.2766054402227
2024-09-14T07:00:00,18.097119041111156
2024-09-14T08:00:00,18.122726357501485
2024-09-14T09:00:00,18.84535855832307
2024-09-14T10:00:00,20.40087558912194
2024-09-14T11:00:00,23.845484526261036
2024-09-14T12:00:00,30.011961978414778
2024-09-14T13:00:00,36.355009991189704
2024-09-14T14:00:00,40.877245032269016
2024-09-14T15:00:00,45.70946469514265
2024-09-14T16:00:00,49.676641049592384
2024-09-14T17:00:00,49.4587576492973
2024-09-14T18:00:00,48.417146102241844
2024-09-14T19:00:00,47.52261700837508
2024-09-14T20:00:00,46.56016457599142
2024-09-14T21:00:00,45.31660643867824
2024-09-14T22:00:00,44.307758663011626
2024-09-14T23:00:00,44.36780697366465
2024-09-15T00:00:00,44.74880633146866
2024-09-15T01:00:00,42.52210451209026
2024-09-15T02:00:00,30.919262512870453
2024-09-15T03:00:00,25.96073606739873
2024-09-15T04:00:00,23.902497250100836
2024-09-15T05:00:00,22.47194082840629
2024-09-15T06:00:00,21.55592752539593
2024-09-15T07:00:00,21.3281543565833
2024-09-15T08:00:00,20.924694973489512
2024-09-15T09:00:00,20.890955303026278
2024-09-15T10:00:00,21.864247529403023
2024-09-15T11:00:00,24.467985982480254
2024-09-15T12:00:00,29.7251037929369
2024-09-15T13:00:00,35.192851854407266
2024-09-15T14:00:00,39.298231207806126
2024-09-15T15:00:00,40.69619104136591
2024-09-15T16:00:00,40.943177264669664
2024-09-15T17:00:00,40.37480362601901
2024-09-15T18:00:00,37.93077402529509
2024-09-15T19:00:00,36.537728848664656
2024-09-15T20:00:00,35.76284756867782
2024-09-15T21:00:00,35.397590471350625
2024-09-15T22:00:00,35.03957002059273
2024-09-15T23:00:00,34.173927638841704
2024-09-16T00:00:00,33.464187870854914
2024-09-16T01:00:00,34.20338008714758
2024-09-16T02:00:00,28.614986502605934
2024-09-16T03:00:00,24.312249142190684
2024-09-16T04:00:00,22.18508297464122
2024-09-16T05:00:00,20.59613509800123
2024-09-16T06:00:00,19.183659346207325
2024-09-16T07:00:00,18.091014944988746
2024-09-16T08:00:00,17.25373293005902
2024-09-16T09:00:00,16.636950534322985
2024-09-16T10:00:00,16.926838418711785
2024-09-16T11:00:00,19.4575486390487
2024-09-16T12:00:00,27.947835590528403
2024-09-16T13:00:00,35.7835230620011
2024-09-16T14:00:00,38.01882917984672
2024-09-16T15:00:00,38.57768166583517
2024-09-16T16:00:00,38.26553601803987
2024-09-16T17:00:00,39.10162967184315
2024-09-16T18:00:00,39.83699864926545
2024-09-16T19:00:00,39.16521569956903
2024-09-16T20:00:00,37.51665695853855
2024-09-16T21:00:00,36.971802752950914
2024-09-16T22:00:00,36.041015293287195
2024-09-16T23:00:00,34.66448825338612
2024-09-17T00:00:00,29.66558439835258
2024-09-17T01:00:00,22.705937675807785
2024-09-17T02:00:00,16.34064201686693
2024-09-17T03:00:00,12.943314635235328
2024-09-17T04:00:00,12.525876874509063
2024-09-17T05:00:00,13.388468700906504
2024-09-17T06:00:00,14.242225481116252
2024-09-17T07:00:00,14.849737291750701
2024-09-17T08:00:00,15.461758240409518
2024-09-17T09:00:00,16.018635874209195
2024-09-17T10:00:00,16.811627761177395
2024-09-17T11:00:00,19.276024445243504
2024-09-17T12:00:00,24.16695619666058
2024-09-17T13:00:00,28.88239877120308
2024-09-17T14:00:00,31.92191837144934
2024-09-17T15:00:00,34.21409606933594
2024-09-17T16:00:00,35.612008302108094
2024-09-17T17:00:00,37.30384445190429
2024-09-17T18:00:00,39.29937362670898
2024-09-17T19:00:00,40.174502165421195
2024-09-17T20:00:00,40.08671155183212
2024-09-17T21:00:00,39.40742227305536
2024-09-17T22:00:00,40.727310346520454
2024-09-17T23:00:00,42.384296085523516
2024-09-18T00:00:00,43.25203920447308
2024-09-18T01:00:00,39.393718719482415
2024-09-18T02:00:00,26.951062409774114
2024-09-18T03:00:00,19.30115699768066
2024-09-18T04:00:00,16.97011657383131
2024-09-18T05:00:00,15.950602075327996
2024-09-18T06:00:00,14.880426406860353
2024-09-18T07:00:00,14.114552332007365
2024-09-18T08:00:00,13.557843208312987
2024-09-18T09:00:00,13.310975447944973
2024-09-18T10:00:00,13.545365748198135
2024-09-18T11:00:00,15.426002087800395
2024-09-18T12:00:00,21.009239860202953
2024-09-18T13:00:00,26.57756067358929
2024-09-18T14:00:00,30.219773416933798
2024-09-18T15:00:00,33.30381484653638
2024-09-18T16:00:00,35.09168351214865
2024-09-18T17:00:00,37.169280259505555
2024-09-18T18:00:00,38.5396150506061
2024-09-18T19:00:00,37.51384179488472
2024-09-18T20:00:00,36.8003919850225
2024-09-18T21:00:00,36.84946250915527
2024-09-18T22:00:00,37.54213681428328
2024-09-18T23:00:00,37.935986892036766
2024-09-19T00:00:00,39.302708833113954
2024-09-19T01:00:00,39.77011921094811
2024-09-19T02:00:00,31.834511549576465
2024-09-19T03:00:00,27.98047936480978
2024-09-19T04:00:00,26.582506179809567
2024-09-19T05:00:00,25.725256463755727
2024-09-19T06:00:00,25.328174591064453
2024-09-19T07:00:00,24.83514470639436
2024-09-19T08:00:00,24.52373919279679
2024-09-19T09:00:00,24.46383948948072
2024-09-19T10:00:00,25.28939106153405
2024-09-19T11:00:00,28.501422716223672
2024-09-19T12:00:00,36.33238286557405
2024-09-19T13:00:00,42.63909563810929
2024-09-19T14:00:00,45.346939916196064
2024-09-19T15:00:00,48.695550503938094
2024-09-19T16:00:00,51.48152890412703
2024-09-19T17:00:00,52.84723646744437
2024-09-19T18:00:00,53.749972633693524
2024-09-19T19:00:00,54.85548716006072
2024-09-19T20:00:00,55.12538909912109
2024-09-19T21:00:00,52.426685996677556
2024-09-19T22:00:00,52.18938993371051
2024-09-19T23:00:00,52.96051539545474
2024-09-20T00:00:00,52.948982072913125
2024-09-20T01:00:00,51.60592518682065
2024-09-20T02:00:00,36.1503851517387
2024-09-20T03:00:00,29.253210399461825
2024-09-20T04:00:00,26.13283829067064
2024-09-20T05:00:00,24.024939827297043
2024-09-20T06:00:00,22.47081557564113
2024-09-20T07:00:00,21.487394498742145
2024-09-20T08:00:00,20.995443675829016
2024-09-20T09:00:00,21.07469309931216
2024-09-20T10:00:00,21.99674324367357
2024-09-20T11:00:00,25.145599531090774
2024-09-20T12:00:00,31.293563428132426
2024-09-20T13:00:00,37.951577559761375
2024-09-20T14:00:00,42.02926287443741
2024-09-20T15:00:00,43.028148982835845
2024-09-20T16:00:00,42.73243530936863
2024-09-20T17:00:00,41.784840293552556
2024-09-20T18:00:00,41.924936709196665
2024-09-20T19:00:00,41.68939341669497
2024-09-20T20:00:00,39.94737260237983
2024-09-20T21:00:00,39.61562770345936
2024-09-20T22:00:00,40.089818539826766
2024-09-20T23:00:00,42.868986378545344
2024-09-21T00:00:00,42.93665794704271
2024-09-21T01:00:00,40.265763490096376
2024-09-21T02:00:00,29.875741709833562
2024-09-21T03:00:00,21.570785522460934
2024-09-21T04:00:00,18.607823164566703
2024-09-21T05:00:00,17.5217694821565
2024-09-21T06:00:00,16.549148725426715
2024-09-21T07:00:00,15.452585842298426
2024-09-21T08:00:00,14.775540725044582
2024-09-21T09:00:00,14.678576552349586
2024-09-21T10:00:00,15.203687377597973
2024-09-21T11:00:00,17.365395421567168
2024-09-21T12:00:00,22.716794055441152
2024-09-21T13:00:00,27.52273841526197
2024-09-21T14:00:00,32.36046616927437
2024-09-21T15:00:00,36.435408716616415
2024-09-21T16:00:00,38.860588239586875
2024-09-21T17:00:00,43.62703754590905
2024-09-21T18:00:00,45.54392109746518
2024-09-21T19:00:00,48.189192896303915
2024-09-21T20:00:00,49.86976656706436
2024-09-21T21:00:00,49.781258624532946
2024-09-21T22:00:00,46.750384123429
2024-09-21T23:00:00,43.36509953374448
2024-09-22T00:00:00,41.61288302877675
2024-09-22T01:00:00,39.1460602801779
2024-09-22T02:00:00,26.7139196810515
2024-09-22T03:00:00,19.842076508895207
2024-09-22T04:00:00,17.434084104455035
2024-09-22T05:00:00,16.573354389356528
2024-09-22T06:00:00,16.638768237570055
2024-09-22T07:00:00,16.89836991351584
2024-09-22T08:00:00,17.0478924461033
2024-09-22T09:00:00,17.210073968638543
2024-09-22T10:00:00,17.644533489061438
2024-09-22T11:00:00,19.9046688079834
2024-09-22T12:00:00,24.944424256034516
2024-09-22T13:00:00,30.162818079409387
2024-09-22T14:00:00,34.18554447008215
2024-09-22T15:00:00,35.622980781223454
2024-09-22T16:00:00,37.48876256528108
2024-09-22T17:00:00,38.04182890187139
2024-09-22T18:00:00,37.943130741948664
2024-09-22T19:00:00,38.989010520603344
2024-09-22T20:00:00,41.18338344408117
2024-09-22T21:00:00,40.96872346297554
2024-09-22T22:00:00,35.96987931624702
2024-09-22T23:00:00,32.12430904222571
2024-09-23T00:00:00,30.678513236667797
2024-09-23T01:00:00,30.543311906897497
2024-09-23T02:00:00,25.747856305993118
2024-09-23T03:00:00,17.747548559437625
2024-09-23T04:00:00,15.88433502031409
2024-09-23T05:00:00,15.619688407234522
2024-09-23T06:00:00,15.391896082007365
2024-09-23T07:00:00,15.04598348037056
2024-09-23T08:00:00,15.01103069471276
2024-09-23T09:00:00,15.669900230739426
2024-09-23T10:00:00,16.36695754009744
2024-09-23T11:00:00,18.901384602422297
2024-09-23T12:00:00,25.403831730718196
2024-09-23T13:00:00,31.591334301492438
2024-09-23T14:00:00,36.03432895826256
2024-09-23T15:00:00,39.480165564495586
2024-09-23T16:00:00,39.69468688964844
2024-09-23T17:00:00,39.10725983329441
2024-09-23T18:00:00,38.31322960231614
2024-09-23T19:00:00,36.989889891251266
2024-09-23T20:00:00,35.91949603868567
2024-09-23T21:00:00,35.23991526728091
2024-09-23T22:00:00,34.431279555610985
2024-09-23T23:00:00,33.833781532619305
2024-09-24T00:00:00,34.30666931815769
2024-09-24T01:00:00,34.31792864592178
2024-09-24T02:00:00,28.5564081772514
2024-09-24T03:00:00,18.938714649366293
2024-09-24T04:00:00,15.537818659906801
2024-09-24T05:00:00,13.985927125682
2024-09-24T06:00:00,12.721075306768
2024-09-24T07:00:00,11.86784615723983
2024-09-24T08:00:00,11.427633451378863
2024-09-24T09:00:00,11.402541119119395
2024-09-24T10:00:00,11.758400212163508
2024-09-24T11:00:00,13.78458844060483
2024-09-24T12:00:00,21.050756288611367
2024-09-24T13:00:00,28.604910809060797
2024-09-24T14:00:00,33.32911740178647
2024-09-24T15:00:00,36.82884166551673
2024-09-24T16:00:00,35.93796074908712
2024-09-24T17:00:00,32.7844763216765
2024-09-24T18:00:00,31.52589151133661
2024-09-24T19:00:00,33.14970787711765
2024-09-24T20:00:00,34.74535328408946
2024-09-24T21:00:00,34.570069354513414
2024-09-24T22:00:00,33.40159175706946
2024-09-24T23:00:00,33.10965073626974
2024-09-25T00:00:00,33.96251238947329
2024-09-25T01:00:00,35.307916890019946
2024-09-25T02:00:00,30.839533764383063
2024-09-25T03:00:00,21.349163470060926
2024-09-25T04:00:00,16.837729785753332
2024-09-25T05:00:00,14.958004370979642
2024-09-25T06:00:00,13.980218555616295
2024-09-25T07:00:00,13.530538890672766
2024-09-25T08:00:00,13.303844203119692
2024-09-25T09:00:00,13.25496192600416
2024-09-25T10:00:00,13.91373883122983
2024-09-25T11:00:00,16.340215019557785
2024-09-25T12:00:00,23.132425308227536
2024-09-25T13:00:00,30.06722126836362
2024-09-25T14:00:00,34.936710855235226
2024-09-25T15:00:00,37.51489340740701
2024-09-25T16:00:00,38.9995351045028
2024-09-25T17:00:00,40.641064519467555
2024-09-25T18:00:00,40.330859640370235
2024-09-25T19:00:00,39.11939902927564
2024-09-25T20:00:00,36.81277523870053
2024-09-25T21:00:00,36.946984498397164
2024-09-25T22:00:00,36.392353223717734
2024-09-25T23:00:00,35.31521681080694
2024-09-26T00:00:00,35.535528514696196
2024-09-26T01:00:00,34.85309227653171
2024-09-26T02:00:00,23.557130316029422
2024-09-26T03:00:00,17.454144933949344
2024-09-26T04:00:00,15.348720882249912
2024-09-26T05:00:00,14.328753554302711
2024-09-26T06:00:00,13.427355932152787
2024-09-26T07:00:00,13.775992600814154
2024-09-26T08:00:00,13.979636897211488
2024-09-26T09:00:00,14.093068993609883
2024-09-26T10:00:00,15.355728937231977
2024-09-26T11:00:00,19.820827898771864
2024-09-26T12:00:00,28.50779574850331
2024-09-26T13:00:00,35.42337036132812
2024-09-26T14:00:00,37.663307024085
2024-09-26T15:00:00,39.465724613355555
2024-09-26T16:00:00,45.03240436056385
2024-09-26T17:00:00,52.302693906037696
2024-09-26T18:00:00,58.955937261166774
2024-09-26T19:00:00,65.78996276855467
2024-09-26T20:00:00,72.20753943401833
2024-09-26T21:00:00,77.6939587800399
2024-09-26T22:00:00,77.26028774095617
2024-09-26T23:00:00,70.59574890136719
2024-09-27T00:00:00,64.55512569261633
2024-09-27T01:00:00,64.52201511548911
2024-09-27T02:00:00,55.29476928710937
2024-09-27T03:00:00,34.81728545479152
2024-09-27T04:00:00,26.41699351435122
2024-09-27T05:00:00,25.96111330778702
2024-09-27T06:00:00,25.509398750636883
2024-09-27T07:00:00,23.019099691639774
2024-09-27T08:00:00,22.30531841775645
2024-09-27T09:00:00,21.953253372855805
2024-09-27T10:00:00,22.05385979362156
2024-09-27T11:00:00,28.25852642888608
2024-09-27T12:00:00,38.70366983828337
2024-09-27T13:00:00,47.01363057675569
2024-09-27T14:00:00,57.33388088060462
2024-09-27T15:00:00,71.07482843813688
2024-09-27T16:00:00,84.37112459929092
2024-09-27T17:00:00,97.00034630816916
2024-09-27T18:00:00,106.12272445015284
2024-09-27T19:00:00,111.49684010381281
2024-09-27T20:00:00,113.8193133810292
2024-09-27T21:00:00,114.38807777736496
2024-09-27T22:00:00,113.08340520444122
2024-09-27T23:00:00,110.40676349142322
2024-09-28T00:00:00,107.44508925728175
2024-09-28T01:00:00,91.72697813614555
2024-09-28T02:00:00,32.57629800879437
2024-09-28T03:00:00,20.428476416546363
2024-09-28T04:00:00,17.177196046580438
2024-09-28T05:00:00,14.930522338203762
2024-09-28T06:00:00,13.444467088450555
2024-09-28T07:00:00,12.469890843267024
2024-09-28T08:00:00,12.061603007109268
2024-09-28T09:00:00,12.309732851774795
2024-09-28T10:00:00,12.383473976798678
2024-09-28T11:00:00,11.89986639437468
2024-09-28T12:00:00,15.866920388263202
2024-09-28T13:00:00,19.765565955120582
2024-09-28T14:00:00,24.196596726127293
2024-09-28T15:00:00,28.419646802155864
2024-09-28T16:00:00,27.47065204122792
2024-09-28T17:00:00,25.920778937961742
2024-09-28T18:00:00,28.004462366518762
2024-09-28T19:00:00,32.88770335653553
2024-09-28T20:00:00,37.874279353929595
2024-09-28T21:00:00,42.55268047166907
2024-09-28T22:00:00,47.564705890157946
2024-09-28T23:00:00,52.406836468240485
2024-09-29T00:00:00,56.624966497006625
2024-09-29T01:00:00,51.77430094843325
2024-09-29T02:00:00,31.959749055945355
2024-09-29T03:00:00,22.18653695479683
2024-09-29T04:00:00,16.840021340743352
2024-09-29T05:00:00,12.916473595992377
2024-09-29T06:00:00,10.654411689094873
2024-09-29T07:00:00,9.297321319580078
2024-09-29T08:00:00,8.847741520923115
2024-09-29T09:00:00,8.921182922694994
2024-09-29T10:00:00,9.253339373547096
2024-09-29T11:00:00,10.41375554126242
2024-09-29T12:00:00,11.463435090106465
2024-09-29T13:00:00,14.693870420041291
2024-09-29T14:00:00,18.11883155159328
2024-09-29T15:00:00,21.618900879569672
2024-09-29T16:00:00,26.068996014802348
2024-09-29T17:00:00,36.049243761145554
2024-09-29T18:00:00,47.63403983738111
2024-09-29T19:00:00,58.89016126549762
2024-09-29T20:00:00,68.3190344105596
2024-09-29T21:00:00,78.25843711521314
2024-09-29T22:00:00,82.00826926853344
2024-09-29T23:00:00,83.08697576108185
2024-09-30T00:00:00,89.57002291472061
2024-09-30T01:00:00,78.79500049093494
2024-09-30T02:00:00,28.46561630912449
2024-09-30T03:00:00,19.009842250658117
2024-09-30T04:00:00,16.66894195390784
2024-09-30T05:00:00,14.627382071121877
2024-09-30T06:00:00,13.268394760463547
2024-09-30T07:00:00,12.468878704568612
2024-09-30T08:00:00,11.416731046593707
2024-09-30T09:00:00,11.834042258884594
2024-09-30T10:00:00,11.707980155944822
2024-09-30T11:00:00,12.954810681550397
2024-09-30T12:00:00,17.343491927437157
2024-09-30T13:00:00,26.780504226684567
2024-09-30T14:00:00,40.269286280092984
2024-09-30T15:00:00,47.207171564516806
2024-09-30T16:00:00,55.351540441098415
2024-09-30T17:00:00,65.81218984852666
2024-09-30T18:00:00,75.50700278904127
2024-09-30T19:00:00,82.93358612060547
2024-09-30T20:00:00,88.34772823167883
2024-09-30T21:00:00,95.62636698847231
2024-09-30T22:00:00,101.46830052914825
2024-09-30T23:00:00,104.93486022949219
2024-10-01T00:00:00,107.08111870807149
2024-10-01T01:00:00,100.28657996136208
2024-10-01T02:00:00,48.11806604136591
2024-10-01T03:00:00,25.24145109757133
2024-10-01T04:00:00,19.142047633295476
2024-10-01T05:00:00,16.178999652033262
2024-10-01T06:00:00,14.086180977199385
2024-10-01T07:00:00,12.482984211133871
2024-10-01T08:00:00,11.779644717340883
2024-10-01T09:00:00,11.924958063208537
2024-10-01T10:00:00,11.610527121502418
2024-10-01T11:00:00,12.472653513369352
2024-10-01T12:00:00,14.011455826137375
2024-10-01T13:00:00,16.278403655342434
2024-10-01T14:00:00,18.656373480091922
2024-10-01T15:00:00,22.153099640556
2024-10-01T16:00:00,25.921132046243418
2024-10-01T17:00:00,29.187710388847016
2024-10-01T18:00:00,32.20721800430961
2024-10-01T19:00:00,34.055938886559524
2024-10-01T20:00:00,34.19186019897461
2024-10-01T21:00:00,33.36659506092901
2024-10-01T22:00:00,31.95601239411727
2024-10-01T23:00:00,32.27703376438307
2024-10-02T00:00:00,35.64904088559357
2024-10-02T01:00:00,38.67503771574601
2024-10-02T02:00:00,27.722072435461953
2024-10-02T03:00:00,19.3778368908426
2024-10-02T04:00:00,19.045239987580672
2024-10-02T05:00:00,18.21192210653554
2024-10-02T06:00:00,16.353710962378457
2024-10-02T07:00:00,14.63306381391442
2024-10-02T08:00:00,13.771595167077106
2024-10-02T09:00:00,14.050027308256729
2024-10-02T10:00:00,15.167351308076277
2024-10-02T11:00:00,17.483747482299805
2024-10-02T12:00:00,24.534423579340395
2024-10-02T13:00:00,35.9223053973654
2024-10-02T14:00:00,47.05402059140412
2024-10-02T15:00:00,54.86382990298063
2024-10-02T16:00:00,58.745000922161594
2024-10-02T17:00:00,58.205617158309266
2024-10-02T18:00:00,54.913383815599516
2024-10-02T19:00:00,50.75507835719896
2024-10-02T20:00:00,45.54061939405358
2024-10-02T21:00:00,40.332960875137985
2024-10-02T22:00:00,34.77278535262397
2024-10-02T23:00:00,31.929444188657012
2024-10-03T00:00:00,32.45958344832711
2024-10-03T01:00:00,33.61772487474524
2024-10-03T02:00:00,30.94256376183551
2024-10-03T03:00:00,23.044846742049504
2024-10-03T04:00:00,19.81859613501507
2024-10-03T05:00:00,17.493944168090817
2024-10-03T06:00:00,16.630148182744563
2024-10-03T07:00:00,16.697131281313688
2024-10-03T08:00:00,16.847209018209703
2024-10-03T09:00:00,19.52679335552713
2024-10-03T10:00:00,21.03561310146166
2024-10-03T11:00:00,24.878303859544832
2024-10-03T12:00:00,33.786942772243336
2024-10-03T13:00:00,50.52107504139775
2024-10-03T14:00:00,67.54586095395295
2024-10-03T15:00:00,81.87438301418138
2024-10-03T16:00:00,92.82406350840691
2024-10-03T17:00:00,93.64827363387398
2024-10-03T18:00:00,93.18951150645381
2024-10-03T19:00:00,88.98666481349778
2024-10-03T20:00:00,81.30741882324219
2024-10-03T21:00:00,73.06112007472825
2024-10-03T22:00:00,66.90920390253481
2024-10-03T23:00:00,62.22692307181979
2024-10-04T00:00:00,60.334103294040844
2024-10-04T01:00:00,58.172303241232164
2024-10-04T02:00:00,34.49039824112602
2024-10-04T03:00:00,21.608124028081477
2024-10-04T04:00:00,17.38781929016113
2024-10-04T05:00:00,15.527031318001123
2024-10-04T06:00:00,14.476525140845256
2024-10-04T07:00:00,13.898077923318612
2024-10-04T08:00:00,13.719569952591605
2024-10-04T09:00:00,13.80206999571427
2024-10-04T10:00:00,14.296289651290227
2024-10-04T11:00:00,16.291093909222145
2024-10-04T12:00:00,22.404018236243203
2024-10-04T13:00:00,31.668396659519352
2024-10-04T14:00:00,39.02086921360181
2024-10-04T15:00:00,42.8651003630265
2024-10-04T16:00:00,47.072648255721376
2024-10-04T17:00:00,51.58230358621348
2024-10-04T18:00:00,55.175089131230884
2024-10-04T19:00:00,56.35426778378694
2024-10-04T20:00:00,55.29487941576086
2024-10-04T21:00:00,52.76065328846806
2024-10-04T22:00:00,47.914772862973415
2024-10-04T23:00:00,44.14569390338399
2024-10-05T00:00:00,42.29982475612474
2024-10-05T01:00:00,42.91991126019021
2024-10-05T02:00:00,37.231682653012484
2024-10-05T03:00:00,22.303601223489512
2024-10-05T04:00:00,16.82743445686672
2024-10-05T05:00:00,14.57090440003768
2024-10-05T06:00:00,12.713781108026918
2024-10-05T07:00:00,12.219211495440938
2024-10-05T08:00:00,12.721279724784518
2024-10-05T09:00:00,13.297192034514055
2024-10-05T10:00:00,15.067744959955627
2024-10-05T11:00:00,20.546624142190684
2024-10-05T12:00:00,30.043278155119523
2024-10-05T13:00:00,38.71884951384171
2024-10-05T14:00:00,43.79945473048997
2024-10-05T15:00:00,45.639603158702016
2024-10-05T16:00:00,47.22706454733144
2024-10-05T17:00:00,51.05500926142153
2024-10-05T18:00:00,53.99298477172851
2024-10-05T19:00:00,54.41702370021654
2024-10-05T20:00:00,47.86762619018553
2024-10-05T21:00:00,42.04086270539656
2024-10-05T22:00:00,39.02883463320525
2024-10-05T23:00:00,39.45028072854747
2024-10-06T00:00:00,41.01005686884341
2024-10-06T01:00:00,42.02392727395762
2024-10-06T02:00:00,32.35714729972507
2024-10-06T03:00:00,20.46978585616402
2024-10-06T04:00:00,15.653324044269063
2024-10-06T05:00:00,13.042025607565174
2024-10-06T06:00:00,11.726238748301627
2024-10-06T07:00:00,11.524181365966797
2024-10-06T08:00:00,12.242658573648203
2024-10-06T09:00:00,13.378035711205522
2024-10-06T10:00:00,14.597701445869776
2024-10-06T11:00:00,18.59562251878821
2024-10-06T12:00:00,25.511598918748934
2024-10-06T13:00:00,31.190492795861285
2024-10-06T14:00:00,35.93303365292756
2024-10-06T15:00:00,45.410648345947266
2024-10-06T16:00:00,58.80620359337847
2024-10-06T17:00:00,70.31652765688688
2024-10-06T18:00:00,79.32283219047214
2024-10-06T19:00:00,86.2266845703125
2024-10-06T20:00:00,82.9386105744735
2024-10-06T21:00:00,83.55897687829058
2024-10-06T22:00:00,89.16954703952955
2024-10-06T23:00:00,93.12585780931556
2024-10-07T00:00:00,73.76484282120414
2024-10-07T01:00:00,39.07509546694548
2024-10-07T02:00:00,34.55581349911897
2024-10-07T03:00:00,21.472205701081645
2024-10-07T04:00:00,16.186320429262906
2024-10-07T05:00:00,15.376040334286897
2024-10-07T06:00:00,15.281831575476604
2024-10-07T07:00:00,16.719291935796324
2024-10-07T08:00:00,17.482656976451043
2024-10-07T09:00:00,17.624303983605426
2024-10-07T10:00:00,22.148837462715477
2024-10-07T11:00:00,34.12960782258406
2024-10-07T12:00:00,51.918089991030484
2024-10-07T13:00:00,69.39470755535622
2024-10-07T14:00:00,72.74470719047214
2024-10-07T15:00:00,76.09619671365488
2024-10-07T16:00:00,79.41886304772417
2024-10-07T17:00:00,81.90754334822944
2024-10-07T18:00:00,90.00317216956097
2024-10-07T19:00:00,93.68296515423319
2024-10-07T20:00:00,87.95381662119988
2024-10-07T21:00:00,78.96182516346806
2024-10-07T22:00:00,78.84950289518936
2024-10-07T23:00:00,86.54488041089927
2024-10-08T00:00:00,88.98792333188264
2024-10-08T01:00:00,72.3143612405528
2024-10-08T02:00:00,40.11537369437839
2024-10-08T03:00:00,24.777239675107207
2024-10-08T04:00:00,17.477240686831266
2024-10-08T05:00:00,15.704495429992672
2024-10-08T06:00:00,15.49253762286642
2024-10-08T07:00:00,16.180638769398566
2024-10-08T08:00:00,17.37297970315684
2024-10-08T09:00:00,18.31561818330184
2024-10-08T10:00:00,20.20240269536557
2024-10-08T11:00:00,25.936146694680914
2024-10-08T12:00:00,38.026624264924415
2024-10-08T13:00:00,53.82709751958432
2024-10-08T14:00:00,69.96583324929942
2024-10-08T15:00:00,70.81268277375595
2024-10-08T16:00:00,70.10906700465989
2024-10-08T17:00:00,86.8132092019786
2024-10-08T18:00:00,102.9100816146187
2024-10-08T19:00:00,117.74966530177902
2024-10-08T20:00:00,133.40079398777172
2024-10-08T21:00:00,147.53206800377885
2024-10-08T22:00:00,159.21932253630263
2024-10-08T23:00:00,162.81649249532947
2024-10-09T00:00:00,152.92787369437838
2024-10-09T01:00:00,125.84297710916267
2024-10-09T02:00:00,66.28561301853344
2024-10-09T03:00:00,33.239876456882634
2024-10-09T04:00:00,23.484488114066746
2024-10-09T05:00:00,18.991688521012016
2024-10-09T06:00:00,16.724642214567762
2024-10-09T07:00:00,15.302869589432426
2024-10-09T08:00:00,14.600225821785301
2024-10-09T09:00:00,14.430138007454248
2024-10-09T10:00:00,15.170032459756602
2024-10-09T11:00:00,18.498789745828375
2024-10-09T12:00:00,26.527905256851856
2024-10-09T13:00:00,36.94414105622664
2024-10-09T14:00:00,43.56247545325237
2024-10-09T15:00:00,43.985815131145976
2024-10-09T16:00:00,42.3489932184634
2024-10-09T17:00:00,43.561052737028696
2024-10-09T18:00:00,48.631756989852235
2024-10-09T19:00:00,50.63901768559994
2024-10-09T20:00:00,48.582838638969086
2024-10-09T21:00:00,46.02171441783075
2024-10-09T22:00:00,43.26279665076214
2024-10-09T23:00:00,44.87546589063561
2024-10-10T00:00:00,52.02870145051376
2024-10-10T01:00:00,55.68021160623301
2024-10-10T02:00:00,31.839620838994566
2024-10-10T03:00:00,19.364621535591457
2024-10-10T04:00:00,14.724852022917373
2024-10-10T05:00:00,13.51161882151728
2024-10-10T06:00:00,14.887762608735455
2024-10-10T07:00:00,17.69919834966245
2024-10-10T08:00:00,19.808599389117695
2024-10-10T09:00:00,20.459526227868118
2024-10-10T10:00:00,21.73436048756475
2024-10-10T11:00:00,26.636263391245965
2024-10-10T12:00:00,33.0644995647928
2024-10-10T13:00:00,43.24246530947478
2024-10-10T14:00:00,59.153308536695384
2024-10-10T15:00:00,78.5832466457201
2024-10-10T16:00:00,92.23633641782014
2024-10-10T17:00:00,90.50937287703805
2024-10-10T18:00:00,72.02678116508152
2024-10-10T19:00:00,51.37384049788765
2024-10-10T20:00:00,37.923440352730125
2024-10-10T21:00:00,35.781737949537195
2024-10-10T22:00:00,38.4969139099121
2024-10-10T23:00:00,42.20318902057149
2024-10-11T00:00:00,46.94130076532778
2024-10-11T01:00:00,49.246380847433336
2024-10-11T02:00:00,38.612544515858524
2024-10-11T03:00:00,26.0054467242697
2024-10-11T04:00:00,19.88662868997325
2024-10-11T05:00:00,17.222188617872153
2024-10-11T06:00:00,15.89836444025454
2024-10-11T07:00:00,16.400964736938477
2024-10-11T08:00:00,17.619151986163594
2024-10-11T09:00:00,17.26738523400348
2024-10-11T10:00:00,15.788375854492184
2024-10-11T11:00:00,19.15170263207477
2024-10-11T12:00:00,28.918999215830926
2024-10-11T13:00:00,39.91770271632982
2024-10-11T14:00:00,54.00420130854067
2024-10-11T15:00:00,67.49856302012567
2024-10-11T16:00:00,69.88996920378311
2024-10-11T17:00:00,52.36874655018682
2024-10-11T18:00:00,37.93295205157736
2024-10-11T19:00:00,39.09331512451172
2024-10-11T20:00:00,46.662855894669235
2024-10-11T21:00:00,57.317450813625165
2024-10-11T22:00:00,66.07490738578464
2024-10-11T23:00:00,69.08475461213484
2024-10-12T00:00:00,75.92923637058423
2024-10-12T01:00:00,87.30678193465522
2024-10-12T02:00:00,91.38280520231828
2024-10-12T03:00:00,85.0895710820737
2024-10-12T04:00:00,51.44949888146441
2024-10-12T05:00:00,28.589440718941063
2024-10-12T06:00:00,20.880005214525305
2024-10-12T07:00:00,17.703652008720066
2024-10-12T08:00:00,14.099370666172193
2024-10-12T09:00:00,13.564120873160983
2024-10-12T10:00:00,15.069566519364066
2024-10-12T11:00:00,22.428316365117606
2024-10-12T12:00:00,41.659708603568696
2024-10-12T13:00:00,62.46478138799252
2024-10-12T14:00:00,72.2902719248896
2024-10-12T15:00:00,62.65667989979619
2024-10-12T16:00:00,55.24073973945949
2024-10-12T17:00:00,54.63742795197859
2024-10-12T18:00:00,56.95876179570737
2024-10-12T19:00:00,64.67036736529806
2024-10-12T20:00:00,77.42998438296111
2024-10-12T21:00:00,90.30027704653533
2024-10-12T22:00:00,94.2074737548828
2024-10-12T23:00:00,78.38529304836106
2024-10-13T00:00:00,61.66713067759637
2024-10-13T01:00:00,56.05355370563009
2024-10-13T02:00:00,43.06670445981232
2024-10-13T03:00:00,25.98991302821947
2024-10-13T04:00:00,22.487717669943105
2024-10-13T05:00:00,21.87832616723102
2024-10-13T06:00:00,20.130815008412235
2024-10-13T07:00:00,17.201111337412957
2024-10-13T08:00:00,15.74879505323327
2024-10-13T09:00:00,18.97759396096934
2024-10-13T10:00:00,24.705450140911598
2024-10-13T11:00:00,31.041024166604743
2024-10-13T12:00:00,36.002885735553235
2024-10-13T13:00:00,40.845232424528696
2024-10-13T14:00:00,45.52308986497962
2024-10-13T15:00:00,47.08875606371008
2024-10-13T16:00:00,45.223008197286845
2024-10-13T17:00:00,42.32037652057149
2024-10-13T18:00:00,41.033897399902344
2024-10-13T19:00:00,43.984697093134336
2024-10-13T20:00:00,48.03063218489937
2024-10-13T21:00:00,49.52267456054687
2024-10-13T22:00:00,46.615313820216954
2024-10-13T23:00:00,39.60384020598038
2024-10-14T00:00:00,33.63273645483929
2024-10-14T01:00:00,31.629179332567297
2024-10-14T02:00:00,32.5472005761188
2024-10-14T03:00:00,27.47554314654806
2024-10-14T04:00:00,20.980537912119985
2024-10-14T05:00:00,17.81543441440748
2024-10-14T06:00:00,16.05599378502887
2024-10-14T07:00:00,15.594739789548125
2024-10-14T08:00:00,14.764733895011569
2024-10-14T09:00:00,14.75530081209929
2024-10-14T10:00:00,19.361461722332496
2024-10-14T11:00:00,29.237986606100332
2024-10-14T12:00:00,33.20446835393491
2024-10-14T13:00:00,37.49277015354322
2024-10-14T14:00:00,44.73750703231148
2024-10-14T15:00:00,50.45232971854832
2024-10-14T16:00:00,49.63450688901154
2024-10-14T17:00:00,46.865547511888586
2024-10-14T18:00:00,43.87706308779509
2024-10-14T19:00:00,39.216054170028016
2024-10-14T20:00:00,34.43546029795771
2024-10-14T21:00:00,32.20425473088803
2024-10-14T22:00:00,31.461943750796106
2024-10-14T23:00:00,31.75706042414126
2024-10-15T00:00:00,30.02647010139797
2024-10-15T01:00:00,29.952861951745074
2024-10-15T02:00:00,27.37388818160347
2024-10-15T03:00:00,19.793936356254243
2024-10-15T04:00:00,15.896364419356633
2024-10-15T05:00:00,15.509303880774455
2024-10-15T06:00:00,15.757691756538721
2024-10-15T07:00:00,14.845197884932807
2024-10-15T08:00:00,15.381456084873365
2024-10-15T09:00:00,18.139335466467813
2024-10-15T10:00:00,21.040312725564704
2024-10-15T11:00:00,24.53663204027259
2024-10-15T12:00:00,28.317845800648563
2024-10-15T13:00:00,31.771999442059062
2024-10-15T14:00:00,37.68022902115531
2024-10-15T15:00:00,44.533524222995915
2024-10-15T16:00:00,46.8542309636655
2024-10-15T17:00:00,46.34264655735181
2024-10-15T18:00:00,45.24203822923743
2024-10-15T19:00:00,44.83738094827403
2024-10-15T20:00:00,46.21858596801757
2024-10-15T21:00:00,47.80664792268172
2024-10-15T22:00:00,47.31474884696628
2024-10-15T23:00:00,45.90397295744523
2024-10-16T00:00:00,48.480229087497875
2024-10-16T01:00:00,51.75330850352411
2024-10-16T02:00:00,33.40796056001083
2024-10-16T03:00:00,20.64169071031653
2024-10-16T04:00:00,16.233566947605297
2024-10-16T05:00:00,14.444563616877016
2024-10-16T06:00:00,13.29872127201246
2024-10-16T07:00:00,12.139110150544537
2024-10-16T08:00:00,11.525816088137418
2024-10-16T09:00:00,11.875797147336213
2024-10-16T10:00:00,13.336479104083516
2024-10-16T11:00:00,16.906789862591285
2024-10-16T12:00:00,23.170532558275305
2024-10-16T13:00:00,29.859735157178793
2024-10-16T14:00:00,36.48047654525093
2024-10-16T15:00:00,39.401326220968485
2024-10-16T16:00:00,41.02115448661472
2024-10-16T17:00:00,44.52080718330714
2024-10-16T18:00:00,51.28423143469768
2024-10-16T19:00:00,54.61115762461786
2024-10-16T20:00:00,53.226743117622696
2024-10-16T21:00:00,51.93739368604576
2024-10-16T22:00:00,55.31664674178413
2024-10-16T23:00:00,59.64750472359035
2024-10-17T00:00:00,63.54544929836107
2024-10-17T01:00:00,63.23219813471254
2024-10-17T02:00:00,35.819876629373304
2024-10-17T03:00:00,22.884706994761586
2024-10-17T04:00:00,18.281697314718492
2024-10-17T05:00:00,15.904460243556807
2024-10-17T06:00:00,14.520625860794729
2024-10-17T07:00:00,13.930410385131834
2024-10-17T08:00:00,13.564934150032371
2024-10-17T09:00:00,13.698254834050715
2024-10-17T10:00:00,14.624802008919092
2024-10-17T11:00:00,18.075634997823965
2024-10-17T12:00:00,26.814343245133106
2024-10-17T13:00:00,38.144018587858774
2024-10-17T14:00:00,41.86273740685504
2024-10-17T15:00:00,49.77124255636463
2024-10-17T16:00:00,63.04184142402979
2024-10-17T17:00:00,75.43253757642663
2024-10-17T18:00:00,82.53329335088316
2024-10-17T19:00:00,84.20196500031844
2024-10-17T20:00:00,85.27307261591372
2024-10-17T21:00:00,84.0872752977454
2024-10-17T22:00:00,80.54956751284391
2024-10-17T23:00:00,76.46641308328378
2024-10-18T00:00:00,73.43062790580417
2024-10-18T01:00:00,70.59475907035495
2024-10-18T02:00:00,48.02169816390328
2024-10-18T03:00:00,28.18200003582498
2024-10-18T04:00:00,22.417834489241887
2024-10-18T05:00:00,21.28662532308827
2024-10-18T06:00:00,21.055851148522414
2024-10-18T07:00:00,20.514185532279637
2024-10-18T08:00:00,19.198152376257852
2024-10-18T09:00:00,19.30424698539402
2024-10-18T10:00:00,21.991998755413547
2024-10-18T11:00:00,26.325094803519868
2024-10-18T12:00:00,31.42390093596085
2024-10-18T13:00:00,33.40853931592858
2024-10-18T14:00:00,42.12134270046068
2024-10-18T15:00:00,50.40815519249957
2024-10-18T16:00:00,54.51022073496943
2024-10-18T17:00:00,57.20891670558763
2024-10-18T18:00:00,59.19240039327869
2024-10-18T19:00:00,62.34476669974948
2024-10-18T20:00:00,63.650394605553664
2024-10-18T21:00:00,62.989150005838134
2024-10-18T22:00:00,60.28429313327955
2024-10-18T23:00:00,57.2125715172809
2024-10-19T00:00:00,55.09541718856148
2024-10-19T01:00:00,54.19573676067849
2024-10-19T02:00:00,41.584378283956774
2024-10-19T03:00:00,25.50994491577148
2024-10-19T04:00:00,20.45434827389924
2024-10-19T05:00:00,17.837053547734797
2024-10-19T06:00:00,16.68430933745011
2024-10-19T07:00:00,16.393919571586274
2024-10-19T08:00:00,16.70928780928902
2024-10-19T09:00:00,17.49872365205184
2024-10-19T10:00:00,19.076363190360688
2024-10-19T11:00:00,22.15868742569633
2024-10-19T12:00:00,30.681332629659902
2024-10-19T13:00:00,43.81089699786642
2024-10-19T14:00:00,54.14465033489724
2024-10-19T15:00:00,63.35558319091797
2024-10-19T16:00:00,71.79038868779722
2024-10-19T17:00:00,79.0894314309825
2024-10-19T18:00:00,84.51719234300695
2024-10-19T19:00:00,88.32396134086277
2024-10-19T20:00:00,91.489677760912
2024-10-19T21:00:00,94.25367040219514
2024-10-19T22:00:00,96.72958141824473
2024-10-19T23:00:00,98.8683680658755
2024-10-20T00:00:00,101.49001876167628
2024-10-20T01:00:00,97.40952964451
2024-10-20T02:00:00,54.42967423148776
2024-10-20T03:00:00,33.994694585385524
2024-10-20T04:00:00,26.481728844020676
2024-10-20T05:00:00,23.150262418000594
2024-10-20T06:00:00,21.369854885598883
2024-10-20T07:00:00,20.433221651160196
2024-10-20T08:00:00,23.06155976005222
2024-10-20T09:00:00,27.60265823032545
2024-10-20T10:00:00,32.98673596589461
2024-10-20T11:00:00,43.34991753619649
2024-10-20T12:00:00,58.35524650242017
2024-10-20T13:00:00,76.99505150836447
2024-10-20T14:00:00,92.2563483196756
2024-10-20T15:00:00,110.17171378757641
2024-10-20T16:00:00,130.6677312436311
2024-10-20T17:00:00,150.4809039572011
2024-10-20T18:00:00,166.19737973420516
2024-10-20T19:00:00,178.57279437521228
2024-10-20T20:00:00,188.29833918032435
2024-10-20T21:00:00,196.8314514160156
2024-10-20T22:00:00,203.44406857697857
2024-10-20T23:00:00,205.61802739682403
2024-10-21T00:00:00,201.24565456224522
2024-10-21T01:00:00,192.53762220299762
2024-10-21T02:00:00,140.96274069081178
2024-10-21T03:00:00,77.25407243811566
2024-10-21T04:00:00,45.782533230988875
2024-10-21T05:00:00,35.69931262472401
2024-10-21T06:00:00,31.574814837911855
2024-10-21T07:00:00,29.59122218256411
2024-10-21T08:00:00,28.449355166891344
2024-10-21T09:00:00,28.939081357873
2024-10-21T10:00:00,32.30437403139861
2024-10-21T11:00:00,42.28103140126103
2024-10-21T12:00:00,54.48224556964376
2024-10-21T13:00:00,72.05739029594089
2024-10-21T14:00:00,99.3705248625382
2024-10-21T15:00:00,128.28824781334916
2024-10-21T16:00:00,152.95147439707878
2024-10-21T17:00:00,175.4075688901155
2024-10-21T18:00:00,195.34070354959238
2024-10-21T19:00:00,211.40526481296703
2024-10-21T20:00:00,225.61241216244903
2024-10-21T21:00:00,233.7976525348166
2024-10-21T22:00:00,238.34190899392829
2024-10-21T23:00:00,237.08198547363278
2024-10-22T00:00:00,230.83248901367182
2024-10-22T01:00:00,235.62579942786172
2024-10-22T02:00:00,138.25965483292288
2024-10-22T03:00:00,64.02281238721766
2024-10-22T04:00:00,45.180860602337376
2024-10-22T05:00:00,39.67477466749108
2024-10-22T06:00:00,36.084044083305024
2024-10-22T07:00:00,33.53989576256793
2024-10-22T08:00:00,31.69301049605659
2024-10-22T09:00:00,34.0017963906993
2024-10-22T10:00:00,40.319307741911516
2024-10-22T11:00:00,50.82250329722528
2024-10-22T12:00:00,68.60340682319972
2024-10-22T13:00:00,86.40638898766558
2024-10-22T14:00:00,98.99790291164231
2024-10-22T15:00:00,108.26197947626527
2024-10-22T16:00:00,118.58043438455331
2024-10-22T17:00:00,122.67683709186055
2024-10-22T18:00:00,119.79992310897163
2024-10-22T19:00:00,119.55451434591541
2024-10-22T20:00:00,120.27099443518594
2024-10-22T21:00:00,121.3731523596722
2024-10-22T22:00:00,120.32080343495244
2024-10-22T23:00:00,115.20178322170092
2024-10-23T00:00:00,108.96670333198878
2024-10-23T01:00:00,104.29236304241677
2024-10-23T02:00:00,83.10605107183042
2024-10-23T03:00:00,38.44066619873047
2024-10-23T04:00:00,28.419738935387645
2024-10-23T05:00:00,26.484721059384547
2024-10-23T06:00:00,24.00247822637143
2024-10-23T07:00:00,22.87683793772822
2024-10-23T08:00:00,21.526029918504797
2024-10-23T09:00:00,21.075237440026324
2024-10-23T10:00:00,25.497275559798528
2024-10-23T11:00:00,37.06674575805663
2024-10-23T12:00:00,51.2412983438243
2024-10-23T13:00:00,63.02280193826425
2024-10-23T14:00:00,73.0768356323242
2024-10-23T15:00:00,70.54018070386803
2024-10-23T16:00:00,63.73378139993418
2024-10-23T17:00:00,67.06753772238027
2024-10-23T18:00:00,71.84247356912363
2024-10-23T19:00:00,73.52193583612856
2024-10-23T20:00:00,72.63660032852836
2024-10-23T21:00:00,74.07242053488025
2024-10-23T22:00:00,74.51717244023861
2024-10-23T23:00:00,70.31978076437245
2024-10-24T00:00:00,64.14355601435122
2024-10-24T01:00:00,61.648882658585244
2024-10-24T02:00:00,45.68044480033542
2024-10-24T03:00:00,28.447195467741587
2024-10-24T04:00:00,21.737728118896484
2024-10-24T05:00:00,19.442457530809484
2024-10-24T06:00:00,18.143478974052098
2024-10-24T07:00:00,16.89795129195503
2024-10-24T08:00:00,15.98910331726074
2024-10-24T09:00:00,15.866931625034496
2024-10-24T10:00:00,16.713766678519868
2024-10-24T11:00:00,19.98281570102857
2024-10-24T12:00:00,27.815601348876953
2024-10-24T13:00:00,36.001682779063344
2024-10-24T14:00:00,43.452203833538555
2024-10-24T15:00:00,49.137239539104954
2024-10-24T16:00:00,53.383796028468915
2024-10-24T17:00:00,58.042892787767485
2024-10-24T18:00:00,58.87823718527088
2024-10-24T19:00:00,57.579639434814446
2024-10-24T20:00:00,55.825852435568095
2024-10-24T21:00:00,54.11240270863408
2024-10-24T22:00:00,54.31121726658033
2024-10-24T23:00:00,55.574665567149275
2024-10-25T00:00:00,54.378850522248634
2024-10-25T01:00:00,54.529308982517406
2024-10-25T02:00:00,50.97967114655868
2024-10-25T03:00:00,35.53750784500785
2024-10-25T04:00:00,24.338202600893766
2024-10-25T05:00:00,19.457815502000887
2024-10-25T06:00:00,17.399658451909602
2024-10-25T07:00:00,16.587755452031672
2024-10-25T08:00:00,16.382559983626653
2024-10-25T09:00:00,16.879531694495157
2024-10-25T10:00:00,18.0605643728505
2024-10-25T11:00:00,21.083104589711063
2024-10-25T12:00:00,28.97670289744501
2024-10-25T13:00:00,37.69724903935971
2024-10-25T14:00:00,48.20871120950449
2024-10-25T15:00:00,57.781815072764516
2024-10-25T16:00:00,66.63599661122197
2024-10-25T17:00:00,74.62879943847656
2024-10-25T18:00:00,79.51188427469003
2024-10-25T19:00:00,81.71720819887908
2024-10-25T20:00:00,82.1328712131666
2024-10-25T21:00:00,81.10943835714588
2024-10-25T22:00:00,78.09160050101902
2024-10-25T23:00:00,73.36352273692255
2024-10-26T00:00:00,69.16845802638841
2024-10-26T01:00:00,70.26699364703634
2024-10-26T02:00:00,62.86580392588739
2024-10-26T03:00:00,38.08522149790888
2024-10-26T04:00:00,23.968816840130348
2024-10-26T05:00:00,19.80950803342073
2024-10-26T06:00:00,18.465249351833176
2024-10-26T07:00:00,18.088214127913762
2024-10-26T08:00:00,17.583871592646055
2024-10-26T09:00:00,18.098712257716965
2024-10-26T10:00:00,21.741166985553246
2024-10-26T11:00:00,30.98894525610882
2024-10-26T12:00:00,38.281774935515024
2024-10-26T13:00:00,41.94198276685631
2024-10-26T14:00:00,46.21810000875721
2024-10-26T15:00:00,52.70779120403787
2024-10-26T16:00:00,59.97626279748003
2024-10-26T17:00:00,68.69190912661344
2024-10-26T18:00:00,75.86156231424083
2024-10-26T19:00:00,81.19503717837125
2024-10-26T20:00:00,81.48731762429942
2024-10-26T21:00:00,81.29689423934272
2024-10-26T22:00:00,80.15356810196586
2024-10-26T23:00:00,79.98230245838994
2024-10-27T00:00:00,76.46920743195906
2024-10-27T01:00:00,75.31005726689877
2024-10-27T02:00:00,58.04438350511633
2024-10-27T03:00:00,35.93106576670771
2024-10-27T04:00:00,26.630069898522414
2024-10-27T05:00:00,23.068218479985774
2024-10-27T06:00:00,20.450572138247278
2024-10-27T07:00:00,18.431247711181637
2024-10-27T08:00:00,17.31345632801885
2024-10-27T09:00:00,17.97373920938243
2024-10-27T10:00:00,21.607565340788465
2024-10-27T11:00:00,31.091395834217895
2024-10-27T12:00:00,43.706891930621595
2024-10-27T13:00:00,53.046492037565805
2024-10-27T14:00:00,58.84649359661599
2024-10-27T15:00:00,64.31060293446416
2024-10-27T16:00:00,73.25033884463102
2024-10-27T17:00:00,82.57832270083219
2024-10-27T18:00:00,90.26110640816066
2024-10-27T19:00:00,94.4747082254161
2024-10-27T20:00:00,93.65669847571331
2024-10-27T21:00:00,90.8097219052522
2024-10-27T22:00:00,89.96878283956777
2024-10-27T23:00:00,93.07327204165249
2024-10-28T00:00:00,99.77522874915081
2024-10-28T01:00:00,105.20164688773777
2024-10-28T02:00:00,64.42328494528066
2024-10-28T03:00:00,33.2005264448083
2024-10-28T04:00:00,22.653138865595277
2024-10-28T05:00:00,18.06583329905634
2024-10-28T06:00:00,15.907022973765496
2024-10-28T07:00:00,14.549701607745625
2024-10-28T08:00:00,14.997327928957729
2024-10-28T09:00:00,18.38391179623811
2024-10-28T10:00:00,26.168650336887524
2024-10-28T11:00:00,45.053536954133406
2024-10-28T12:00:00,68.29069386357845
2024-10-28T13:00:00,83.40187669836955
2024-10-28T14:00:00,96.39432591977325
2024-10-28T15:00:00,109.40377376390539
2024-10-28T16:00:00,117.57161613132642
2024-10-28T17:00:00,107.84707077689792
2024-10-28T18:00:00,105.58837558912194
2024-10-28T19:00:00,109.40956945004669
2024-10-28T20:00:00,100.22947394329567
2024-10-28T21:00:00,92.65978307309358
2024-10-28T22:00:00,89.55871183975883
2024-10-28T23:00:00,87.26538616677988
2024-10-29T00:00:00,83.72693070121433
2024-10-29T01:00:00,83.6478503683339
2024-10-29T02:00:00,50.71250318444294
2024-10-29T03:00:00,30.608858937802516
2024-10-29T04:00:00,24.79199102650518
2024-10-29T05:00:00,21.962967333586317
2024-10-29T06:00:00,20.785453796386715
2024-10-29T07:00:00,20.35339430104131
2024-10-29T08:00:00,20.068336486816403
2024-10-29T09:00:00,21.290653892185375
2024-10-29T10:00:00,24.338377330614172
2024-10-29T11:00:00,29.590993051943563
2024-10-29T12:00:00,39.20526023533033
2024-10-29T13:00:00,48.31827429066533
2024-10-29T14:00:00,49.06607321034306
2024-10-29T15:00:00,45.86263258560843
2024-10-29T16:00:00,58.13715395720108
2024-10-29T17:00:00,75.37108612060547
2024-10-29T18:00:00,85.87725332508916
2024-10-29T19:00:00,62.69056552389393
2024-10-29T20:00:00,59.79224080624787
2024-10-29T21:00:00,50.61283758412236
2024-10-29T22:00:00,41.504714965820305
2024-10-29T23:00:00,40.290315047554344
2024-10-30T00:00:00,41.767828070599094
2024-10-30T01:00:00,51.34202161042585
2024-10-30T02:00:00,44.48994213601817
2024-10-30T03:00:00,31.7566326804783
2024-10-30T04:00:00,30.076098898182746
2024-10-30T05:00:00,28.946241544640582
2024-10-30T06:00:00,28.86304697783097
2024-10-30T07:00:00,27.824636625206985
2024-10-30T08:00:00,28.449625512827993
2024-10-30T09:00:00,31.61618904445482
2024-10-30T10:00:00,38.97080744867739
2024-10-30T11:00:00,50.75203273607337
2024-10-30T12:00:00,66.4521368275518
2024-10-30T13:00:00,86.18074500042458
2024-10-30T14:00:00,105.8016125222911
2024-10-30T15:00:00,122.30621570089588
2024-10-30T16:00:00,135.47289840034813
2024-10-30T17:00:00,159.36232591711956
2024-10-30T18:00:00,172.62295134171194
2024-10-30T19:00:00,167.1136992081352
2024-10-30T20:00:00,166.02550672448197
2024-10-30T21:00:00,166.01295869246772
2024-10-30T22:00:00,157.98173854662025
2024-10-30T23:00:00,148.93916055430535
2024-10-31T00:00:00,142.16809281058931
2024-10-31T01:00:00,132.7680212933084
2024-10-31T02:00:00,79.81416552999744
2024-10-31T03:00:00,49.333388121231735
2024-10-31T04:00:00,37.56534161775008
2024-10-31T05:00:00,32.493612786997915
2024-10-31T06:00:00,30.99522084775178
2024-10-31T07:00:00,31.707887649536126
2024-10-31T08:00:00,37.42556911966074
2024-10-31T09:00:00,46.17233558323071
2024-10-31T10:00:00,56.65798319940981
2024-10-31T11:00:00,65.69336998980977
2024-10-31T12:00:00,78.31043442435886
2024-10-31T13:00:00,96.03814597751781
2024-10-31T14:00:00,114.88551430080247
2024-10-31T15:00:00,133.76149849269697
2024-10-31T16:00:00,151.4484750498896
2024-10-31T17:00:00,165.7881051768427
2024-10-31T18:00:00,176.32469641644022
2024-10-31T19:00:00,174.5580994979195
2024-10-31T20:00:00,160.59912441087806
2024-10-31T21:00:00,142.7768846594769
2024-10-31T22:00:00,121.8531089451002
2024-10-31T23:00:00,107.65106068486752
2024-11-01T00:00:00,104.87429875912873
2024-11-01T01:00:00,99.89077858302903
2024-11-01T02:00:00,44.92830326246178
2024-11-01T03:00:00,27.577870410421614
2024-11-01T04:00:00,23.64870187510615
2024-11-01T05:00:00,24.291521321172297
2024-11-01T06:00:00,27.02361032237177
2024-11-01T07:00:00,30.039091939511504
2024-11-01T08:00:00,34.72560899153999
2024-11-01T09:00:00,38.7502905804178
2024-11-01T10:00:00,38.013010439665415
2024-11-01T11:00:00,45.916760983674415
2024-11-01T12:00:00,58.44633550229279
2024-11-01T13:00:00,82.64025447679602
2024-11-01T14:00:00,109.87564883024794
2024-11-01T15:00:00,134.78525642726729
2024-11-01T16:00:00,153.3416184135105
2024-11-01T17:00:00,167.5218797766644
2024-11-01T18:00:00,180.62448783542797
2024-11-01T19:00:00,192.04244995117188
2024-11-01T20:00:00,205.0970412544582
2024-11-01T21:00:00,218.40786411451253
2024-11-01T22:00:00,228.06437152364978
2024-11-01T23:00:00,235.82903521993882
2024-11-02T00:00:00,243.00634102199388
2024-11-02T01:00:00,216.16148044752038
2024-11-02T02:00:00,97.03595667300016
2024-11-02T03:00:00,61.61763697085173
2024-11-02T04:00:00,47.9311470363451
2024-11-02T05:00:00,41.47973947939665
2024-11-02T06:00:00,37.773297517195985
2024-11-02T07:00:00,35.141414144764774
2024-11-02T08:00:00,35.84117358663808
2024-11-02T09:00:00,40.290383712105125
2024-11-02T10:00:00,44.249349511188
2024-11-02T11:00:00,50.430706521739125
2024-11-02T12:00:00,54.032145458719
2024-11-02T13:00:00,52.53812856259553
2024-11-02T14:00:00,50.43778859014096
2024-11-02T15:00:00,50.159467614215345
2024-11-02T16:00:00,52.42848935334579
2024-11-02T17:00:00,57.25524852586829
2024-11-02T18:00:00,63.663043644117266
2024-11-02T19:00:00,70.71287437107252
2024-11-02T20:00:00,77.0104814612347
2024-11-02T21:00:00,83.0428994220236
2024-11-02T22:00:00,89.09167513640028
2024-11-02T23:00:00,96.80937161652936
2024-11-03T00:00:00,107.33114126454228
2024-11-03T01:00:00,108.84653273872705
2024-11-03T02:00:00,68.2042186571204
2024-11-03T03:00:00,45.25627119644828
2024-11-03T04:00:00,33.99438178020974
2024-11-03T05:00:00,28.722521242888075
2024-11-03T06:00:00,27.816482958586313
2024-11-03T07:00:00,28.810512128083598
2024-11-03T08:00:00,30.46212901239809
2024-11-03T09:00:00,33.53969739831012
2024-11-03T10:00:00,38.318856280782946
2024-11-03T11:00:00,46.33085881108823
2024-11-03T12:00:00,57.81068917979364
2024-11-03T13:00:00,69.76356937574303
2024-11-03T14:00:00,81.58629442297894
2024-11-03T15:00:00,86.06217492145039
2024-11-03T16:00:00,91.76097803530484
2024-11-03T17:00:00,98.59844340448794
2024-11-03T18:00:00,107.0901349938434
2024-11-03T19:00:00,114.83092366094174
2024-11-03T20:00:00,121.93718288255774
2024-11-03T21:00:00,130.26847308614978
2024-11-03T22:00:00,137.3825975501019
2024-11-03T23:00:00,145.2573082965353
2024-11-04T00:00:00,154.33701158606488
2024-11-04T01:00:00,157.78078692892322
2024-11-04T02:00:00,82.37080549157183
2024-11-04T03:00:00,35.88461502738621
2024-11-04T04:00:00,26.79581409951915
2024-11-04T05:00:00,24.870921922766644
2024-11-04T06:00:00,24.269105496613875
2024-11-04T07:00:00,23.900929492452867
2024-11-04T08:00:00,22.012263754139774
2024-11-04T09:00:00,21.20595708100692
2024-11-04T10:00:00,24.891407925149664
2024-11-04T11:00:00,35.39401593415633
2024-11-04T12:00:00,49.752247354258664
2024-11-04T13:00:00,68.56465945036514
2024-11-04T14:00:00,81.828311090884
2024-11-04T15:00:00,89.73534990393597
2024-11-04T16:00:00,95.05420618471891
2024-11-04T17:00:00,98.72394860309102
2024-11-04T18:00:00,111.09008291493289
2024-11-04T19:00:00,126.63959669030228
2024-11-04T20:00:00,135.6501305621603
2024-11-04T21:00:00,138.7143222974694
2024-11-04T22:00:00,136.77915821904722
2024-11-04T23:00:00,131.49646991232166
2024-11-05T00:00:00,122.05637027906333
2024-11-05T01:00:00,110.69291886039402
2024-11-05T02:00:00,100.39460090968919
2024-11-05T03:00:00,74.76749386994734
2024-11-05T04:00:00,40.38032108804453
2024-11-05T05:00:00,23.284708686496895
2024-11-05T06:00:00,19.081817087919813
2024-11-05T07:00:00,17.836074994957965
2024-11-05T08:00:00,17.11323020769202
2024-11-05T09:00:00,17.74011068758757
2024-11-05T10:00:00,19.38274234274159
2024-11-05T11:00:00,20.28633407924486
2024-11-05T12:00:00,24.984521865844723
2024-11-05T13:00:00,31.07765778251316
2024-11-05T14:00:00,36.86280839339546
2024-11-05T15:00:00,42.86935457975967
2024-11-05T16:00:00,47.62888385938561
2024-11-05T17:00:00,53.603134984555446
2024-11-05T18:00:00,60.95709825598675
2024-11-05T19:00:00,67.96944659689198
2024-11-05T20:00:00,73.53048042629075
2024-11-05T21:00:00,76.9616059013035
2024-11-05T22:00:00,78.62397799284561
2024-11-05T23:00:00,78.60507202148436
2024-11-06T00:00:00,76.95170294720194
2024-11-06T01:00:00,71.05239503279975
2024-11-06T02:00:00,32.56017701522163
2024-11-06T03:00:00,21.983065729555875
2024-11-06T04:00:00,19.77396193794582
2024-11-06T05:00:00,18.869525743567422
2024-11-06T06:00:00,18.64405350063158
2024-11-06T07:00:00,19.314794623333473
2024-11-06T08:00:00,21.058996863987137
2024-11-06T09:00:00,24.071344707323156
2024-11-06T10:00:00,28.254271465799082
2024-11-06T11:00:00,33.44415697844131
2024-11-06T12:00:00,42.03422131745711
2024-11-06T13:00:00,56.4855028235394
2024-11-06T14:00:00,70.88154635222061
2024-11-06T15:00:00,85.38579857867697
2024-11-06T16:00:00,99.53433327052903
2024-11-06T17:00:00,110.00197899859883
2024-11-06T18:00:00,116.99578393023945
2024-11-06T19:00:00,119.6303412395975
2024-11-06T20:00:00,117.38691777768341
2024-11-06T21:00:00,115.54740773076595
2024-11-06T22:00:00,118.1164321899414
2024-11-06T23:00:00,122.56251923934272
2024-11-07T00:00:00,127.40994528065553
2024-11-07T01:00:00,126.2499366428541
2024-11-07T02:00:00,76.35396045187244
2024-11-07T03:00:00,55.51584807686183
2024-11-07T04:00:00,52.466436634893
2024-11-07T05:00:00,50.67769888172978
2024-11-07T06:00:00,49.54077264536981
2024-11-07T07:00:00,46.78938509070355
2024-11-07T08:00:00,49.014475946841024
2024-11-07T09:00:00,56.26537223484204
2024-11-07T10:00:00,63.55582660177479
2024-11-07T11:00:00,69.71114515221637
2024-11-07T12:00:00,73.06542073125424
2024-11-07T13:00:00,83.43327696427053
2024-11-07T14:00:00,91.7493259595788
2024-11-07T15:00:00,97.45963453209917
2024-11-07T16:00:00,94.2227318805197
2024-11-07T17:00:00,93.14318117888075
2024-11-07T18:00:00,101.81073130731997
2024-11-07T19:00:00,109.39763707699983
2024-11-07T20:00:00,116.35172503927478
2024-11-07T21:00:00,120.6383467964504
2024-11-07T22:00:00,121.6055092189623
2024-11-07T23:00:00,119.43032637886378
2024-11-08T00:00:00,115.69569562829058
2024-11-08T01:00:00,113.4737621804942
2024-11-08T02:00:00,88.30706919794495
2024-11-08T03:00:00,38.72501472804856
2024-11-08T04:00:00,23.864510909370754
2024-11-08T05:00:00,21.84271712925123
2024-11-08T06:00:00,21.616098984428074
2024-11-08T07:00:00,23.601939491603684
2024-11-08T08:00:00,24.383759208347485
2024-11-08T09:00:00,25.45009505230447
2024-11-08T10:00:00,29.760753134022583
2024-11-08T11:00:00,36.857543779456094
2024-11-08T12:00:00,49.13741202976392
2024-11-08T13:00:00,66.71150638746178
2024-11-08T14:00:00,83.5269602899966
2024-11-08T15:00:00,99.58591892408286
2024-11-08T16:00:00,118.08078168786089
2024-11-08T17:00:00,136.11026996114978
2024-11-08T18:00:00,149.4559498662534
2024-11-08T19:00:00,154.33553015667457
2024-11-08T20:00:00,151.71891519297722
2024-11-08T21:00:00,145.61992943805194
2024-11-08T22:00:00,133.24859154742694
2024-11-08T23:00:00,110.12926615839419
2024-11-09T00:00:00,85.42492310897163
2024-11-09T01:00:00,68.1469099625297
2024-11-09T02:00:00,51.20669024923573
2024-11-09T03:00:00,23.802980257117227
2024-11-09T04:00:00,15.638347418411918
2024-11-09T05:00:00,11.75704591170601
2024-11-09T06:00:00,9.828337462052055
2024-11-09T07:00:00,9.292467200237772
2024-11-09T08:00:00,9.331475796906842
2024-11-09T09:00:00,10.225555461385975
2024-11-09T10:00:00,12.51532106814177
2024-11-09T11:00:00,14.836858624997346
2024-11-09T12:00:00,21.458046042400856
2024-11-09T13:00:00,28.680729492850922
2024-11-09T14:00:00,33.72362170012101
2024-11-09T15:00:00,31.984281871629797
2024-11-09T16:00:00,29.81342896171238
2024-11-09T17:00:00,31.814297137053117
2024-11-09T18:00:00,34.655957097592555
2024-11-09T19:00:00,36.456463357676625
2024-11-09T20:00:00,37.147166708241336
2024-11-09T21:00:00,39.34763087397036
2024-11-09T22:00:00,41.82094905687415
2024-11-09T23:00:00,44.81955884850543
2024-11-10T00:00:00,48.347640659498126
2024-11-10T01:00:00,48.36053483382514
2024-11-10T02:00:00,28.392220787380047
2024-11-10T03:00:00,16.835303596828293
2024-11-10T04:00:00,12.697223124296768
2024-11-10T05:00:00,10.938976868339205
2024-11-10T06:00:00,10.361620446910027
2024-11-10T07:00:00,10.175404424252717
2024-11-10T08:00:00,10.325200329656186
2024-11-10T09:00:00,10.974077473516049
2024-11-10T10:00:00,12.109956699868905
2024-11-10T11:00:00,15.354539539503016
2024-11-10T12:00:00,23.154911870541778
2024-11-10T13:00:00,34.31035597428032
2024-11-10T14:00:00,42.472969718601384
2024-11-10T15:00:00,48.891769740892485
2024-11-10T16:00:00,53.80970250005307
2024-11-10T17:00:00,56.809431656547204
2024-11-10T18:00:00,59.837284585703976
2024-11-10T19:00:00,62.91154728765073
2024-11-10T20:00:00,65.55022082121475
2024-11-10T21:00:00,67.1180064989173
2024-11-10T22:00:00,67.53563789699388
2024-11-10T23:00:00,66.36754110585088
2024-11-11T00:00:00,68.25917617134425
2024-11-11T01:00:00,59.638243965480626
2024-11-11T02:00:00,27.42769506703252
2024-11-11T03:00:00,19.51791083294412
2024-11-11T04:00:00,17.43352873429008
2024-11-11T05:00:00,16.47970622518788
2024-11-11T06:00:00,15.9068140776261
2024-11-11T07:00:00,15.8793422864831
2024-11-11T08:00:00,16.45987120918605
2024-11-11T09:00:00,17.713273587434184
2024-11-11T10:00:00,19.761826805446457
2024-11-11T11:00:00,22.389785849529762
2024-11-11T12:00:00,24.180152395497196
2024-11-11T13:00:00,28.865117612092387
2024-11-11T14:00:00,37.45505971493928
2024-11-11T15:00:00,51.704226949940555
2024-11-11T16:00:00,67.62476912788722
2024-11-11T17:00:00,83.10005453358525
2024-11-11T18:00:00,98.52011970851733
2024-11-11T19:00:00,112.61421734353769
2024-11-11T20:00:00,122.26635045590608
2024-11-11T21:00:00,129.32604914126188
2024-11-11T22:00:00,135.06574746836785
2024-11-11T23:00:00,139.90199876868203
2024-11-12T00:00:00,143.94492771314535
2024-11-12T01:00:00,142.87868798297384
2024-11-12T02:00:00,99.86682659646739
2024-11-12T03:00:00,63.65328863392705
2024-11-12T04:00:00,44.444333947223164
2024-11-12T05:00:00,34.07311945376188
2024-11-12T06:00:00,28.905086185621176
2024-11-12T07:00:00,26.409499873285707
2024-11-12T08:00:00,25.035416064055067
2024-11-12T09:00:00,25.56996519669242
2024-11-12T10:00:00,29.66259682696798
2024-11-12T11:00:00,40.12844740826151
2024-11-12T12:00:00,57.730475052543305
2024-11-12T13:00:00,80.55534760848333
2024-11-12T14:00:00,107.96662604290505
2024-11-12T15:00:00,140.93509574558422
2024-11-12T16:00:00,166.72749063243035
2024-11-12T17:00:00,157.66025908096972
2024-11-12T18:00:00,175.76436183763585
2024-11-12T19:00:00,193.662273241126
2024-11-12T20:00:00,210.43630118992016
2024-11-12T21:00:00,226.77258632494053
2024-11-12T22:00:00,236.03324226711106
2024-11-12T23:00:00,213.73982504139775
2024-11-13T00:00:00,216.28344063136888
2024-11-13T01:00:00,217.41387541397756
2024-11-13T02:00:00,107.92418471626611
2024-11-13T03:00:00,57.39578578783117
2024-11-13T04:00:00,40.34688037374745
2024-11-13T05:00:00,36.68686957981275
2024-11-13T06:00:00,34.81958803923233
2024-11-13T07:00:00,33.432747218919836
2024-11-13T08:00:00,32.46155009062393
2024-11-13T09:00:00,31.454790281212848
2024-11-13T10:00:00,31.433216012042504
2024-11-13T11:00:00,31.344285467396606
2024-11-13T12:00:00,33.49120811794115
2024-11-13T13:00:00,37.05576556661854
2024-11-13T14:00:00,41.64264330656631
2024-11-13T15:00:00,48.60172205385954
2024-11-13T16:00:00,58.0765558325726
2024-11-13T17:00:00,70.90741364852241
2024-11-13T18:00:00,82.46506234873895
2024-11-13T19:00:00,84.63511724057405
2024-11-13T20:00:00,93.89828325354533
2024-11-13T21:00:00,105.71128546673317
2024-11-13T22:00:00,113.44885187563688
2024-11-13T23:00:00,116.72420999278191
2024-11-14T00:00:00,122.89665487538214
2024-11-14T01:00:00,124.97692871093749
2024-11-14T02:00:00,90.62823287300441
2024-11-14T03:00:00,51.93660404371179
2024-11-14T04:00:00,35.552273128343664
2024-11-14T05:00:00,28.348744102146316
2024-11-14T06:00:00,24.803035487299375
2024-11-14T07:00:00,22.148387908935543
2024-11-14T08:00:00,19.8162378228229
2024-11-14T09:00:00,18.637373219365656
2024-11-14T10:00:00,18.947763028352153
2024-11-14T11:00:00,20.359822314718492
2024-11-14T12:00:00,25.958469888438348
2024-11-14T13:00:00,31.06731199181598
2024-11-14T14:00:00,33.38731019393257
2024-11-14T15:00:00,38.168222178583555
2024-11-14T16:00:00,41.742809959079906
2024-11-14T17:00:00,41.77786769037662
2024-11-14T18:00:00,48.80309610781461
2024-11-14T19:00:00,57.39905050526494
2024-11-14T20:00:00,66.11755868662958
2024-11-14T21:00:00,77.24351833177649
2024-11-14T22:00:00,88.27752320662788
2024-11-14T23:00:00,97.09111288319463
2024-11-15T00:00:00,104.1476656043011
2024-11-15T01:00:00,97.52053700322689
2024-11-15T02:00:00,40.072542605192766
2024-11-15T03:00:00,22.315416004346762
2024-11-15T04:00:00,19.056509100872535
2024-11-15T05:00:00,16.998062797214672
2024-11-15T06:00:00,14.81976778610893
2024-11-15T07:00:00,13.158009404721467
2024-11-15T08:00:00,11.968733621680217
2024-11-15T09:00:00,11.459507942199705
2024-11-15T10:00:00,10.743189894634744
2024-11-15T11:00:00,10.50934422534445
2024-11-15T12:00:00,11.139127648395041
2024-11-15T13:00:00,12.726196413454801
2024-11-15T14:00:00,15.527740519979723
2024-11-15T15:00:00,21.34184646606445
2024-11-15T16:00:00,32.016772062882126
2024-11-15T17:00:00,45.00104705147121
2024-11-15T18:00:00,57.573297583538555
2024-11-15T19:00:00,68.86750660771908
2024-11-15T20:00:00,80.12300408404806
2024-11-15T21:00:00,95.95957913606063
2024-11-15T22:00:00,113.4105287634808
2024-11-15T23:00:00,125.8834420909052
2024-11-16T00:00:00,132.05562757409137
2024-11-16T01:00:00,121.59842681884766
2024-11-16T02:00:00,57.03020593394403
2024-11-16T03:00:00,33.74084912175718
2024-11-16T04:00:00,23.85566238735033
2024-11-16T05:00:00,18.693290668985117
2024-11-16T06:00:00,15.575164587601368
2024-11-16T07:00:00,13.525068448937455
2024-11-16T08:00:00,12.008073309193485
2024-11-16T09:00:00,11.102607934371283
2024-11-16T10:00:00,11.430495510930598
2024-11-16T11:00:00,12.63890747402025
2024-11-16T12:00:00,12.846903883892557
2024-11-16T13:00:00,18.84718322753906
2024-11-16T14:00:00,23.151581888613492
2024-11-16T15:00:00,25.096361077350117
2024-11-16T16:00:00,29.22793803007706
2024-11-16T17:00:00,33.31792607514754
2024-11-16T18:00:00,35.74420597242272
2024-11-16T19:00:00,35.731737385625415
2024-11-16T20:00:00,33.03506892660389
2024-11-16T21:00:00,27.847976435785707
2024-11-16T22:00:00,26.96052244435186
2024-11-16T23:00:00,27.372075454048485
2024-11-17T00:00:00,29.473454351010528
2024-11-17T01:00:00,32.2194763681163
2024-11-17T02:00:00,19.354107898214586
2024-11-17T03:00:00,13.636879962423572
2024-11-17T04:00:00,10.978061344312584
2024-11-17T05:00:00,9.64312818776006
2024-11-17T06:00:00,8.75070341773655
2024-11-17T07:00:00,8.15493691485861
2024-11-17T08:00:00,7.803466444430143
2024-11-17T09:00:00,7.819702438686204
2024-11-17T10:00:00,8.313938016476838
2024-11-17T11:00:00,10.206494124039358
2024-11-17T12:00:00,13.595772535904594
2024-11-17T13:00:00,19.543495841648266
2024-11-17T14:00:00,25.80558743684188
2024-11-17T15:00:00,30.010545150093403
2024-11-17T16:00:00,29.23097627059273
2024-11-17T17:00:00,30.05917988652768
2024-11-17T18:00:00,29.57532468049422
2024-11-17T19:00:00,33.910868437393844
2024-11-17T20:00:00,42.15697363148565
2024-11-17T21:00:00,52.04735100787619
2024-11-17T22:00:00,59.119574837062665
2024-11-17T23:00:00,63.364237909731656
2024-11-18T00:00:00,66.1208039988642
2024-11-18T01:00:00,64.90056261808977
2024-11-18T02:00:00,30.071932502414867
2024-11-18T03:00:00,17.24879849475363
2024-11-18T04:00:00,12.698403275531271
2024-11-18T05:00:00,10.662674240444018
2024-11-18T06:00:00,9.635985167130178
2024-11-18T07:00:00,9.185021628504211
2024-11-18T08:00:00,8.989207247029178
2024-11-18T09:00:00,8.87899114774621
2024-11-18T10:00:00,10.217603559079377
2024-11-18T11:00:00,12.973561577174973
2024-11-18T12:00:00,17.219361761341922
2024-11-18T13:00:00,25.491274377574086
2024-11-18T14:00:00,37.47929150125255
2024-11-18T15:00:00,49.74706069282863
2024-11-18T16:00:00,49.61105628635572
2024-11-18T17:00:00,46.23705192234204
2024-11-18T18:00:00,40.92402665511422
2024-11-18T19:00:00,43.41275024414062
2024-11-18T20:00:00,48.77599450816279
2024-11-18T21:00:00,54.35069042703379
2024-11-18T22:00:00,51.62465103812839
2024-11-18T23:00:00,54.15202829112177
2024-11-19T00:00:00,62.92591791567594
2024-11-19T01:00:00,71.18056952435036
2024-11-19T02:00:00,44.46632783309273
2024-11-19T03:00:00,20.59371583358101
2024-11-19T04:00:00,14.437020218890645
2024-11-19T05:00:00,11.992893426314645
2024-11-19T06:00:00,10.232249425805133
2024-11-19T07:00:00,10.042849291925844
2024-11-19T08:00:00,10.294067548668902
2024-11-19T09:00:00,10.949267553246537
2024-11-19T10:00:00,11.522149832352348
2024-11-19T11:00:00,13.566053307574727
2024-11-19T12:00:00,17.135242669478703
2024-11-19T13:00:00,19.431368537571117
2024-11-19T14:00:00,22.24925372911536
2024-11-19T15:00:00,30.134856928949766
2024-11-19T16:00:00,34.60914993286133
2024-11-19T17:00:00,40.20227780549422
2024-11-19T18:00:00,33.44104717088782
2024-11-19T19:00:00,40.600162671959914
2024-11-19T20:00:00,55.51667520274285
2024-11-19T21:00:00,54.33376544454823
2024-11-19T22:00:00,67.82885078761889
2024-11-19T23:00:00,76.12412062935206
2024-11-20T00:00:00,75.48504174273947
2024-11-20T01:00:00,80.3762213665506
2024-11-20T02:00:00,60.408112899116844
2024-11-20T03:00:00,27.27723005543584
2024-11-20T04:00:00,20.472802535347313
2024-11-20T05:00:00,18.347113982490868
2024-11-20T06:00:00,18.009926588638965
2024-11-20T07:00:00,18.109684819760528
2024-11-20T08:00:00,18.76635286082392
2024-11-20T09:00:00,21.6216576617697
2024-11-20T10:00:00,25.07850995271102
2024-11-20T11:00:00,32.23672584865404
2024-11-20T12:00:00,52.0618959509808
2024-11-20T13:00:00,71.51357385386589
2024-11-20T14:00:00,87.12307739257811
2024-11-20T15:00:00,102.696883160135
2024-11-20T16:00:00,119.55198271378224
2024-11-20T17:00:00,135.9945194410241
2024-11-20T18:00:00,148.8562363334324
2024-11-20T19:00:00,155.94676341181216
2024-11-20T20:00:00,161.28174624235734
2024-11-20T21:00:00,165.16073144000507
2024-11-20T22:00:00,154.4286406143852
2024-11-20T23:00:00,147.0781017801036
2024-11-21T00:00:00,144.336065541143
2024-11-21T01:00:00,141.68134341032606
2024-11-21T02:00:00,80.76690541143003
2024-11-21T03:00:00,44.40457849917204
2024-11-21T04:00:00,34.77052224200705
2024-11-21T05:00:00,30.616245601488192
2024-11-21T06:00:00,25.014337954313856
2024-11-21T07:00:00,21.0335460331129
2024-11-21T08:00:00,19.06114279705545
2024-11-21T09:00:00,18.532153088113535
2024-11-21T10:00:00,18.22120542111604
2024-11-21T11:00:00,17.960612379986305
2024-11-21T12:00:00,19.244418310082477
2024-11-21T13:00:00,22.205305845841114
2024-11-21T14:00:00,29.58863034455672
2024-11-21T15:00:00,37.63687581601349
2024-11-21T16:00:00,46.37609017413595
2024-11-21T17:00:00,58.43572185350501
2024-11-21T18:00:00,76.16706085205078
2024-11-21T19:00:00,95.35523986816405
2024-11-21T20:00:00,108.95903910761294
2024-11-21T21:00:00,124.8455299709154
2024-11-21T22:00:00,140.69355442212975
2024-11-21T23:00:00,146.58464514690894
2024-11-22T00:00:00,140.4429288117782
2024-11-22T01:00:00,133.37714684527853
2024-11-22T02:00:00,93.63168898872706
2024-11-22T03:00:00,40.49998772662619
2024-11-22T04:00:00,25.81865559453549
2024-11-22T05:00:00,23.90002748240595
2024-11-22T06:00:00,25.759854275247324
2024-11-22T07:00:00,28.753369248431657
2024-11-22T08:00:00,39.362402376921274
2024-11-22T09:00:00,53.25078151537024
2024-11-22T10:00:00,64.02355824346127
2024-11-22T11:00:00,66.91005341903023
2024-11-22T12:00:00,69.0682724662449
2024-11-22T13:00:00,68.98353394218111
2024-11-22T14:00:00,75.39900572403616
2024-11-22T15:00:00,86.27499754532522
2024-11-22T16:00:00,90.46557351817253
2024-11-22T17:00:00,91.19584854789402
2024-11-22T18:00:00,85.57374008842136
2024-11-22T19:00:00,76.50709881989852
2024-11-22T20:00:00,65.92605905947477
2024-11-22T21:00:00,53.63908717943274
2024-11-22T22:00:00,47.82162160458771
2024-11-22T23:00:00,48.24551441358483
2024-11-23T00:00:00,48.29848778766134
2024-11-23T01:00:00,48.40969483748726
2024-11-23T02:00:00,31.427615290102747
2024-11-23T03:00:00,16.569574936576508
2024-11-23T04:00:00,12.377105381177817
2024-11-23T05:00:00,10.755466170932934
2024-11-23T06:00:00,9.775561374166735
2024-11-23T07:00:00,10.68055430702541
2024-11-23T08:00:00,11.86126298489778
2024-11-23T09:00:00,13.014707399451213
2024-11-23T10:00:00,15.448649655217709
2024-11-23T11:00:00,18.635961366736367
2024-11-23T12:00:00,21.503582912942637
2024-11-23T13:00:00,26.6476879119873
2024-11-23T14:00:00,30.486630398294196
2024-11-23T15:00:00,33.89153538579526
2024-11-23T16:00:00,35.144659622855805
2024-11-23T17:00:00,35.86678247866423
2024-11-23T18:00:00,33.64369276295537
2024-11-23T19:00:00,35.190946578979485
2024-11-23T20:00:00,36.8232945981233
2024-11-23T21:00:00,33.570725316586696
2024-11-23T22:00:00,37.639195483663805
2024-11-23T23:00:00,47.3290607618249
2024-11-24T00:00:00,49.03635041610054
2024-11-24T01:00:00,53.13711896150008
2024-11-24T02:00:00,41.36558831256369
2024-11-24T03:00:00,19.634260343468707
2024-11-24T04:00:00,14.053807673246961
2024-11-24T05:00:00,12.418650792992631
2024-11-24T06:00:00,12.833967250326403
2024-11-24T07:00:00,14.592838826386824
2024-11-24T08:00:00,19.134932310684867
2024-11-24T09:00:00,20.249272553817086
2024-11-24T10:00:00,20.94541557975437
2024-11-24T11:00:00,23.4260314443837
2024-11-24T12:00:00,21.274964456972864
2024-11-24T13:00:00,21.33781159442404
2024-11-24T14:00:00,26.05103078095809
2024-11-24T15:00:00,32.3872009774913
2024-11-24T16:00:00,41.52926619156547
2024-11-24T17:00:00,50.36545977385148
2024-11-24T18:00:00,57.07953859412151
2024-11-24T19:00:00,59.30791008990744
2024-11-24T20:00:00,56.92876086027725
2024-11-24T21:00:00,54.05373664524244
2024-11-24T22:00:00,52.04441452026367
2024-11-24T23:00:00,45.280379917310626
2024-11-25T00:00:00,34.51248243580694
2024-11-25T01:00:00,30.014959252398945
2024-11-25T02:00:00,34.77472396518873
2024-11-25T03:00:00,34.398214174353555
2024-11-25T04:00:00,35.10789788287619
2024-11-25T05:00:00,27.719867208729617
2024-11-25T06:00:00,24.87518385182256
2024-11-25T07:00:00,25.43133544921875
2024-11-25T08:00:00,29.818310032720145
2024-11-25T09:00:00,34.88555559904679
2024-11-25T10:00:00,33.151060933652126
2024-11-25T11:00:00,29.907259319139563
2024-11-25T12:00:00,31.0385045590608
2024-11-25T13:00:00,35.05886592035708
2024-11-25T14:00:00,38.23325580099355
2024-11-25T15:00:00,38.82216163303541
2024-11-25T16:00:00,38.10933652131454
2024-11-25T17:00:00,38.27592766803244
2024-11-25T18:00:00,36.755989074707024
2024-11-25T19:00:00,31.283685352491297
2024-11-25T20:00:00,28.696013740871262
2024-11-25T21:00:00,27.353222225023348
2024-11-25T22:00:00,26.955177390057106
2024-11-25T23:00:00,28.161780481753137
2024-11-26T00:00:00,29.2176457280698
2024-11-26T01:00:00,29.494137307871938
2024-11-26T02:00:00,31.61599565588909
2024-11-26T03:00:00,33.81598315031632
2024-11-26T04:00:00,32.282046110733695
2024-11-26T05:00:00,28.667758029440176
2024-11-26T06:00:00,29.45872663414996
2024-11-26T07:00:00,28.748283386230465
2024-11-26T08:00:00,25.0054759149966
2024-11-26T09:00:00,24.500443168308422
2024-11-26T10:00:00,27.27923376663871
2024-11-26T11:00:00,34.70259707906971
2024-11-26T12:00:00,42.57384889022163
2024-11-26T13:00:00,37.303204577902086
2024-11-26T14:00:00,27.358364271081008
2024-11-26T15:00:00,27.969180148580794
2024-11-26T16:00:00,29.764081457386848
2024-11-26T17:00:00,28.59092339225437
2024-11-26T18:00:00,28.425594578618586
2024-11-26T19:00:00,32.978318753449805
2024-11-26T20:00:00,35.52058012589164
2024-11-26T21:00:00,34.997312462848164
2024-11-26T22:00:00,33.44844643966011
2024-11-26T23:00:00,29.310339720352832
2024-11-27T00:00:00,25.80708196888799
2024-11-27T01:00:00,24.50646947777789
2024-11-27T02:00:00,25.319894541864805
2024-11-27T03:00:00,29.461215309474774
2024-11-27T04:00:00,33.09433480967646
2024-11-27T05:00:00,33.554220945938766
2024-11-27T06:00:00,32.96530026974885
2024-11-27T07:00:00,36.92252681566321
2024-11-27T08:00:00,47.31570434570312
2024-11-27T09:00:00,55.454174373460845
2024-11-27T10:00:00,58.45267768528151
2024-11-27T11:00:00,60.93878041143002
2024-11-27T12:00:00,67.13949850331181
2024-11-27T13:00:00,73.21694083835767
2024-11-27T14:00:00,71.5995984284774
2024-11-27T15:00:00,72.79602880063264
2024-11-27T16:00:00,83.28459963591202
2024-11-27T17:00:00,94.26022305695906
2024-11-27T18:00:00,95.38499682882558
2024-11-27T19:00:00,90.10859613833219
2024-11-27T20:00:00,87.15605196745497
2024-11-27T21:00:00,89.0121841430664
2024-11-27T22:00:00,99.34685947584069
2024-11-27T23:00:00,105.10081415591033
2024-11-28T00:00:00,101.99288907258405
2024-11-28T01:00:00,101.00503274668817
2024-11-28T02:00:00,100.66510076108185
2024-11-28T03:00:00,100.83193107273267
2024-11-28T04:00:00,101.81317005986752
2024-11-28T05:00:00,96.76153066883916
2024-11-28T06:00:00,87.71850254224694
2024-11-28T07:00:00,80.47328119692595
2024-11-28T08:00:00,78.31995259160581
2024-11-28T09:00:00,85.7134896983271
2024-11-28T10:00:00,93.95241911514945
2024-11-28T11:00:00,101.52918243408203
2024-11-28T12:00:00,110.16952282449472
2024-11-28T13:00:00,118.35107056990913
2024-11-28T14:00:00,121.8697400300399
2024-11-28T15:00:00,120.6625697923743
2024-11-28T16:00:00,112.9360179071841
2024-11-28T17:00:00,100.74043174411938
2024-11-28T18:00:00,92.64723935334578
2024-11-28T19:00:00,85.44962907874066
2024-11-28T20:00:00,74.22515769626781
2024-11-28T21:00:00,63.95950317382811
2024-11-28T22:00:00,57.62298650326935
2024-11-28T23:00:00,57.05142261670983
2024-11-29T00:00:00,60.415731844694704
2024-11-29T01:00:00,68.8775525300399
2024-11-29T02:00:00,83.82135839047638
2024-11-29T03:00:00,99.40941354502802
2024-11-29T04:00:00,107.27251401154889
2024-11-29T05:00:00,101.21370796535325
2024-11-29T06:00:00,83.74569868004839
2024-11-29T07:00:00,75.0247341653575
2024-11-29T08:00:00,75.81946862262228
2024-11-29T09:00:00,74.16313403585681
2024-11-29T10:00:00,72.44122347624405
2024-11-29T11:00:00,71.43124655018681
2024-11-29T12:00:00,68.54522157751994
2024-11-29T13:00:00,65.01649889738663
2024-11-29T14:00:00,61.173892311427906
2024-11-29T15:00:00,61.01169519839078
2024-11-29T16:00:00,62.18781446373981
2024-11-29T17:00:00,66.29709608658499
2024-11-29T18:00:00,69.45604307755178
2024-11-29T19:00:00,68.95212919815727
2024-11-29T20:00:00,69.64837281600289
2024-11-29T21:00:00,74.11702446315599
2024-11-29T22:00:00,80.716762708581
2024-11-29T23:00:00,83.56791023586106
2024-11-30T00:00:00,79.75554126241931
2024-11-30T01:00:00,74.78745568316914
2024-11-30T02:00:00,69.35151970904806
2024-11-30T03:00:00,64.04171835857888
2024-11-30T04:00:00,44.587608337402344
2024-11-30T05:00:00,34.537017988122024
2024-11-30T06:00:00,37.02058261373768
2024-11-30T07:00:00,40.21307373046875
2024-11-30T08:00:00,45.30068521914274
2024-11-30T09:00:00,48.661661894425094
2024-11-30T10:00:00,47.51336023081903
2024-11-30T11:00:00,48.78837502521017
2024-11-30T12:00:00,53.767641813858695
2024-11-30T13:00:00,59.516892308774196
2024-11-30T14:00:00,64.70344145401663
2024-11-30T15:00:00,66.04638157720152
2024-11-30T16:00:00,65.36692760301672
2024-11-30T17:00:00,63.43864374575407
2024-11-30T18:00:00,61.83655067112134
2024-11-30T19:00:00,62.839551676874564
2024-11-30T20:00:00,65.47476511416227
2024-11-30T21:00:00,68.52351196952488
2024-11-30T22:00:00,70.9110633186672
2024-11-30T23:00:00,73.70701698634934
2024-12-01T00:00:00,78.08087257716966
2024-12-01T01:00:00,79.44529558264689
2024-12-01T02:00:00,74.93004674496858
2024-12-01T03:00:00,60.23115207837976
2024-12-01T04:00:00,49.466521221658454
2024-12-01T05:00:00,43.31801207169242
2024-12-01T06:00:00,40.22343610680622
2024-12-01T07:00:00,39.15845788043478
2024-12-01T08:00:00,39.541826165240735
2024-12-01T09:00:00,40.802652441936985
2024-12-01T10:00:00,44.55332897020422
2024-12-01T11:00:00,52.836291105850876
2024-12-01T12:00:00,58.134177664051876
2024-12-01T13:00:00,59.59803987585979
2024-12-01T14:00:00,59.041023917820134
2024-12-01T15:00:00,59.85966193157694
2024-12-01T16:00:00,60.977706245754064
2024-12-01T17:00:00,60.35838019329568
2024-12-01T18:00:00,58.63899977310843
2024-12-01T19:00:00,56.42593732087507
2024-12-01T20:00:00,54.54030808158543
2024-12-01T21:00:00,52.883307249649704
2024-12-01T22:00:00,51.369272646696665
2024-12-01T23:00:00,50.13159942626953
2024-12-02T00:00:00,49.318522080131196
2024-12-02T01:00:00,48.805584948995836
2024-12-02T02:00:00,45.57802216903023
2024-12-02T03:00:00,35.37326016633406
2024-12-02T04:00:00,28.952684319537614
2024-12-02T05:00:00,29.101482805998426
2024-12-02T06:00:00,28.17939459759256
2024-12-02T07:00:00,23.817142403644063
2024-12-02T08:00:00,21.29038379503333
2024-12-02T09:00:00,21.5914598547894
2024-12-02T10:00:00,24.34985558883003
2024-12-02T11:00:00,30.106684062791903
2024-12-02T12:00:00,38.45476963209069
2024-12-02T13:00:00,47.08439702573029
2024-12-02T14:00:00,56.846943896749735
2024-12-02T15:00:00,66.07704859194548
2024-12-02T16:00:00,72.81628086255944
2024-12-02T17:00:00,77.58238187043563
2024-12-02T18:00:00,82.38277004076086
2024-12-02T19:00:00,88.4653496120287
2024-12-02T20:00:00,95.0197176725968
2024-12-02T21:00:00,100.38138115924336
2024-12-02T22:00:00,104.1536238297172
2024-12-02T23:00:00,104.24652630349863
2024-12-03T00:00:00,102.45829971976902
2024-12-03T01:00:00,100.07547693667205
2024-12-03T02:00:00,69.88254348091456
2024-12-03T03:00:00,35.2874055945355
2024-12-03T04:00:00,30.049690495366633
2024-12-03T05:00:00,28.45861658842667
2024-12-03T06:00:00,28.992945132048234
2024-12-03T07:00:00,29.85150793324346
2024-12-03T08:00:00,28.526340318762735
2024-12-03T09:00:00,27.743613367495325
2024-12-03T10:00:00,30.098938651706863
2024-12-03T11:00:00,31.880241228186566
2024-12-03T12:00:00,43.533236130424164
2024-12-03T13:00:00,61.452563741932735
2024-12-03T14:00:00,80.82067804751188
2024-12-03T15:00:00,100.75921697201936
2024-12-03T16:00:00,119.58670773713486
2024-12-03T17:00:00,135.78744374150813
2024-12-03T18:00:00,147.9944842794667
2024-12-03T19:00:00,155.99608645231825
2024-12-03T20:00:00,160.9868800951087
2024-12-03T21:00:00,163.89007634701935
2024-12-03T22:00:00,168.16144926651663
2024-12-03T23:00:00,173.36687237283454
2024-12-04T00:00:00,168.183096844217
2024-12-04T01:00:00,141.09424557893172
2024-12-04T02:00:00,85.83447962221891
2024-12-04T03:00:00,58.30880604619565
2024-12-04T04:00:00,46.014440121858016
2024-12-04T05:00:00,39.562246737272844
2024-12-04T06:00:00,35.46078507796578
2024-12-04T07:00:00,32.20231893788213
2024-12-04T08:00:00,29.49458089082137
2024-12-04T09:00:00,28.070114218670383
2024-12-04T10:00:00,27.75253088577934
2024-12-04T11:00:00,27.485213569972824
2024-12-04T12:00:00,30.939534643422
2024-12-04T13:00:00,37.87930380779764
2024-12-04T14:00:00,46.8396989573603
2024-12-04T15:00:00,60.54184391187584
2024-12-04T16:00:00,74.93132218070652
2024-12-04T17:00:00,88.85132632048233
2024-12-04T18:00:00,101.56661688763161
2024-12-04T19:00:00,100.57802548615828
2024-12-04T20:00:00,106.96670764425525
2024-12-04T21:00:00,114.5585061778193
2024-12-04T22:00:00,119.66260628078292
2024-12-04T23:00:00,118.8023804374363
2024-12-05T00:00:00,115.38404381793477
2024-12-05T01:00:00,108.08084388401197
2024-12-05T02:00:00,57.8948748215385
2024-12-05T03:00:00,31.22717824189559
2024-12-05T04:00:00,24.765960817751672
2024-12-05T05:00:00,23.54872711845066
2024-12-05T06:00:00,20.06810843426248
2024-12-05T07:00:00,15.73755525506061
2024-12-05T08:00:00,13.680405782616656
2024-12-05T09:00:00,13.271489350692084
2024-12-05T10:00:00,14.327557356461233
2024-12-05T11:00:00,16.52054048621136
2024-12-05T12:00:00,21.138518126114555
2024-12-05T13:00:00,28.702510999596633
2024-12-05T14:00:00,30.35371597953464
2024-12-05T15:00:00,33.69795044608738
2024-12-05T16:00:00,36.92622723786727
2024-12-05T17:00:00,41.72368621826171
2024-12-05T18:00:00,45.141535054082446
2024-12-05T19:00:00,41.024623041567594
2024-12-05T20:00:00,38.890503012615696
2024-12-05T21:00:00,41.86090328382409
2024-12-05T22:00:00,45.91782014266303
2024-12-05T23:00:00,49.74244474328082
2024-12-06T00:00:00,52.28137704600457
2024-12-06T01:00:00,53.79763943216074
2024-12-06T02:00:00,54.638831263003134
2024-12-06T03:00:00,38.915015676747196
2024-12-06T04:00:00,22.932547196097993
2024-12-06T05:00:00,15.477374823197072
2024-12-06T06:00:00,12.586176084435504
2024-12-06T07:00:00,11.080568064814027
2024-12-06T08:00:00,10.221711780713951
2024-12-06T09:00:00,10.59521666817043
2024-12-06T10:00:00,12.53483361783235
2024-12-06T11:00:00,15.71824090377144
2024-12-06T12:00:00,20.273362367049508
2024-12-06T13:00:00,23.071693669194758
2024-12-06T14:00:00,25.918331229168434
2024-12-06T15:00:00,29.19927837537682
2024-12-06T16:00:00,33.350256878396735
2024-12-06T17:00:00,37.548199860945985
2024-12-06T18:00:00,40.067875074303664
2024-12-06T19:00:00,40.70340131676715
2024-12-06T20:00:00,44.217748724895976
2024-12-06T21:00:00,50.625895292862594
2024-12-06T22:00:00,54.75630967513374
2024-12-06T23:00:00,57.43802775507387
2024-12-07T00:00:00,59.07542104306428
2024-12-07T01:00:00,59.457981607188344
2024-12-07T02:00:00,32.984861125116765
2024-12-07T03:00:00,21.049332079680067
2024-12-07T04:00:00,16.25794166067372
2024-12-07T05:00:00,13.623352382494055
2024-12-07T06:00:00,12.312766448311182
2024-12-07T07:00:00,11.859385241632875
2024-12-07T08:00:00,12.022785435552182
2024-12-07T09:00:00,12.995465278625488
2024-12-07T10:00:00,15.453770098478895
2024-12-07T11:00:00,18.473370427670687
2024-12-07T12:00:00,25.933181762695305
2024-12-07T13:00:00,35.186748753423274
2024-12-07T14:00:00,42.4318504333496
2024-12-07T15:00:00,49.03645921790081
2024-12-07T16:00:00,53.87408696050228
2024-12-07T17:00:00,57.492457016654626
2024-12-07T18:00:00,60.30036611142364
2024-12-07T19:00:00,62.58590797756028
2024-12-07T20:00:00,64.4138717651367
2024-12-07T21:00:00,65.75303318189536
2024-12-07T22:00:00,67.24577232029127
2024-12-07T23:00:00,68.83076593150263
2024-12-08T00:00:00,70.65281942616336
2024-12-08T01:00:00,70.15373130466627
2024-12-08T02:00:00,37.628095543902845
2024-12-08T03:00:00,21.21819612254267
2024-12-08T04:00:00,19.27582840297533
2024-12-08T05:00:00,16.710618558137313
2024-12-08T06:00:00,16.547180507494055
2024-12-08T07:00:00,17.77323598447053
2024-12-08T08:00:00,18.708613354226816
2024-12-08T09:00:00,20.29821279774541
2024-12-08T10:00:00,24.44554693802543
2024-12-08T11:00:00,32.34151292883831
2024-12-08T12:00:00,39.79406472911005
2024-12-08T13:00:00,43.56969236290973
2024-12-08T14:00:00,45.44416593468707
2024-12-08T15:00:00,49.66785032852836
2024-12-08T16:00:00,53.493761808975876
2024-12-08T17:00:00,56.278221959653095
2024-12-08T18:00:00,59.08153600278107
2024-12-08T19:00:00,63.60991536016049
2024-12-08T20:00:00,69.29258329971977
2024-12-08T21:00:00,73.77849910570227
2024-12-08T22:00:00,78.12012747059697
2024-12-08T23:00:00,80.78336931311566
2024-12-09T00:00:00,82.55177937383236
2024-12-09T01:00:00,81.52518529477327
2024-12-09T02:00:00,54.436382459557564
2024-12-09T03:00:00,32.305399023968235
2024-12-09T04:00:00,26.934777135434356
2024-12-09T05:00:00,24.269697852756664
2024-12-09T06:00:00,22.942152355028234
2024-12-09T07:00:00,22.363441467285153
2024-12-09T08:00:00,22.77278269892153
2024-12-09T09:00:00,24.04107906507409
2024-12-09T10:00:00,24.945243669592813
2024-12-09T11:00:00,27.694958894149114
2024-12-09T12:00:00,36.682192760965094
2024-12-09T13:00:00,48.720040362814196
2024-12-09T14:00:00,60.09538882711658
2024-12-09T15:00:00,70.36107137928838
2024-12-09T16:00:00,78.00969497017238
2024-12-09T17:00:00,82.90379433009936
2024-12-09T18:00:00,85.19414188550866
2024-12-09T19:00:00,86.18214316990064
2024-12-09T20:00:00,88.0500375498896
2024-12-09T21:00:00,89.40180305812669
2024-12-09T22:00:00,87.87856093696925
2024-12-09T23:00:00,86.35083007812499
2024-12-10T00:00:00,85.6429731949516
2024-12-10T01:00:00,84.92433829929517
2024-12-10T02:00:00,64.34014710136081
2024-12-10T03:00:00,35.58635943868885
2024-12-10T04:00:00,27.06739682736604
2024-12-10T05:00:00,26.26409878938094
2024-12-10T06:00:00,26.189987265545387
2024-12-10T07:00:00,22.66971571549125
2024-12-10T08:00:00,19.90864969336468
2024-12-10T09:00:00,22.31977479354195
2024-12-10T10:00:00,28.10116087872049
2024-12-10T11:00:00,35.29559740812881
2024-12-10T12:00:00,54.63117417045261
2024-12-10T13:00:00,74.741048729938
2024-12-10T14:00:00,86.8486865499745
2024-12-10T15:00:00,76.28518842614216
2024-12-10T16:00:00,68.37428880774456
2024-12-10T17:00:00,67.24875707211702
2024-12-10T18:00:00,65.99594547437584
2024-12-10T19:00:00,71.07894101350203
2024-12-10T20:00:00,77.24179375689963
2024-12-10T21:00:00,79.90252818231997
2024-12-10T22:00:00,79.7620046864385
2024-12-10T23:00:00,77.89859406844428
2024-12-11T00:00:00,74.06344836691152
2024-12-11T01:00:00,64.25161477793817
2024-12-11T02:00:00,28.602036849312157
2024-12-11T03:00:00,15.122127615887186
2024-12-11T04:00:00,11.67997356083082
2024-12-11T05:00:00,10.265590792116909
2024-12-11T06:00:00,9.56753274668818
2024-12-11T07:00:00,9.16515180338984
2024-12-11T08:00:00,9.016269559445588
2024-12-11T09:00:00,9.124209030814793
2024-12-11T10:00:00,9.71313837300176
2024-12-11T11:00:00,13.734935097072434
2024-12-11T12:00:00,22.03747210295304
2024-12-11T13:00:00,25.8092332093612
2024-12-11T14:00:00,32.925094936204985
2024-12-11T15:00:00,42.58258023469344
2024-12-11T16:00:00,57.096329896346376
2024-12-11T17:00:00,68.77664284084155
2024-12-11T18:00:00,73.29903809920602
2024-12-11T19:00:00,74.44152500318444
2024-12-11T20:00:00,75.74688753874405
2024-12-11T21:00:00,79.60222360362177
2024-12-11T22:00:00,84.07709436831267
2024-12-11T23:00:00,90.03530220363449
2024-12-12T00:00:00,97.85267871359119
2024-12-12T01:00:00,109.00758394987686
2024-12-12T02:00:00,115.95745849609374
2024-12-12T03:00:00,107.96888168998386
2024-12-12T04:00:00,77.38765152640963
2024-12-12T05:00:00,55.481219913648516
2024-12-12T06:00:00,40.54905551412831
2024-12-12T07:00:00,34.51365611864173
2024-12-12T08:00:00,37.926327912703805
2024-12-12T09:00:00,45.91178595501444
2024-12-12T10:00:00,55.75571590921153
2024-12-12T11:00:00,61.75018575917119
2024-12-12T12:00:00,59.71145911838696
2024-12-12T13:00:00,55.1381200707477
2024-12-12T14:00:00,48.171794725501016
2024-12-12T15:00:00,41.6231983018958
2024-12-12T16:00:00,38.81066015492314
2024-12-12T17:00:00,41.45965783492378
2024-12-12T18:00:00,47.88314131031865
2024-12-12T19:00:00,49.27753398729406
2024-12-12T20:00:00,63.16504005763842
2024-12-12T21:00:00,83.72149625031842
2024-12-12T22:00:00,105.38171751602836
2024-12-12T23:00:00,126.08805614969006
2024-12-13T00:00:00,146.5617758709451
2024-12-13T01:00:00,166.8313286822775
2024-12-13T02:00:00,102.60641214121942
2024-12-13T03:00:00,48.62095658675483
2024-12-13T04:00:00,40.23018878439198
2024-12-13T05:00:00,36.68886831532353
2024-12-13T06:00:00,33.316148343293555
2024-12-13T07:00:00,28.818361696989637
2024-12-13T08:00:00,22.753014108409047
2024-12-13T09:00:00,20.55727361596149
2024-12-13T10:00:00,21.56830198868461
2024-12-13T11:00:00,23.518749319988746
2024-12-13T12:00:00,26.66302150228749
2024-12-13T13:00:00,32.88889602992845
2024-12-13T14:00:00,41.160733264425524
2024-12-13T15:00:00,49.96392142254373
2024-12-13T16:00:00,58.91710016001825
2024-12-13T17:00:00,68.85158771017322
2024-12-13T18:00:00,78.6966569320015
2024-12-13T19:00:00,91.24937969705333
2024-12-13T20:00:00,103.38262475055197
2024-12-13T21:00:00,113.77837205969767
2024-12-13T22:00:00,121.82138260551122
2024-12-13T23:00:00,126.71193363355553
2024-12-14T00:00:00,130.2556848940642
2024-12-14T01:00:00,126.5035071994947
2024-12-14T02:00:00,54.41245435631793
2024-12-14T03:00:00,24.601421687913977
2024-12-14T04:00:00,17.995563507080075
2024-12-14T05:00:00,17.32336898471998
2024-12-14T06:00:00,19.15595825858738
2024-12-14T07:00:00,19.78463131448497
2024-12-14T08:00:00,20.15524117842964
2024-12-14T09:00:00,23.130413387132723
2024-12-14T10:00:00,29.062764789747153
2024-12-14T11:00:00,35.103050729502804
2024-12-14T12:00:00,35.19185489156971
2024-12-14T13:00:00,34.343323085619055
2024-12-14T14:00:00,38.56511406276537
2024-12-14T15:00:00,44.925177864406415
2024-12-14T16:00:00,51.92898111758024
2024-12-14T17:00:00,57.067069509755
2024-12-14T18:00:00,60.54830584318741
2024-12-14T19:00:00,63.51060436082923
2024-12-14T20:00:00,65.80750705884849
2024-12-14T21:00:00,68.05966352379839
2024-12-14T22:00:00,70.54392905857252
2024-12-14T23:00:00,71.93814020571502
2024-12-15T00:00:00,71.1022773410963
2024-12-15T01:00:00,69.19637265412703
2024-12-15T02:00:00,63.43992664503013
2024-12-15T03:00:00,39.71285264388374
2024-12-15T04:00:00,24.458189756973926
2024-12-15T05:00:00,19.640370742134426
2024-12-15T06:00:00,18.13052293528681
2024-12-15T07:00:00,18.216946643331777
2024-12-15T08:00:00,19.116216244904887
2024-12-15T09:00:00,20.793841071750805
2024-12-15T10:00:00,23.19341709302819
2024-12-15T11:00:00,28.801014692887016
2024-12-15T12:00:00,37.46159893533458
2024-12-15T13:00:00,45.63644276494565
2024-12-15T14:00:00,46.48380080513332
2024-12-15T15:00:00,48.68344447923743
2024-12-15T16:00:00,55.490275673244305
2024-12-15T17:00:00,65.05455581001611
2024-12-15T18:00:00,76.12693852963655
2024-12-15T19:00:00,86.51159236742102
2024-12-15T20:00:00,94.27860094153363
2024-12-15T21:00:00,101.50686678679091
2024-12-15T22:00:00,109.43004210098928
2024-12-15T23:00:00,113.72505387015964
2024-12-16T00:00:00,112.96516086744224
2024-12-16T01:00:00,110.71597721265708
2024-12-16T02:00:00,102.6690962418266
2024-12-16T03:00:00,76.35201727825662
2024-12-16T04:00:00,70.10537686555281
2024-12-16T05:00:00,73.35820239523181
2024-12-16T06:00:00,77.35516589620838
2024-12-16T07:00:00,78.5100051216457
2024-12-16T08:00:00,81.00717461627463
2024-12-16T09:00:00,84.22309344747791
2024-12-16T10:00:00,90.37723574431045
2024-12-16T11:00:00,101.80736674433169
2024-12-16T12:00:00,112.77602452817169
2024-12-16T13:00:00,121.17893086309017
2024-12-16T14:00:00,127.44107188349184
2024-12-16T15:00:00,133.78995414402172
2024-12-16T16:00:00,140.46342136548913
2024-12-16T17:00:00,145.33437513268512
2024-12-16T18:00:00,149.63928753396738
2024-12-16T19:00:00,155.15154564898947
2024-12-16T20:00:00,158.98963132111922
2024-12-16T21:00:00,160.89296490213144
2024-12-16T22:00:00,160.1602789837381
2024-12-16T23:00:00,155.3066240393597
2024-12-17T00:00:00,149.165179045304
2024-12-17T01:00:00,139.8649510922639
2024-12-17T02:00:00,94.43907795781675
2024-12-17T03:00:00,64.08058066990064
2024-12-17T04:00:00,49.84881542039954
2024-12-17T05:00:00,40.850418920102314
2024-12-17T06:00:00,35.87456130981445
2024-12-17T07:00:00,35.02202390587848
2024-12-17T08:00:00,36.740619327711016
2024-12-17T09:00:00,39.781954889712125
2024-12-17T10:00:00,46.224232383396306
2024-12-17T11:00:00,58.94945575879967
2024-12-17T12:00:00,74.00318212094513
2024-12-17T13:00:00,90.74519414487091
2024-12-17T14:00:00,104.66152091648266
2024-12-17T15:00:00,114.68670090385103
2024-12-17T16:00:00,119.31275873598844
2024-12-17T17:00:00,124.75919408383575
2024-12-17T18:00:00,130.70575150199556
2024-12-17T19:00:00,133.56039826766303
2024-12-17T20:00:00,136.1015213676121
2024-12-17T21:00:00,140.1663824993631
2024-12-17T22:00:00,143.2881854513417
2024-12-17T23:00:00,144.50048032014263
2024-12-18T00:00:00,145.69585849927816
2024-12-18T01:00:00,146.80255060610563
2024-12-18T02:00:00,116.8998854263969
2024-12-18T03:00:00,72.47649549401324
2024-12-18T04:00:00,49.61251897397248
2024-12-18T05:00:00,43.33224105834961
2024-12-18T06:00:00,42.8271139393682
2024-12-18T07:00:00,43.72397132541822
2024-12-18T08:00:00,44.87472998577615
2024-12-18T09:00:00,47.6570235542629
2024-12-18T10:00:00,53.427961764128305
2024-12-18T11:00:00,65.68217833145805
2024-12-18T12:00:00,80.06722889775814
2024-12-18T13:00:00,93.70473115340522
2024-12-18T14:00:00,107.18769173000169
2024-12-18T15:00:00,103.2069105065387
2024-12-18T16:00:00,101.37760892121686
2024-12-18T17:00:00,107.23715143618374
2024-12-18T18:00:00,119.85561536706012
2024-12-18T19:00:00,132.02016946543816
2024-12-18T20:00:00,143.79669985563856
2024-12-18T21:00:00,155.92803490680194
2024-12-18T22:00:00,168.20777495011035
2024-12-18T23:00:00,181.34859101668647
2024-12-19T00:00:00,194.5517405634341
2024-12-19T01:00:00,205.16826928180194
2024-12-19T02:00:00,168.9913044805112
2024-12-19T03:00:00,104.07659016484799
2024-12-19T04:00:00,72.81719572647758
2024-12-19T05:00:00,57.200051680855125
2024-12-19T06:00:00,48.360424871030055
2024-12-19T07:00:00,44.14088456527046
2024-12-19T08:00:00,46.05473543250042
2024-12-19T09:00:00,48.13721466064453
2024-12-19T10:00:00,50.590416618015446
2024-12-19T11:00:00,52.59503406027089
2024-12-19T12:00:00,52.507397361423656
2024-12-19T13:00:00,58.49488863737686
2024-12-19T14:00:00,69.88229137918223
2024-12-19T15:00:00,85.75803640614386
2024-12-19T16:00:00,99.30975972051205
2024-12-19T17:00:00,107.67877562149711
2024-12-19T18:00:00,110.72259720512056
2024-12-19T19:00:00,107.90934819760528
2024-12-19T20:00:00,100.60640418011208
2024-12-19T21:00:00,92.03915471615997
2024-12-19T22:00:00,82.28657332710597
2024-12-19T23:00:00,73.89973980447519
2024-12-20T00:00:00,65.97699405836022
2024-12-20T01:00:00,58.345950582753055
2024-12-20T02:00:00,29.04443127176036
2024-12-20T03:00:00,12.739118783370305
2024-12-20T04:00:00,13.551183907882027
2024-12-20T05:00:00,15.283815549767535
2024-12-20T06:00:00,16.975042260211445
2024-12-20T07:00:00,18.144457029259723
2024-12-20T08:00:00,19.03998623723569
2024-12-20T09:00:00,20.56935111336086
2024-12-20T10:00:00,23.387977019600243
2024-12-20T11:00:00,30.273369747659437
2024-12-20T12:00:00,40.85935675579569
2024-12-20T13:00:00,55.98404262376867
2024-12-20T14:00:00,71.3666302224864
2024-12-20T15:00:00,81.36620297639266
2024-12-20T16:00:00,80.78889531674592
2024-12-20T17:00:00,62.95273225203804
2024-12-20T18:00:00,55.61262595135233
2024-12-20T19:00:00,51.330004484757126
2024-12-20T20:00:00,49.837651791779884
2024-12-20T21:00:00,54.212236321490735
2024-12-20T22:00:00,59.24987627112347
2024-12-20T23:00:00,59.644828796386705
2024-12-21T00:00:00,58.487624458644696
2024-12-21T01:00:00,63.679414002791695
2024-12-21T02:00:00,61.76646423339842
2024-12-21T03:00:00,64.02521912947944
2024-12-21T04:00:00,44.0270705845045
2024-12-21T05:00:00,37.0209262682044
2024-12-21T06:00:00,33.00518715899923
2024-12-21T07:00:00,29.42233666129734
2024-12-21T08:00:00,28.023187886113703
2024-12-21T09:00:00,28.744010593580157
2024-12-21T10:00:00,32.68152610115383
2024-12-21T11:00:00,41.368348163107164
2024-12-21T12:00:00,54.13919714222783
2024-12-21T13:00:00,67.8263868248981
2024-12-21T14:00:00,77.18633369777513
2024-12-21T15:00:00,83.10411270805027
2024-12-21T16:00:00,87.71201490319292
2024-12-21T17:00:00,91.32179392939028
2024-12-21T18:00:00,92.07194883927053
2024-12-21T19:00:00,89.8338865197223
2024-12-21T20:00:00,86.83432902460513
2024-12-21T21:00:00,83.85842829165252
2024-12-21T22:00:00,80.99755063264266
2024-12-21T23:00:00,78.34167380954908
2024-12-22T00:00:00,75.68390755031419
2024-12-22T01:00:00,72.46864053477411
2024-12-22T02:00:00,61.6694340913192
2024-12-22T03:00:00,55.84836744225543
2024-12-22T04:00:00,50.996324622112766
2024-12-22T05:00:00,44.72977994835895
2024-12-22T06:00:00,41.45489618052606
2024-12-22T07:00:00,41.38096701580545
2024-12-22T08:00:00,42.739941970161766
2024-12-22T09:00:00,44.94886149530825
2024-12-22T10:00:00,49.78584604677946
2024-12-22T11:00:00,57.84217253975246
2024-12-22T12:00:00,60.3383679597274
2024-12-22T13:00:00,69.33784153150475
2024-12-22T14:00:00,80.58718540357506
2024-12-22T15:00:00,92.36438220480213
2024-12-22T16:00:00,105.84848984428073
2024-12-22T17:00:00,119.65334121040675
2024-12-22T18:00:00,122.44188059931214
2024-12-22T19:00:00,126.6266512663468
2024-12-22T20:00:00,130.5616169805112
2024-12-22T21:00:00,133.8448141346807
2024-12-22T22:00:00,134.8335086988366
2024-12-22T23:00:00,136.46394016431725
2024-12-23T00:00:00,130.04596544348675
2024-12-23T01:00:00,118.3507906043011
2024-12-23T02:00:00,72.20416923191236
2024-12-23T03:00:00,32.413770758587376
2024-12-23T04:00:00,24.213379984316617
2024-12-23T05:00:00,22.46291583517323
2024-12-23T06:00:00,21.78123018015986
2024-12-23T07:00:00,21.61019350134808
2024-12-23T08:00:00,21.325081700864043
2024-12-23T09:00:00,21.186279877372407
2024-12-23T10:00:00,22.141444164773688
2024-12-23T11:00:00,25.942343255747915
2024-12-23T12:00:00,35.95592498779297
2024-12-23T13:00:00,50.56156622845194
2024-12-23T14:00:00,65.26666757334833
2024-12-23T15:00:00,79.22567649509595
2024-12-23T16:00:00,91.04459215247113
2024-12-23T17:00:00,102.05122773543647
2024-12-23T18:00:00,108.55627607262652
2024-12-23T19:00:00,109.07960709281589
2024-12-23T20:00:00,107.04792652959408
2024-12-23T21:00:00,104.20223932680875
2024-12-23T22:00:00,101.86262246836785
2024-12-23T23:00:00,98.31092668616252
2024-12-24T00:00:00,92.68406710417374
2024-12-24T01:00:00,86.93441540261973
2024-12-24T02:00:00,58.4197069251019
2024-12-24T03:00:00,32.480676568072774
2024-12-24T04:00:00,28.84076524817425
2024-12-24T05:00:00,28.48732517076575
2024-12-24T06:00:00,28.611576909604274
2024-12-24T07:00:00,29.44590510492739
2024-12-24T08:00:00,31.320561367532477
2024-12-24T09:00:00,33.787263289741844
2024-12-24T10:00:00,37.38020391049592
2024-12-24T11:00:00,44.22053013677182
2024-12-24T12:00:00,58.29578548928965
2024-12-24T13:00:00,77.18599004330841
2024-12-24T14:00:00,96.52366372813349
2024-12-24T15:00:00,115.15410116444463
2024-12-24T16:00:00,131.21328868036682
2024-12-24T17:00:00,145.4760045590608
2024-12-24T18:00:00,155.01438638438347
2024-12-24T19:00:00,159.5538058073624
2024-12-24T20:00:00,161.16132653277853
2024-12-24T21:00:00,156.88662719726562
2024-12-24T22:00:00,147.59266065514606
2024-12-24T23:00:00,135.00486821713653
2024-12-25T00:00:00,121.12348075534986
2024-12-25T01:00:00,106.9879730888035
2024-12-25T02:00:00,80.96837284253989
2024-12-25T03:00:00,36.86039186560589
2024-12-25T04:00:00,29.113484175308887
2024-12-25T05:00:00,28.155177323714543
2024-12-25T06:00:00,29.090743023416266
2024-12-25T07:00:00,30.434006566586696
2024-12-25T08:00:00,32.37556681425675
2024-12-25T09:00:00,34.900858505912446
2024-12-25T10:00:00,38.85338360330333
2024-12-25T11:00:00,47.18642740664274
2024-12-25T12:00:00,62.23392154859459
2024-12-25T13:00:00,82.61685147492781
2024-12-25T14:00:00,103.97909512727155
2024-12-25T15:00:00,125.77809143066405
2024-12-25T16:00:00,145.9131224259086
2024-12-25T17:00:00,161.80627308721125
2024-12-25T18:00:00,171.81409089461616
2024-12-25T19:00:00,175.6856702721637
2024-12-25T20:00:00,175.33708124575406
2024-12-25T21:00:00,172.9115507706352
2024-12-25T22:00:00,168.88877404254413
2024-12-25T23:00:00,163.55103932256284
2024-12-26T00:00:00,157.76686892302138
2024-12-26T01:00:00,151.43913401728088
2024-12-26T02:00:00,103.40849635912024
2024-12-26T03:00:00,61.750406182330586
2024-12-26T04:00:00,42.793823076331094
2024-12-26T05:00:00,35.349316638448954
2024-12-26T06:00:00,32.21860993426779
2024-12-26T07:00:00,30.658661800882086
2024-12-26T08:00:00,30.199327883513075
2024-12-26T09:00:00,30.448732707811438
2024-12-26T10:00:00,31.71770883643109
2024-12-26T11:00:00,34.45254300988239
2024-12-26T12:00:00,38.046143573263414
2024-12-26T13:00:00,48.61986657847528
2024-12-26T14:00:00,60.85035390439239
2024-12-26T15:00:00,64.67748990266219
2024-12-26T16:00:00,68.16027002749236
2024-12-26T17:00:00,68.62407137000042
2024-12-26T18:00:00,67.19795260222061
2024-12-26T19:00:00,64.3343270343283
2024-12-26T20:00:00,59.346625452456266
2024-12-26T21:00:00,53.76968682330587
2024-12-26T22:00:00,49.17220522009808
2024-12-26T23:00:00,45.9935707423998
2024-12-27T00:00:00,44.66360921445099
2024-12-27T01:00:00,44.16237955508024
2024-12-27T02:00:00,39.410486304241665
2024-12-27T03:00:00,26.146463560021438
2024-12-27T04:00:00,17.366473032080606
2024-12-27T05:00:00,13.678241812664528
2024-12-27T06:00:00,11.674990819848102
2024-12-27T07:00:00,10.364554778389307
2024-12-27T08:00:00,9.648772654326065
2024-12-27T09:00:00,9.821387747059697
2024-12-27T10:00:00,10.848611790200936
2024-12-27T11:00:00,13.69224569071894
2024-12-27T12:00:00,18.8966648267663
2024-12-27T13:00:00,28.27758183686629
2024-12-27T14:00:00,33.043365229731016
2024-12-27T15:00:00,33.60552298504373
2024-12-27T16:00:00,34.9623908996582
2024-12-27T17:00:00,37.15782795781674
2024-12-27T18:00:00,38.32544028240701
2024-12-27T19:00:00,39.190511288850196
2024-12-27T20:00:00,44.096581168796696
2024-12-27T21:00:00,46.76125484964121
2024-12-27T22:00:00,48.92011095129925
2024-12-27T23:00:00,51.24297183492909
2024-12-28T00:00:00,53.397725810175345
2024-12-28T01:00:00,53.000792130180024
2024-12-28T02:00:00,30.40544625987177
2024-12-28T03:00:00,18.108626116877016
2024-12-28T04:00:00,13.032175312871518
2024-12-28T05:00:00,10.500568348428477
2024-12-28T06:00:00,9.354531454003375
2024-12-28T07:00:00,8.917532754980998
2024-12-28T08:00:00,8.776790162791375
2024-12-28T09:00:00,8.913986330446988
2024-12-28T10:00:00,9.784963027290676
2024-12-28T11:00:00,12.84280486728834
2024-12-28T12:00:00,18.118884874426797
2024-12-28T13:00:00,20.15263797925866
2024-12-28T14:00:00,23.73442102515179
2024-12-28T15:00:00,27.76968665744947
2024-12-28T16:00:00,30.28407146619713
2024-12-28T17:00:00,35.84040733005689
2024-12-28T18:00:00,39.72521922899329
2024-12-28T19:00:00,41.89530994581139
2024-12-28T20:00:00,42.278657996136204
2024-12-28T21:00:00,41.85294690339461
2024-12-28T22:00:00,42.13802619602369
2024-12-28T23:00:00,42.48799100129501
2024-12-29T00:00:00,42.43169121120287
2024-12-29T01:00:00,41.41383444744607
2024-12-29T02:00:00,23.631477687669836
2024-12-29T03:00:00,15.968598324319586
2024-12-29T04:00:00,12.673208319622537
2024-12-29T05:00:00,11.151112846706223
2024-12-29T06:00:00,10.572085961051608
2024-12-29T07:00:00,10.512047726175059
2024-12-29T08:00:00,10.578429595283838
2024-12-29T09:00:00,10.723104974497918
2024-12-29T10:00:00,11.974305318749469
2024-12-29T11:00:00,16.87247902414073
2024-12-29T12:00:00,28.28814763608186
2024-12-29T13:00:00,37.43723728345788
2024-12-29T14:00:00,36.816064751666524
2024-12-29T15:00:00,32.62541522150454
2024-12-29T16:00:00,37.653418001921274
2024-12-29T17:00:00,44.08611131751019
2024-12-29T18:00:00,48.6820070017939
2024-12-29T19:00:00,48.567123744798735
2024-12-29T20:00:00,49.943577144456945
2024-12-29T21:00:00,51.21854102093239
2024-12-29T22:00:00,52.63472150719683
2024-12-29T23:00:00,56.25824007780655
2024-12-30T00:00:00,62.840967261272915
2024-12-30T01:00:00,64.87697452047597
2024-12-30T02:00:00,39.251510785973586
2024-12-30T03:00:00,23.630110035771906
2024-12-30T04:00:00,16.937971322432805
2024-12-30T05:00:00,14.18995998216712
2024-12-30T06:00:00,12.780957926874574
2024-12-30T07:00:00,11.866115031035049
2024-12-30T08:00:00,11.430837755617887
2024-12-30T09:00:00,11.670889688574748
2024-12-30T10:00:00,13.828851533972697
2024-12-30T11:00:00,17.961243587991465
2024-12-30T12:00:00,25.12820675062096
2024-12-30T13:00:00,31.899604465650473
2024-12-30T14:00:00,37.797622183094845
2024-12-30T15:00:00,45.959161343781844
2024-12-30T16:00:00,53.68065344769021
2024-12-30T17:00:00,53.456006423286766
2024-12-30T18:00:00,55.790588876475454
2024-12-30T19:00:00,62.198900305706516
2024-12-30T20:00:00,68.69532643193783
2024-12-30T21:00:00,67.1691838140073
2024-12-30T22:00:00,58.26422251825746
2024-12-30T23:00:00,50.167050320169196
2024-12-31T00:00:00,49.14766751164974
2024-12-31T01:00:00,47.30206157850182
2024-12-31T02:00:00,26.884450331978172
2024-12-31T03:00:00,17.407308785811715
2024-12-31T04:00:00,13.391729064609692
2024-12-31T05:00:00,11.300026105797809
2024-12-31T06:00:00,9.855865478515623
2024-12-31T07:00:00,8.518915031267248
2024-12-31T08:00:00,7.9882497994796084
2024-12-31T09:00:00,8.998137266739553
2024-12-31T10:00:00,11.338368042655611
2024-12-31T11:00:00,16.292742563330606
2024-12-31T12:00:00,23.86567513839058
2024-12-31T13:00:00,29.384090008942973
2024-12-31T14:00:00,29.779566806295644
2024-12-31T15:00:00,27.92044631294582
2024-12-31T16:00:00,28.943050799162485
2024-12-31T17:00:00,32.784665812616765
2024-12-31T18:00:00,37.216223841128134
2024-12-31T19:00:00,36.8715704213018
2024-12-31T20:00:00,32.980909430462376
2024-12-31T21:00:00,31.070710555366844
2024-12-31T22:00:00,32.81851428488026
2024-12-31T23:00:00,35.500919010328204
